simulation,grader_type,linear_score,accuracy,spearman
0,accuracy_80pct,93.0,0.84,0.8004720123996973
0,accuracy_70pct,89.33333333333333,0.8,0.6637503618071565
0,accuracy_60pct,84.33333333333333,0.7,0.521407508985153
0,correlation_70pct,82.00000000000001,0.51,0.6423072667201118
0,correlation_60pct,76.00000000000003,0.38,0.534876659391944
1,accuracy_80pct,91.66666666666666,0.83,0.6801312231179204
1,accuracy_70pct,86.66666666666667,0.76,0.5896753417984557
1,accuracy_60pct,86.66666666666667,0.72,0.5771029843334416
1,correlation_70pct,82.33333333333334,0.53,0.5949419948866708
1,correlation_60pct,81.33333333333333,0.54,0.4420782476207303
2,accuracy_80pct,93.66666666666666,0.85,0.8565054635396162
2,accuracy_70pct,90.33333333333333,0.82,0.6729319512300138
2,accuracy_60pct,85.33333333333334,0.73,0.5309989230377901
2,correlation_70pct,78.0,0.43,0.5174277926261915
2,correlation_60pct,78.66666666666667,0.46,0.5333676577322122
3,accuracy_80pct,93.00000000000001,0.86,0.8153186550381866
3,accuracy_70pct,90.33333333333334,0.78,0.764982408265719
3,accuracy_60pct,84.33333333333333,0.69,0.5648368654921971
3,correlation_70pct,80.33333333333334,0.49,0.5852228593698193
3,correlation_60pct,77.33333333333334,0.42,0.5041169573565364
4,accuracy_80pct,94.33333333333334,0.86,0.8400931467300929
4,accuracy_70pct,88.33333333333333,0.79,0.6250583777536023
4,accuracy_60pct,88.33333333333333,0.72,0.6988296882281148
4,correlation_70pct,85.00000000000001,0.61,0.6533545116699181
4,correlation_60pct,79.00000000000001,0.44,0.5301698573500847
5,accuracy_80pct,94.66666666666666,0.91,0.8056100343409092
5,accuracy_70pct,89.33333333333333,0.78,0.6681692022500968
5,accuracy_60pct,87.33333333333333,0.74,0.5999804355687457
5,correlation_70pct,80.66666666666669,0.46,0.5237647623630336
5,correlation_60pct,79.33333333333334,0.45,0.4568406374835753
6,accuracy_80pct,93.33333333333334,0.86,0.7678970989757006
6,accuracy_70pct,90.66666666666667,0.8,0.622029100906727
6,accuracy_60pct,87.0,0.72,0.5578011746214725
6,correlation_70pct,87.66666666666667,0.64,0.696430914670452
6,correlation_60pct,79.33333333333334,0.47,0.4488063932819969
7,accuracy_80pct,92.66666666666667,0.85,0.8205257628097844
7,accuracy_70pct,89.33333333333334,0.76,0.7716587059402977
7,accuracy_60pct,85.0,0.71,0.605619269404814
7,correlation_70pct,80.33333333333334,0.46,0.6308896905064345
7,correlation_60pct,74.66666666666669,0.38,0.42071967164466667
8,accuracy_80pct,94.66666666666667,0.88,0.8389077955446949
8,accuracy_70pct,88.66666666666667,0.8,0.5419722982002984
8,accuracy_60pct,86.66666666666666,0.71,0.5817735648285236
8,correlation_70pct,81.66666666666669,0.5,0.6156414583803999
8,correlation_60pct,77.66666666666669,0.44,0.3902399820148322
9,accuracy_80pct,93.33333333333334,0.85,0.7863038383470966
9,accuracy_70pct,88.0,0.78,0.5356913984918837
9,accuracy_60pct,87.66666666666667,0.72,0.6441530708752623
9,correlation_70pct,80.66666666666669,0.48,0.5740324988599164
9,correlation_60pct,72.33333333333334,0.33,0.23270926716214485
10,accuracy_80pct,92.66666666666667,0.87,0.755600804308998
10,accuracy_70pct,90.33333333333333,0.8,0.7395305944986811
10,accuracy_60pct,85.33333333333334,0.7,0.5814776264288559
10,correlation_70pct,82.66666666666669,0.52,0.6547628596866482
10,correlation_60pct,77.00000000000003,0.41,0.5090057104986183
11,accuracy_80pct,91.33333333333334,0.85,0.6986353449931891
11,accuracy_70pct,86.66666666666667,0.78,0.5059833687214184
11,accuracy_60pct,86.0,0.76,0.5326549122880075
11,correlation_70pct,78.0,0.42,0.5455206228856848
11,correlation_60pct,77.66666666666667,0.43,0.47300883289900103
12,accuracy_80pct,91.66666666666666,0.83,0.7831486045321708
12,accuracy_70pct,87.66666666666667,0.74,0.6685975522675545
12,accuracy_60pct,88.33333333333334,0.73,0.7018213667845579
12,correlation_70pct,81.66666666666669,0.5,0.6659437197164851
12,correlation_60pct,76.66666666666669,0.45,0.43518760250204913
13,accuracy_80pct,94.33333333333334,0.86,0.861749327732408
13,accuracy_70pct,87.66666666666667,0.78,0.6239489824811002
13,accuracy_60pct,84.0,0.71,0.5372809544917875
13,correlation_70pct,82.33333333333334,0.54,0.6604464139916347
13,correlation_60pct,76.33333333333336,0.38,0.4754787653801287
14,accuracy_80pct,93.00000000000001,0.85,0.8060478090934291
14,accuracy_70pct,89.0,0.78,0.6955177399256042
14,accuracy_60pct,83.66666666666667,0.69,0.500683356823365
14,correlation_70pct,79.33333333333334,0.47,0.49439851766524595
14,correlation_60pct,78.0,0.44,0.49253559956505644
15,accuracy_80pct,93.33333333333333,0.86,0.8048895022253016
15,accuracy_70pct,89.66666666666667,0.76,0.7219410595093803
15,accuracy_60pct,87.66666666666666,0.73,0.6209372622173768
15,correlation_70pct,81.00000000000003,0.5,0.504054570641075
15,correlation_60pct,75.00000000000003,0.38,0.3741619893674037
16,accuracy_80pct,93.33333333333333,0.87,0.7860024913346857
16,accuracy_70pct,89.33333333333334,0.77,0.6661794159213089
16,accuracy_60pct,85.33333333333334,0.71,0.5284693287368799
16,correlation_70pct,83.66666666666667,0.52,0.6799033033133085
16,correlation_60pct,77.00000000000001,0.39,0.4436579112287507
17,accuracy_80pct,93.33333333333334,0.82,0.7979394764594934
17,accuracy_70pct,91.0,0.81,0.7031862317883834
17,accuracy_60pct,89.33333333333333,0.75,0.6400677012388659
17,correlation_70pct,79.66666666666667,0.47,0.5419751258130655
17,correlation_60pct,82.33333333333333,0.51,0.5683437732199471
18,accuracy_80pct,93.33333333333333,0.85,0.8232622790697374
18,accuracy_70pct,90.00000000000001,0.8,0.7056587560218893
18,accuracy_60pct,85.33333333333333,0.65,0.601691134984476
18,correlation_70pct,82.33333333333334,0.51,0.5828814877876293
18,correlation_60pct,79.00000000000001,0.49,0.423387393448965
19,accuracy_80pct,92.33333333333334,0.84,0.7459671688307009
19,accuracy_70pct,89.0,0.79,0.6313915336432546
19,accuracy_60pct,88.0,0.75,0.5789865120390566
19,correlation_70pct,82.0,0.54,0.62699933348981
19,correlation_60pct,80.33333333333334,0.47,0.5990281778357658
20,accuracy_80pct,92.99999999999999,0.85,0.7948967462731052
20,accuracy_70pct,91.0,0.79,0.7625345899512408
20,accuracy_60pct,86.33333333333334,0.72,0.6336635013809844
20,correlation_70pct,79.0,0.42,0.5585261028784183
20,correlation_60pct,79.66666666666667,0.51,0.4606708630232814
21,accuracy_80pct,93.66666666666667,0.88,0.7860099297405405
21,accuracy_70pct,92.0,0.81,0.7738332614431753
21,accuracy_60pct,88.00000000000001,0.71,0.6359432300581384
21,correlation_70pct,85.66666666666667,0.59,0.6696586258352636
21,correlation_60pct,83.00000000000001,0.51,0.7138457069093995
22,accuracy_80pct,93.66666666666667,0.87,0.8014375528464278
22,accuracy_70pct,91.0,0.81,0.713669730389978
22,accuracy_60pct,86.66666666666667,0.72,0.5822498343938319
22,correlation_70pct,83.66666666666669,0.52,0.7137284581417072
22,correlation_60pct,80.33333333333336,0.48,0.5803044013811152
23,accuracy_80pct,95.33333333333334,0.88,0.8521930882245672
23,accuracy_70pct,91.0,0.8,0.7372519903274233
23,accuracy_60pct,89.0,0.76,0.6087487237028384
23,correlation_70pct,82.66666666666667,0.53,0.5618427075423315
23,correlation_60pct,78.33333333333333,0.42,0.40452646019070554
24,accuracy_80pct,94.33333333333333,0.89,0.8411903756480216
24,accuracy_70pct,87.33333333333333,0.76,0.5741287367631719
24,accuracy_60pct,85.66666666666669,0.69,0.6210512856517871
24,correlation_70pct,79.66666666666669,0.44,0.5737336278566626
24,correlation_60pct,78.33333333333333,0.48,0.4087842542918644
25,accuracy_80pct,91.66666666666666,0.82,0.7521866596306651
25,accuracy_70pct,89.66666666666667,0.79,0.6857434413522594
25,accuracy_60pct,83.0,0.67,0.4726351719711988
25,correlation_70pct,85.66666666666667,0.63,0.6892710134354565
25,correlation_60pct,79.00000000000003,0.47,0.5016021855797159
26,accuracy_80pct,93.66666666666666,0.85,0.8188640287433475
26,accuracy_70pct,92.00000000000001,0.81,0.7226359216794889
26,accuracy_60pct,86.0,0.69,0.5367796549321228
26,correlation_70pct,84.0,0.56,0.6313151025908442
26,correlation_60pct,81.66666666666669,0.54,0.536506291931881
27,accuracy_80pct,92.33333333333333,0.86,0.7317951387898189
27,accuracy_70pct,87.33333333333334,0.77,0.5939637102509636
27,accuracy_60pct,84.33333333333333,0.67,0.549963784341914
27,correlation_70pct,83.33333333333334,0.56,0.6515452836042169
27,correlation_60pct,79.66666666666667,0.44,0.5243134667703896
28,accuracy_80pct,92.33333333333334,0.87,0.7602203917766236
28,accuracy_70pct,88.66666666666667,0.79,0.6385837379222047
28,accuracy_60pct,85.66666666666669,0.65,0.658743314714831
28,correlation_70pct,82.0,0.51,0.6382164736911529
28,correlation_60pct,78.33333333333334,0.44,0.5522971313430842
29,accuracy_80pct,95.00000000000001,0.87,0.8899626555765066
29,accuracy_70pct,89.33333333333333,0.78,0.6368282957630201
29,accuracy_60pct,86.33333333333334,0.68,0.6214836541170238
29,correlation_70pct,83.33333333333333,0.53,0.6774665978487004
29,correlation_60pct,76.66666666666667,0.41,0.4404718073835487
30,accuracy_80pct,93.33333333333333,0.86,0.8101196155294539
30,accuracy_70pct,91.66666666666667,0.82,0.7690833946460455
30,accuracy_60pct,86.00000000000001,0.75,0.5431233962634204
30,correlation_70pct,80.33333333333337,0.47,0.5679768675040482
30,correlation_60pct,76.00000000000003,0.37,0.45127477066410815
31,accuracy_80pct,92.66666666666666,0.84,0.7909236811460358
31,accuracy_70pct,90.66666666666667,0.79,0.7327481304241238
31,accuracy_60pct,88.0,0.72,0.6719260774058134
31,correlation_70pct,84.33333333333334,0.57,0.6441388907435579
31,correlation_60pct,76.66666666666667,0.41,0.4348629665758492
32,accuracy_80pct,94.0,0.88,0.8513300834263022
32,accuracy_70pct,86.00000000000001,0.75,0.555731016894346
32,accuracy_60pct,87.33333333333333,0.71,0.6744681646135225
32,correlation_70pct,82.00000000000001,0.54,0.5869294655326661
32,correlation_60pct,79.66666666666667,0.48,0.5730568939577707
33,accuracy_80pct,92.66666666666667,0.85,0.7238140884038967
33,accuracy_70pct,91.0,0.78,0.7336499284885367
33,accuracy_60pct,87.66666666666667,0.74,0.5951461111542352
33,correlation_70pct,84.66666666666666,0.55,0.6005677607244477
33,correlation_60pct,77.33333333333336,0.41,0.3900315161121126
34,accuracy_80pct,93.66666666666667,0.87,0.8189193462330477
34,accuracy_70pct,91.66666666666669,0.8,0.8022097087448146
34,accuracy_60pct,85.66666666666667,0.73,0.5647955043992542
34,correlation_70pct,83.00000000000001,0.55,0.6618773085596084
34,correlation_60pct,76.66666666666666,0.42,0.4931668020179862
35,accuracy_80pct,93.33333333333334,0.87,0.7809151297654097
35,accuracy_70pct,88.0,0.8,0.5942009715978601
35,accuracy_60pct,84.33333333333333,0.69,0.5234369560499692
35,correlation_70pct,80.00000000000001,0.46,0.5844634221116591
35,correlation_60pct,77.66666666666669,0.43,0.4728603099528703
36,accuracy_80pct,95.0,0.88,0.8596137308851477
36,accuracy_70pct,88.66666666666667,0.8,0.5595254079863266
36,accuracy_60pct,89.66666666666667,0.75,0.7070630992693541
36,correlation_70pct,81.66666666666667,0.5,0.5891412984374793
36,correlation_60pct,78.33333333333334,0.43,0.4704625148528413
37,accuracy_80pct,93.66666666666667,0.85,0.8470141642938851
37,accuracy_70pct,87.33333333333334,0.74,0.6728337768448464
37,accuracy_60pct,84.66666666666666,0.71,0.551545117166757
37,correlation_70pct,81.66666666666667,0.52,0.6135598545723706
37,correlation_60pct,77.00000000000001,0.42,0.48474138941442946
38,accuracy_80pct,92.66666666666666,0.83,0.7742366914781625
38,accuracy_70pct,89.66666666666667,0.77,0.7073879248221706
38,accuracy_60pct,85.33333333333334,0.67,0.5251299466656992
38,correlation_70pct,81.00000000000001,0.48,0.6345834397133793
38,correlation_60pct,79.33333333333336,0.46,0.4799886793767497
39,accuracy_80pct,93.66666666666666,0.86,0.8303904340181889
39,accuracy_70pct,87.33333333333334,0.76,0.6198523145551681
39,accuracy_60pct,87.33333333333333,0.71,0.681641431019039
39,correlation_70pct,79.66666666666669,0.43,0.6247618379030838
39,correlation_60pct,75.66666666666669,0.36,0.4907593670152011
40,accuracy_80pct,93.33333333333333,0.84,0.8342759290023528
40,accuracy_70pct,87.66666666666667,0.76,0.5530220687277542
40,accuracy_60pct,89.33333333333334,0.74,0.7057005495897869
40,correlation_70pct,82.66666666666667,0.53,0.57089385994175
40,correlation_60pct,78.33333333333334,0.45,0.44456780955107106
41,accuracy_80pct,95.33333333333333,0.89,0.8618623376665352
41,accuracy_70pct,89.66666666666667,0.77,0.7094272545836666
41,accuracy_60pct,86.33333333333334,0.73,0.5635852632005575
41,correlation_70pct,83.66666666666667,0.55,0.6418962075456833
41,correlation_60pct,80.00000000000001,0.46,0.5887524248599825
42,accuracy_80pct,94.66666666666667,0.88,0.8683755012641515
42,accuracy_70pct,92.0,0.8,0.8194776271780243
42,accuracy_60pct,83.33333333333334,0.7,0.43457860440875945
42,correlation_70pct,82.66666666666667,0.52,0.6535800168176106
42,correlation_60pct,82.0,0.54,0.5851910002499664
43,accuracy_80pct,93.33333333333334,0.83,0.8646769404884628
43,accuracy_70pct,91.66666666666667,0.81,0.769765185787555
43,accuracy_60pct,84.0,0.71,0.48254503163147877
43,correlation_70pct,83.00000000000001,0.57,0.611897788077261
43,correlation_60pct,76.00000000000003,0.42,0.4528749286153609
44,accuracy_80pct,92.0,0.84,0.7607502733568486
44,accuracy_70pct,90.00000000000001,0.8,0.713980976397768
44,accuracy_60pct,80.66666666666666,0.64,0.41725428383410806
44,correlation_70pct,83.33333333333336,0.57,0.6491245186651399
44,correlation_60pct,78.33333333333334,0.43,0.5553731154162471
45,accuracy_80pct,90.66666666666666,0.82,0.7071095433555838
45,accuracy_70pct,88.33333333333333,0.76,0.6562127898471525
45,accuracy_60pct,87.66666666666667,0.74,0.5910389914767633
45,correlation_70pct,80.66666666666667,0.48,0.5052693237185207
45,correlation_60pct,82.33333333333334,0.54,0.5877047738571991
46,accuracy_80pct,95.33333333333334,0.88,0.8397163741476285
46,accuracy_70pct,92.66666666666667,0.83,0.7618657130062043
46,accuracy_60pct,87.66666666666667,0.74,0.5756505616836342
46,correlation_70pct,85.33333333333334,0.58,0.6585321309960102
46,correlation_60pct,80.66666666666667,0.47,0.47791098020812756
47,accuracy_80pct,92.66666666666667,0.86,0.7772361502698877
47,accuracy_70pct,89.33333333333333,0.78,0.6786566408791845
47,accuracy_60pct,88.66666666666667,0.75,0.7039702000462396
47,correlation_70pct,78.66666666666669,0.44,0.504573294945839
47,correlation_60pct,78.00000000000003,0.41,0.5379844880504074
48,accuracy_80pct,92.33333333333334,0.85,0.756564582765614
48,accuracy_70pct,91.0,0.8,0.7580091425351784
48,accuracy_60pct,87.66666666666667,0.72,0.6486627674363742
48,correlation_70pct,79.33333333333333,0.44,0.5734991862768825
48,correlation_60pct,82.33333333333334,0.51,0.629863265905676
49,accuracy_80pct,93.0,0.85,0.7706234292245392
49,accuracy_70pct,90.33333333333333,0.82,0.6831080209635363
49,accuracy_60pct,90.0,0.76,0.7301411062299186
49,correlation_70pct,82.33333333333333,0.53,0.5982951668019264
49,correlation_60pct,83.00000000000001,0.55,0.6341800562325461
50,accuracy_80pct,94.66666666666667,0.87,0.8887648978837948
50,accuracy_70pct,88.0,0.77,0.6980034256512213
50,accuracy_60pct,85.0,0.7,0.6303739721380893
50,correlation_70pct,78.33333333333334,0.44,0.6307013236981239
50,correlation_60pct,78.00000000000001,0.42,0.5502061009970654
51,accuracy_80pct,93.0,0.85,0.8174765746978785
51,accuracy_70pct,89.33333333333334,0.78,0.6911744119988059
51,accuracy_60pct,84.33333333333333,0.7,0.5301285383957937
51,correlation_70pct,81.66666666666667,0.47,0.6347103159695173
51,correlation_60pct,80.00000000000001,0.45,0.6198098175158099
52,accuracy_80pct,94.0,0.87,0.8372718718329619
52,accuracy_70pct,90.0,0.81,0.659082326760453
52,accuracy_60pct,88.33333333333334,0.76,0.6129875243028984
52,correlation_70pct,82.33333333333334,0.53,0.6061416496850277
52,correlation_60pct,82.33333333333334,0.49,0.6871717063964407
53,accuracy_80pct,93.0,0.85,0.8093576674979481
53,accuracy_70pct,89.33333333333333,0.78,0.6937967044221389
53,accuracy_60pct,86.66666666666666,0.73,0.6066674478591166
53,correlation_70pct,84.33333333333334,0.6,0.680629832319945
53,correlation_60pct,78.66666666666669,0.45,0.5014926287890636
54,accuracy_80pct,91.66666666666667,0.83,0.7336833261259086
54,accuracy_70pct,91.66666666666666,0.79,0.800873931014762
54,accuracy_60pct,87.66666666666667,0.76,0.5767501122431749
54,correlation_70pct,81.0,0.47,0.5830607736802643
54,correlation_60pct,77.66666666666669,0.38,0.48590274595567917
55,accuracy_80pct,92.66666666666667,0.86,0.7412426589053084
55,accuracy_70pct,92.00000000000001,0.81,0.8030880902202
55,accuracy_60pct,89.33333333333333,0.76,0.7407659485193084
55,correlation_70pct,81.66666666666667,0.53,0.5625879165383179
55,correlation_60pct,81.66666666666669,0.48,0.6179023325982245
56,accuracy_80pct,94.66666666666669,0.88,0.8603395482751719
56,accuracy_70pct,88.66666666666667,0.77,0.6220441687900781
56,accuracy_60pct,88.66666666666667,0.75,0.6703247847678143
56,correlation_70pct,80.0,0.49,0.5039216770128506
56,correlation_60pct,79.66666666666669,0.45,0.5475400788495878
57,accuracy_80pct,92.0,0.82,0.7993395394599506
57,accuracy_70pct,88.00000000000001,0.77,0.6395929345759227
57,accuracy_60pct,85.33333333333334,0.73,0.5944926669583281
57,correlation_70pct,80.33333333333334,0.45,0.5829222363262578
57,correlation_60pct,76.0,0.41,0.4900995052989247
58,accuracy_80pct,92.66666666666666,0.86,0.7990237060704769
58,accuracy_70pct,91.0,0.82,0.7200220132535711
58,accuracy_60pct,89.00000000000001,0.72,0.7362790955807106
58,correlation_70pct,81.33333333333336,0.49,0.6110508345894818
58,correlation_60pct,79.66666666666667,0.49,0.5107689471976649
59,accuracy_80pct,91.66666666666667,0.85,0.7242548584528534
59,accuracy_70pct,91.00000000000001,0.78,0.771950775557214
59,accuracy_60pct,88.66666666666667,0.75,0.673318236493119
59,correlation_70pct,80.33333333333333,0.47,0.5409466878321448
59,correlation_60pct,76.33333333333334,0.37,0.4352532189494764
60,accuracy_80pct,93.00000000000001,0.86,0.743057896532672
60,accuracy_70pct,90.33333333333334,0.76,0.739782892757014
60,accuracy_60pct,85.0,0.71,0.4626794123442307
60,correlation_70pct,83.66666666666669,0.53,0.6894149752827545
60,correlation_60pct,83.0,0.57,0.5533044546936627
61,accuracy_80pct,91.66666666666667,0.83,0.7362409975020848
61,accuracy_70pct,87.33333333333333,0.75,0.6323844246028115
61,accuracy_60pct,86.66666666666667,0.73,0.5919437487987627
61,correlation_70pct,84.33333333333336,0.53,0.7040590448952889
61,correlation_60pct,78.66666666666667,0.45,0.492675162645034
62,accuracy_80pct,95.0,0.88,0.8657270835865072
62,accuracy_70pct,87.66666666666667,0.75,0.6237993586141842
62,accuracy_60pct,83.33333333333334,0.69,0.4258819163803551
62,correlation_70pct,83.33333333333334,0.54,0.6747747290044716
62,correlation_60pct,76.66666666666667,0.42,0.4455363459753014
63,accuracy_80pct,93.00000000000001,0.85,0.7944824376660196
63,accuracy_70pct,89.66666666666666,0.8,0.6965324110967646
63,accuracy_60pct,85.66666666666667,0.7,0.5962704610489545
63,correlation_70pct,84.33333333333336,0.55,0.7097741552609667
63,correlation_60pct,77.33333333333334,0.45,0.39264144549130503
64,accuracy_80pct,93.33333333333334,0.84,0.7901049745576998
64,accuracy_70pct,90.0,0.81,0.6477365486393284
64,accuracy_60pct,84.33333333333333,0.69,0.42571009481394695
64,correlation_70pct,82.0,0.51,0.5902707653575981
64,correlation_60pct,78.66666666666669,0.42,0.5773147508182627
65,accuracy_80pct,95.66666666666666,0.89,0.8980909937582023
65,accuracy_70pct,90.0,0.77,0.6968101695138833
65,accuracy_60pct,90.0,0.78,0.7320632466758664
65,correlation_70pct,80.33333333333334,0.45,0.5658394267064242
65,correlation_60pct,77.33333333333336,0.45,0.43213499039119685
66,accuracy_80pct,92.66666666666667,0.85,0.7658604302971809
66,accuracy_70pct,90.33333333333333,0.78,0.730863280624553
66,accuracy_60pct,87.00000000000001,0.68,0.6701879076441782
66,correlation_70pct,82.0,0.51,0.6595126780698843
66,correlation_60pct,79.66666666666669,0.46,0.5532175770808165
67,accuracy_80pct,94.0,0.86,0.8145408675233867
67,accuracy_70pct,89.66666666666667,0.81,0.6511879894133308
67,accuracy_60pct,89.33333333333333,0.73,0.7556536305034114
67,correlation_70pct,82.00000000000001,0.53,0.5525587654256138
67,correlation_60pct,81.0,0.47,0.5910430884099035
68,accuracy_80pct,92.33333333333334,0.83,0.8097747912724766
68,accuracy_70pct,89.0,0.78,0.6849439197630822
68,accuracy_60pct,86.33333333333334,0.72,0.6217204708884773
68,correlation_70pct,84.0,0.6,0.6491963444899432
68,correlation_60pct,79.00000000000001,0.43,0.5570445704678504
69,accuracy_80pct,92.33333333333333,0.84,0.7456075863885497
69,accuracy_70pct,91.33333333333333,0.78,0.7697989803226496
69,accuracy_60pct,86.99999999999999,0.71,0.551947659498144
69,correlation_70pct,81.66666666666667,0.5,0.5449049918068897
69,correlation_60pct,80.66666666666667,0.46,0.5635112723296116
70,accuracy_80pct,92.33333333333334,0.83,0.7802410105027406
70,accuracy_70pct,88.0,0.75,0.6850581302486535
70,accuracy_60pct,87.00000000000001,0.72,0.6145072971924702
70,correlation_70pct,79.33333333333334,0.48,0.49005831085903556
70,correlation_60pct,80.66666666666667,0.5,0.5427024500763411
71,accuracy_80pct,91.33333333333334,0.83,0.7542206839636239
71,accuracy_70pct,88.33333333333333,0.79,0.587943783272678
71,accuracy_60pct,86.33333333333334,0.71,0.5733889008781283
71,correlation_70pct,84.66666666666667,0.55,0.7014560839225066
71,correlation_60pct,81.66666666666667,0.49,0.6128131603731278
72,accuracy_80pct,92.33333333333334,0.83,0.7792218029153078
72,accuracy_70pct,93.00000000000001,0.82,0.8319358885150666
72,accuracy_60pct,86.33333333333334,0.71,0.6066932286042944
72,correlation_70pct,84.33333333333334,0.56,0.7093129368005385
72,correlation_60pct,79.66666666666667,0.46,0.5316965871874457
73,accuracy_80pct,92.33333333333333,0.84,0.7829146778505168
73,accuracy_70pct,89.66666666666666,0.78,0.6840134180180059
73,accuracy_60pct,85.33333333333333,0.73,0.50546881596821
73,correlation_70pct,79.33333333333334,0.42,0.523799765503852
73,correlation_60pct,78.66666666666669,0.45,0.5302242469988085
74,accuracy_80pct,92.0,0.84,0.7433665715000456
74,accuracy_70pct,89.0,0.76,0.6506475829159052
74,accuracy_60pct,85.00000000000001,0.7,0.4974082499727223
74,correlation_70pct,80.00000000000001,0.44,0.5506421018937745
74,correlation_60pct,78.66666666666667,0.45,0.5375226616506854
75,accuracy_80pct,94.33333333333333,0.88,0.8432473821200289
75,accuracy_70pct,90.0,0.8,0.6772258935417976
75,accuracy_60pct,86.66666666666667,0.73,0.5643434749128339
75,correlation_70pct,81.33333333333333,0.49,0.6147056872910477
75,correlation_60pct,78.00000000000001,0.45,0.4560299025972501
76,accuracy_80pct,92.0,0.85,0.6763778490950291
76,accuracy_70pct,91.66666666666667,0.79,0.7727108112796748
76,accuracy_60pct,87.33333333333334,0.74,0.5741261113681886
76,correlation_70pct,84.66666666666669,0.56,0.6312333564241859
76,correlation_60pct,80.66666666666669,0.5,0.5450644737097231
77,accuracy_80pct,94.33333333333334,0.87,0.8740298923964893
77,accuracy_70pct,87.33333333333333,0.78,0.5978589199604958
77,accuracy_60pct,86.66666666666666,0.73,0.6153821157464897
77,correlation_70pct,79.99999999999999,0.48,0.5891856294727362
77,correlation_60pct,76.00000000000001,0.39,0.49513526446164124
78,accuracy_80pct,93.66666666666667,0.88,0.8005073958113881
78,accuracy_70pct,87.66666666666667,0.76,0.637549524452413
78,accuracy_60pct,84.66666666666667,0.69,0.57529601456335
78,correlation_70pct,80.0,0.48,0.5869123199048965
78,correlation_60pct,74.33333333333334,0.36,0.4642417764268722
79,accuracy_80pct,93.33333333333333,0.88,0.7405399787656425
79,accuracy_70pct,90.33333333333334,0.81,0.6466824699410313
79,accuracy_60pct,89.33333333333336,0.74,0.692390371480971
79,correlation_70pct,80.66666666666669,0.45,0.6205936705610451
79,correlation_60pct,78.33333333333334,0.46,0.4193730540929908
80,accuracy_80pct,92.00000000000001,0.86,0.7515182307004618
80,accuracy_70pct,88.66666666666666,0.79,0.5944323329103693
80,accuracy_60pct,87.33333333333334,0.71,0.6419060297273533
80,correlation_70pct,83.66666666666667,0.57,0.6239305112982831
80,correlation_60pct,74.66666666666669,0.37,0.39875189466512106
81,accuracy_80pct,93.66666666666667,0.86,0.788045504476169
81,accuracy_70pct,90.66666666666667,0.78,0.7296404580418364
81,accuracy_60pct,88.33333333333334,0.74,0.609024012809688
81,correlation_70pct,79.00000000000003,0.47,0.4205858979275608
81,correlation_60pct,78.00000000000001,0.41,0.4351802158172391
82,accuracy_80pct,95.66666666666667,0.89,0.8818048241451839
82,accuracy_70pct,94.00000000000001,0.85,0.8376360109602857
82,accuracy_60pct,85.66666666666667,0.69,0.6151606619782514
82,correlation_70pct,81.33333333333334,0.46,0.5947075064674737
82,correlation_60pct,76.00000000000003,0.4,0.3573271628072845
83,accuracy_80pct,93.66666666666666,0.87,0.7964870231655072
83,accuracy_70pct,91.0,0.79,0.7654242294169148
83,accuracy_60pct,85.66666666666667,0.71,0.5578723427198391
83,correlation_70pct,80.33333333333336,0.45,0.5835132941912434
83,correlation_60pct,79.66666666666667,0.48,0.5321283849898375
84,accuracy_80pct,94.66666666666667,0.88,0.8492881177733038
84,accuracy_70pct,91.00000000000001,0.81,0.7152926354522448
84,accuracy_60pct,85.0,0.71,0.5167084101428351
84,correlation_70pct,86.33333333333334,0.62,0.7000147464276238
84,correlation_60pct,82.66666666666669,0.52,0.5984454779864596
85,accuracy_80pct,91.0,0.82,0.7047619372758064
85,accuracy_70pct,89.66666666666666,0.78,0.7048396226664432
85,accuracy_60pct,83.33333333333334,0.68,0.41504442570865285
85,correlation_70pct,80.33333333333334,0.49,0.5264718691387138
85,correlation_60pct,77.33333333333334,0.44,0.4491567354259837
86,accuracy_80pct,92.66666666666667,0.85,0.7890337235009713
86,accuracy_70pct,90.0,0.79,0.6924333276841228
86,accuracy_60pct,87.66666666666667,0.7,0.647132217993504
86,correlation_70pct,87.00000000000001,0.64,0.718152797076721
86,correlation_60pct,81.00000000000001,0.49,0.5363146606633897
87,accuracy_80pct,94.66666666666667,0.88,0.86555167576381
87,accuracy_70pct,89.33333333333334,0.79,0.6034483882493813
87,accuracy_60pct,88.66666666666667,0.75,0.6574684566095084
87,correlation_70pct,81.0,0.5,0.5394704315981017
87,correlation_60pct,79.33333333333334,0.45,0.5175116032918325
88,accuracy_80pct,93.66666666666666,0.86,0.8336956652695482
88,accuracy_70pct,89.66666666666667,0.77,0.7128155057551474
88,accuracy_60pct,85.66666666666667,0.69,0.5885188554273467
88,correlation_70pct,82.66666666666667,0.5,0.636645968918988
88,correlation_60pct,73.0,0.37,0.29833756616235985
89,accuracy_80pct,93.66666666666667,0.86,0.8201859259524047
89,accuracy_70pct,89.66666666666667,0.81,0.646866092283316
89,accuracy_60pct,90.66666666666667,0.79,0.7256898865304006
89,correlation_70pct,80.0,0.49,0.5112427922599092
89,correlation_60pct,79.0,0.43,0.5184702256245475
90,accuracy_80pct,92.66666666666666,0.87,0.7520124943641843
90,accuracy_70pct,91.33333333333334,0.82,0.7202394545211771
90,accuracy_60pct,88.0,0.68,0.6629848083406977
90,correlation_70pct,82.0,0.49,0.6419721962164818
90,correlation_60pct,80.33333333333334,0.45,0.5354393412114029
91,accuracy_80pct,93.66666666666666,0.85,0.7723577312518234
91,accuracy_70pct,91.66666666666667,0.81,0.6924716386605566
91,accuracy_60pct,85.0,0.71,0.5289261738365176
91,correlation_70pct,85.00000000000001,0.57,0.657467991336098
91,correlation_60pct,81.0,0.49,0.489245332476779
92,accuracy_80pct,91.66666666666666,0.86,0.6890724425922155
92,accuracy_70pct,89.33333333333334,0.77,0.7312003127254533
92,accuracy_60pct,85.00000000000001,0.67,0.5815355752009597
92,correlation_70pct,80.00000000000001,0.42,0.647247878174393
92,correlation_60pct,79.33333333333334,0.46,0.538539992105816
93,accuracy_80pct,92.33333333333334,0.84,0.8322942635735047
93,accuracy_70pct,93.0,0.86,0.8060169678895186
93,accuracy_60pct,86.66666666666669,0.7,0.697890893341736
93,correlation_70pct,82.66666666666669,0.52,0.6914796852487051
93,correlation_60pct,75.66666666666667,0.39,0.46959819131552005
94,accuracy_80pct,92.66666666666667,0.85,0.7616743998528321
94,accuracy_70pct,90.33333333333334,0.77,0.6746545642082935
94,accuracy_60pct,88.33333333333333,0.76,0.6254893113753344
94,correlation_70pct,81.66666666666669,0.47,0.5993681562038652
94,correlation_60pct,78.66666666666669,0.42,0.4741850722758634
95,accuracy_80pct,91.33333333333334,0.84,0.7226812596569341
95,accuracy_70pct,91.0,0.83,0.7160298845221195
95,accuracy_60pct,86.00000000000001,0.7,0.5498903335589175
95,correlation_70pct,85.66666666666669,0.59,0.6917838365538486
95,correlation_60pct,82.66666666666667,0.53,0.6354365633238934
96,accuracy_80pct,93.33333333333333,0.84,0.825335260233688
96,accuracy_70pct,89.66666666666669,0.77,0.6886135194450785
96,accuracy_60pct,88.33333333333334,0.73,0.6788040589282326
96,correlation_70pct,84.33333333333336,0.55,0.6913738933962548
96,correlation_60pct,78.66666666666669,0.47,0.44014776724339716
97,accuracy_80pct,91.66666666666667,0.84,0.7357214689073565
97,accuracy_70pct,91.33333333333334,0.82,0.7295658013459363
97,accuracy_60pct,84.66666666666666,0.7,0.5191782982158781
97,correlation_70pct,84.0,0.55,0.6981864694310639
97,correlation_60pct,79.33333333333334,0.46,0.5400104384527613
98,accuracy_80pct,91.0,0.83,0.6902330741904507
98,accuracy_70pct,88.99999999999999,0.77,0.6179217042250162
98,accuracy_60pct,87.66666666666667,0.72,0.6429551978497421
98,correlation_70pct,79.66666666666669,0.45,0.5615127682231006
98,correlation_60pct,79.33333333333333,0.47,0.4999629626390296
99,accuracy_80pct,92.33333333333334,0.86,0.721985872151488
99,accuracy_70pct,90.33333333333333,0.8,0.7156054775008073
99,accuracy_60pct,85.00000000000001,0.69,0.4847638369009196
99,correlation_70pct,80.00000000000001,0.47,0.4834829068466939
99,correlation_60pct,79.66666666666667,0.48,0.55061002840365
100,accuracy_80pct,94.00000000000001,0.87,0.7944847476103924
100,accuracy_70pct,89.66666666666667,0.8,0.6334232767724062
100,accuracy_60pct,87.00000000000003,0.7,0.606029653851763
100,correlation_70pct,81.33333333333336,0.47,0.5841260502359694
100,correlation_60pct,77.33333333333333,0.41,0.39337037963517624
101,accuracy_80pct,93.00000000000001,0.86,0.8043733133172819
101,accuracy_70pct,91.0,0.79,0.7939152502749277
101,accuracy_60pct,84.0,0.68,0.5347789994310942
101,correlation_70pct,78.00000000000001,0.41,0.5195008488181672
101,correlation_60pct,75.00000000000001,0.37,0.4851955743844983
102,accuracy_80pct,91.66666666666667,0.82,0.7181246516704505
102,accuracy_70pct,88.66666666666667,0.79,0.6379223019728035
102,accuracy_60pct,84.0,0.66,0.47928154225398634
102,correlation_70pct,79.33333333333334,0.43,0.5374580918225501
102,correlation_60pct,80.0,0.5,0.49755710929775887
103,accuracy_80pct,92.66666666666667,0.83,0.8136978207485671
103,accuracy_70pct,92.33333333333334,0.84,0.7976338841338323
103,accuracy_60pct,86.0,0.7,0.6202595586436296
103,correlation_70pct,79.66666666666669,0.46,0.5582656199687684
103,correlation_60pct,79.66666666666666,0.45,0.5724477808423958
104,accuracy_80pct,91.33333333333334,0.84,0.7077709597024674
104,accuracy_70pct,87.00000000000001,0.76,0.6198521538723546
104,accuracy_60pct,87.66666666666667,0.72,0.6840976281299422
104,correlation_70pct,80.33333333333334,0.49,0.5552697365910577
104,correlation_60pct,78.00000000000001,0.45,0.5111960701343234
105,accuracy_80pct,93.0,0.83,0.846116044099294
105,accuracy_70pct,89.66666666666667,0.77,0.735302872419987
105,accuracy_60pct,86.66666666666669,0.73,0.6325416672476398
105,correlation_70pct,82.0,0.5,0.6885887725418421
105,correlation_60pct,78.66666666666666,0.48,0.46277859581581915
106,accuracy_80pct,94.33333333333333,0.87,0.8605021643051987
106,accuracy_70pct,89.33333333333333,0.77,0.6891879655442261
106,accuracy_60pct,85.33333333333334,0.68,0.5577427844935412
106,correlation_70pct,81.66666666666669,0.52,0.5655028669612948
106,correlation_60pct,84.00000000000001,0.55,0.6266134531273184
107,accuracy_80pct,91.00000000000001,0.81,0.6917227954833836
107,accuracy_70pct,90.0,0.77,0.6715976410627789
107,accuracy_60pct,88.66666666666667,0.72,0.6520127006070511
107,correlation_70pct,83.00000000000001,0.51,0.6434733300789975
107,correlation_60pct,80.33333333333334,0.49,0.402603077200662
108,accuracy_80pct,91.66666666666666,0.84,0.7354511026539547
108,accuracy_70pct,88.0,0.78,0.5797593984962405
108,accuracy_60pct,83.33333333333334,0.71,0.43703813928683033
108,correlation_70pct,80.00000000000001,0.48,0.540647304591357
108,correlation_60pct,78.33333333333334,0.43,0.4805146796989671
109,accuracy_80pct,94.0,0.88,0.8092968258569577
109,accuracy_70pct,90.33333333333333,0.78,0.7601399657593046
109,accuracy_60pct,84.99999999999999,0.71,0.5537818333815436
109,correlation_70pct,79.66666666666666,0.48,0.5677265711776547
109,correlation_60pct,82.00000000000003,0.51,0.6334160305028227
110,accuracy_80pct,93.66666666666666,0.88,0.7831980033684159
110,accuracy_70pct,87.66666666666667,0.8,0.5734850379095643
110,accuracy_60pct,87.33333333333333,0.74,0.6172015280344822
110,correlation_70pct,83.66666666666666,0.55,0.6790665967484689
110,correlation_60pct,81.00000000000001,0.5,0.6022675212288021
111,accuracy_80pct,96.0,0.92,0.855014715181556
111,accuracy_70pct,89.66666666666667,0.77,0.6954892942290091
111,accuracy_60pct,88.33333333333333,0.74,0.6712076873678271
111,correlation_70pct,83.33333333333334,0.52,0.6353280323670784
111,correlation_60pct,80.66666666666669,0.47,0.49194865026927975
112,accuracy_80pct,93.33333333333334,0.86,0.8251357466712949
112,accuracy_70pct,92.66666666666669,0.81,0.8317664866318676
112,accuracy_60pct,87.0,0.71,0.6285667597483499
112,correlation_70pct,80.66666666666667,0.45,0.655589862096885
112,correlation_60pct,81.33333333333334,0.54,0.5737821723965485
113,accuracy_80pct,92.33333333333334,0.84,0.7847620074956476
113,accuracy_70pct,88.00000000000001,0.76,0.6813153529373902
113,accuracy_60pct,87.33333333333333,0.73,0.6348117474614278
113,correlation_70pct,83.33333333333334,0.54,0.6584533177794214
113,correlation_60pct,76.00000000000003,0.4,0.3810397992779791
114,accuracy_80pct,91.66666666666667,0.82,0.7879734840282204
114,accuracy_70pct,88.33333333333334,0.79,0.6648172715881578
114,accuracy_60pct,84.0,0.7,0.5239368977644507
114,correlation_70pct,76.66666666666667,0.41,0.5308684030851368
114,correlation_60pct,79.66666666666667,0.49,0.6145134140860343
115,accuracy_80pct,94.66666666666666,0.89,0.853867643262311
115,accuracy_70pct,89.0,0.8,0.6703973909698571
115,accuracy_60pct,85.00000000000001,0.7,0.5963123943700304
115,correlation_70pct,81.33333333333334,0.5,0.613802756265597
115,correlation_60pct,78.00000000000001,0.44,0.5607162574121071
116,accuracy_80pct,91.00000000000001,0.84,0.7299305667416719
116,accuracy_70pct,90.0,0.79,0.7317838041340402
116,accuracy_60pct,84.66666666666667,0.72,0.5234938424279669
116,correlation_70pct,86.00000000000001,0.59,0.7293872638080636
116,correlation_60pct,81.0,0.49,0.6018448749211913
117,accuracy_80pct,94.66666666666666,0.88,0.851120672262815
117,accuracy_70pct,89.0,0.76,0.6577531434065013
117,accuracy_60pct,91.33333333333334,0.79,0.776968197366266
117,correlation_70pct,83.0,0.54,0.5808017098510184
117,correlation_60pct,78.00000000000001,0.4,0.4544749268794326
118,accuracy_80pct,94.66666666666667,0.88,0.8660723882300491
118,accuracy_70pct,87.33333333333334,0.77,0.6537939863670875
118,accuracy_60pct,88.0,0.74,0.7129685054207957
118,correlation_70pct,81.33333333333334,0.49,0.6874606663763032
118,correlation_60pct,75.6666666666667,0.37,0.5441939195621688
119,accuracy_80pct,93.00000000000001,0.86,0.7978385608236894
119,accuracy_70pct,93.66666666666667,0.88,0.7765707028101639
119,accuracy_60pct,88.0,0.73,0.6487226762810285
119,correlation_70pct,85.0,0.59,0.6951880261116756
119,correlation_60pct,76.33333333333334,0.39,0.39199126916185606
120,accuracy_80pct,92.33333333333333,0.84,0.7576270928132236
120,accuracy_70pct,92.66666666666669,0.84,0.784138964338148
120,accuracy_60pct,84.33333333333334,0.67,0.5249411113870013
120,correlation_70pct,81.00000000000001,0.5,0.5649484627733309
120,correlation_60pct,78.66666666666667,0.46,0.5347091211771776
121,accuracy_80pct,94.33333333333334,0.87,0.7931681924745149
121,accuracy_70pct,88.33333333333334,0.76,0.5602570657049228
121,accuracy_60pct,86.33333333333334,0.72,0.5099327073715643
121,correlation_70pct,77.00000000000001,0.37,0.4691306163606124
121,correlation_60pct,76.66666666666667,0.41,0.3534930219889505
122,accuracy_80pct,93.0,0.86,0.8071808375631083
122,accuracy_70pct,90.99999999999999,0.79,0.7623240461593613
122,accuracy_60pct,87.33333333333336,0.69,0.7160942737299071
122,correlation_70pct,86.33333333333333,0.61,0.7252557019440931
122,correlation_60pct,82.66666666666669,0.53,0.6527057718176161
123,accuracy_80pct,94.00000000000001,0.84,0.844865356403261
123,accuracy_70pct,89.66666666666667,0.79,0.661231280931802
123,accuracy_60pct,87.66666666666666,0.71,0.6304411482952614
123,correlation_70pct,84.00000000000001,0.54,0.6943542815119319
123,correlation_60pct,80.66666666666667,0.48,0.5871378507499488
124,accuracy_80pct,93.99999999999999,0.88,0.7942049174996637
124,accuracy_70pct,92.00000000000001,0.82,0.7941912714911968
124,accuracy_60pct,86.66666666666667,0.74,0.5896301396565523
124,correlation_70pct,77.33333333333333,0.43,0.4511990700370909
124,correlation_60pct,76.66666666666667,0.44,0.4578993786175023
125,accuracy_80pct,92.33333333333334,0.84,0.7444600425172282
125,accuracy_70pct,88.66666666666666,0.78,0.6272594749331669
125,accuracy_60pct,86.0,0.71,0.5839539343965298
125,correlation_70pct,84.66666666666669,0.59,0.6381071786570167
125,correlation_60pct,79.0,0.45,0.4728043877918398
126,accuracy_80pct,93.66666666666667,0.88,0.767213101110347
126,accuracy_70pct,89.0,0.76,0.6683099812579761
126,accuracy_60pct,87.0,0.73,0.5645398184120713
126,correlation_70pct,83.66666666666667,0.55,0.6471848436720704
126,correlation_60pct,78.33333333333336,0.42,0.4554178070111367
127,accuracy_80pct,91.33333333333334,0.8,0.7364451879817481
127,accuracy_70pct,89.00000000000001,0.76,0.6235559648625436
127,accuracy_60pct,86.0,0.72,0.5223936219781505
127,correlation_70pct,82.33333333333334,0.51,0.5650963534324787
127,correlation_60pct,82.00000000000001,0.49,0.6075820861849569
128,accuracy_80pct,94.33333333333334,0.85,0.8672089698905413
128,accuracy_70pct,88.0,0.78,0.5933970927726572
128,accuracy_60pct,83.66666666666666,0.69,0.46256138369239036
128,correlation_70pct,81.00000000000001,0.46,0.6178077684717611
128,correlation_60pct,77.00000000000003,0.41,0.5220481896429243
129,accuracy_80pct,90.66666666666667,0.83,0.7375386634043146
129,accuracy_70pct,88.33333333333334,0.77,0.6717326257985692
129,accuracy_60pct,83.00000000000001,0.66,0.5296303555233214
129,correlation_70pct,81.66666666666669,0.51,0.6092107784221676
129,correlation_60pct,77.6666666666667,0.43,0.5411471247553805
130,accuracy_80pct,90.99999999999999,0.83,0.7189069570982233
130,accuracy_70pct,88.66666666666667,0.81,0.5840703647785626
130,accuracy_60pct,87.33333333333334,0.73,0.61490870677283
130,correlation_70pct,83.66666666666667,0.56,0.628874962548291
130,correlation_60pct,80.00000000000001,0.5,0.5692349583384413
131,accuracy_80pct,91.66666666666667,0.85,0.6832946565959629
131,accuracy_70pct,88.00000000000001,0.75,0.5799637293080507
131,accuracy_60pct,88.0,0.74,0.5594275041696417
131,correlation_70pct,85.33333333333334,0.6,0.6845036427897938
131,correlation_60pct,75.66666666666667,0.42,0.2954163650756768
132,accuracy_80pct,93.99999999999999,0.87,0.8291292296122399
132,accuracy_70pct,91.00000000000001,0.78,0.7878726106596675
132,accuracy_60pct,83.00000000000001,0.69,0.4245592217505741
132,correlation_70pct,83.33333333333334,0.57,0.6197498070957086
132,correlation_60pct,78.66666666666667,0.44,0.541604697006239
133,accuracy_80pct,94.0,0.88,0.8033271469778522
133,accuracy_70pct,90.00000000000001,0.8,0.7200150832730027
133,accuracy_60pct,87.66666666666666,0.72,0.6334447955286527
133,correlation_70pct,83.0,0.53,0.6293589387221518
133,correlation_60pct,82.00000000000001,0.55,0.5313352246727867
134,accuracy_80pct,92.66666666666666,0.85,0.7740448902324059
134,accuracy_70pct,91.0,0.78,0.7665358375080673
134,accuracy_60pct,87.0,0.74,0.5795534441512336
134,correlation_70pct,83.0,0.52,0.6429585875370185
134,correlation_60pct,79.33333333333334,0.45,0.5392534154011241
135,accuracy_80pct,94.66666666666666,0.88,0.8434490963865554
135,accuracy_70pct,91.00000000000001,0.8,0.7623875391346684
135,accuracy_60pct,85.66666666666667,0.69,0.5795723277754834
135,correlation_70pct,82.33333333333334,0.51,0.6163323407285022
135,correlation_60pct,73.6666666666667,0.32,0.3780310378287152
136,accuracy_80pct,93.66666666666667,0.85,0.8552182247038258
136,accuracy_70pct,90.33333333333334,0.79,0.7593625877062995
136,accuracy_60pct,86.0,0.73,0.5590948651775508
136,correlation_70pct,81.66666666666666,0.52,0.5819452756356435
136,correlation_60pct,78.00000000000001,0.43,0.449016245939935
137,accuracy_80pct,93.66666666666667,0.88,0.8144245078841611
137,accuracy_70pct,89.0,0.74,0.7203323983092588
137,accuracy_60pct,86.99999999999999,0.72,0.6791050174879689
137,correlation_70pct,79.00000000000003,0.45,0.5649546046586121
137,correlation_60pct,76.00000000000001,0.4,0.48591297381543047
138,accuracy_80pct,92.33333333333333,0.86,0.7901766490767757
138,accuracy_70pct,90.66666666666669,0.81,0.7632351519207219
138,accuracy_60pct,88.33333333333334,0.73,0.7014827204686485
138,correlation_70pct,78.66666666666669,0.44,0.49520511384191324
138,correlation_60pct,77.66666666666667,0.45,0.4431509929612044
139,accuracy_80pct,95.0,0.88,0.8857877909093883
139,accuracy_70pct,88.0,0.76,0.6062016939980044
139,accuracy_60pct,86.66666666666667,0.72,0.6079226645485546
139,correlation_70pct,82.0,0.52,0.5853339639995826
139,correlation_60pct,83.33333333333334,0.58,0.687855271637778
140,accuracy_80pct,94.0,0.85,0.850168006003686
140,accuracy_70pct,89.00000000000001,0.78,0.6308083667964695
140,accuracy_60pct,85.33333333333334,0.7,0.5438100772429468
140,correlation_70pct,83.66666666666667,0.52,0.6735330292391872
140,correlation_60pct,79.33333333333333,0.47,0.4661013171851569
141,accuracy_80pct,95.0,0.88,0.8766150868466862
141,accuracy_70pct,86.33333333333333,0.76,0.5430426691724634
141,accuracy_60pct,86.33333333333333,0.72,0.6025130232114303
141,correlation_70pct,80.00000000000001,0.51,0.51445810474295
141,correlation_60pct,79.33333333333337,0.45,0.5747937850477159
142,accuracy_80pct,94.33333333333334,0.85,0.8480860460396555
142,accuracy_70pct,90.0,0.82,0.6639413875908742
142,accuracy_60pct,86.33333333333334,0.7,0.6030175168775653
142,correlation_70pct,79.33333333333334,0.45,0.5794766346616396
142,correlation_60pct,75.33333333333336,0.36,0.4904152511305157
143,accuracy_80pct,93.66666666666667,0.86,0.8233364375647332
143,accuracy_70pct,88.66666666666667,0.79,0.6239191266811296
143,accuracy_60pct,87.0,0.72,0.6663452895014362
143,correlation_70pct,81.33333333333334,0.49,0.6216625118323545
143,correlation_60pct,75.66666666666667,0.4,0.3105665466499644
144,accuracy_80pct,95.0,0.87,0.9004546053958234
144,accuracy_70pct,88.33333333333333,0.77,0.6529825970474316
144,accuracy_60pct,86.33333333333333,0.74,0.5590182304051513
144,correlation_70pct,81.66666666666669,0.51,0.6409316408515339
144,correlation_60pct,79.00000000000001,0.47,0.49412665632379194
145,accuracy_80pct,93.66666666666667,0.88,0.7993673839640606
145,accuracy_70pct,89.66666666666667,0.81,0.6691953923028893
145,accuracy_60pct,83.66666666666667,0.66,0.490602136830516
145,correlation_70pct,81.00000000000001,0.49,0.5533961917024887
145,correlation_60pct,75.66666666666669,0.38,0.4826154495192134
146,accuracy_80pct,94.0,0.85,0.8751221877755989
146,accuracy_70pct,88.66666666666667,0.75,0.7294965071891409
146,accuracy_60pct,84.66666666666667,0.72,0.5871454732867804
146,correlation_70pct,76.33333333333334,0.39,0.5362504162730046
146,correlation_60pct,75.33333333333336,0.37,0.44416293697155623
147,accuracy_80pct,94.33333333333333,0.87,0.8652356786845341
147,accuracy_70pct,90.00000000000001,0.8,0.7007387757745106
147,accuracy_60pct,88.33333333333334,0.77,0.629121155302337
147,correlation_70pct,80.33333333333334,0.45,0.6254378801806523
147,correlation_60pct,78.33333333333336,0.4,0.5767836107606107
148,accuracy_80pct,93.66666666666666,0.84,0.8743196286738444
148,accuracy_70pct,91.0,0.79,0.8165164044701392
148,accuracy_60pct,83.0,0.71,0.454006221222106
148,correlation_70pct,81.33333333333334,0.5,0.6589233969622832
148,correlation_60pct,76.33333333333333,0.44,0.4751929998950552
149,accuracy_80pct,94.0,0.83,0.8706258221216526
149,accuracy_70pct,88.33333333333334,0.77,0.635806485501737
149,accuracy_60pct,84.33333333333333,0.67,0.5424369039505289
149,correlation_70pct,78.66666666666669,0.43,0.5500716549034315
149,correlation_60pct,80.66666666666669,0.47,0.6332585136746515
150,accuracy_80pct,94.66666666666667,0.87,0.8733878425282714
150,accuracy_70pct,91.0,0.8,0.7700524419902544
150,accuracy_60pct,87.66666666666667,0.73,0.6529346482287155
150,correlation_70pct,82.66666666666667,0.5,0.7028650345429257
150,correlation_60pct,77.33333333333336,0.42,0.47560022340062524
151,accuracy_80pct,94.33333333333333,0.88,0.8522258716479643
151,accuracy_70pct,91.00000000000001,0.81,0.7302709819067794
151,accuracy_60pct,85.66666666666667,0.71,0.5575158169081718
151,correlation_70pct,83.00000000000001,0.52,0.6764888700129084
151,correlation_60pct,76.00000000000001,0.4,0.40764192594181975
152,accuracy_80pct,94.66666666666666,0.86,0.8773102528180493
152,accuracy_70pct,89.33333333333333,0.8,0.6368775332244434
152,accuracy_60pct,90.33333333333334,0.75,0.766627712300643
152,correlation_70pct,86.33333333333336,0.59,0.7480801243940262
152,correlation_60pct,77.00000000000001,0.44,0.3880719923152668
153,accuracy_80pct,90.66666666666666,0.84,0.6855747914593546
153,accuracy_70pct,90.66666666666666,0.77,0.778205199383049
153,accuracy_60pct,83.66666666666669,0.66,0.5101053068271735
153,correlation_70pct,81.0,0.48,0.6099886457000608
153,correlation_60pct,75.66666666666667,0.4,0.5027603797917938
154,accuracy_80pct,95.33333333333334,0.87,0.8932903957079258
154,accuracy_70pct,89.66666666666667,0.8,0.6616536268047956
154,accuracy_60pct,88.0,0.74,0.6762340069282974
154,correlation_70pct,80.0,0.51,0.47861522017532826
154,correlation_60pct,76.0,0.41,0.37235657326784544
155,accuracy_80pct,93.66666666666667,0.84,0.7973031981904961
155,accuracy_70pct,91.0,0.8,0.6843376550813587
155,accuracy_60pct,87.0,0.73,0.5502183172014329
155,correlation_70pct,82.00000000000001,0.52,0.605113990312614
155,correlation_60pct,82.66666666666667,0.53,0.5816588689075262
156,accuracy_80pct,93.33333333333333,0.88,0.8121126586023701
156,accuracy_70pct,90.66666666666667,0.78,0.7644488575197641
156,accuracy_60pct,88.33333333333334,0.74,0.6659713916954173
156,correlation_70pct,79.66666666666666,0.47,0.5787098103191328
156,correlation_60pct,77.66666666666669,0.4,0.5529809306991033
157,accuracy_80pct,92.0,0.84,0.7480823351075769
157,accuracy_70pct,89.66666666666669,0.78,0.7173732815594617
157,accuracy_60pct,90.00000000000001,0.76,0.7796348796655305
157,correlation_70pct,84.0,0.57,0.6553908041405969
157,correlation_60pct,80.33333333333334,0.44,0.5995713390406598
158,accuracy_80pct,93.66666666666666,0.86,0.8311010732471842
158,accuracy_70pct,89.33333333333333,0.79,0.66980477218202
158,accuracy_60pct,85.33333333333334,0.72,0.4908744660821126
158,correlation_70pct,85.33333333333333,0.6,0.7177162763530542
158,correlation_60pct,78.33333333333336,0.43,0.46503346889180963
159,accuracy_80pct,96.0,0.89,0.9022865781087748
159,accuracy_70pct,88.66666666666667,0.79,0.6113561314001004
159,accuracy_60pct,86.33333333333333,0.71,0.533225373324521
159,correlation_70pct,82.33333333333336,0.49,0.6344839385484145
159,correlation_60pct,82.66666666666669,0.53,0.5871485898528125
160,accuracy_80pct,90.33333333333334,0.82,0.7302432139981422
160,accuracy_70pct,88.66666666666667,0.78,0.6968173202541021
160,accuracy_60pct,89.33333333333334,0.72,0.8035075745189236
160,correlation_70pct,81.33333333333334,0.51,0.600939333954323
160,correlation_60pct,80.33333333333334,0.49,0.5886051643803649
161,accuracy_80pct,92.33333333333334,0.85,0.8070816135594129
161,accuracy_70pct,88.66666666666667,0.76,0.6280682440620252
161,accuracy_60pct,88.00000000000001,0.73,0.668203605241186
161,correlation_70pct,84.00000000000001,0.54,0.6808510556638261
161,correlation_60pct,77.00000000000001,0.41,0.4433878624213192
162,accuracy_80pct,94.00000000000001,0.85,0.8447844128071545
162,accuracy_70pct,90.66666666666667,0.8,0.6942306974753826
162,accuracy_60pct,87.0,0.72,0.5783682474029481
162,correlation_70pct,84.33333333333334,0.54,0.6823103366103299
162,correlation_60pct,82.33333333333334,0.48,0.6047032482160255
163,accuracy_80pct,92.66666666666666,0.84,0.7667411349796336
163,accuracy_70pct,88.66666666666667,0.77,0.6473740843582966
163,accuracy_60pct,89.00000000000001,0.73,0.669521829094231
163,correlation_70pct,78.66666666666669,0.41,0.4728484637220673
163,correlation_60pct,75.66666666666669,0.38,0.42380187988464935
164,accuracy_80pct,94.33333333333334,0.87,0.8418790877061522
164,accuracy_70pct,90.33333333333334,0.78,0.6929696241685261
164,accuracy_60pct,88.33333333333333,0.75,0.6080714360087252
164,correlation_70pct,80.33333333333336,0.47,0.5766493034308646
164,correlation_60pct,77.33333333333334,0.45,0.4885205011066488
165,accuracy_80pct,93.0,0.87,0.7427357291422257
165,accuracy_70pct,90.0,0.77,0.6521454618130593
165,accuracy_60pct,85.66666666666667,0.7,0.5906860164937514
165,correlation_70pct,81.00000000000001,0.46,0.5529898448145892
165,correlation_60pct,81.66666666666667,0.51,0.5115063420882099
166,accuracy_80pct,94.0,0.86,0.8442572861815014
166,accuracy_70pct,93.33333333333334,0.84,0.834669188886064
166,accuracy_60pct,88.0,0.72,0.6496120656615819
166,correlation_70pct,78.66666666666667,0.42,0.5417617178103588
166,correlation_60pct,77.66666666666669,0.42,0.577482303284486
167,accuracy_80pct,94.66666666666667,0.89,0.833101825607651
167,accuracy_70pct,92.66666666666669,0.81,0.8092289609674642
167,accuracy_60pct,86.33333333333334,0.71,0.5993342280531172
167,correlation_70pct,79.33333333333334,0.46,0.4683976430514051
167,correlation_60pct,78.0,0.45,0.5214339869726901
168,accuracy_80pct,94.33333333333333,0.87,0.8786608102518035
168,accuracy_70pct,90.66666666666669,0.81,0.7468638958048286
168,accuracy_60pct,89.66666666666667,0.74,0.7490988418715703
168,correlation_70pct,82.33333333333336,0.51,0.6891891066522531
168,correlation_60pct,77.66666666666669,0.44,0.5179179475308977
169,accuracy_80pct,94.66666666666667,0.88,0.8816766404125301
169,accuracy_70pct,89.00000000000001,0.75,0.7156509880494376
169,accuracy_60pct,85.33333333333333,0.7,0.5102475058431056
169,correlation_70pct,79.00000000000001,0.43,0.5397138943688422
169,correlation_60pct,81.00000000000003,0.46,0.6448650727953297
170,accuracy_80pct,95.0,0.88,0.8376331963321246
170,accuracy_70pct,93.33333333333334,0.84,0.8098513239380458
170,accuracy_60pct,86.66666666666667,0.73,0.5643348717641188
170,correlation_70pct,81.99999999999999,0.49,0.6559973438128848
170,correlation_60pct,79.66666666666666,0.47,0.4905625273781478
171,accuracy_80pct,94.0,0.89,0.8037470229487809
171,accuracy_70pct,91.33333333333333,0.81,0.7790128485909733
171,accuracy_60pct,88.00000000000001,0.74,0.6780839871182944
171,correlation_70pct,83.33333333333334,0.54,0.6723264982875745
171,correlation_60pct,74.33333333333334,0.4,0.3780261852635339
172,accuracy_80pct,93.66666666666666,0.87,0.808674024003458
172,accuracy_70pct,90.0,0.8,0.7227486741228007
172,accuracy_60pct,85.0,0.75,0.4693709990264893
172,correlation_70pct,78.33333333333334,0.42,0.5624226074577469
172,correlation_60pct,76.0,0.43,0.4250182361206103
173,accuracy_80pct,93.66666666666667,0.85,0.8295123875084318
173,accuracy_70pct,89.66666666666667,0.78,0.7174195482359244
173,accuracy_60pct,85.33333333333334,0.69,0.5805596012836258
173,correlation_70pct,84.00000000000001,0.56,0.6496209198925711
173,correlation_60pct,77.33333333333334,0.41,0.5219577443376667
174,accuracy_80pct,96.0,0.91,0.9054899984991753
174,accuracy_70pct,88.66666666666667,0.78,0.670934869354827
174,accuracy_60pct,86.66666666666667,0.72,0.6699434816254367
174,correlation_70pct,78.33333333333333,0.47,0.5527422609724734
174,correlation_60pct,75.00000000000001,0.38,0.4762325442392692
175,accuracy_80pct,93.33333333333334,0.86,0.7870338031529396
175,accuracy_70pct,87.33333333333333,0.74,0.5451346789754878
175,accuracy_60pct,86.33333333333333,0.71,0.6079979165256012
175,correlation_70pct,83.66666666666669,0.53,0.6692317964293695
175,correlation_60pct,80.00000000000001,0.47,0.5211358370664789
176,accuracy_80pct,92.66666666666667,0.85,0.7764295565231204
176,accuracy_70pct,89.0,0.78,0.6660929518343568
176,accuracy_60pct,86.66666666666667,0.72,0.6267375078137635
176,correlation_70pct,81.33333333333334,0.5,0.6431057664099685
176,correlation_60pct,78.33333333333336,0.36,0.596324143291494
177,accuracy_80pct,94.0,0.89,0.8297751937698467
177,accuracy_70pct,90.66666666666669,0.81,0.7296845311812069
177,accuracy_60pct,82.99999999999999,0.67,0.5293908339621015
177,correlation_70pct,77.33333333333334,0.42,0.5234306078808802
177,correlation_60pct,71.0,0.33,0.3381322651088661
178,accuracy_80pct,93.66666666666667,0.87,0.8260471964268677
178,accuracy_70pct,89.33333333333333,0.79,0.6547954880333937
178,accuracy_60pct,87.00000000000001,0.73,0.5551219958743808
178,correlation_70pct,82.66666666666669,0.54,0.5721572918246337
178,correlation_60pct,84.66666666666667,0.57,0.6453139285303985
179,accuracy_80pct,92.66666666666667,0.84,0.7536574696341398
179,accuracy_70pct,91.33333333333333,0.78,0.7581849932914592
179,accuracy_60pct,86.66666666666667,0.72,0.522338501096436
179,correlation_70pct,80.00000000000001,0.45,0.48617776349231734
179,correlation_60pct,78.66666666666669,0.41,0.5338332044113138
180,accuracy_80pct,90.33333333333333,0.82,0.6384825925215695
180,accuracy_70pct,88.00000000000001,0.75,0.6491383937646195
180,accuracy_60pct,87.00000000000001,0.73,0.5694573204284685
180,correlation_70pct,83.33333333333334,0.56,0.6839709651424966
180,correlation_60pct,77.66666666666667,0.47,0.4525243914173809
181,accuracy_80pct,95.33333333333334,0.89,0.8536714963080196
181,accuracy_70pct,90.66666666666667,0.8,0.6901280566080709
181,accuracy_60pct,87.33333333333334,0.72,0.6434096597679727
181,correlation_70pct,82.66666666666667,0.54,0.5953648468659005
181,correlation_60pct,79.66666666666669,0.46,0.4719060291529164
182,accuracy_80pct,95.66666666666667,0.94,0.7976571735288599
182,accuracy_70pct,92.00000000000001,0.81,0.722462846438101
182,accuracy_60pct,86.33333333333336,0.69,0.5225345133729743
182,correlation_70pct,83.00000000000001,0.55,0.5873975885145769
182,correlation_60pct,81.00000000000001,0.47,0.5119973724009788
183,accuracy_80pct,93.66666666666667,0.84,0.8249737879431029
183,accuracy_70pct,87.66666666666667,0.77,0.5680277228668602
183,accuracy_60pct,88.0,0.71,0.6447334136509845
183,correlation_70pct,80.00000000000003,0.47,0.5923832519418117
183,correlation_60pct,78.66666666666667,0.42,0.4800949134552112
184,accuracy_80pct,92.66666666666666,0.84,0.7606223322290273
184,accuracy_70pct,89.66666666666667,0.8,0.6511133341549078
184,accuracy_60pct,89.33333333333334,0.73,0.6978848464285666
184,correlation_70pct,81.33333333333334,0.47,0.6134202903977509
184,correlation_60pct,80.66666666666667,0.51,0.45282161260341897
185,accuracy_80pct,91.66666666666666,0.82,0.787479032303494
185,accuracy_70pct,90.33333333333333,0.78,0.7376419765261303
185,accuracy_60pct,86.0,0.75,0.5489895910681553
185,correlation_70pct,81.66666666666667,0.52,0.6247286770508765
185,correlation_60pct,78.33333333333333,0.44,0.5837874503860698
186,accuracy_80pct,93.66666666666667,0.83,0.8498582989555565
186,accuracy_70pct,91.0,0.78,0.7720288687464488
186,accuracy_60pct,83.33333333333334,0.66,0.4861478649753071
186,correlation_70pct,83.66666666666669,0.55,0.6885460592490494
186,correlation_60pct,78.33333333333334,0.45,0.503089931390165
187,accuracy_80pct,92.33333333333333,0.83,0.7741992334377595
187,accuracy_70pct,89.0,0.76,0.6786766926396787
187,accuracy_60pct,89.33333333333334,0.77,0.6416270928147418
187,correlation_70pct,84.00000000000001,0.55,0.6667051693738917
187,correlation_60pct,81.33333333333334,0.49,0.5740759368653652
188,accuracy_80pct,93.0,0.87,0.75182947028501
188,accuracy_70pct,89.0,0.77,0.6117270953211944
188,accuracy_60pct,86.66666666666667,0.72,0.5511781420023477
188,correlation_70pct,79.33333333333334,0.45,0.5826221530241718
188,correlation_60pct,81.00000000000001,0.54,0.5341716231323431
189,accuracy_80pct,92.00000000000001,0.85,0.7595063797694294
189,accuracy_70pct,89.66666666666667,0.78,0.7352135568091391
189,accuracy_60pct,85.33333333333334,0.68,0.6339297437809827
189,correlation_70pct,83.0,0.54,0.6536354272145777
189,correlation_60pct,79.0,0.46,0.5395985224005245
190,accuracy_80pct,92.33333333333334,0.86,0.7312996456059725
190,accuracy_70pct,89.33333333333334,0.76,0.7312931148503028
190,accuracy_60pct,87.0,0.76,0.5822439134972232
190,correlation_70pct,81.66666666666667,0.5,0.6370943877582623
190,correlation_60pct,76.33333333333334,0.38,0.43482149521254
191,accuracy_80pct,94.0,0.87,0.816093517538521
191,accuracy_70pct,88.0,0.77,0.5983598463641696
191,accuracy_60pct,86.66666666666667,0.72,0.5861811590339607
191,correlation_70pct,82.00000000000001,0.52,0.5496199286785416
191,correlation_60pct,79.00000000000001,0.43,0.5159533460270633
192,accuracy_80pct,93.33333333333334,0.85,0.816836083618031
192,accuracy_70pct,89.66666666666669,0.78,0.6696911047093669
192,accuracy_60pct,85.66666666666667,0.71,0.537461420635603
192,correlation_70pct,80.66666666666667,0.47,0.5960081159499988
192,correlation_60pct,80.00000000000001,0.49,0.4958740703185917
193,accuracy_80pct,91.66666666666667,0.85,0.6887443192709067
193,accuracy_70pct,92.00000000000001,0.79,0.7907744893271728
193,accuracy_60pct,92.00000000000001,0.81,0.7617515951962485
193,correlation_70pct,81.66666666666666,0.55,0.5879497844817869
193,correlation_60pct,78.00000000000001,0.44,0.3884108820213598
194,accuracy_80pct,92.66666666666667,0.86,0.7755853656897201
194,accuracy_70pct,93.66666666666667,0.84,0.8553232320456386
194,accuracy_60pct,84.00000000000001,0.68,0.5409913775336022
194,correlation_70pct,82.00000000000001,0.49,0.659975655272346
194,correlation_60pct,74.66666666666669,0.39,0.3758045798758961
195,accuracy_80pct,93.0,0.85,0.7875309609621799
195,accuracy_70pct,92.0,0.82,0.7900050355279268
195,accuracy_60pct,85.33333333333334,0.71,0.5266491339001955
195,correlation_70pct,81.66666666666667,0.52,0.6070116941768611
195,correlation_60pct,76.0,0.38,0.43268959823767805
196,accuracy_80pct,91.66666666666667,0.85,0.7356722790902044
196,accuracy_70pct,88.0,0.77,0.631687769611183
196,accuracy_60pct,87.33333333333334,0.7,0.6639253374742063
196,correlation_70pct,80.66666666666669,0.45,0.6579364625654924
196,correlation_60pct,77.66666666666669,0.48,0.44018549150609215
197,accuracy_80pct,93.99999999999999,0.88,0.8653301033211042
197,accuracy_70pct,87.33333333333331,0.76,0.6510845918983194
197,accuracy_60pct,84.33333333333334,0.65,0.61270953207803
197,correlation_70pct,78.33333333333334,0.44,0.534040003897262
197,correlation_60pct,79.66666666666667,0.44,0.6338742271618937
198,accuracy_80pct,93.66666666666667,0.86,0.73751426549675
198,accuracy_70pct,90.0,0.81,0.6158942177792656
198,accuracy_60pct,85.66666666666667,0.71,0.508695050168606
198,correlation_70pct,84.0,0.55,0.6572661561884797
198,correlation_60pct,79.33333333333334,0.46,0.4174158749553004
199,accuracy_80pct,92.0,0.86,0.6749076918353594
199,accuracy_70pct,88.66666666666669,0.75,0.5969810281603805
199,accuracy_60pct,89.66666666666667,0.73,0.6885181746999937
199,correlation_70pct,79.66666666666667,0.49,0.5028380863328746
199,correlation_60pct,79.33333333333333,0.5,0.5306951718279188
200,accuracy_80pct,92.33333333333334,0.84,0.7335515359359526
200,accuracy_70pct,90.0,0.78,0.6641664730630208
200,accuracy_60pct,84.33333333333334,0.67,0.5260762677328772
200,correlation_70pct,79.33333333333334,0.46,0.47569482816804515
200,correlation_60pct,80.0,0.53,0.5737231270765533
201,accuracy_80pct,92.0,0.85,0.7828147415046567
201,accuracy_70pct,88.0,0.79,0.6037226055120739
201,accuracy_60pct,86.66666666666666,0.77,0.5398560012904683
201,correlation_70pct,78.00000000000001,0.44,0.503742046689991
201,correlation_60pct,80.0,0.53,0.496192280853049
202,accuracy_80pct,95.0,0.88,0.8642843510029455
202,accuracy_70pct,89.66666666666669,0.79,0.6616445376208036
202,accuracy_60pct,85.0,0.7,0.5589624541092885
202,correlation_70pct,82.00000000000001,0.5,0.6046289905015656
202,correlation_60pct,76.00000000000001,0.39,0.3328331750032327
203,accuracy_80pct,94.33333333333334,0.85,0.8786152611113592
203,accuracy_70pct,90.99999999999999,0.83,0.7362947754013175
203,accuracy_60pct,85.33333333333334,0.71,0.5626213897825085
203,correlation_70pct,81.00000000000001,0.53,0.5743193086636601
203,correlation_60pct,79.00000000000001,0.47,0.503158606200171
204,accuracy_80pct,94.66666666666667,0.86,0.8481670730795692
204,accuracy_70pct,89.0,0.79,0.6447593987875626
204,accuracy_60pct,88.00000000000001,0.74,0.6594967028518893
204,correlation_70pct,81.00000000000001,0.53,0.5468331846924878
204,correlation_60pct,83.00000000000001,0.56,0.7189462553335404
205,accuracy_80pct,91.33333333333334,0.82,0.7756603155337151
205,accuracy_70pct,88.33333333333334,0.76,0.6945033593399245
205,accuracy_60pct,87.00000000000001,0.72,0.6835572970382504
205,correlation_70pct,80.00000000000001,0.44,0.6086772956751867
205,correlation_60pct,76.33333333333334,0.37,0.48732001237907835
206,accuracy_80pct,92.33333333333334,0.85,0.7415489526893714
206,accuracy_70pct,91.33333333333333,0.81,0.7202601591722104
206,accuracy_60pct,87.00000000000001,0.72,0.6294979432703589
206,correlation_70pct,84.0,0.55,0.6695484429130386
206,correlation_60pct,81.66666666666667,0.56,0.4673127773902994
207,accuracy_80pct,92.66666666666667,0.83,0.7970712410706264
207,accuracy_70pct,89.66666666666666,0.8,0.6668128780129162
207,accuracy_60pct,82.99999999999999,0.68,0.4302224641770412
207,correlation_70pct,84.00000000000001,0.54,0.6756439392185737
207,correlation_60pct,77.00000000000001,0.42,0.4823520378769566
208,accuracy_80pct,94.33333333333334,0.88,0.8348914834623989
208,accuracy_70pct,91.00000000000001,0.79,0.7513374382933217
208,accuracy_60pct,85.66666666666667,0.71,0.588490482109097
208,correlation_70pct,83.33333333333334,0.51,0.6604417552452595
208,correlation_60pct,80.33333333333336,0.49,0.49782395005826147
209,accuracy_80pct,94.66666666666666,0.9,0.8028832865740706
209,accuracy_70pct,91.33333333333334,0.79,0.7438389569123843
209,accuracy_60pct,88.33333333333333,0.76,0.6172654237268917
209,correlation_70pct,83.33333333333336,0.52,0.6479128436214511
209,correlation_60pct,81.66666666666667,0.51,0.5714964101003732
210,accuracy_80pct,94.66666666666667,0.89,0.8290564248840353
210,accuracy_70pct,88.33333333333333,0.77,0.5817887526112855
210,accuracy_60pct,87.00000000000001,0.72,0.5877533223582919
210,correlation_70pct,85.00000000000001,0.56,0.6712251501467517
210,correlation_60pct,82.33333333333334,0.51,0.6497905714010501
211,accuracy_80pct,93.66666666666667,0.85,0.7764348090495826
211,accuracy_70pct,92.33333333333334,0.83,0.7284583515682329
211,accuracy_60pct,88.0,0.7,0.6148562644511221
211,correlation_70pct,79.66666666666667,0.44,0.5499791273681771
211,correlation_60pct,73.66666666666667,0.35,0.24176378359945846
212,accuracy_80pct,91.66666666666667,0.84,0.7849198918827549
212,accuracy_70pct,88.0,0.78,0.6241283344703025
212,accuracy_60pct,85.0,0.74,0.5132679312392624
212,correlation_70pct,80.66666666666667,0.47,0.6143241766759842
212,correlation_60pct,77.33333333333336,0.42,0.510191189571667
213,accuracy_80pct,95.0,0.88,0.8563795300391006
213,accuracy_70pct,91.66666666666669,0.81,0.7238933272515242
213,accuracy_60pct,89.66666666666667,0.78,0.683073934193019
213,correlation_70pct,84.66666666666669,0.58,0.6974792364322158
213,correlation_60pct,77.33333333333334,0.42,0.43709696173838625
214,accuracy_80pct,91.66666666666667,0.83,0.7616282033093339
214,accuracy_70pct,90.33333333333334,0.82,0.7151705662963866
214,accuracy_60pct,86.33333333333334,0.72,0.6150503634618852
214,correlation_70pct,79.66666666666667,0.45,0.5561428313417927
214,correlation_60pct,79.33333333333334,0.45,0.5392178232770537
215,accuracy_80pct,93.0,0.88,0.7720558054980187
215,accuracy_70pct,89.33333333333334,0.78,0.6369629230663317
215,accuracy_60pct,88.66666666666667,0.76,0.6606648278853471
215,correlation_70pct,81.33333333333336,0.49,0.6054081636487231
215,correlation_60pct,77.00000000000003,0.41,0.4183775851092834
216,accuracy_80pct,93.33333333333333,0.88,0.7805613647395069
216,accuracy_70pct,92.33333333333333,0.81,0.7995442628763729
216,accuracy_60pct,84.99999999999999,0.71,0.5728530206869388
216,correlation_70pct,83.00000000000001,0.52,0.6277249155584239
216,correlation_60pct,77.00000000000001,0.44,0.43226592600988295
217,accuracy_80pct,92.33333333333333,0.84,0.7210503206047202
217,accuracy_70pct,85.66666666666667,0.73,0.43292342756719204
217,accuracy_60pct,89.0,0.77,0.6010282262900785
217,correlation_70pct,86.66666666666667,0.64,0.712443557711194
217,correlation_60pct,80.00000000000001,0.46,0.4795349724971998
218,accuracy_80pct,91.00000000000001,0.86,0.682757054583779
218,accuracy_70pct,87.0,0.75,0.6501962566343741
218,accuracy_60pct,88.33333333333333,0.74,0.67948714741978
218,correlation_70pct,80.66666666666667,0.45,0.6266146419546597
218,correlation_60pct,76.00000000000001,0.38,0.4710604012609641
219,accuracy_80pct,92.66666666666667,0.84,0.7802766310277955
219,accuracy_70pct,88.66666666666667,0.79,0.6630199593659987
219,accuracy_60pct,87.33333333333333,0.74,0.6058467069561327
219,correlation_70pct,80.0,0.47,0.5292641516903029
219,correlation_60pct,74.00000000000001,0.34,0.4120488729543932
220,accuracy_80pct,95.0,0.91,0.8293983797175933
220,accuracy_70pct,89.0,0.79,0.6586021123583476
220,accuracy_60pct,87.33333333333334,0.72,0.6227307182259886
220,correlation_70pct,86.0,0.62,0.710978536493322
220,correlation_60pct,80.33333333333333,0.53,0.46934332109378096
221,accuracy_80pct,90.0,0.84,0.6600045227344341
221,accuracy_70pct,90.0,0.83,0.6825920572378067
221,accuracy_60pct,86.0,0.73,0.5641815660514494
221,correlation_70pct,81.66666666666669,0.5,0.6427804605192298
221,correlation_60pct,78.66666666666669,0.45,0.5267498762956067
222,accuracy_80pct,91.66666666666667,0.85,0.7434047404135374
222,accuracy_70pct,89.0,0.78,0.7177502337997339
222,accuracy_60pct,85.33333333333333,0.7,0.5867092495904217
222,correlation_70pct,77.33333333333333,0.41,0.5042908648401686
222,correlation_60pct,76.66666666666669,0.44,0.4150613732204413
223,accuracy_80pct,91.66666666666667,0.83,0.7388695304205413
223,accuracy_70pct,90.66666666666667,0.79,0.743583310086396
223,accuracy_60pct,87.66666666666667,0.73,0.6682815264104226
223,correlation_70pct,78.33333333333334,0.44,0.5512198650066291
223,correlation_60pct,76.33333333333336,0.39,0.46640607107653886
224,accuracy_80pct,93.66666666666667,0.85,0.8120444130475719
224,accuracy_70pct,91.66666666666667,0.83,0.7273303090679223
224,accuracy_60pct,87.0,0.75,0.5978890495343597
224,correlation_70pct,81.33333333333334,0.49,0.6347943640641348
224,correlation_60pct,84.0,0.6,0.6352361157762674
225,accuracy_80pct,94.0,0.88,0.8644616964542483
225,accuracy_70pct,89.66666666666667,0.78,0.7241833506797757
225,accuracy_60pct,89.33333333333334,0.77,0.7521859403914488
225,correlation_70pct,82.66666666666667,0.52,0.6716234713906242
225,correlation_60pct,76.33333333333334,0.43,0.46947822658971206
226,accuracy_80pct,93.33333333333333,0.88,0.7373457603078889
226,accuracy_70pct,88.66666666666667,0.76,0.6415602740430332
226,accuracy_60pct,85.0,0.7,0.5655833261575866
226,correlation_70pct,83.66666666666667,0.57,0.6471314418181436
226,correlation_60pct,81.0,0.48,0.5973133165259324
227,accuracy_80pct,93.00000000000001,0.86,0.7532608774626887
227,accuracy_70pct,88.66666666666667,0.8,0.5577299265986891
227,accuracy_60pct,84.66666666666667,0.7,0.4598980633659557
227,correlation_70pct,84.00000000000001,0.57,0.6015180010813805
227,correlation_60pct,78.66666666666667,0.44,0.4535680384318988
228,accuracy_80pct,94.33333333333333,0.88,0.8167516161519724
228,accuracy_70pct,90.66666666666669,0.8,0.7337730735626473
228,accuracy_60pct,88.0,0.74,0.6611557093480119
228,correlation_70pct,84.00000000000001,0.54,0.6914465280750094
228,correlation_60pct,78.33333333333333,0.4,0.5222745874839835
229,accuracy_80pct,93.0,0.86,0.7846691846431672
229,accuracy_70pct,89.33333333333334,0.78,0.684011975243791
229,accuracy_60pct,84.33333333333334,0.69,0.5243293069669199
229,correlation_70pct,79.66666666666669,0.45,0.5971940081723037
229,correlation_60pct,81.33333333333334,0.49,0.6296481273477484
230,accuracy_80pct,93.66666666666667,0.87,0.8120058005156419
230,accuracy_70pct,89.33333333333334,0.77,0.6360244496083854
230,accuracy_60pct,84.33333333333334,0.69,0.5401669126002232
230,correlation_70pct,82.00000000000001,0.5,0.6106985668255696
230,correlation_60pct,73.33333333333334,0.39,0.31268773989151505
231,accuracy_80pct,93.33333333333334,0.86,0.7819627943276803
231,accuracy_70pct,90.00000000000001,0.78,0.723368095934329
231,accuracy_60pct,85.66666666666666,0.7,0.5735189317162002
231,correlation_70pct,80.00000000000003,0.44,0.5730562897488612
231,correlation_60pct,76.66666666666667,0.43,0.33193182283986633
232,accuracy_80pct,93.0,0.87,0.7309403260396847
232,accuracy_70pct,88.66666666666667,0.76,0.6378769477085512
232,accuracy_60pct,86.66666666666666,0.73,0.5582564520970338
232,correlation_70pct,81.00000000000001,0.47,0.6083028841099508
232,correlation_60pct,81.66666666666666,0.55,0.5301056894190995
233,accuracy_80pct,93.33333333333334,0.88,0.7452792627574267
233,accuracy_70pct,90.66666666666669,0.82,0.6727700850171493
233,accuracy_60pct,89.0,0.77,0.6092383452304799
233,correlation_70pct,83.00000000000001,0.51,0.6454672391639691
233,correlation_60pct,79.66666666666667,0.52,0.4489112451477925
234,accuracy_80pct,91.33333333333334,0.81,0.7322376279714499
234,accuracy_70pct,90.00000000000001,0.77,0.7208676403858439
234,accuracy_60pct,87.66666666666667,0.74,0.642931667984667
234,correlation_70pct,82.00000000000001,0.49,0.598823422511296
234,correlation_60pct,80.00000000000001,0.48,0.5267009354179935
235,accuracy_80pct,92.00000000000001,0.84,0.6904818993890479
235,accuracy_70pct,88.66666666666667,0.78,0.6023250058482037
235,accuracy_60pct,86.33333333333333,0.73,0.5669199269857027
235,correlation_70pct,84.00000000000001,0.55,0.6311488713088681
235,correlation_60pct,76.33333333333334,0.39,0.4227966735937181
236,accuracy_80pct,94.00000000000001,0.85,0.8534402062092646
236,accuracy_70pct,89.66666666666667,0.78,0.708821330904691
236,accuracy_60pct,87.33333333333334,0.75,0.6310434295018253
236,correlation_70pct,84.66666666666669,0.57,0.678441623502423
236,correlation_60pct,78.66666666666669,0.46,0.470084885485903
237,accuracy_80pct,92.33333333333333,0.85,0.7755072227298291
237,accuracy_70pct,91.0,0.78,0.7608099881340078
237,accuracy_60pct,87.33333333333334,0.72,0.6469517821646095
237,correlation_70pct,82.33333333333334,0.49,0.6614301891761956
237,correlation_60pct,76.66666666666669,0.38,0.5203710269534064
238,accuracy_80pct,94.0,0.88,0.8229663876802573
238,accuracy_70pct,88.66666666666667,0.77,0.6700571722027795
238,accuracy_60pct,86.66666666666667,0.69,0.6614453032860838
238,correlation_70pct,81.66666666666666,0.49,0.6212238769482817
238,correlation_60pct,81.66666666666667,0.53,0.6627786231771173
239,accuracy_80pct,93.0,0.86,0.7782387383161362
239,accuracy_70pct,90.0,0.81,0.6808833174952076
239,accuracy_60pct,85.0,0.69,0.5455787671305841
239,correlation_70pct,79.00000000000001,0.44,0.5919165386922953
239,correlation_60pct,82.66666666666667,0.53,0.649381914463959
240,accuracy_80pct,94.0,0.88,0.7951236657339584
240,accuracy_70pct,92.33333333333333,0.82,0.8261220629587198
240,accuracy_60pct,87.33333333333334,0.72,0.6699879993889545
240,correlation_70pct,83.00000000000001,0.51,0.6686055206092282
240,correlation_60pct,80.33333333333334,0.49,0.5692739694408367
241,accuracy_80pct,90.66666666666667,0.82,0.7413715739350107
241,accuracy_70pct,89.0,0.76,0.7287680829885113
241,accuracy_60pct,84.33333333333334,0.67,0.5917205814809343
241,correlation_70pct,80.33333333333334,0.48,0.6292895748458178
241,correlation_60pct,80.33333333333336,0.51,0.5799604980998642
242,accuracy_80pct,94.00000000000001,0.86,0.8093383134377127
242,accuracy_70pct,89.0,0.8,0.6181635542921681
242,accuracy_60pct,88.66666666666667,0.75,0.6884393442737082
242,correlation_70pct,82.33333333333333,0.52,0.5888969921177368
242,correlation_60pct,82.66666666666667,0.54,0.6226641721221219
243,accuracy_80pct,90.66666666666667,0.85,0.7078113316634298
243,accuracy_70pct,90.66666666666667,0.82,0.6568866426825881
243,accuracy_60pct,84.0,0.73,0.4234290750481444
243,correlation_70pct,78.33333333333334,0.42,0.5451834760970384
243,correlation_60pct,74.66666666666667,0.38,0.3872190349637545
244,accuracy_80pct,92.66666666666667,0.85,0.7970920088976701
244,accuracy_70pct,85.66666666666669,0.74,0.5314458250341578
244,accuracy_60pct,90.33333333333333,0.77,0.7197578559703094
244,correlation_70pct,85.33333333333334,0.56,0.7258956174190901
244,correlation_60pct,77.00000000000001,0.41,0.4727559665523447
245,accuracy_80pct,93.66666666666667,0.87,0.8293722401659327
245,accuracy_70pct,90.00000000000001,0.77,0.7515227510221023
245,accuracy_60pct,85.66666666666667,0.69,0.606672960164956
245,correlation_70pct,81.33333333333334,0.51,0.5538971919110312
245,correlation_60pct,83.0,0.54,0.6300096187474424
246,accuracy_80pct,91.66666666666667,0.84,0.7389676169216776
246,accuracy_70pct,89.99999999999999,0.8,0.6965850117181539
246,accuracy_60pct,84.66666666666667,0.7,0.566253739260457
246,correlation_70pct,82.0,0.53,0.6489567938704677
246,correlation_60pct,76.66666666666669,0.41,0.4865049950497324
247,accuracy_80pct,94.00000000000001,0.88,0.7882899991211797
247,accuracy_70pct,87.66666666666666,0.75,0.5984470481709043
247,accuracy_60pct,88.00000000000001,0.72,0.6664907698655814
247,correlation_70pct,81.66666666666667,0.51,0.5575488128274186
247,correlation_60pct,80.33333333333333,0.48,0.5262464008827339
248,accuracy_80pct,94.0,0.86,0.8186793636194674
248,accuracy_70pct,89.0,0.78,0.695207894587314
248,accuracy_60pct,84.33333333333334,0.71,0.48522489715131534
248,correlation_70pct,82.00000000000001,0.5,0.6658887078107517
248,correlation_60pct,78.00000000000001,0.47,0.4556456345577565
249,accuracy_80pct,94.33333333333334,0.86,0.853422524367792
249,accuracy_70pct,90.33333333333333,0.8,0.7056236942844057
249,accuracy_60pct,85.0,0.7,0.5390087025291945
249,correlation_70pct,81.33333333333334,0.49,0.5917810520541354
249,correlation_60pct,80.0,0.47,0.5038463994576994
250,accuracy_80pct,93.33333333333334,0.85,0.8232921042114467
250,accuracy_70pct,90.33333333333334,0.79,0.6745022306201854
250,accuracy_60pct,86.66666666666667,0.75,0.49291679099319247
250,correlation_70pct,82.00000000000001,0.5,0.6272590884058001
250,correlation_60pct,79.66666666666669,0.47,0.48907636401221904
251,accuracy_80pct,94.66666666666666,0.87,0.8706257327335959
251,accuracy_70pct,89.66666666666667,0.81,0.646590826893166
251,accuracy_60pct,84.66666666666667,0.72,0.4700410578246835
251,correlation_70pct,79.66666666666667,0.44,0.6268728185454641
251,correlation_60pct,78.66666666666667,0.41,0.5573684787175336
252,accuracy_80pct,94.0,0.88,0.8095081477418005
252,accuracy_70pct,88.66666666666666,0.78,0.5471537880065493
252,accuracy_60pct,87.66666666666667,0.73,0.6328344173694181
252,correlation_70pct,80.66666666666667,0.45,0.5804689147366091
252,correlation_60pct,80.66666666666669,0.47,0.5825395061404999
253,accuracy_80pct,93.0,0.84,0.8155354477358441
253,accuracy_70pct,89.33333333333334,0.76,0.6469103168611494
253,accuracy_60pct,87.33333333333334,0.76,0.534277171975472
253,correlation_70pct,81.00000000000001,0.5,0.560558435478225
253,correlation_60pct,77.66666666666669,0.41,0.44821618137630564
254,accuracy_80pct,91.33333333333333,0.84,0.6940316312682432
254,accuracy_70pct,91.66666666666666,0.81,0.7842368858731823
254,accuracy_60pct,87.33333333333334,0.71,0.6636983018746474
254,correlation_70pct,82.33333333333334,0.52,0.5798630013875689
254,correlation_60pct,78.66666666666669,0.49,0.48214102890654087
255,accuracy_80pct,93.0,0.86,0.7603850200001577
255,accuracy_70pct,88.33333333333334,0.76,0.6153590064571832
255,accuracy_60pct,84.66666666666666,0.71,0.49654532667367346
255,correlation_70pct,81.33333333333334,0.48,0.5795207520588523
255,correlation_60pct,80.33333333333334,0.49,0.4599525869407542
256,accuracy_80pct,93.0,0.83,0.7833009584515391
256,accuracy_70pct,91.00000000000001,0.78,0.738428913392929
256,accuracy_60pct,91.0,0.78,0.7205424006939474
256,correlation_70pct,81.66666666666669,0.49,0.6000143799392932
256,correlation_60pct,86.00000000000001,0.61,0.6303240236654278
257,accuracy_80pct,94.00000000000001,0.87,0.8320159187140187
257,accuracy_70pct,90.00000000000001,0.79,0.7203311197125626
257,accuracy_60pct,85.33333333333334,0.72,0.5652685727026395
257,correlation_70pct,80.66666666666669,0.49,0.6142179824139902
257,correlation_60pct,82.33333333333336,0.51,0.6291545419075494
258,accuracy_80pct,92.66666666666666,0.84,0.7728692107582319
258,accuracy_70pct,89.33333333333333,0.77,0.670173807078292
258,accuracy_60pct,84.66666666666667,0.67,0.5394185430303481
258,correlation_70pct,82.33333333333334,0.54,0.6024407129599689
258,correlation_60pct,80.00000000000001,0.45,0.5820976613926904
259,accuracy_80pct,92.33333333333334,0.84,0.7575364902164988
259,accuracy_70pct,89.33333333333334,0.79,0.6733550944944178
259,accuracy_60pct,85.0,0.7,0.4648249673578249
259,correlation_70pct,80.66666666666669,0.47,0.5657046031864937
259,correlation_60pct,77.33333333333334,0.44,0.43416716781437154
260,accuracy_80pct,94.33333333333334,0.88,0.7996765565227449
260,accuracy_70pct,86.33333333333334,0.77,0.5141753116752644
260,accuracy_60pct,88.66666666666667,0.71,0.7340536617078833
260,correlation_70pct,84.00000000000001,0.53,0.6955225475866217
260,correlation_60pct,77.33333333333336,0.39,0.5617826109040593
261,accuracy_80pct,93.0,0.85,0.8152355477341765
261,accuracy_70pct,89.33333333333334,0.8,0.6919823660763207
261,accuracy_60pct,86.33333333333333,0.72,0.6157897807778546
261,correlation_70pct,82.33333333333336,0.52,0.6129944035836884
261,correlation_60pct,76.00000000000001,0.41,0.4154916686999701
262,accuracy_80pct,90.66666666666667,0.83,0.7136277328484529
262,accuracy_70pct,94.0,0.87,0.820842540042182
262,accuracy_60pct,87.33333333333334,0.74,0.6113104156577542
262,correlation_70pct,79.0,0.45,0.5645265477921533
262,correlation_60pct,79.33333333333334,0.48,0.4698032426530646
263,accuracy_80pct,93.66666666666667,0.87,0.8110306114902246
263,accuracy_70pct,90.33333333333333,0.79,0.7387884397763244
263,accuracy_60pct,86.33333333333333,0.69,0.6118265015097734
263,correlation_70pct,83.66666666666667,0.53,0.6760127144643224
263,correlation_60pct,81.66666666666667,0.5,0.6511805934154515
264,accuracy_80pct,93.0,0.88,0.7618544164652585
264,accuracy_70pct,91.33333333333334,0.81,0.7410013732592592
264,accuracy_60pct,88.33333333333334,0.73,0.710389419657845
264,correlation_70pct,82.00000000000001,0.53,0.6074757851497719
264,correlation_60pct,81.0,0.51,0.5129542772312199
265,accuracy_80pct,90.0,0.82,0.7068326881429003
265,accuracy_70pct,90.0,0.8,0.7214697535099152
265,accuracy_60pct,86.33333333333334,0.69,0.6962338203251163
265,correlation_70pct,79.33333333333334,0.46,0.6008586736971082
265,correlation_60pct,76.33333333333334,0.41,0.527657986397601
266,accuracy_80pct,93.0,0.86,0.7464110388280727
266,accuracy_70pct,90.33333333333334,0.81,0.6901643144183756
266,accuracy_60pct,88.33333333333334,0.77,0.6037901813683423
266,correlation_70pct,80.33333333333333,0.46,0.6131981863042997
266,correlation_60pct,80.66666666666667,0.53,0.45056069342565097
267,accuracy_80pct,94.66666666666667,0.86,0.871525210201238
267,accuracy_70pct,90.00000000000001,0.79,0.7095687587664553
267,accuracy_60pct,89.33333333333333,0.77,0.7035852783362367
267,correlation_70pct,80.33333333333334,0.49,0.5479667086399785
267,correlation_60pct,74.00000000000001,0.34,0.34901743751526454
268,accuracy_80pct,93.66666666666667,0.86,0.7617033972524759
268,accuracy_70pct,90.66666666666667,0.8,0.6560955633125097
268,accuracy_60pct,85.00000000000001,0.7,0.47983306526549696
268,correlation_70pct,80.00000000000001,0.45,0.4725569877134437
268,correlation_60pct,78.33333333333336,0.43,0.37807709824016567
269,accuracy_80pct,92.66666666666667,0.85,0.7785506158156097
269,accuracy_70pct,90.33333333333334,0.79,0.6901748070060981
269,accuracy_60pct,88.33333333333334,0.73,0.6499508433593181
269,correlation_70pct,82.66666666666667,0.51,0.6491962198222185
269,correlation_60pct,81.33333333333333,0.51,0.559539696152527
270,accuracy_80pct,94.0,0.86,0.7970620907974852
270,accuracy_70pct,92.66666666666667,0.83,0.7593347163836013
270,accuracy_60pct,87.33333333333334,0.74,0.5244595955200511
270,correlation_70pct,80.33333333333334,0.48,0.4997314359863823
270,correlation_60pct,79.00000000000001,0.44,0.5205635095300771
271,accuracy_80pct,92.66666666666667,0.85,0.7964772562426164
271,accuracy_70pct,90.66666666666667,0.81,0.7277575526613537
271,accuracy_60pct,83.0,0.67,0.5080740331406888
271,correlation_70pct,83.0,0.53,0.6987326498362564
271,correlation_60pct,76.33333333333334,0.43,0.45944080290816064
272,accuracy_80pct,92.33333333333334,0.83,0.761395915109196
272,accuracy_70pct,93.0,0.85,0.7890537563710209
272,accuracy_60pct,86.00000000000001,0.71,0.5097592720643819
272,correlation_70pct,78.33333333333334,0.42,0.4704871075397851
272,correlation_60pct,77.66666666666669,0.43,0.5541109781084096
273,accuracy_80pct,93.0,0.84,0.8339327572947401
273,accuracy_70pct,89.66666666666666,0.8,0.6972723861511653
273,accuracy_60pct,84.66666666666667,0.72,0.48181749851400346
273,correlation_70pct,76.66666666666666,0.41,0.46452737830030055
273,correlation_60pct,79.66666666666667,0.49,0.5262616581848246
274,accuracy_80pct,92.66666666666666,0.84,0.8000390115416831
274,accuracy_70pct,90.33333333333334,0.77,0.7302808003444982
274,accuracy_60pct,84.33333333333334,0.69,0.5305487324023094
274,correlation_70pct,81.00000000000001,0.47,0.5816922739619345
274,correlation_60pct,80.66666666666667,0.52,0.5895265257830328
275,accuracy_80pct,95.0,0.88,0.8792763378473284
275,accuracy_70pct,90.00000000000001,0.78,0.7148550862756669
275,accuracy_60pct,85.33333333333333,0.68,0.5451237186329225
275,correlation_70pct,82.00000000000003,0.53,0.5824858294988686
275,correlation_60pct,76.33333333333334,0.37,0.4102588222090452
276,accuracy_80pct,92.66666666666667,0.85,0.7810724131097565
276,accuracy_70pct,89.0,0.77,0.6912674047629236
276,accuracy_60pct,89.0,0.73,0.737748027879837
276,correlation_70pct,80.66666666666669,0.46,0.6389551589852133
276,correlation_60pct,77.66666666666667,0.46,0.4740224856295552
277,accuracy_80pct,95.33333333333334,0.86,0.9030597367318041
277,accuracy_70pct,87.66666666666667,0.76,0.6321285940321155
277,accuracy_60pct,85.33333333333333,0.7,0.5767855823008864
277,correlation_70pct,82.66666666666667,0.54,0.5983100254008791
277,correlation_60pct,77.66666666666667,0.41,0.5128077128614754
278,accuracy_80pct,92.66666666666667,0.84,0.7446843011397868
278,accuracy_70pct,90.0,0.8,0.6729304024373136
278,accuracy_60pct,86.66666666666667,0.75,0.5336782531509974
278,correlation_70pct,82.33333333333336,0.51,0.6094817281878199
278,correlation_60pct,76.33333333333333,0.38,0.4328048974320689
279,accuracy_80pct,91.66666666666666,0.86,0.6911381291176654
279,accuracy_70pct,89.66666666666667,0.8,0.6628380305230818
279,accuracy_60pct,85.66666666666667,0.7,0.5833722474010604
279,correlation_70pct,84.33333333333336,0.53,0.6883963410230034
279,correlation_60pct,78.0,0.45,0.3844960815053947
280,accuracy_80pct,92.0,0.81,0.7891046471576589
280,accuracy_70pct,88.66666666666666,0.75,0.6986937018639621
280,accuracy_60pct,84.33333333333333,0.71,0.49717659757783134
280,correlation_70pct,79.66666666666667,0.46,0.5404439231710967
280,correlation_60pct,76.66666666666669,0.39,0.43109362812941704
281,accuracy_80pct,92.0,0.84,0.7480329470682653
281,accuracy_70pct,90.66666666666669,0.8,0.7430569167699577
281,accuracy_60pct,84.33333333333333,0.67,0.5636323190107909
281,correlation_70pct,84.0,0.56,0.7064179422594393
281,correlation_60pct,77.00000000000001,0.42,0.4116743849092025
282,accuracy_80pct,93.66666666666667,0.86,0.8391954322676123
282,accuracy_70pct,89.33333333333334,0.79,0.7160296688296753
282,accuracy_60pct,88.0,0.73,0.6706837050812203
282,correlation_70pct,88.33333333333334,0.66,0.7731625614669457
282,correlation_60pct,83.00000000000003,0.55,0.6963563394797371
283,accuracy_80pct,92.99999999999999,0.86,0.7933831681723567
283,accuracy_70pct,91.33333333333334,0.8,0.8033614384511664
283,accuracy_60pct,85.33333333333334,0.71,0.5521873296009183
283,correlation_70pct,78.66666666666667,0.43,0.5286954025591482
283,correlation_60pct,79.00000000000001,0.45,0.5499555929887527
284,accuracy_80pct,92.66666666666666,0.86,0.7892866908454198
284,accuracy_70pct,89.66666666666667,0.8,0.7103408253149983
284,accuracy_60pct,87.66666666666667,0.74,0.683667354419444
284,correlation_70pct,80.33333333333334,0.47,0.6019834933687909
284,correlation_60pct,78.33333333333336,0.42,0.5672087592750302
285,accuracy_80pct,92.33333333333334,0.86,0.7751752919839868
285,accuracy_70pct,89.33333333333334,0.79,0.6710546067287034
285,accuracy_60pct,85.33333333333336,0.69,0.5467993491291999
285,correlation_70pct,81.0,0.48,0.5700635613198967
285,correlation_60pct,79.33333333333336,0.44,0.5688907897352059
286,accuracy_80pct,91.0,0.82,0.7104085340906
286,accuracy_70pct,90.00000000000001,0.77,0.6924855762497689
286,accuracy_60pct,87.0,0.75,0.5719278813693388
286,correlation_70pct,80.66666666666667,0.44,0.6320355921005356
286,correlation_60pct,77.66666666666669,0.37,0.4963352932053492
287,accuracy_80pct,93.33333333333334,0.86,0.7950463592870253
287,accuracy_70pct,92.00000000000001,0.8,0.8022393043104314
287,accuracy_60pct,87.33333333333334,0.68,0.7002291754228387
287,correlation_70pct,80.66666666666667,0.52,0.5910855841446545
287,correlation_60pct,79.00000000000001,0.46,0.49245579286860963
288,accuracy_80pct,93.33333333333333,0.86,0.7758675632360391
288,accuracy_70pct,88.66666666666667,0.8,0.5972316060598736
288,accuracy_60pct,87.33333333333334,0.7,0.6377694200159175
288,correlation_70pct,83.00000000000001,0.55,0.622452639704722
288,correlation_60pct,78.66666666666667,0.47,0.45536678254246016
289,accuracy_80pct,94.66666666666667,0.89,0.8187639303545137
289,accuracy_70pct,86.66666666666667,0.76,0.5274106566907331
289,accuracy_60pct,86.33333333333333,0.72,0.5287833437264167
289,correlation_70pct,80.0,0.45,0.5701769793644224
289,correlation_60pct,80.66666666666669,0.48,0.5668370252135682
290,accuracy_80pct,93.66666666666667,0.84,0.846852876504414
290,accuracy_70pct,92.0,0.85,0.7336167196251805
290,accuracy_60pct,88.0,0.72,0.6928002399122434
290,correlation_70pct,76.66666666666669,0.43,0.36169542676065436
290,correlation_60pct,80.66666666666669,0.52,0.4993569997608354
291,accuracy_80pct,92.66666666666667,0.86,0.7502159709132248
291,accuracy_70pct,89.0,0.78,0.6670058375587188
291,accuracy_60pct,86.33333333333333,0.75,0.5711704861709364
291,correlation_70pct,80.00000000000001,0.46,0.5928114630383167
291,correlation_60pct,80.66666666666667,0.48,0.5667429219512377
292,accuracy_80pct,94.66666666666667,0.86,0.8787148407084183
292,accuracy_70pct,89.33333333333333,0.78,0.716931524566895
292,accuracy_60pct,87.66666666666666,0.72,0.6382214274224143
292,correlation_70pct,78.33333333333336,0.44,0.4494887635677918
292,correlation_60pct,77.66666666666669,0.44,0.3841397291511704
293,accuracy_80pct,94.0,0.9,0.7699251828666381
293,accuracy_70pct,86.66666666666667,0.74,0.5659909921430738
293,accuracy_60pct,85.0,0.69,0.5705014813523202
293,correlation_70pct,81.00000000000001,0.51,0.5771909762633822
293,correlation_60pct,77.66666666666669,0.43,0.49694226199860714
294,accuracy_80pct,92.33333333333334,0.85,0.7433115914332324
294,accuracy_70pct,90.33333333333334,0.8,0.6726611680858418
294,accuracy_60pct,89.66666666666666,0.76,0.7262502102028882
294,correlation_70pct,82.33333333333334,0.52,0.6241463527003696
294,correlation_60pct,79.66666666666669,0.49,0.5268189640614876
295,accuracy_80pct,93.0,0.88,0.7791158872309514
295,accuracy_70pct,88.33333333333331,0.78,0.633413472346447
295,accuracy_60pct,87.33333333333334,0.74,0.6097612525614824
295,correlation_70pct,83.33333333333334,0.57,0.665872857246492
295,correlation_60pct,77.66666666666669,0.45,0.4173483625488871
296,accuracy_80pct,92.66666666666667,0.85,0.8051303186190514
296,accuracy_70pct,89.0,0.77,0.6928457165240721
296,accuracy_60pct,85.66666666666667,0.72,0.5920459663768889
296,correlation_70pct,76.66666666666667,0.38,0.5315575096793573
296,correlation_60pct,79.33333333333334,0.46,0.5879239552971748
297,accuracy_80pct,95.33333333333333,0.88,0.8957367460627929
297,accuracy_70pct,91.33333333333334,0.81,0.7735166243851914
297,accuracy_60pct,87.33333333333333,0.72,0.6035500282916139
297,correlation_70pct,82.66666666666667,0.52,0.6794975527639442
297,correlation_60pct,76.66666666666669,0.42,0.44502355912554176
298,accuracy_80pct,93.33333333333333,0.88,0.7737864909742046
298,accuracy_70pct,88.33333333333334,0.78,0.660563529725959
298,accuracy_60pct,84.66666666666667,0.7,0.5079051660543714
298,correlation_70pct,77.00000000000001,0.44,0.4108128650741712
298,correlation_60pct,77.66666666666669,0.41,0.49696197590967106
299,accuracy_80pct,96.0,0.9,0.8856071895156834
299,accuracy_70pct,89.66666666666667,0.79,0.698491594022599
299,accuracy_60pct,87.66666666666669,0.74,0.6355920625550171
299,correlation_70pct,82.0,0.51,0.5912052654266297
299,correlation_60pct,80.0,0.46,0.5369309613307947
300,accuracy_80pct,94.66666666666667,0.89,0.8209201296181988
300,accuracy_70pct,90.66666666666667,0.8,0.6852915364065671
300,accuracy_60pct,88.0,0.73,0.6610050166737502
300,correlation_70pct,78.66666666666666,0.46,0.43291819479954097
300,correlation_60pct,82.0,0.51,0.5430683424717834
301,accuracy_80pct,94.33333333333334,0.89,0.8384858047456698
301,accuracy_70pct,90.33333333333334,0.79,0.7561635147971765
301,accuracy_60pct,83.0,0.67,0.4823926922586123
301,correlation_70pct,83.00000000000001,0.51,0.683694431851589
301,correlation_60pct,75.66666666666669,0.42,0.3685372982154625
302,accuracy_80pct,94.0,0.87,0.8087274920769026
302,accuracy_70pct,92.33333333333334,0.84,0.7458410914167676
302,accuracy_60pct,89.33333333333334,0.75,0.6693543871436585
302,correlation_70pct,83.33333333333334,0.53,0.6372225920295238
302,correlation_60pct,81.33333333333334,0.51,0.5545459272648846
303,accuracy_80pct,93.33333333333336,0.86,0.7929298305672581
303,accuracy_70pct,91.0,0.78,0.7497503205068
303,accuracy_60pct,85.00000000000001,0.7,0.4496321016697436
303,correlation_70pct,82.00000000000001,0.52,0.6069656626117976
303,correlation_60pct,77.33333333333336,0.42,0.5652265333213633
304,accuracy_80pct,96.0,0.89,0.9018402680490978
304,accuracy_70pct,88.66666666666666,0.77,0.6475290156374399
304,accuracy_60pct,89.66666666666666,0.77,0.727142253537056
304,correlation_70pct,81.33333333333334,0.48,0.5795528164895717
304,correlation_60pct,80.00000000000001,0.46,0.5371178696413189
305,accuracy_80pct,93.66666666666667,0.86,0.8083631199945505
305,accuracy_70pct,88.33333333333334,0.78,0.5925521836515821
305,accuracy_60pct,84.33333333333333,0.68,0.49102445646000115
305,correlation_70pct,81.66666666666669,0.5,0.5736969339322162
305,correlation_60pct,80.33333333333334,0.49,0.5771432639312316
306,accuracy_80pct,92.33333333333333,0.84,0.7688069367116569
306,accuracy_70pct,89.66666666666666,0.77,0.7000015792755182
306,accuracy_60pct,86.33333333333334,0.72,0.6247102001939386
306,correlation_70pct,83.00000000000001,0.52,0.668251741574093
306,correlation_60pct,75.66666666666667,0.4,0.36345058661291074
307,accuracy_80pct,93.33333333333334,0.86,0.7999068885631904
307,accuracy_70pct,90.0,0.78,0.7183228245868379
307,accuracy_60pct,87.66666666666667,0.74,0.6178928984690287
307,correlation_70pct,81.33333333333336,0.47,0.6129479251710334
307,correlation_60pct,80.00000000000001,0.48,0.5141211704554262
308,accuracy_80pct,92.0,0.84,0.7870314943207345
308,accuracy_70pct,90.66666666666667,0.8,0.7357766554973697
308,accuracy_60pct,83.99999999999999,0.68,0.4243389986830945
308,correlation_70pct,84.33333333333334,0.56,0.6906344341231461
308,correlation_60pct,79.00000000000001,0.48,0.5125233242253836
309,accuracy_80pct,93.00000000000001,0.83,0.8395484998883757
309,accuracy_70pct,89.66666666666667,0.81,0.6902682717430392
309,accuracy_60pct,84.66666666666667,0.72,0.5343317860512585
309,correlation_70pct,85.33333333333334,0.6,0.7075306143582283
309,correlation_60pct,76.33333333333334,0.4,0.4769314105302878
310,accuracy_80pct,95.33333333333334,0.89,0.8736167287220863
310,accuracy_70pct,87.66666666666667,0.78,0.614305790331814
310,accuracy_60pct,82.66666666666667,0.69,0.46096954134621315
310,correlation_70pct,82.00000000000003,0.52,0.5819785576087015
310,correlation_60pct,79.66666666666669,0.47,0.577379478684002
311,accuracy_80pct,93.66666666666669,0.87,0.8081169328953512
311,accuracy_70pct,87.33333333333333,0.77,0.573614809193683
311,accuracy_60pct,85.66666666666667,0.69,0.6173530751998287
311,correlation_70pct,79.66666666666667,0.47,0.5397679325066596
311,correlation_60pct,81.66666666666669,0.48,0.636954637197398
312,accuracy_80pct,93.66666666666667,0.85,0.8302306537920222
312,accuracy_70pct,93.0,0.84,0.8165477734972894
312,accuracy_60pct,85.66666666666667,0.7,0.5945711859923696
312,correlation_70pct,80.66666666666669,0.49,0.5765274173404179
312,correlation_60pct,80.00000000000001,0.48,0.4887510301488074
313,accuracy_80pct,93.33333333333333,0.86,0.824030026801235
313,accuracy_70pct,89.0,0.79,0.6651820147300304
313,accuracy_60pct,86.33333333333333,0.73,0.5988129263972027
313,correlation_70pct,79.33333333333333,0.46,0.5892604915393119
313,correlation_60pct,78.66666666666669,0.44,0.5536302685063632
314,accuracy_80pct,95.0,0.9,0.8636066512865473
314,accuracy_70pct,88.33333333333333,0.77,0.6957518004161012
314,accuracy_60pct,84.33333333333333,0.74,0.516718356058502
314,correlation_70pct,81.00000000000001,0.48,0.6177186112099944
314,correlation_60pct,76.66666666666669,0.46,0.4573958905711797
315,accuracy_80pct,92.66666666666667,0.86,0.7748876519425322
315,accuracy_70pct,90.66666666666666,0.8,0.7435078388891787
315,accuracy_60pct,84.0,0.65,0.5622321577446001
315,correlation_70pct,82.66666666666667,0.53,0.5999491286680314
315,correlation_60pct,81.00000000000001,0.51,0.6195455426322852
316,accuracy_80pct,91.0,0.85,0.6155180758344039
316,accuracy_70pct,91.33333333333333,0.8,0.7115729891988648
316,accuracy_60pct,85.33333333333334,0.69,0.5522439014303689
316,correlation_70pct,82.0,0.51,0.5473115755134655
316,correlation_60pct,79.33333333333334,0.48,0.45604487841979674
317,accuracy_80pct,95.33333333333334,0.91,0.881041535722333
317,accuracy_70pct,89.66666666666666,0.8,0.6931446643161083
317,accuracy_60pct,87.0,0.72,0.6694675411889949
317,correlation_70pct,82.66666666666667,0.53,0.6286463956125556
317,correlation_60pct,82.0,0.54,0.5990101533567529
318,accuracy_80pct,94.00000000000001,0.87,0.8222804246561378
318,accuracy_70pct,90.33333333333334,0.8,0.6970863047278525
318,accuracy_60pct,90.00000000000001,0.77,0.7584957149542434
318,correlation_70pct,79.0,0.43,0.5929212345655098
318,correlation_60pct,79.33333333333334,0.46,0.5320309395100167
319,accuracy_80pct,92.0,0.85,0.7687845780751004
319,accuracy_70pct,89.66666666666667,0.76,0.7293360867614285
319,accuracy_60pct,83.66666666666667,0.66,0.5169663676134298
319,correlation_70pct,79.66666666666667,0.46,0.5582388711320785
319,correlation_60pct,78.66666666666669,0.49,0.3826350760176156
320,accuracy_80pct,94.33333333333334,0.87,0.8269686026170221
320,accuracy_70pct,92.33333333333334,0.8,0.7742685727874477
320,accuracy_60pct,84.33333333333336,0.7,0.49280300799044696
320,correlation_70pct,83.33333333333334,0.53,0.661296746207036
320,correlation_60pct,79.33333333333334,0.47,0.48895340766226775
321,accuracy_80pct,92.0,0.84,0.7721777398594397
321,accuracy_70pct,87.0,0.75,0.643666275224083
321,accuracy_60pct,87.0,0.75,0.6084007002168551
321,correlation_70pct,80.66666666666669,0.47,0.6379825285285914
321,correlation_60pct,79.33333333333336,0.43,0.6121126926069085
322,accuracy_80pct,93.66666666666666,0.89,0.8140404123106907
322,accuracy_70pct,89.0,0.76,0.7301494301177587
322,accuracy_60pct,88.33333333333333,0.74,0.721269086941232
322,correlation_70pct,80.33333333333336,0.5,0.5569014101311454
322,correlation_60pct,78.66666666666669,0.43,0.5209565196540624
323,accuracy_80pct,92.33333333333334,0.83,0.7550812556639076
323,accuracy_70pct,91.33333333333334,0.82,0.6749243051387941
323,accuracy_60pct,90.0,0.76,0.6955240743994429
323,correlation_70pct,80.0,0.48,0.5269896560728768
323,correlation_60pct,80.66666666666667,0.49,0.5557032281144052
324,accuracy_80pct,94.33333333333334,0.85,0.8782870348165205
324,accuracy_70pct,91.33333333333334,0.78,0.8131932360160606
324,accuracy_60pct,84.33333333333334,0.71,0.5177455518484108
324,correlation_70pct,79.33333333333334,0.47,0.5505584047766068
324,correlation_60pct,76.00000000000001,0.4,0.49805868651773677
325,accuracy_80pct,94.33333333333334,0.89,0.8225662049467837
325,accuracy_70pct,88.66666666666666,0.78,0.6233763008402972
325,accuracy_60pct,88.0,0.75,0.6136160900034272
325,correlation_70pct,86.00000000000001,0.6,0.7451235267928655
325,correlation_60pct,81.0,0.5,0.5434074141253873
326,accuracy_80pct,92.0,0.85,0.7562391444407298
326,accuracy_70pct,88.66666666666667,0.76,0.6909855612572086
326,accuracy_60pct,89.0,0.75,0.740539283313236
326,correlation_70pct,82.66666666666669,0.53,0.6715973382460181
326,correlation_60pct,75.33333333333334,0.38,0.43539245266549403
327,accuracy_80pct,93.33333333333334,0.85,0.8311510985058944
327,accuracy_70pct,92.66666666666667,0.82,0.8336457649547836
327,accuracy_60pct,85.00000000000001,0.71,0.5648746263765551
327,correlation_70pct,81.33333333333336,0.46,0.6669382721670013
327,correlation_60pct,79.66666666666669,0.45,0.5801934640832509
328,accuracy_80pct,95.00000000000001,0.9,0.8691995211085137
328,accuracy_70pct,90.0,0.78,0.7314094194225107
328,accuracy_60pct,86.0,0.72,0.6083364984940335
328,correlation_70pct,82.33333333333334,0.5,0.6594477004461516
328,correlation_60pct,75.66666666666667,0.35,0.49773161481339007
329,accuracy_80pct,93.66666666666667,0.86,0.8382628927456409
329,accuracy_70pct,88.33333333333334,0.77,0.7102656377904926
329,accuracy_60pct,87.66666666666669,0.72,0.701568414152481
329,correlation_70pct,75.33333333333334,0.35,0.4836397761376785
329,correlation_60pct,77.0,0.42,0.503413887346573
330,accuracy_80pct,94.33333333333333,0.88,0.8115623067092016
330,accuracy_70pct,87.00000000000001,0.79,0.5362662015113367
330,accuracy_60pct,86.33333333333333,0.71,0.5116588161551476
330,correlation_70pct,83.33333333333334,0.52,0.6122637793611633
330,correlation_60pct,79.33333333333333,0.45,0.4844276699705762
331,accuracy_80pct,93.66666666666669,0.86,0.818794620891175
331,accuracy_70pct,90.33333333333334,0.78,0.7517176556418245
331,accuracy_60pct,86.00000000000001,0.73,0.5518607603808036
331,correlation_70pct,79.33333333333334,0.45,0.5196876561644442
331,correlation_60pct,79.33333333333334,0.46,0.5302377594345002
332,accuracy_80pct,94.33333333333334,0.88,0.872630387059422
332,accuracy_70pct,88.33333333333333,0.77,0.6301212980769194
332,accuracy_60pct,82.66666666666666,0.7,0.4402629743278944
332,correlation_70pct,79.33333333333333,0.46,0.5157846022483432
332,correlation_60pct,78.00000000000001,0.46,0.5198102598874157
333,accuracy_80pct,93.0,0.87,0.7836108143716455
333,accuracy_70pct,90.00000000000001,0.82,0.6832764933355279
333,accuracy_60pct,87.33333333333334,0.76,0.6278585521963678
333,correlation_70pct,77.66666666666669,0.44,0.5428061570919931
333,correlation_60pct,79.66666666666669,0.5,0.5338417583334357
334,accuracy_80pct,94.66666666666667,0.9,0.8317201461375742
334,accuracy_70pct,88.66666666666667,0.78,0.6831875688819853
334,accuracy_60pct,85.00000000000001,0.69,0.581396499659021
334,correlation_70pct,82.66666666666669,0.54,0.6482353664205128
334,correlation_60pct,78.0,0.45,0.5113978326677324
335,accuracy_80pct,94.0,0.87,0.8275266129294975
335,accuracy_70pct,92.00000000000001,0.82,0.7999438751159889
335,accuracy_60pct,85.66666666666666,0.7,0.5613624057652007
335,correlation_70pct,82.33333333333334,0.53,0.6195523915125281
335,correlation_60pct,80.33333333333334,0.49,0.5850264385841436
336,accuracy_80pct,92.00000000000001,0.83,0.8107034152236854
336,accuracy_70pct,89.0,0.79,0.674182787749393
336,accuracy_60pct,84.66666666666667,0.69,0.569476096114915
336,correlation_70pct,81.66666666666667,0.49,0.6295049709508509
336,correlation_60pct,81.00000000000003,0.46,0.579535826514931
337,accuracy_80pct,92.0,0.84,0.7578420773981638
337,accuracy_70pct,88.0,0.76,0.6175646070598636
337,accuracy_60pct,87.0,0.74,0.6307572180873645
337,correlation_70pct,83.33333333333334,0.56,0.5987404985845949
337,correlation_60pct,78.00000000000003,0.42,0.4832276186774087
338,accuracy_80pct,93.33333333333334,0.86,0.8047363752166679
338,accuracy_70pct,92.0,0.84,0.7708507687412237
338,accuracy_60pct,83.0,0.67,0.5456065533242903
338,correlation_70pct,79.00000000000001,0.44,0.6122661903104973
338,correlation_60pct,75.66666666666669,0.38,0.472034189756652
339,accuracy_80pct,93.66666666666667,0.86,0.8356527786060405
339,accuracy_70pct,90.00000000000001,0.78,0.6892418472708599
339,accuracy_60pct,84.66666666666667,0.72,0.4957672010876007
339,correlation_70pct,83.0,0.56,0.6457666076195302
339,correlation_60pct,76.66666666666669,0.37,0.49520786097932673
340,accuracy_80pct,94.66666666666667,0.86,0.8533899754981489
340,accuracy_70pct,89.66666666666666,0.77,0.717830171467286
340,accuracy_60pct,90.0,0.79,0.6374048365524394
340,correlation_70pct,80.66666666666667,0.5,0.5378535831358803
340,correlation_60pct,80.33333333333333,0.51,0.470908623708899
341,accuracy_80pct,92.66666666666667,0.84,0.8148426467414124
341,accuracy_70pct,90.66666666666667,0.8,0.7273020401169703
341,accuracy_60pct,84.33333333333334,0.69,0.5739057414410411
341,correlation_70pct,80.66666666666667,0.49,0.5747554378736102
341,correlation_60pct,77.33333333333334,0.44,0.5010553822488505
342,accuracy_80pct,92.0,0.84,0.7520437641612421
342,accuracy_70pct,88.33333333333333,0.75,0.6353732406076883
342,accuracy_60pct,87.0,0.72,0.6385240834227415
342,correlation_70pct,79.66666666666669,0.49,0.5764364139369618
342,correlation_60pct,79.66666666666667,0.47,0.5349684475614368
343,accuracy_80pct,90.66666666666667,0.83,0.6658130639263469
343,accuracy_70pct,88.66666666666667,0.78,0.6106621067340022
343,accuracy_60pct,86.66666666666667,0.73,0.5412705271864057
343,correlation_70pct,83.00000000000001,0.54,0.6102495112185802
343,correlation_60pct,77.66666666666669,0.39,0.4912730295351662
344,accuracy_80pct,93.0,0.84,0.7853209565564055
344,accuracy_70pct,90.66666666666667,0.81,0.7164404759931069
344,accuracy_60pct,86.33333333333333,0.72,0.5958673010058274
344,correlation_70pct,78.66666666666669,0.44,0.5177002994082571
344,correlation_60pct,80.33333333333333,0.47,0.5193764890886343
345,accuracy_80pct,93.33333333333333,0.87,0.7757430584983569
345,accuracy_70pct,90.33333333333336,0.81,0.6792177754995911
345,accuracy_60pct,86.33333333333334,0.7,0.5973131739358168
345,correlation_70pct,84.33333333333336,0.56,0.6535498176201426
345,correlation_60pct,79.0,0.43,0.5318493847660504
346,accuracy_80pct,93.33333333333334,0.85,0.8211895274153922
346,accuracy_70pct,89.99999999999999,0.79,0.7006975815917141
346,accuracy_60pct,85.33333333333334,0.73,0.5296434469337391
346,correlation_70pct,83.66666666666667,0.55,0.6464164054189957
346,correlation_60pct,79.0,0.46,0.5140825876093758
347,accuracy_80pct,93.66666666666667,0.85,0.8410597552858231
347,accuracy_70pct,89.00000000000001,0.81,0.5990469888175737
347,accuracy_60pct,86.0,0.71,0.5298221298515099
347,correlation_70pct,84.66666666666669,0.56,0.6859371690172782
347,correlation_60pct,77.66666666666667,0.44,0.48749164096573816
348,accuracy_80pct,93.33333333333334,0.84,0.8419592809189241
348,accuracy_70pct,89.66666666666667,0.79,0.6995492681829069
348,accuracy_60pct,87.0,0.74,0.630260586924931
348,correlation_70pct,79.00000000000001,0.42,0.5711039343807117
348,correlation_60pct,78.00000000000001,0.44,0.5257247266447167
349,accuracy_80pct,93.33333333333334,0.85,0.8094654689387992
349,accuracy_70pct,91.66666666666667,0.8,0.7736646702600241
349,accuracy_60pct,90.33333333333334,0.74,0.7768782173530676
349,correlation_70pct,79.66666666666667,0.44,0.5601839882129123
349,correlation_60pct,79.00000000000001,0.39,0.599863754327936
350,accuracy_80pct,94.66666666666669,0.87,0.8336540735362262
350,accuracy_70pct,90.33333333333334,0.8,0.6802009380579004
350,accuracy_60pct,85.0,0.7,0.5650439808472587
350,correlation_70pct,79.33333333333336,0.46,0.5054493606303332
350,correlation_60pct,78.33333333333334,0.46,0.46736959685351787
351,accuracy_80pct,92.33333333333333,0.84,0.7824503906458831
351,accuracy_70pct,89.66666666666667,0.78,0.6984728488289755
351,accuracy_60pct,84.66666666666669,0.72,0.5199657463623156
351,correlation_70pct,82.66666666666667,0.52,0.6745374972306504
351,correlation_60pct,75.00000000000001,0.37,0.42512585945572584
352,accuracy_80pct,95.66666666666667,0.88,0.8906061654861551
352,accuracy_70pct,90.66666666666667,0.79,0.663412585197199
352,accuracy_60pct,87.00000000000001,0.73,0.561895153280858
352,correlation_70pct,83.0,0.54,0.6443760130846944
352,correlation_60pct,83.33333333333336,0.52,0.6080788584617672
353,accuracy_80pct,93.0,0.86,0.7719555208206812
353,accuracy_70pct,90.0,0.8,0.7036948470555048
353,accuracy_60pct,87.99999999999999,0.74,0.6438925066580545
353,correlation_70pct,85.00000000000001,0.58,0.634411554212902
353,correlation_60pct,78.66666666666669,0.45,0.42679940814930434
354,accuracy_80pct,93.0,0.86,0.8135641845242528
354,accuracy_70pct,89.33333333333333,0.76,0.727450452583863
354,accuracy_60pct,85.0,0.69,0.5514874288768159
354,correlation_70pct,80.00000000000001,0.46,0.5799899079597779
354,correlation_60pct,80.00000000000001,0.44,0.5924039713432738
355,accuracy_80pct,93.33333333333334,0.84,0.853923707846175
355,accuracy_70pct,88.00000000000001,0.76,0.6642027782530386
355,accuracy_60pct,87.33333333333334,0.69,0.6938155023534238
355,correlation_70pct,79.33333333333333,0.43,0.5574938914666543
355,correlation_60pct,78.66666666666666,0.44,0.48704709631758714
356,accuracy_80pct,92.66666666666667,0.85,0.7828422349963825
356,accuracy_70pct,89.33333333333334,0.77,0.6984326041395171
356,accuracy_60pct,88.66666666666667,0.73,0.7414048010991793
356,correlation_70pct,82.33333333333334,0.57,0.5405435325059832
356,correlation_60pct,79.33333333333336,0.43,0.5628284639212787
357,accuracy_80pct,93.66666666666667,0.86,0.8364194542358243
357,accuracy_70pct,90.33333333333334,0.81,0.6680820694339896
357,accuracy_60pct,86.0,0.72,0.5727727388253531
357,correlation_70pct,80.66666666666667,0.48,0.6360968610759478
357,correlation_60pct,77.66666666666669,0.45,0.49899511519054557
358,accuracy_80pct,94.0,0.86,0.8300492619462998
358,accuracy_70pct,89.66666666666667,0.79,0.6843167101904534
358,accuracy_60pct,88.0,0.73,0.694332242049682
358,correlation_70pct,83.66666666666667,0.57,0.6190235389111575
358,correlation_60pct,83.0,0.56,0.6119389983364646
359,accuracy_80pct,92.33333333333334,0.86,0.7031452899743882
359,accuracy_70pct,90.00000000000001,0.79,0.6814982946953569
359,accuracy_60pct,84.66666666666667,0.67,0.5319584037121696
359,correlation_70pct,83.66666666666666,0.53,0.6374248803073415
359,correlation_60pct,77.00000000000001,0.41,0.6056158589647731
360,accuracy_80pct,93.66666666666667,0.86,0.7968701179877983
360,accuracy_70pct,90.66666666666667,0.81,0.7274706086804948
360,accuracy_60pct,84.0,0.71,0.5102949171254795
360,correlation_70pct,84.33333333333334,0.56,0.6708563437941344
360,correlation_60pct,77.66666666666669,0.4,0.4421159054162701
361,accuracy_80pct,93.0,0.86,0.8162978994331538
361,accuracy_70pct,86.33333333333333,0.76,0.5809637201092951
361,accuracy_60pct,88.33333333333336,0.76,0.6733263177876414
361,correlation_70pct,80.33333333333336,0.51,0.5577676308234096
361,correlation_60pct,76.00000000000001,0.43,0.4225150055338401
362,accuracy_80pct,94.33333333333334,0.87,0.8291604870768714
362,accuracy_70pct,92.0,0.81,0.7395820242277114
362,accuracy_60pct,86.66666666666667,0.71,0.5104446544975257
362,correlation_70pct,83.33333333333334,0.54,0.5562742659580856
362,correlation_60pct,77.66666666666669,0.42,0.4976858283141317
363,accuracy_80pct,92.00000000000001,0.85,0.7453612614214045
363,accuracy_70pct,89.66666666666666,0.77,0.7050948911415768
363,accuracy_60pct,88.33333333333334,0.74,0.6712547030795638
363,correlation_70pct,80.33333333333334,0.43,0.6134715301240385
363,correlation_60pct,79.33333333333334,0.47,0.5278032075519027
364,accuracy_80pct,94.66666666666667,0.85,0.8755034703080152
364,accuracy_70pct,85.66666666666666,0.76,0.4567226694721179
364,accuracy_60pct,87.33333333333334,0.72,0.6109044263475386
364,correlation_70pct,83.66666666666669,0.58,0.5927902541761113
364,correlation_60pct,78.99999999999999,0.43,0.5053164153412318
365,accuracy_80pct,92.66666666666667,0.85,0.7712672414748093
365,accuracy_70pct,87.66666666666667,0.75,0.6142694050320308
365,accuracy_60pct,91.0,0.78,0.7370180390736085
365,correlation_70pct,79.66666666666669,0.44,0.5844358389238384
365,correlation_60pct,81.00000000000001,0.51,0.543388608049691
366,accuracy_80pct,94.33333333333334,0.88,0.8352055799745264
366,accuracy_70pct,87.33333333333334,0.75,0.5889466742461896
366,accuracy_60pct,86.33333333333334,0.73,0.5306275506200163
366,correlation_70pct,77.33333333333336,0.42,0.45206777326574177
366,correlation_60pct,80.33333333333334,0.5,0.5075590840436115
367,accuracy_80pct,94.0,0.85,0.8086134805387226
367,accuracy_70pct,90.33333333333333,0.78,0.669605510944686
367,accuracy_60pct,86.33333333333333,0.7,0.5808755709130587
367,correlation_70pct,82.00000000000001,0.48,0.6299247882482059
367,correlation_60pct,81.33333333333334,0.53,0.5592721620127155
368,accuracy_80pct,93.33333333333333,0.85,0.8264757220986574
368,accuracy_70pct,89.66666666666667,0.79,0.7105455227420878
368,accuracy_60pct,87.33333333333333,0.73,0.6537699058293079
368,correlation_70pct,77.33333333333334,0.46,0.42045940941898413
368,correlation_60pct,82.33333333333334,0.51,0.6604300760845138
369,accuracy_80pct,93.0,0.83,0.8078760589969746
369,accuracy_70pct,91.0,0.8,0.6799654205344862
369,accuracy_60pct,84.66666666666667,0.68,0.5144308043744226
369,correlation_70pct,88.66666666666667,0.66,0.7774594126800338
369,correlation_60pct,80.66666666666669,0.5,0.5187661209309606
370,accuracy_80pct,91.0,0.85,0.7118881863303398
370,accuracy_70pct,92.66666666666667,0.81,0.8270169630953899
370,accuracy_60pct,84.66666666666666,0.72,0.519891318524765
370,correlation_70pct,82.33333333333334,0.56,0.5980160707434009
370,correlation_60pct,77.00000000000001,0.42,0.5115637423026432
371,accuracy_80pct,92.66666666666667,0.86,0.7980617109199274
371,accuracy_70pct,91.0,0.78,0.8143597448577715
371,accuracy_60pct,84.0,0.7,0.5203388295548171
371,correlation_70pct,82.33333333333333,0.51,0.6961181435197686
371,correlation_60pct,79.33333333333334,0.46,0.5741140992409377
372,accuracy_80pct,91.66666666666667,0.84,0.7627517652778393
372,accuracy_70pct,86.0,0.75,0.5527752516720117
372,accuracy_60pct,85.33333333333334,0.71,0.5830871781647116
372,correlation_70pct,82.0,0.5,0.6130036622173933
372,correlation_60pct,81.33333333333333,0.51,0.5854503665054146
373,accuracy_80pct,92.33333333333334,0.85,0.7903461429070011
373,accuracy_70pct,92.66666666666667,0.82,0.8243822657660032
373,accuracy_60pct,83.33333333333334,0.69,0.46898770954559943
373,correlation_70pct,84.00000000000001,0.56,0.6565357665043735
373,correlation_60pct,78.33333333333333,0.42,0.49868415576388186
374,accuracy_80pct,93.66666666666667,0.87,0.7552626924371897
374,accuracy_70pct,91.00000000000001,0.77,0.7404299120649798
374,accuracy_60pct,87.0,0.7,0.5894667705619998
374,correlation_70pct,82.00000000000001,0.52,0.5487996122330974
374,correlation_60pct,83.66666666666669,0.58,0.5724307548044396
375,accuracy_80pct,92.66666666666667,0.86,0.7552234957386872
375,accuracy_70pct,89.0,0.77,0.669289369585905
375,accuracy_60pct,90.33333333333333,0.77,0.705969535180774
375,correlation_70pct,85.66666666666667,0.61,0.7061239331276229
375,correlation_60pct,79.66666666666667,0.48,0.5074193447296268
376,accuracy_80pct,93.33333333333334,0.85,0.7998849985282465
376,accuracy_70pct,90.66666666666666,0.8,0.7101863045129541
376,accuracy_60pct,84.33333333333333,0.68,0.4740984548679428
376,correlation_70pct,81.0,0.47,0.5675189726454987
376,correlation_60pct,76.66666666666667,0.4,0.4445780033684527
377,accuracy_80pct,92.0,0.84,0.7181479195930377
377,accuracy_70pct,93.33333333333334,0.84,0.8100396191967212
377,accuracy_60pct,88.33333333333333,0.74,0.6449572466262665
377,correlation_70pct,84.33333333333333,0.58,0.597919359698717
377,correlation_60pct,83.0,0.53,0.5993374833878025
378,accuracy_80pct,93.33333333333334,0.85,0.7967578053707957
378,accuracy_70pct,91.0,0.8,0.7304865171037047
378,accuracy_60pct,87.33333333333334,0.74,0.6302344862631301
378,correlation_70pct,83.00000000000001,0.55,0.6142558372201534
378,correlation_60pct,78.33333333333334,0.45,0.4816089532495062
379,accuracy_80pct,94.0,0.86,0.8153033514211129
379,accuracy_70pct,89.66666666666667,0.79,0.5759269929088303
379,accuracy_60pct,86.33333333333334,0.73,0.46187402808517725
379,correlation_70pct,83.0,0.53,0.5540457313679239
379,correlation_60pct,83.66666666666669,0.55,0.599980654222918
380,accuracy_80pct,95.0,0.86,0.9097106009802207
380,accuracy_70pct,90.0,0.78,0.7450247540020846
380,accuracy_60pct,85.0,0.72,0.5722422412461814
380,correlation_70pct,79.66666666666669,0.47,0.5561952917855596
380,correlation_60pct,77.33333333333334,0.44,0.5001121702879398
381,accuracy_80pct,93.33333333333333,0.84,0.837257116772949
381,accuracy_70pct,91.00000000000001,0.82,0.7407169928414955
381,accuracy_60pct,85.66666666666667,0.72,0.5898248804877224
381,correlation_70pct,80.33333333333336,0.46,0.5953396066693459
381,correlation_60pct,77.66666666666667,0.47,0.4783185841986328
382,accuracy_80pct,95.0,0.89,0.8320999870594182
382,accuracy_70pct,90.33333333333334,0.79,0.6373889850021119
382,accuracy_60pct,86.33333333333334,0.72,0.5308471979546263
382,correlation_70pct,82.33333333333334,0.49,0.5836415381692152
382,correlation_60pct,79.66666666666669,0.48,0.4602381905345459
383,accuracy_80pct,93.66666666666667,0.86,0.8411860641869213
383,accuracy_70pct,90.33333333333333,0.79,0.7116698068892718
383,accuracy_60pct,88.66666666666667,0.77,0.6341377882320657
383,correlation_70pct,83.66666666666667,0.55,0.6235789951626886
383,correlation_60pct,76.66666666666667,0.39,0.4945932398500122
384,accuracy_80pct,92.33333333333334,0.84,0.7551378101924838
384,accuracy_70pct,88.66666666666667,0.76,0.6611182278548684
384,accuracy_60pct,84.99999999999999,0.71,0.5114155744066756
384,correlation_70pct,80.66666666666667,0.47,0.5682384799202952
384,correlation_60pct,80.00000000000003,0.43,0.5971159338649709
385,accuracy_80pct,95.33333333333333,0.9,0.8243037682550579
385,accuracy_70pct,90.66666666666667,0.83,0.6298825810669215
385,accuracy_60pct,85.33333333333333,0.66,0.5874347219018814
385,correlation_70pct,83.0,0.53,0.5940397164973242
385,correlation_60pct,78.00000000000001,0.43,0.4490783582214261
386,accuracy_80pct,94.0,0.88,0.8178370204075451
386,accuracy_70pct,89.66666666666667,0.79,0.6792207627847995
386,accuracy_60pct,86.66666666666666,0.72,0.6211292506444285
386,correlation_70pct,82.33333333333333,0.51,0.6399689468686169
386,correlation_60pct,77.00000000000001,0.47,0.4073226763744172
387,accuracy_80pct,92.66666666666667,0.84,0.766501135000907
387,accuracy_70pct,92.66666666666669,0.82,0.8107799329591436
387,accuracy_60pct,83.66666666666667,0.68,0.46064559517601056
387,correlation_70pct,83.66666666666667,0.55,0.6325549900967943
387,correlation_60pct,77.33333333333333,0.45,0.4164174714797093
388,accuracy_80pct,94.33333333333334,0.87,0.8308657280601507
388,accuracy_70pct,88.33333333333334,0.76,0.6380992876878022
388,accuracy_60pct,87.00000000000001,0.74,0.5919704395344066
388,correlation_70pct,84.66666666666667,0.6,0.6248074338445041
388,correlation_60pct,79.33333333333334,0.49,0.42943461852039
389,accuracy_80pct,93.0,0.86,0.7951114384626282
389,accuracy_70pct,91.33333333333334,0.79,0.7755477388154004
389,accuracy_60pct,88.33333333333333,0.76,0.6257006928123299
389,correlation_70pct,83.33333333333333,0.54,0.6811474552607109
389,correlation_60pct,76.66666666666669,0.4,0.46071673373920663
390,accuracy_80pct,93.66666666666667,0.89,0.7510453860679108
390,accuracy_70pct,91.99999999999999,0.84,0.6573968765338032
390,accuracy_60pct,85.33333333333334,0.7,0.5452286207905024
390,correlation_70pct,84.0,0.56,0.6512948468301752
390,correlation_60pct,79.33333333333336,0.4,0.5482164617916843
391,accuracy_80pct,92.66666666666667,0.85,0.8363575508439344
391,accuracy_70pct,88.33333333333333,0.78,0.7187746455387102
391,accuracy_60pct,83.66666666666667,0.68,0.6108256568386105
391,correlation_70pct,78.6666666666667,0.44,0.5881866121118922
391,correlation_60pct,79.33333333333333,0.47,0.6070691855658579
392,accuracy_80pct,94.66666666666667,0.89,0.859668612759912
392,accuracy_70pct,89.0,0.82,0.6069482070621843
392,accuracy_60pct,87.66666666666667,0.72,0.6308862244694495
392,correlation_70pct,80.33333333333334,0.45,0.5466695551805639
392,correlation_60pct,77.33333333333334,0.42,0.49581737682522026
393,accuracy_80pct,96.66666666666667,0.91,0.9186364886405354
393,accuracy_70pct,89.99999999999999,0.8,0.7132936952751991
393,accuracy_60pct,86.00000000000001,0.72,0.5692584689020157
393,correlation_70pct,80.66666666666666,0.49,0.5979147847121596
393,correlation_60pct,73.00000000000001,0.33,0.3039353367224703
394,accuracy_80pct,94.66666666666666,0.91,0.8223642834350013
394,accuracy_70pct,90.66666666666666,0.81,0.7132018203283214
394,accuracy_60pct,86.33333333333334,0.67,0.6699800459320709
394,correlation_70pct,81.0,0.47,0.587782994439834
394,correlation_60pct,80.33333333333334,0.48,0.6015972662593506
395,accuracy_80pct,94.0,0.86,0.8310192583185563
395,accuracy_70pct,91.66666666666669,0.8,0.7864986857625067
395,accuracy_60pct,84.66666666666667,0.69,0.5189554532899664
395,correlation_70pct,84.66666666666667,0.57,0.6311741092994916
395,correlation_60pct,82.66666666666666,0.52,0.6153015855777755
396,accuracy_80pct,94.33333333333334,0.87,0.827953578160356
396,accuracy_70pct,90.66666666666667,0.81,0.686539590341597
396,accuracy_60pct,85.33333333333334,0.71,0.5775546397418717
396,correlation_70pct,82.00000000000001,0.49,0.625872423908301
396,correlation_60pct,77.66666666666669,0.48,0.4583214938827749
397,accuracy_80pct,92.33333333333334,0.84,0.755536842382738
397,accuracy_70pct,91.0,0.8,0.7022619774903124
397,accuracy_60pct,88.33333333333334,0.76,0.6578150358175492
397,correlation_70pct,84.33333333333333,0.55,0.6273698481015553
397,correlation_60pct,83.0,0.51,0.6124136221827653
398,accuracy_80pct,93.33333333333334,0.86,0.8187256004545436
398,accuracy_70pct,89.00000000000001,0.8,0.669157082479129
398,accuracy_60pct,86.33333333333333,0.73,0.6042211401698842
398,correlation_70pct,79.33333333333334,0.47,0.532027762837326
398,correlation_60pct,80.00000000000001,0.49,0.5498164615776306
399,accuracy_80pct,93.66666666666667,0.84,0.84551925318752
399,accuracy_70pct,89.0,0.77,0.6973477692325545
399,accuracy_60pct,86.00000000000001,0.7,0.591522095022895
399,correlation_70pct,84.33333333333334,0.56,0.673935444360722
399,correlation_60pct,81.0,0.51,0.5495240607924544
400,accuracy_80pct,95.0,0.88,0.8447763593351956
400,accuracy_70pct,92.33333333333333,0.84,0.7352966651095093
400,accuracy_60pct,86.66666666666667,0.73,0.5730120707232881
400,correlation_70pct,80.66666666666667,0.47,0.6070033295791957
400,correlation_60pct,83.33333333333334,0.54,0.6252326482257926
401,accuracy_80pct,93.66666666666667,0.83,0.8701865644692544
401,accuracy_70pct,88.66666666666666,0.76,0.6885024621231828
401,accuracy_60pct,86.00000000000001,0.73,0.5838336208049574
401,correlation_70pct,84.0,0.54,0.6837707658126783
401,correlation_60pct,78.33333333333334,0.45,0.5170202376795706
402,accuracy_80pct,91.66666666666667,0.84,0.7777514530865154
402,accuracy_70pct,92.66666666666666,0.82,0.8546092514997454
402,accuracy_60pct,88.00000000000001,0.72,0.7005927920385485
402,correlation_70pct,80.0,0.51,0.5395595831348232
402,correlation_60pct,78.99999999999999,0.46,0.5744986833257877
403,accuracy_80pct,91.66666666666666,0.86,0.7263368797006353
403,accuracy_70pct,87.0,0.76,0.5747964686544224
403,accuracy_60pct,87.66666666666667,0.72,0.6802169268950216
403,correlation_70pct,80.33333333333334,0.45,0.6126866817520195
403,correlation_60pct,78.33333333333333,0.46,0.4677311756395609
404,accuracy_80pct,95.0,0.87,0.8730373103865694
404,accuracy_70pct,89.00000000000001,0.78,0.6657720602224256
404,accuracy_60pct,86.33333333333334,0.7,0.6140328531984376
404,correlation_70pct,82.0,0.53,0.601128002162294
404,correlation_60pct,83.33333333333334,0.59,0.5505691406402479
405,accuracy_80pct,92.66666666666667,0.84,0.7789037191973768
405,accuracy_70pct,89.0,0.76,0.6255245761246465
405,accuracy_60pct,86.66666666666667,0.72,0.5680070847677733
405,correlation_70pct,81.33333333333334,0.48,0.5657325485869925
405,correlation_60pct,77.00000000000001,0.42,0.4892411255409369
406,accuracy_80pct,94.00000000000001,0.86,0.8403043518365721
406,accuracy_70pct,87.66666666666666,0.75,0.6304260537953249
406,accuracy_60pct,83.66666666666667,0.66,0.5048607529435161
406,correlation_70pct,78.33333333333336,0.46,0.39780551941739856
406,correlation_60pct,77.00000000000001,0.41,0.48611581525947545
407,accuracy_80pct,92.0,0.84,0.7876533435190717
407,accuracy_70pct,91.0,0.81,0.7611772183262902
407,accuracy_60pct,85.0,0.69,0.5601318924617212
407,correlation_70pct,85.66666666666669,0.6,0.6933361616079877
407,correlation_60pct,76.00000000000001,0.39,0.4286709402251961
408,accuracy_80pct,93.33333333333333,0.85,0.811191722510952
408,accuracy_70pct,89.33333333333333,0.79,0.6572469317561165
408,accuracy_60pct,87.0,0.75,0.580382890503501
408,correlation_70pct,77.33333333333336,0.44,0.4517440806584148
408,correlation_60pct,77.66666666666669,0.43,0.4751291354041036
409,accuracy_80pct,94.66666666666667,0.87,0.8685697507696577
409,accuracy_70pct,90.33333333333334,0.79,0.7257266565299764
409,accuracy_60pct,86.33333333333334,0.67,0.5916349169904441
409,correlation_70pct,82.00000000000001,0.5,0.6044642111532595
409,correlation_60pct,79.00000000000001,0.48,0.4178391734055981
410,accuracy_80pct,91.66666666666666,0.85,0.7611919311016204
410,accuracy_70pct,89.0,0.75,0.7346497845348479
410,accuracy_60pct,85.0,0.69,0.5976101644139181
410,correlation_70pct,82.33333333333334,0.54,0.6258328095731467
410,correlation_60pct,78.33333333333334,0.42,0.5692569696308963
411,accuracy_80pct,92.0,0.84,0.7609879536768897
411,accuracy_70pct,88.33333333333334,0.76,0.7088665037098815
411,accuracy_60pct,85.66666666666667,0.7,0.6548039625105748
411,correlation_70pct,79.33333333333333,0.48,0.5475720439234868
411,correlation_60pct,80.99999999999999,0.52,0.573354075656752
412,accuracy_80pct,92.33333333333333,0.83,0.7790702271809526
412,accuracy_70pct,89.66666666666667,0.8,0.6605538104753318
412,accuracy_60pct,85.33333333333333,0.7,0.5442006473714301
412,correlation_70pct,79.66666666666669,0.46,0.5578133724834716
412,correlation_60pct,79.66666666666667,0.47,0.5118001640099564
413,accuracy_80pct,93.66666666666667,0.88,0.7821390759677984
413,accuracy_70pct,90.33333333333334,0.8,0.7437744406628531
413,accuracy_60pct,89.66666666666666,0.75,0.7517171153164363
413,correlation_70pct,78.33333333333334,0.42,0.45894092630551675
413,correlation_60pct,76.66666666666667,0.43,0.36772309968000444
414,accuracy_80pct,92.33333333333333,0.85,0.7057227260351879
414,accuracy_70pct,91.33333333333334,0.8,0.7099039865732337
414,accuracy_60pct,87.33333333333334,0.74,0.5419705210253671
414,correlation_70pct,80.66666666666669,0.48,0.5225015316194266
414,correlation_60pct,81.66666666666667,0.5,0.5028755989207687
415,accuracy_80pct,92.0,0.84,0.7635379363125544
415,accuracy_70pct,91.33333333333334,0.84,0.7329705608083376
415,accuracy_60pct,86.33333333333333,0.73,0.5985177517461748
415,correlation_70pct,81.66666666666667,0.5,0.6091990808522747
415,correlation_60pct,78.00000000000001,0.44,0.46939508267540475
416,accuracy_80pct,93.0,0.86,0.7224447587965629
416,accuracy_70pct,92.0,0.82,0.7528290049907815
416,accuracy_60pct,87.66666666666669,0.69,0.6517393620678283
416,correlation_70pct,83.33333333333333,0.52,0.5996730145366531
416,correlation_60pct,79.33333333333334,0.41,0.5415424097028363
417,accuracy_80pct,94.33333333333334,0.87,0.8671798203751271
417,accuracy_70pct,89.33333333333333,0.75,0.7874839204522056
417,accuracy_60pct,81.66666666666669,0.67,0.4636743960437021
417,correlation_70pct,82.33333333333334,0.52,0.6626818900953241
417,correlation_60pct,78.0,0.45,0.5548364961094088
418,accuracy_80pct,93.0,0.86,0.7990405825760956
418,accuracy_70pct,91.66666666666667,0.8,0.8110418224058148
418,accuracy_60pct,88.0,0.76,0.6281116229712385
418,correlation_70pct,78.33333333333334,0.4,0.5351867466975583
418,correlation_60pct,72.00000000000001,0.34,0.2613500212226819
419,accuracy_80pct,94.33333333333334,0.87,0.8576227512361718
419,accuracy_70pct,90.66666666666667,0.79,0.7088586745953803
419,accuracy_60pct,88.0,0.74,0.6609400991587887
419,correlation_70pct,83.00000000000001,0.53,0.6192020500643715
419,correlation_60pct,76.66666666666669,0.43,0.4499774476220804
420,accuracy_80pct,94.0,0.84,0.8573058315915333
420,accuracy_70pct,90.33333333333334,0.8,0.6495810275961669
420,accuracy_60pct,84.0,0.66,0.43198476668595176
420,correlation_70pct,82.33333333333334,0.52,0.6038887755283724
420,correlation_60pct,83.33333333333336,0.53,0.6470554074041971
421,accuracy_80pct,94.66666666666666,0.86,0.8671183035714747
421,accuracy_70pct,92.0,0.81,0.8042349279554801
421,accuracy_60pct,86.66666666666666,0.76,0.5844706881942459
421,correlation_70pct,81.33333333333334,0.47,0.6442192770735017
421,correlation_60pct,80.00000000000003,0.47,0.5739046129260288
422,accuracy_80pct,91.66666666666666,0.85,0.6875156970863765
422,accuracy_70pct,92.0,0.82,0.7743536231671756
422,accuracy_60pct,86.66666666666666,0.7,0.5893552374177032
422,correlation_70pct,79.00000000000001,0.42,0.4871902314348334
422,correlation_60pct,81.66666666666667,0.5,0.5640097560670234
423,accuracy_80pct,95.0,0.88,0.8624955038242121
423,accuracy_70pct,93.0,0.84,0.800453825234705
423,accuracy_60pct,85.0,0.69,0.5173954685544975
423,correlation_70pct,83.33333333333333,0.51,0.628689458970209
423,correlation_60pct,79.00000000000001,0.47,0.5082412723317742
424,accuracy_80pct,93.66666666666666,0.84,0.8489970974055275
424,accuracy_70pct,89.66666666666666,0.8,0.6956328478690034
424,accuracy_60pct,89.66666666666666,0.76,0.7503352101039513
424,correlation_70pct,82.33333333333334,0.53,0.6175618672908001
424,correlation_60pct,81.00000000000003,0.49,0.5838780059448401
425,accuracy_80pct,91.66666666666667,0.84,0.7378015287808526
425,accuracy_70pct,91.00000000000001,0.8,0.7423666230603322
425,accuracy_60pct,87.00000000000001,0.7,0.6043705877099994
425,correlation_70pct,84.66666666666667,0.59,0.612562734101367
425,correlation_60pct,80.33333333333334,0.49,0.5326822397306147
426,accuracy_80pct,94.33333333333334,0.87,0.8748740028523468
426,accuracy_70pct,88.00000000000001,0.76,0.6877429572938036
426,accuracy_60pct,86.66666666666669,0.75,0.6280860463769922
426,correlation_70pct,81.00000000000001,0.48,0.5850918170260038
426,correlation_60pct,77.33333333333334,0.43,0.5171622875117344
427,accuracy_80pct,92.66666666666666,0.84,0.7805152706942375
427,accuracy_70pct,91.0,0.8,0.6898265219379229
427,accuracy_60pct,85.66666666666667,0.72,0.5025126391503403
427,correlation_70pct,80.66666666666669,0.46,0.5869829953627554
427,correlation_60pct,74.66666666666667,0.37,0.41012946569312536
428,accuracy_80pct,92.99999999999999,0.86,0.780430098379148
428,accuracy_70pct,89.33333333333333,0.78,0.6889526711949194
428,accuracy_60pct,85.0,0.72,0.49999677631692946
428,correlation_70pct,82.33333333333334,0.5,0.6642945431568159
428,correlation_60pct,79.66666666666667,0.48,0.5571162087408719
429,accuracy_80pct,95.0,0.88,0.892426039805531
429,accuracy_70pct,90.00000000000001,0.8,0.7072651069163793
429,accuracy_60pct,85.00000000000001,0.73,0.49284249806651526
429,correlation_70pct,78.33333333333334,0.46,0.445986015371616
429,correlation_60pct,76.33333333333334,0.4,0.43810997169033716
430,accuracy_80pct,95.0,0.89,0.8447720118161078
430,accuracy_70pct,89.66666666666667,0.79,0.6450418502550174
430,accuracy_60pct,84.66666666666666,0.67,0.48863953955799544
430,correlation_70pct,84.66666666666669,0.56,0.6457355050038477
430,correlation_60pct,81.00000000000001,0.48,0.5577330809210336
431,accuracy_80pct,94.66666666666667,0.87,0.8385120176512666
431,accuracy_70pct,88.33333333333333,0.78,0.5796595300662764
431,accuracy_60pct,86.0,0.74,0.4967533176150045
431,correlation_70pct,83.33333333333334,0.5,0.6666361891609879
431,correlation_60pct,77.66666666666667,0.42,0.4916060411387557
432,accuracy_80pct,91.66666666666667,0.84,0.7469594724839087
432,accuracy_70pct,88.66666666666667,0.76,0.709815466555621
432,accuracy_60pct,85.66666666666667,0.7,0.589278952514626
432,correlation_70pct,80.6666666666667,0.49,0.5659737527926164
432,correlation_60pct,77.33333333333333,0.43,0.49185083842589516
433,accuracy_80pct,94.66666666666666,0.88,0.8297805296272245
433,accuracy_70pct,91.0,0.8,0.6682355557255699
433,accuracy_60pct,88.0,0.74,0.6038856918839951
433,correlation_70pct,82.0,0.51,0.5990302801545394
433,correlation_60pct,76.33333333333336,0.38,0.38800830814332454
434,accuracy_80pct,93.0,0.87,0.7878280733514704
434,accuracy_70pct,92.66666666666667,0.8,0.8472673717601232
434,accuracy_60pct,88.33333333333334,0.76,0.6287790263862467
434,correlation_70pct,81.66666666666666,0.51,0.5923805552756729
434,correlation_60pct,77.33333333333336,0.41,0.5076844317806951
435,accuracy_80pct,95.66666666666669,0.89,0.901540052261086
435,accuracy_70pct,90.66666666666667,0.8,0.7315223639678458
435,accuracy_60pct,84.66666666666669,0.72,0.4851789754983805
435,correlation_70pct,79.66666666666669,0.47,0.5559993410085884
435,correlation_60pct,76.0,0.38,0.4664943200889447
436,accuracy_80pct,93.66666666666667,0.85,0.8586970059768264
436,accuracy_70pct,90.66666666666667,0.79,0.7778164925297858
436,accuracy_60pct,84.00000000000001,0.67,0.5683293179879834
436,correlation_70pct,77.33333333333333,0.37,0.5949717756116673
436,correlation_60pct,79.00000000000001,0.45,0.5149375477149531
437,accuracy_80pct,93.33333333333334,0.86,0.8021371527270746
437,accuracy_70pct,89.33333333333334,0.79,0.7009327016348945
437,accuracy_60pct,86.66666666666667,0.7,0.6802135811416793
437,correlation_70pct,84.33333333333333,0.56,0.7183408971193647
437,correlation_60pct,77.00000000000001,0.44,0.45228042851455186
438,accuracy_80pct,93.33333333333334,0.87,0.7583840833629867
438,accuracy_70pct,91.66666666666666,0.8,0.7801511952305469
438,accuracy_60pct,87.00000000000001,0.74,0.5724235808700182
438,correlation_70pct,82.33333333333334,0.49,0.5632832702210443
438,correlation_60pct,74.33333333333334,0.33,0.42719296515658056
439,accuracy_80pct,93.33333333333334,0.86,0.8094616009187721
439,accuracy_70pct,92.33333333333333,0.81,0.8365717060814051
439,accuracy_60pct,88.0,0.73,0.7002629822343973
439,correlation_70pct,83.66666666666667,0.55,0.6382763213001943
439,correlation_60pct,78.33333333333334,0.44,0.46214658631347866
440,accuracy_80pct,91.99999999999999,0.83,0.7730191704510834
440,accuracy_70pct,90.33333333333334,0.81,0.7281120996900751
440,accuracy_60pct,86.00000000000001,0.69,0.6302718489776568
440,correlation_70pct,79.00000000000001,0.47,0.49279587449549145
440,correlation_60pct,80.66666666666667,0.51,0.5909736241376284
441,accuracy_80pct,92.33333333333334,0.85,0.7628277417281599
441,accuracy_70pct,92.66666666666667,0.82,0.8253120448844931
441,accuracy_60pct,87.66666666666667,0.73,0.6269920262196376
441,correlation_70pct,86.00000000000001,0.61,0.7074693153676224
441,correlation_60pct,78.33333333333334,0.46,0.46712744996826283
442,accuracy_80pct,95.66666666666667,0.9,0.8974399483458587
442,accuracy_70pct,91.00000000000001,0.79,0.7414566102126994
442,accuracy_60pct,88.33333333333333,0.76,0.6280284047113744
442,correlation_70pct,79.0,0.42,0.5035737019107573
442,correlation_60pct,78.33333333333334,0.48,0.43056496253209614
443,accuracy_80pct,93.00000000000001,0.86,0.8129957177097836
443,accuracy_70pct,86.66666666666666,0.76,0.5933102733318125
443,accuracy_60pct,86.00000000000001,0.71,0.6117825962535944
443,correlation_70pct,83.33333333333334,0.53,0.7101622380533007
443,correlation_60pct,77.00000000000001,0.41,0.5758404831990072
444,accuracy_80pct,89.33333333333333,0.83,0.6586174158582224
444,accuracy_70pct,92.0,0.82,0.796898838079255
444,accuracy_60pct,87.33333333333334,0.72,0.6828711327684317
444,correlation_70pct,81.66666666666667,0.48,0.6754183565681132
444,correlation_60pct,74.0,0.43,0.3247664593332311
445,accuracy_80pct,93.0,0.85,0.7986806352717695
445,accuracy_70pct,92.0,0.85,0.7497588723007202
445,accuracy_60pct,85.00000000000001,0.7,0.5682147984996102
445,correlation_70pct,83.00000000000001,0.53,0.6478197728421938
445,correlation_60pct,77.66666666666669,0.42,0.5388075879839944
446,accuracy_80pct,95.66666666666667,0.91,0.8645291454383062
446,accuracy_70pct,90.33333333333334,0.81,0.6836892510419815
446,accuracy_60pct,87.66666666666667,0.69,0.6887969366580621
446,correlation_70pct,83.33333333333334,0.53,0.6198123432293444
446,correlation_60pct,79.33333333333336,0.45,0.5369046436419741
447,accuracy_80pct,92.00000000000001,0.83,0.7840099119760965
447,accuracy_70pct,91.0,0.79,0.7723552633365808
447,accuracy_60pct,83.66666666666667,0.66,0.5248070307704739
447,correlation_70pct,82.33333333333336,0.51,0.6722744273404684
447,correlation_60pct,75.33333333333334,0.39,0.37953053236206147
448,accuracy_80pct,93.33333333333334,0.84,0.853781923434621
448,accuracy_70pct,90.00000000000001,0.78,0.7738459825807384
448,accuracy_60pct,87.33333333333333,0.71,0.713679776540434
448,correlation_70pct,80.66666666666667,0.5,0.5666850841492794
448,correlation_60pct,74.00000000000001,0.32,0.48344924208154927
449,accuracy_80pct,93.33333333333334,0.86,0.7977852919852911
449,accuracy_70pct,91.66666666666667,0.8,0.7641179087715545
449,accuracy_60pct,84.33333333333334,0.68,0.4795407168047028
449,correlation_70pct,77.66666666666667,0.43,0.428827347683833
449,correlation_60pct,79.66666666666669,0.47,0.43484500098104256
450,accuracy_80pct,94.0,0.86,0.8344631006334744
450,accuracy_70pct,91.0,0.8,0.7798700502564495
450,accuracy_60pct,89.00000000000001,0.77,0.6724412553999458
450,correlation_70pct,78.66666666666667,0.46,0.4940982795956161
450,correlation_60pct,77.00000000000001,0.43,0.48887810019254707
451,accuracy_80pct,93.0,0.85,0.7770686284341964
451,accuracy_70pct,92.0,0.83,0.7426051188321214
451,accuracy_60pct,89.0,0.76,0.7203226868464364
451,correlation_70pct,82.00000000000001,0.5,0.6329092237223934
451,correlation_60pct,77.66666666666669,0.45,0.4488725790860136
452,accuracy_80pct,94.33333333333334,0.86,0.8461630889623799
452,accuracy_70pct,88.00000000000001,0.75,0.6687811545841612
452,accuracy_60pct,84.66666666666667,0.68,0.5941440334926243
452,correlation_70pct,78.33333333333334,0.49,0.48937105263207464
452,correlation_60pct,77.66666666666669,0.41,0.5861772234184845
453,accuracy_80pct,94.0,0.87,0.8499566415371964
453,accuracy_70pct,88.0,0.76,0.676708002286101
453,accuracy_60pct,83.66666666666666,0.67,0.569673340872259
453,correlation_70pct,81.66666666666667,0.48,0.6198601192255571
453,correlation_60pct,74.66666666666669,0.39,0.4029012609739027
454,accuracy_80pct,90.33333333333334,0.83,0.6818193574769649
454,accuracy_70pct,91.66666666666666,0.82,0.7862354697888874
454,accuracy_60pct,86.0,0.67,0.674261117026346
454,correlation_70pct,81.66666666666667,0.52,0.6185098411822563
454,correlation_60pct,75.33333333333336,0.4,0.426568713045134
455,accuracy_80pct,95.66666666666666,0.89,0.8857176857817236
455,accuracy_70pct,90.66666666666667,0.78,0.7411464198994954
455,accuracy_60pct,87.66666666666667,0.72,0.6349637714276294
455,correlation_70pct,80.66666666666669,0.45,0.529814708950579
455,correlation_60pct,81.66666666666669,0.51,0.5571325776712668
456,accuracy_80pct,94.66666666666666,0.89,0.8576526889306986
456,accuracy_70pct,88.33333333333334,0.78,0.7052005761804372
456,accuracy_60pct,84.66666666666667,0.68,0.6118789108587283
456,correlation_70pct,77.66666666666666,0.46,0.5094740758229767
456,correlation_60pct,76.33333333333333,0.4,0.4494518562803879
457,accuracy_80pct,92.33333333333333,0.85,0.7470781255813241
457,accuracy_70pct,89.0,0.78,0.6633191969389475
457,accuracy_60pct,85.33333333333334,0.67,0.585559417391887
457,correlation_70pct,80.66666666666667,0.47,0.6004594123854423
457,correlation_60pct,80.66666666666667,0.47,0.6225398529056136
458,accuracy_80pct,95.0,0.88,0.8938417575574773
458,accuracy_70pct,88.66666666666667,0.78,0.6764835907992365
458,accuracy_60pct,86.33333333333334,0.69,0.6323749481101655
458,correlation_70pct,82.33333333333333,0.51,0.6809978345343162
458,correlation_60pct,77.33333333333333,0.42,0.480978511369959
459,accuracy_80pct,95.66666666666667,0.88,0.892784717435295
459,accuracy_70pct,91.0,0.79,0.7493745013469059
459,accuracy_60pct,86.33333333333333,0.72,0.5346815932010537
459,correlation_70pct,85.66666666666669,0.61,0.6799102630314252
459,correlation_60pct,80.66666666666667,0.48,0.5420237626703348
460,accuracy_80pct,95.33333333333334,0.88,0.9009586702512568
460,accuracy_70pct,87.66666666666667,0.8,0.5745160172186322
460,accuracy_60pct,83.66666666666667,0.69,0.43795866403989153
460,correlation_70pct,82.66666666666667,0.52,0.6685576590269346
460,correlation_60pct,82.33333333333334,0.53,0.6029438118967577
461,accuracy_80pct,92.66666666666667,0.84,0.8084687437721119
461,accuracy_70pct,89.33333333333334,0.79,0.7033513278798548
461,accuracy_60pct,86.66666666666666,0.69,0.62787570081391
461,correlation_70pct,81.0,0.49,0.6055971018607971
461,correlation_60pct,75.66666666666667,0.34,0.4547595392535597
462,accuracy_80pct,93.33333333333333,0.86,0.7872072748929654
462,accuracy_70pct,89.0,0.76,0.65542031296139
462,accuracy_60pct,83.66666666666667,0.7,0.4012290979663579
462,correlation_70pct,81.66666666666667,0.49,0.5945049026002739
462,correlation_60pct,80.33333333333334,0.47,0.5228955758487032
463,accuracy_80pct,93.0,0.84,0.8376839007321414
463,accuracy_70pct,86.0,0.73,0.6245414175663726
463,accuracy_60pct,85.33333333333333,0.71,0.6476372623684781
463,correlation_70pct,75.0,0.36,0.5054280531010759
463,correlation_60pct,76.33333333333333,0.41,0.503886126330385
464,accuracy_80pct,95.00000000000001,0.87,0.8723163986083207
464,accuracy_70pct,90.33333333333334,0.78,0.7083896259398077
464,accuracy_60pct,89.33333333333333,0.76,0.6757848423453694
464,correlation_70pct,82.00000000000001,0.51,0.5432834667452437
464,correlation_60pct,79.66666666666669,0.46,0.5429942722642996
465,accuracy_80pct,93.66666666666667,0.86,0.8506125025961409
465,accuracy_70pct,89.0,0.77,0.6325929803503927
465,accuracy_60pct,84.33333333333334,0.71,0.4462382653373812
465,correlation_70pct,84.33333333333334,0.55,0.66234792305849
465,correlation_60pct,79.0,0.43,0.47771957682019794
466,accuracy_80pct,92.00000000000001,0.84,0.7582549550495722
466,accuracy_70pct,90.33333333333334,0.8,0.708541070673252
466,accuracy_60pct,85.0,0.7,0.5434857706588517
466,correlation_70pct,84.66666666666667,0.57,0.6546768606351774
466,correlation_60pct,79.00000000000001,0.46,0.5475204635954254
467,accuracy_80pct,90.66666666666667,0.82,0.7609313459499152
467,accuracy_70pct,89.00000000000001,0.76,0.7034905569694441
467,accuracy_60pct,88.33333333333333,0.74,0.685960161880517
467,correlation_70pct,82.66666666666669,0.5,0.6649867708766397
467,correlation_60pct,82.33333333333333,0.56,0.5656375658133865
468,accuracy_80pct,91.0,0.83,0.7279740622015787
468,accuracy_70pct,91.66666666666667,0.81,0.7884809601736054
468,accuracy_60pct,88.66666666666667,0.74,0.709886750011008
468,correlation_70pct,79.00000000000001,0.46,0.5345827496819874
468,correlation_60pct,80.66666666666667,0.52,0.5402144255731924
469,accuracy_80pct,93.0,0.86,0.722077392417542
469,accuracy_70pct,88.00000000000001,0.77,0.5183350070165712
469,accuracy_60pct,87.66666666666667,0.74,0.5105343990419788
469,correlation_70pct,83.66666666666667,0.57,0.5976504583509565
469,correlation_60pct,82.00000000000001,0.52,0.5936798466458142
470,accuracy_80pct,92.0,0.85,0.7790494575319494
470,accuracy_70pct,89.00000000000001,0.76,0.7170822371070333
470,accuracy_60pct,86.33333333333333,0.73,0.6088771036382181
470,correlation_70pct,81.33333333333336,0.51,0.6445010001183521
470,correlation_60pct,78.0,0.43,0.5612861062463756
471,accuracy_80pct,93.66666666666666,0.87,0.8023129029289936
471,accuracy_70pct,89.0,0.77,0.6783864684242468
471,accuracy_60pct,88.66666666666667,0.78,0.6526827167513526
471,correlation_70pct,83.66666666666669,0.55,0.6223875305591793
471,correlation_60pct,79.0,0.46,0.5269374693900662
472,accuracy_80pct,91.66666666666667,0.85,0.7435580724997375
472,accuracy_70pct,87.66666666666669,0.76,0.6527231368686834
472,accuracy_60pct,87.33333333333333,0.75,0.6320851866413019
472,correlation_70pct,81.00000000000001,0.47,0.647025181294803
472,correlation_60pct,80.00000000000001,0.5,0.5784661275648532
473,accuracy_80pct,93.33333333333334,0.83,0.8088784377661475
473,accuracy_70pct,88.66666666666667,0.77,0.6027028599539878
473,accuracy_60pct,87.33333333333334,0.73,0.5809279484573727
473,correlation_70pct,84.66666666666669,0.56,0.7071934941097306
473,correlation_60pct,82.33333333333334,0.52,0.5706600764318686
474,accuracy_80pct,91.66666666666666,0.85,0.7614533265536771
474,accuracy_70pct,89.0,0.76,0.6736679312773827
474,accuracy_60pct,87.33333333333334,0.76,0.6358117256809155
474,correlation_70pct,78.66666666666669,0.4,0.5350374904635277
474,correlation_60pct,79.66666666666669,0.48,0.549634495918682
475,accuracy_80pct,94.33333333333333,0.87,0.8513705783249793
475,accuracy_70pct,90.00000000000001,0.77,0.7538692247393524
475,accuracy_60pct,87.0,0.71,0.6495223032939194
475,correlation_70pct,81.66666666666669,0.49,0.6662674201221376
475,correlation_60pct,76.33333333333334,0.4,0.4676266574101361
476,accuracy_80pct,92.0,0.84,0.7344896665145603
476,accuracy_70pct,91.33333333333333,0.84,0.6999659513010922
476,accuracy_60pct,86.33333333333334,0.71,0.5075137807451114
476,correlation_70pct,81.66666666666667,0.49,0.6489160575149486
476,correlation_60pct,76.0,0.41,0.392024576541015
477,accuracy_80pct,93.66666666666669,0.84,0.8555775780184088
477,accuracy_70pct,87.66666666666669,0.76,0.5952272235908794
477,accuracy_60pct,86.33333333333333,0.69,0.5769681261455581
477,correlation_70pct,82.00000000000001,0.48,0.683275326136453
477,correlation_60pct,79.66666666666667,0.46,0.5134458657076695
478,accuracy_80pct,92.0,0.84,0.7923824111753955
478,accuracy_70pct,91.33333333333333,0.82,0.764069385000807
478,accuracy_60pct,86.33333333333334,0.72,0.5933721040161102
478,correlation_70pct,82.33333333333333,0.51,0.6509246358379224
478,correlation_60pct,79.00000000000001,0.44,0.5387368088899926
479,accuracy_80pct,92.33333333333333,0.87,0.7205688381955948
479,accuracy_70pct,92.33333333333334,0.82,0.7906531573710301
479,accuracy_60pct,85.0,0.71,0.5105761786215622
479,correlation_70pct,82.33333333333334,0.52,0.5884280553341038
479,correlation_60pct,79.00000000000001,0.49,0.4949865272967204
480,accuracy_80pct,93.33333333333334,0.85,0.8211296998402322
480,accuracy_70pct,89.0,0.81,0.6707614582947917
480,accuracy_60pct,87.99999999999999,0.75,0.6753446679858306
480,correlation_70pct,82.00000000000001,0.54,0.5974654388136332
480,correlation_60pct,77.33333333333336,0.46,0.3658009207808227
481,accuracy_80pct,92.33333333333334,0.85,0.7583369835965976
481,accuracy_70pct,92.0,0.79,0.775644377008572
481,accuracy_60pct,86.33333333333334,0.71,0.5687266729737862
481,correlation_70pct,84.33333333333334,0.54,0.6490442941280969
481,correlation_60pct,78.33333333333336,0.43,0.47891452150888675
482,accuracy_80pct,92.00000000000001,0.85,0.7370271033482676
482,accuracy_70pct,88.0,0.75,0.6369484248121957
482,accuracy_60pct,91.66666666666667,0.8,0.7964549687172578
482,correlation_70pct,84.66666666666669,0.55,0.7238871533574104
482,correlation_60pct,79.33333333333334,0.48,0.524980372790021
483,accuracy_80pct,92.66666666666667,0.86,0.749715406840542
483,accuracy_70pct,87.33333333333334,0.74,0.5742687074201008
483,accuracy_60pct,87.0,0.72,0.5772668241540331
483,correlation_70pct,80.66666666666667,0.48,0.5734270573788278
483,correlation_60pct,80.66666666666667,0.48,0.6143264044815907
484,accuracy_80pct,92.66666666666667,0.83,0.8046284652456778
484,accuracy_70pct,92.66666666666667,0.82,0.8154308443789862
484,accuracy_60pct,86.33333333333333,0.71,0.5851995205379689
484,correlation_70pct,81.33333333333334,0.47,0.6328474656882683
484,correlation_60pct,78.33333333333334,0.44,0.5061685730303945
485,accuracy_80pct,93.0,0.84,0.7927388292014756
485,accuracy_70pct,90.66666666666667,0.8,0.7575681300235239
485,accuracy_60pct,89.33333333333334,0.75,0.7242099076366655
485,correlation_70pct,82.66666666666666,0.52,0.6535784509677702
485,correlation_60pct,79.33333333333334,0.46,0.5321820329538665
486,accuracy_80pct,93.66666666666667,0.85,0.814115599812255
486,accuracy_70pct,91.33333333333334,0.81,0.7477645229407863
486,accuracy_60pct,87.0,0.72,0.6048738896241977
486,correlation_70pct,80.00000000000001,0.5,0.47829515946736195
486,correlation_60pct,82.00000000000001,0.5,0.6625696745621324
487,accuracy_80pct,92.66666666666667,0.88,0.7279538074803477
487,accuracy_70pct,89.33333333333334,0.76,0.694714932068081
487,accuracy_60pct,88.33333333333334,0.74,0.6380875435700527
487,correlation_70pct,82.33333333333333,0.52,0.6732960811124438
487,correlation_60pct,73.00000000000001,0.37,0.29476651128117687
488,accuracy_80pct,94.0,0.86,0.8483935496707526
488,accuracy_70pct,90.33333333333333,0.83,0.6866766712798265
488,accuracy_60pct,87.66666666666667,0.68,0.7047984695296617
488,correlation_70pct,81.33333333333336,0.48,0.634401312997658
488,correlation_60pct,77.0,0.43,0.44934849055101206
489,accuracy_80pct,90.66666666666667,0.83,0.7262175239949574
489,accuracy_70pct,89.66666666666669,0.78,0.6878489329623936
489,accuracy_60pct,85.33333333333333,0.73,0.5672665112347357
489,correlation_70pct,76.66666666666667,0.38,0.49428516301436265
489,correlation_60pct,76.66666666666669,0.4,0.4536283299078109
490,accuracy_80pct,94.33333333333333,0.89,0.8097710124662814
490,accuracy_70pct,88.33333333333334,0.76,0.6283507208862835
490,accuracy_60pct,86.66666666666666,0.74,0.5554952402901113
490,correlation_70pct,82.0,0.53,0.5624518950537208
490,correlation_60pct,80.33333333333334,0.49,0.544322615174558
491,accuracy_80pct,92.33333333333333,0.84,0.7561084105743786
491,accuracy_70pct,91.0,0.81,0.6902576294639583
491,accuracy_60pct,87.33333333333333,0.72,0.5785735258119207
491,correlation_70pct,79.00000000000003,0.39,0.5691994940867008
491,correlation_60pct,79.00000000000001,0.47,0.4208236016549042
492,accuracy_80pct,92.33333333333334,0.84,0.806855420554456
492,accuracy_70pct,91.0,0.81,0.7453703276599214
492,accuracy_60pct,85.66666666666667,0.73,0.5563649236487593
492,correlation_70pct,79.00000000000001,0.44,0.5568543355371042
492,correlation_60pct,75.66666666666669,0.37,0.4327402669674242
493,accuracy_80pct,94.66666666666667,0.89,0.8190001553269349
493,accuracy_70pct,88.66666666666667,0.76,0.6628872702398517
493,accuracy_60pct,88.66666666666667,0.73,0.7100172079739339
493,correlation_70pct,83.66666666666669,0.54,0.6160223137364209
493,correlation_60pct,79.66666666666667,0.45,0.47040015709707006
494,accuracy_80pct,94.66666666666667,0.86,0.8639604658776673
494,accuracy_70pct,89.0,0.8,0.6441688848980691
494,accuracy_60pct,87.33333333333334,0.73,0.6337182573823217
494,correlation_70pct,82.0,0.54,0.5777910307912469
494,correlation_60pct,78.33333333333334,0.48,0.5069413268004859
495,accuracy_80pct,95.0,0.88,0.8576373383363427
495,accuracy_70pct,87.00000000000001,0.74,0.5998575158122225
495,accuracy_60pct,87.33333333333333,0.72,0.648642265436062
495,correlation_70pct,81.66666666666667,0.52,0.591934672015529
495,correlation_60pct,79.66666666666669,0.47,0.5441834991037152
496,accuracy_80pct,94.33333333333334,0.85,0.8589592087132939
496,accuracy_70pct,87.66666666666667,0.78,0.5347020310978878
496,accuracy_60pct,86.33333333333333,0.73,0.5955925152648431
496,correlation_70pct,84.33333333333334,0.56,0.6917837753066233
496,correlation_60pct,79.66666666666667,0.47,0.518886012116668
497,accuracy_80pct,90.66666666666667,0.84,0.6445768343842374
497,accuracy_70pct,90.33333333333334,0.81,0.683043099343846
497,accuracy_60pct,87.0,0.72,0.6301992939855497
497,correlation_70pct,81.66666666666666,0.48,0.5907811657384482
497,correlation_60pct,79.00000000000001,0.46,0.49757707647661076
498,accuracy_80pct,94.66666666666666,0.9,0.8066756454416018
498,accuracy_70pct,91.0,0.8,0.7147887572148641
498,accuracy_60pct,85.66666666666667,0.69,0.5590318650599161
498,correlation_70pct,82.66666666666669,0.51,0.6516738675330316
498,correlation_60pct,80.66666666666667,0.49,0.5253464027051081
499,accuracy_80pct,93.0,0.86,0.7494483165502293
499,accuracy_70pct,89.0,0.77,0.6384683863035372
499,accuracy_60pct,87.66666666666666,0.72,0.5676454858799221
499,correlation_70pct,84.00000000000001,0.56,0.5813174830598882
499,correlation_60pct,80.00000000000001,0.46,0.5060468002514666
500,accuracy_80pct,92.66666666666667,0.84,0.7876983180808733
500,accuracy_70pct,91.33333333333333,0.81,0.7832275612211392
500,accuracy_60pct,90.33333333333333,0.77,0.7577546848859245
500,correlation_70pct,83.33333333333333,0.55,0.6484950778846642
500,correlation_60pct,77.33333333333333,0.49,0.3601411129893024
501,accuracy_80pct,92.33333333333331,0.86,0.7729754870447793
501,accuracy_70pct,92.33333333333334,0.82,0.8119695269069006
501,accuracy_60pct,87.66666666666667,0.71,0.7239057364067556
501,correlation_70pct,80.33333333333334,0.46,0.6156693837669839
501,correlation_60pct,76.33333333333334,0.4,0.4890554619089391
502,accuracy_80pct,94.66666666666667,0.9,0.8131902606948486
502,accuracy_70pct,92.66666666666667,0.83,0.8158339608170333
502,accuracy_60pct,87.33333333333333,0.76,0.5405391595721801
502,correlation_70pct,81.66666666666669,0.47,0.6067116587458652
502,correlation_60pct,81.0,0.48,0.5734958134774129
503,accuracy_80pct,93.66666666666667,0.85,0.8596104154280951
503,accuracy_70pct,88.66666666666667,0.77,0.6697831330141519
503,accuracy_60pct,83.00000000000001,0.7,0.4792835221181661
503,correlation_70pct,82.33333333333333,0.55,0.6143911728086033
503,correlation_60pct,79.00000000000001,0.45,0.5682824273821602
504,accuracy_80pct,96.33333333333334,0.9,0.9283927141746413
504,accuracy_70pct,91.66666666666667,0.83,0.7566079686959998
504,accuracy_60pct,86.66666666666667,0.72,0.567711669558254
504,correlation_70pct,80.33333333333334,0.48,0.586877591965051
504,correlation_60pct,81.0,0.52,0.5411758779015973
505,accuracy_80pct,92.66666666666667,0.85,0.7578654939461472
505,accuracy_70pct,90.00000000000001,0.79,0.6499632948726586
505,accuracy_60pct,87.33333333333334,0.74,0.6040440990037184
505,correlation_70pct,81.33333333333334,0.49,0.5638681734152425
505,correlation_60pct,77.00000000000001,0.39,0.4258124236949246
506,accuracy_80pct,91.66666666666667,0.84,0.6992453331355611
506,accuracy_70pct,93.33333333333333,0.84,0.8320356648656418
506,accuracy_60pct,88.00000000000001,0.74,0.6206438330848557
506,correlation_70pct,77.66666666666667,0.4,0.4974504130781927
506,correlation_60pct,80.33333333333334,0.5,0.4952462526898027
507,accuracy_80pct,93.66666666666667,0.86,0.8654893114262213
507,accuracy_70pct,87.66666666666669,0.75,0.6526773117070086
507,accuracy_60pct,83.33333333333334,0.7,0.50643580473952
507,correlation_70pct,75.33333333333333,0.39,0.46056607520219917
507,correlation_60pct,81.33333333333334,0.55,0.5953166557322023
508,accuracy_80pct,92.66666666666666,0.85,0.8176189228350157
508,accuracy_70pct,89.99999999999999,0.8,0.7385822271474635
508,accuracy_60pct,82.99999999999999,0.68,0.5375320021244064
508,correlation_70pct,78.00000000000001,0.42,0.5960124184585127
508,correlation_60pct,76.00000000000001,0.43,0.46426839481024457
509,accuracy_80pct,94.33333333333334,0.86,0.852783495730385
509,accuracy_70pct,92.0,0.84,0.7347603993683779
509,accuracy_60pct,89.66666666666666,0.75,0.7300216780775246
509,correlation_70pct,83.66666666666669,0.55,0.6584592708141994
509,correlation_60pct,79.00000000000001,0.44,0.5263872443652511
510,accuracy_80pct,92.66666666666667,0.83,0.807534441210509
510,accuracy_70pct,88.66666666666667,0.75,0.6794646725483395
510,accuracy_60pct,86.0,0.71,0.618202279957614
510,correlation_70pct,81.33333333333331,0.52,0.5223790616127238
510,correlation_60pct,77.00000000000001,0.38,0.5142160460293304
511,accuracy_80pct,94.0,0.87,0.8354471495867706
511,accuracy_70pct,87.33333333333334,0.76,0.620170678765001
511,accuracy_60pct,86.99999999999999,0.72,0.6241172233605893
511,correlation_70pct,81.33333333333336,0.49,0.6317540655791908
511,correlation_60pct,82.0,0.51,0.6196373098992287
512,accuracy_80pct,94.0,0.86,0.8509790256804728
512,accuracy_70pct,87.33333333333333,0.76,0.5611178703413113
512,accuracy_60pct,87.33333333333334,0.74,0.6487024230071673
512,correlation_70pct,79.66666666666667,0.46,0.5577580042892638
512,correlation_60pct,79.33333333333334,0.47,0.5138313197363567
513,accuracy_80pct,93.33333333333334,0.87,0.8018343481380229
513,accuracy_70pct,90.00000000000001,0.8,0.6657279916641815
513,accuracy_60pct,88.66666666666667,0.74,0.667860807146101
513,correlation_70pct,81.66666666666667,0.48,0.59219156582045
513,correlation_60pct,80.33333333333334,0.46,0.6044403082454691
514,accuracy_80pct,92.66666666666667,0.85,0.75601777522505
514,accuracy_70pct,91.33333333333334,0.81,0.7501058519197613
514,accuracy_60pct,86.33333333333334,0.69,0.5987412695444416
514,correlation_70pct,82.0,0.51,0.6243819942513816
514,correlation_60pct,77.66666666666669,0.42,0.43581079273381235
515,accuracy_80pct,93.0,0.85,0.8049395587398879
515,accuracy_70pct,89.66666666666667,0.78,0.7044809146324517
515,accuracy_60pct,87.33333333333334,0.74,0.634140712111274
515,correlation_70pct,84.33333333333334,0.56,0.703096846311932
515,correlation_60pct,80.00000000000001,0.45,0.5677408587135029
516,accuracy_80pct,91.33333333333333,0.83,0.6823151958966752
516,accuracy_70pct,90.33333333333334,0.8,0.6868418175606233
516,accuracy_60pct,87.33333333333333,0.74,0.5690856368412033
516,correlation_70pct,78.00000000000003,0.39,0.529795672455417
516,correlation_60pct,80.66666666666667,0.51,0.5761586413489173
517,accuracy_80pct,93.33333333333334,0.85,0.8244841213296152
517,accuracy_70pct,89.66666666666667,0.78,0.6980302376508333
517,accuracy_60pct,85.33333333333334,0.65,0.5915590019469862
517,correlation_70pct,82.0,0.51,0.6146825026792834
517,correlation_60pct,77.00000000000001,0.44,0.47119593591226405
518,accuracy_80pct,92.66666666666666,0.86,0.7367461895765639
518,accuracy_70pct,90.33333333333333,0.81,0.6662664161422179
518,accuracy_60pct,88.66666666666667,0.75,0.6416858880951369
518,correlation_70pct,85.33333333333333,0.59,0.6858533955502
518,correlation_60pct,79.0,0.44,0.5140399623682292
519,accuracy_80pct,94.0,0.88,0.7898821629155369
519,accuracy_70pct,90.33333333333334,0.78,0.7268733905509358
519,accuracy_60pct,87.33333333333334,0.75,0.5688837727621222
519,correlation_70pct,81.00000000000001,0.47,0.5206758830071619
519,correlation_60pct,81.66666666666669,0.48,0.5766070206657231
520,accuracy_80pct,93.0,0.86,0.7940688223033361
520,accuracy_70pct,88.0,0.75,0.6332035770121112
520,accuracy_60pct,83.0,0.7,0.4287723900160715
520,correlation_70pct,82.0,0.51,0.6616806587787358
520,correlation_60pct,79.33333333333333,0.45,0.577190205271831
521,accuracy_80pct,93.33333333333334,0.85,0.8449891613741176
521,accuracy_70pct,90.00000000000001,0.79,0.7501972856849036
521,accuracy_60pct,87.33333333333333,0.71,0.7007326378074569
521,correlation_70pct,79.33333333333334,0.44,0.5767488184605731
521,correlation_60pct,78.00000000000001,0.44,0.5498824240346176
522,accuracy_80pct,91.33333333333334,0.85,0.7326567283477083
522,accuracy_70pct,91.33333333333333,0.79,0.8103464562806382
522,accuracy_60pct,84.66666666666667,0.68,0.5558089992900141
522,correlation_70pct,80.33333333333334,0.47,0.588700867711555
522,correlation_60pct,80.99999999999999,0.51,0.5757761037300412
523,accuracy_80pct,94.33333333333334,0.87,0.828147695791626
523,accuracy_70pct,88.0,0.74,0.6136862684013125
523,accuracy_60pct,88.66666666666667,0.76,0.60815104904577
523,correlation_70pct,80.33333333333333,0.45,0.536908031511389
523,correlation_60pct,78.33333333333334,0.43,0.5082996266528346
524,accuracy_80pct,94.66666666666667,0.87,0.867118422972159
524,accuracy_70pct,91.0,0.8,0.7461531321402429
524,accuracy_60pct,85.0,0.69,0.5943814847916623
524,correlation_70pct,81.00000000000001,0.45,0.6651743819182317
524,correlation_60pct,77.33333333333333,0.46,0.48188426564873044
525,accuracy_80pct,92.66666666666667,0.88,0.7301084659423482
525,accuracy_70pct,89.0,0.77,0.6505064022564605
525,accuracy_60pct,86.66666666666669,0.74,0.5503424153845613
525,correlation_70pct,80.33333333333333,0.47,0.5746445654523193
525,correlation_60pct,79.33333333333334,0.53,0.4225623828225741
526,accuracy_80pct,92.33333333333333,0.85,0.7873889222240686
526,accuracy_70pct,86.99999999999999,0.75,0.653942664434383
526,accuracy_60pct,87.66666666666667,0.74,0.6911331831059703
526,correlation_70pct,83.00000000000001,0.53,0.6867363610246464
526,correlation_60pct,78.33333333333334,0.44,0.529126411847284
527,accuracy_80pct,94.33333333333333,0.86,0.8805914542409351
527,accuracy_70pct,88.0,0.75,0.6696988050913727
527,accuracy_60pct,90.00000000000001,0.77,0.7430894710043573
527,correlation_70pct,83.33333333333336,0.53,0.7094783274907053
527,correlation_60pct,76.0,0.39,0.499604668718854
528,accuracy_80pct,94.66666666666667,0.87,0.8529795720420343
528,accuracy_70pct,88.33333333333333,0.78,0.6085092504167896
528,accuracy_60pct,88.33333333333333,0.75,0.6529540996920896
528,correlation_70pct,81.0,0.48,0.6245279037520631
528,correlation_60pct,78.66666666666669,0.44,0.45135830962153256
529,accuracy_80pct,94.00000000000001,0.88,0.7687619048495149
529,accuracy_70pct,91.0,0.8,0.726052528504485
529,accuracy_60pct,87.33333333333334,0.74,0.5327659115970085
529,correlation_70pct,80.33333333333334,0.43,0.5728098776616992
529,correlation_60pct,74.66666666666669,0.29,0.511080017959692
530,accuracy_80pct,93.66666666666666,0.85,0.8157650805227346
530,accuracy_70pct,92.00000000000001,0.82,0.7349002424559774
530,accuracy_60pct,90.66666666666667,0.81,0.6768717598953776
530,correlation_70pct,82.66666666666669,0.52,0.6280279603846405
530,correlation_60pct,79.33333333333334,0.48,0.49554527245687013
531,accuracy_80pct,93.33333333333333,0.85,0.7876287735940327
531,accuracy_70pct,91.0,0.78,0.7335583434435529
531,accuracy_60pct,89.00000000000001,0.72,0.702025604886872
531,correlation_70pct,81.0,0.48,0.5457534700684717
531,correlation_60pct,80.0,0.48,0.48451704053152594
532,accuracy_80pct,94.33333333333334,0.87,0.8546529276261005
532,accuracy_70pct,91.0,0.83,0.7259758425342393
532,accuracy_60pct,86.33333333333333,0.71,0.6173154999653537
532,correlation_70pct,79.66666666666667,0.48,0.5861064334386137
532,correlation_60pct,78.66666666666666,0.52,0.48353700850054515
533,accuracy_80pct,92.00000000000001,0.82,0.763504655163614
533,accuracy_70pct,89.33333333333333,0.77,0.6886151310589878
533,accuracy_60pct,86.00000000000001,0.73,0.520308446290262
533,correlation_70pct,80.00000000000001,0.46,0.5835886848026308
533,correlation_60pct,77.66666666666669,0.41,0.510101630913491
534,accuracy_80pct,92.66666666666667,0.84,0.7515112905223281
534,accuracy_70pct,91.33333333333333,0.83,0.6984919267803492
534,accuracy_60pct,86.66666666666667,0.75,0.5645204692205302
534,correlation_70pct,82.33333333333333,0.51,0.6483779225804144
534,correlation_60pct,76.33333333333334,0.37,0.3588098954211406
535,accuracy_80pct,94.0,0.86,0.8415414324496905
535,accuracy_70pct,91.0,0.81,0.7306670764865012
535,accuracy_60pct,87.33333333333334,0.77,0.5656054547351637
535,correlation_70pct,82.00000000000001,0.5,0.6333875617284361
535,correlation_60pct,78.33333333333334,0.42,0.4934742314769225
536,accuracy_80pct,96.66666666666667,0.95,0.8675289804906364
536,accuracy_70pct,88.66666666666666,0.77,0.6463377357103652
536,accuracy_60pct,86.00000000000001,0.72,0.5781904431283569
536,correlation_70pct,83.6666666666667,0.56,0.6986673063007862
536,correlation_60pct,76.33333333333337,0.34,0.5038128487164419
537,accuracy_80pct,91.66666666666667,0.84,0.7455794148482485
537,accuracy_70pct,88.66666666666669,0.76,0.6978135846489989
537,accuracy_60pct,87.66666666666667,0.72,0.6821518323699115
537,correlation_70pct,83.66666666666669,0.57,0.6772431306726376
537,correlation_60pct,76.66666666666667,0.41,0.5057585298768017
538,accuracy_80pct,93.33333333333333,0.84,0.8146821352089239
538,accuracy_70pct,92.33333333333334,0.81,0.8011282696236096
538,accuracy_60pct,84.66666666666667,0.71,0.47786454343634965
538,correlation_70pct,85.33333333333333,0.6,0.6732481257803863
538,correlation_60pct,77.66666666666669,0.41,0.47761338255549046
539,accuracy_80pct,91.0,0.83,0.6644789175147628
539,accuracy_70pct,94.0,0.86,0.8196053487621929
539,accuracy_60pct,87.33333333333333,0.74,0.587354568663016
539,correlation_70pct,83.0,0.52,0.6541305761853412
539,correlation_60pct,81.66666666666669,0.51,0.5218855962099804
540,accuracy_80pct,91.33333333333334,0.83,0.7499922198427488
540,accuracy_70pct,90.33333333333334,0.78,0.7544289995239885
540,accuracy_60pct,86.33333333333334,0.72,0.6125641344353808
540,correlation_70pct,81.66666666666667,0.5,0.6150287355092737
540,correlation_60pct,81.66666666666667,0.47,0.6424384659410282
541,accuracy_80pct,93.33333333333334,0.84,0.7926845882159772
541,accuracy_70pct,91.0,0.81,0.6730288040255203
541,accuracy_60pct,87.33333333333334,0.72,0.6456060337020402
541,correlation_70pct,85.33333333333333,0.6,0.7077556549952816
541,correlation_60pct,83.66666666666667,0.53,0.608620605074043
542,accuracy_80pct,92.33333333333334,0.84,0.7728273125923664
542,accuracy_70pct,89.0,0.77,0.6884609665300797
542,accuracy_60pct,88.66666666666669,0.75,0.6723880123685411
542,correlation_70pct,81.66666666666667,0.49,0.6508073615217352
542,correlation_60pct,81.33333333333333,0.54,0.5371110807710182
543,accuracy_80pct,92.0,0.83,0.7594137839213784
543,accuracy_70pct,89.33333333333333,0.77,0.7004814366813444
543,accuracy_60pct,87.33333333333334,0.71,0.6698402033839166
543,correlation_70pct,80.33333333333336,0.46,0.6558197993362042
543,correlation_60pct,79.33333333333336,0.5,0.5141992957647558
544,accuracy_80pct,95.33333333333334,0.89,0.8553681310139047
544,accuracy_70pct,87.33333333333334,0.77,0.5913201968771251
544,accuracy_60pct,85.33333333333336,0.72,0.525404750727822
544,correlation_70pct,78.33333333333334,0.45,0.4415899460654771
544,correlation_60pct,80.66666666666667,0.48,0.5536104330098867
545,accuracy_80pct,93.66666666666666,0.87,0.8097354919068719
545,accuracy_70pct,89.66666666666667,0.78,0.7242587529175715
545,accuracy_60pct,85.33333333333334,0.7,0.5599893311382611
545,correlation_70pct,78.66666666666669,0.41,0.5368167489005258
545,correlation_60pct,79.33333333333334,0.46,0.5286641378000102
546,accuracy_80pct,93.0,0.86,0.8029974311139746
546,accuracy_70pct,92.00000000000001,0.79,0.8251344583070148
546,accuracy_60pct,85.33333333333334,0.73,0.5351659964355306
546,correlation_70pct,77.33333333333334,0.41,0.5022908492117049
546,correlation_60pct,78.00000000000001,0.45,0.4643609711615682
547,accuracy_80pct,96.0,0.89,0.9015222972728989
547,accuracy_70pct,90.66666666666667,0.77,0.7843800452218929
547,accuracy_60pct,86.00000000000001,0.7,0.5668091387276347
547,correlation_70pct,83.66666666666667,0.54,0.6464281522908162
547,correlation_60pct,81.00000000000001,0.5,0.5535068372715728
548,accuracy_80pct,92.0,0.86,0.7598832376426977
548,accuracy_70pct,88.0,0.77,0.6412561989110277
548,accuracy_60pct,83.66666666666667,0.68,0.5567953343432256
548,correlation_70pct,80.00000000000001,0.49,0.5747573807529954
548,correlation_60pct,76.33333333333334,0.44,0.4738385668333045
549,accuracy_80pct,91.66666666666667,0.86,0.7369251744924209
549,accuracy_70pct,87.0,0.77,0.5061159229976592
549,accuracy_60pct,89.0,0.74,0.6889024506859959
549,correlation_70pct,82.33333333333336,0.5,0.5559892322257071
549,correlation_60pct,81.66666666666667,0.5,0.565449253901276
550,accuracy_80pct,93.66666666666667,0.88,0.7975727572221987
550,accuracy_70pct,89.66666666666667,0.81,0.6597636351075317
550,accuracy_60pct,85.66666666666667,0.7,0.5554742080026954
550,correlation_70pct,83.33333333333333,0.56,0.5830585733546746
550,correlation_60pct,76.66666666666669,0.38,0.449549905110064
551,accuracy_80pct,95.33333333333333,0.88,0.9116965197522686
551,accuracy_70pct,90.66666666666667,0.8,0.7506962040278935
551,accuracy_60pct,87.66666666666669,0.73,0.6754358300870409
551,correlation_70pct,80.00000000000001,0.47,0.5721762446129909
551,correlation_60pct,82.00000000000001,0.52,0.6465941999867677
552,accuracy_80pct,93.66666666666667,0.86,0.8502514485945406
552,accuracy_70pct,90.33333333333334,0.79,0.7592907717887354
552,accuracy_60pct,88.00000000000001,0.73,0.6751306296828847
552,correlation_70pct,79.33333333333334,0.44,0.582833385956038
552,correlation_60pct,75.0,0.4,0.39129474830474925
553,accuracy_80pct,94.33333333333334,0.86,0.8461655156518721
553,accuracy_70pct,89.0,0.76,0.712740688309156
553,accuracy_60pct,84.0,0.7,0.4592087018919532
553,correlation_70pct,79.33333333333334,0.46,0.5073024171237352
553,correlation_60pct,81.66666666666669,0.51,0.590982580288548
554,accuracy_80pct,89.66666666666667,0.82,0.6765785130307562
554,accuracy_70pct,90.00000000000001,0.77,0.773110529248406
554,accuracy_60pct,84.33333333333334,0.69,0.5855561150144643
554,correlation_70pct,81.66666666666669,0.53,0.6226258509892547
554,correlation_60pct,74.66666666666666,0.38,0.48243113737345233
555,accuracy_80pct,96.0,0.9,0.8747262941969822
555,accuracy_70pct,89.33333333333333,0.75,0.6402531158338512
555,accuracy_60pct,84.0,0.71,0.35929927570656256
555,correlation_70pct,83.00000000000001,0.57,0.578888591246066
555,correlation_60pct,77.33333333333333,0.45,0.43333519629817113
556,accuracy_80pct,95.33333333333333,0.89,0.8975695864640919
556,accuracy_70pct,86.66666666666667,0.78,0.5110575335169144
556,accuracy_60pct,88.33333333333333,0.74,0.6977339440291348
556,correlation_70pct,78.33333333333334,0.45,0.5154062402144659
556,correlation_60pct,73.0,0.38,0.3447549699246356
557,accuracy_80pct,93.0,0.85,0.7698107929205894
557,accuracy_70pct,92.66666666666666,0.81,0.7967138524615593
557,accuracy_60pct,88.33333333333334,0.75,0.6012876531380723
557,correlation_70pct,79.00000000000001,0.39,0.538898282797227
557,correlation_60pct,79.00000000000001,0.43,0.48434165877932817
558,accuracy_80pct,92.33333333333334,0.84,0.766123899866798
558,accuracy_70pct,90.33333333333334,0.79,0.7065983532469345
558,accuracy_60pct,88.33333333333336,0.7,0.7062801972696148
558,correlation_70pct,81.66666666666667,0.49,0.6340376917841047
558,correlation_60pct,80.33333333333334,0.48,0.5704905633236452
559,accuracy_80pct,92.33333333333334,0.85,0.7715866169932225
559,accuracy_70pct,91.0,0.79,0.7666404173956588
559,accuracy_60pct,85.66666666666669,0.69,0.62944382018411
559,correlation_70pct,87.0,0.62,0.7673925504385042
559,correlation_60pct,79.33333333333334,0.44,0.48589932966786353
560,accuracy_80pct,94.33333333333331,0.88,0.8460176388607348
560,accuracy_70pct,88.66666666666667,0.79,0.6666505479303559
560,accuracy_60pct,84.66666666666667,0.71,0.5247053524793872
560,correlation_70pct,82.66666666666669,0.53,0.5986506163073885
560,correlation_60pct,76.33333333333334,0.37,0.47739877456298263
561,accuracy_80pct,92.66666666666666,0.85,0.7872661121300231
561,accuracy_70pct,88.33333333333333,0.76,0.6437592213148895
561,accuracy_60pct,87.33333333333334,0.72,0.6711376666635254
561,correlation_70pct,81.33333333333334,0.49,0.6276938045105988
561,correlation_60pct,81.66666666666667,0.51,0.5985544157941182
562,accuracy_80pct,94.66666666666667,0.88,0.8223652518617135
562,accuracy_70pct,88.0,0.74,0.674084637773649
562,accuracy_60pct,85.00000000000001,0.7,0.5705234700049557
562,correlation_70pct,83.66666666666669,0.58,0.639951737367568
562,correlation_60pct,77.33333333333334,0.39,0.5245091254528135
563,accuracy_80pct,94.00000000000001,0.87,0.8503706235915971
563,accuracy_70pct,89.0,0.74,0.7290295309601246
563,accuracy_60pct,85.0,0.69,0.5489197841285877
563,correlation_70pct,81.33333333333334,0.51,0.5431736943657642
563,correlation_60pct,77.33333333333334,0.41,0.4890253566963215
564,accuracy_80pct,92.33333333333334,0.84,0.7696402139269873
564,accuracy_70pct,92.33333333333334,0.86,0.7516684223097156
564,accuracy_60pct,84.00000000000001,0.71,0.4443327885730723
564,correlation_70pct,82.0,0.5,0.5874979944631985
564,correlation_60pct,81.00000000000001,0.5,0.6104467126272665
565,accuracy_80pct,94.33333333333333,0.88,0.8590777673097654
565,accuracy_70pct,92.0,0.8,0.8034057254399383
565,accuracy_60pct,86.0,0.71,0.544678424540038
565,correlation_70pct,81.33333333333334,0.46,0.6237591401065573
565,correlation_60pct,79.33333333333333,0.44,0.5603337599368123
566,accuracy_80pct,94.33333333333334,0.89,0.7866651274503823
566,accuracy_70pct,91.33333333333334,0.8,0.6448504134962002
566,accuracy_60pct,87.33333333333334,0.72,0.5484426602321347
566,correlation_70pct,88.00000000000001,0.66,0.685499789649465
566,correlation_60pct,81.33333333333336,0.5,0.579594068522448
567,accuracy_80pct,93.33333333333333,0.85,0.8217203917028488
567,accuracy_70pct,89.66666666666667,0.78,0.7150519802208484
567,accuracy_60pct,86.33333333333334,0.73,0.6010355821112451
567,correlation_70pct,80.66666666666667,0.53,0.5613978492244889
567,correlation_60pct,83.33333333333334,0.55,0.5919419012778617
568,accuracy_80pct,93.0,0.85,0.8348654950947092
568,accuracy_70pct,89.66666666666666,0.76,0.7721010918605102
568,accuracy_60pct,88.00000000000001,0.73,0.7105901571785048
568,correlation_70pct,81.00000000000001,0.5,0.6476218015235197
568,correlation_60pct,78.66666666666667,0.46,0.5469337983628597
569,accuracy_80pct,95.0,0.88,0.8872913180496833
569,accuracy_70pct,90.0,0.77,0.7083262697966628
569,accuracy_60pct,86.99999999999999,0.7,0.6323015595141079
569,correlation_70pct,80.33333333333333,0.5,0.4567494191500984
569,correlation_60pct,79.00000000000001,0.46,0.445435294426097
570,accuracy_80pct,91.33333333333334,0.82,0.7347156990106927
570,accuracy_70pct,88.0,0.73,0.7014022150654886
570,accuracy_60pct,83.0,0.69,0.4588993104291879
570,correlation_70pct,85.00000000000001,0.56,0.7195235713753525
570,correlation_60pct,83.33333333333333,0.53,0.6283443883448179
571,accuracy_80pct,92.33333333333334,0.83,0.7677825698034297
571,accuracy_70pct,91.0,0.81,0.7082491591484886
571,accuracy_60pct,86.66666666666667,0.73,0.5746844708245809
571,correlation_70pct,84.66666666666669,0.6,0.6332806386223105
571,correlation_60pct,79.00000000000003,0.44,0.5033317188652571
572,accuracy_80pct,94.33333333333334,0.86,0.7981944325584122
572,accuracy_70pct,89.0,0.77,0.6531820216679302
572,accuracy_60pct,89.33333333333334,0.75,0.5958536850677364
572,correlation_70pct,86.66666666666667,0.65,0.6360361790925941
572,correlation_60pct,82.0,0.51,0.561249613784739
573,accuracy_80pct,90.66666666666669,0.83,0.7168429333428835
573,accuracy_70pct,89.0,0.77,0.6819951939812184
573,accuracy_60pct,84.33333333333333,0.7,0.5203026119243374
573,correlation_70pct,81.66666666666667,0.52,0.6625374358125673
573,correlation_60pct,79.33333333333334,0.48,0.5371534158185575
574,accuracy_80pct,92.66666666666667,0.86,0.7185761055453254
574,accuracy_70pct,92.33333333333333,0.83,0.762605879036461
574,accuracy_60pct,86.33333333333334,0.7,0.5670453782510115
574,correlation_70pct,80.66666666666667,0.46,0.5512147115160332
574,correlation_60pct,80.66666666666667,0.49,0.5491597363506735
575,accuracy_80pct,95.33333333333333,0.88,0.9058081463465492
575,accuracy_70pct,91.33333333333334,0.81,0.7439290324412394
575,accuracy_60pct,83.66666666666667,0.67,0.4640174188372057
575,correlation_70pct,82.0,0.53,0.5753446004141647
575,correlation_60pct,84.66666666666669,0.61,0.6293105532464156
576,accuracy_80pct,94.0,0.86,0.8226472039598037
576,accuracy_70pct,90.0,0.79,0.6465812427207214
576,accuracy_60pct,86.66666666666669,0.71,0.5734461348446369
576,correlation_70pct,83.66666666666667,0.54,0.6186923821473194
576,correlation_60pct,81.33333333333334,0.52,0.46111400889504034
577,accuracy_80pct,93.0,0.86,0.7716905361592753
577,accuracy_70pct,90.66666666666667,0.78,0.7813208737077606
577,accuracy_60pct,84.33333333333334,0.7,0.5057505803116128
577,correlation_70pct,82.33333333333334,0.54,0.5921019933809032
577,correlation_60pct,75.33333333333333,0.41,0.37055605109529394
578,accuracy_80pct,93.0,0.84,0.8102849902277072
578,accuracy_70pct,89.66666666666666,0.78,0.708223778888938
578,accuracy_60pct,89.00000000000001,0.76,0.6933364149581827
578,correlation_70pct,85.00000000000001,0.57,0.7110652599500075
578,correlation_60pct,77.33333333333334,0.38,0.5167398778759751
579,accuracy_80pct,91.33333333333334,0.83,0.7226174769411394
579,accuracy_70pct,89.66666666666667,0.78,0.723659927524513
579,accuracy_60pct,84.99999999999999,0.71,0.5484725151403257
579,correlation_70pct,82.00000000000001,0.51,0.5798179691416898
579,correlation_60pct,74.33333333333334,0.33,0.4241806727943455
580,accuracy_80pct,93.33333333333334,0.85,0.8042993050241853
580,accuracy_70pct,91.0,0.78,0.76006001151337
580,accuracy_60pct,84.33333333333334,0.67,0.5462250776619042
580,correlation_70pct,79.66666666666669,0.47,0.5595306229829069
580,correlation_60pct,77.66666666666667,0.42,0.5029490146795449
581,accuracy_80pct,94.00000000000001,0.86,0.8712070934832902
581,accuracy_70pct,89.66666666666667,0.79,0.7633819072480514
581,accuracy_60pct,85.33333333333333,0.71,0.6141046614953803
581,correlation_70pct,78.0,0.43,0.5134319820430597
581,correlation_60pct,76.0,0.42,0.4807900307988822
582,accuracy_80pct,93.33333333333334,0.86,0.7873793338219116
582,accuracy_70pct,90.00000000000001,0.79,0.6780718339908319
582,accuracy_60pct,86.0,0.72,0.5276340054852706
582,correlation_70pct,82.66666666666669,0.5,0.6674510871921591
582,correlation_60pct,82.66666666666667,0.56,0.5915184538483524
583,accuracy_80pct,94.66666666666667,0.86,0.8726238037204477
583,accuracy_70pct,89.33333333333333,0.76,0.7240070775732198
583,accuracy_60pct,86.0,0.7,0.6080938553441739
583,correlation_70pct,83.66666666666667,0.54,0.6933795149925388
583,correlation_60pct,80.0,0.49,0.546309979160724
584,accuracy_80pct,91.33333333333333,0.82,0.7840965327458005
584,accuracy_70pct,90.33333333333334,0.81,0.7190945006859919
584,accuracy_60pct,87.33333333333333,0.71,0.6901944980400233
584,correlation_70pct,82.0,0.52,0.6582726260422173
584,correlation_60pct,82.0,0.51,0.6311489018243518
585,accuracy_80pct,93.00000000000001,0.85,0.7891020639778659
585,accuracy_70pct,88.33333333333334,0.77,0.6039124707347947
585,accuracy_60pct,86.33333333333333,0.68,0.574253143589693
585,correlation_70pct,81.33333333333334,0.49,0.5960565283284553
585,correlation_60pct,75.66666666666667,0.4,0.3192056913704382
586,accuracy_80pct,93.0,0.85,0.8345176544730628
586,accuracy_70pct,89.66666666666666,0.79,0.6929869007867531
586,accuracy_60pct,85.33333333333333,0.67,0.640665472202158
586,correlation_70pct,86.00000000000001,0.61,0.7667496778462937
586,correlation_60pct,77.33333333333334,0.44,0.42671324487796713
587,accuracy_80pct,92.33333333333333,0.82,0.8219456835874647
587,accuracy_70pct,89.0,0.79,0.6687819932417521
587,accuracy_60pct,83.33333333333333,0.67,0.5698471289001704
587,correlation_70pct,80.33333333333334,0.45,0.6445794101556814
587,correlation_60pct,75.33333333333334,0.39,0.40709561948204415
588,accuracy_80pct,94.33333333333333,0.87,0.823687916863636
588,accuracy_70pct,91.00000000000001,0.82,0.6995768362200766
588,accuracy_60pct,85.0,0.72,0.44847404062130614
588,correlation_70pct,84.00000000000001,0.55,0.6823173512934381
588,correlation_60pct,78.0,0.43,0.5110778598149287
589,accuracy_80pct,93.33333333333334,0.83,0.8530257787616019
589,accuracy_70pct,89.00000000000001,0.77,0.6622129249854092
589,accuracy_60pct,87.33333333333333,0.73,0.632292598502124
589,correlation_70pct,82.33333333333334,0.52,0.6285252239807866
589,correlation_60pct,79.33333333333334,0.45,0.5330469440484866
590,accuracy_80pct,92.0,0.84,0.7006842080482644
590,accuracy_70pct,92.0,0.83,0.7336574542860876
590,accuracy_60pct,88.00000000000001,0.77,0.5860809414783589
590,correlation_70pct,83.33333333333333,0.54,0.6537726514521003
590,correlation_60pct,77.00000000000001,0.4,0.39859149619535217
591,accuracy_80pct,91.00000000000001,0.83,0.7466098265024723
591,accuracy_70pct,88.0,0.78,0.6691362415972703
591,accuracy_60pct,87.33333333333333,0.77,0.6168035312471327
591,correlation_70pct,80.99999999999999,0.5,0.6412995411332814
591,correlation_60pct,78.33333333333334,0.49,0.5322716684448945
592,accuracy_80pct,92.0,0.83,0.7834094737491883
592,accuracy_70pct,90.66666666666667,0.79,0.7432306954739392
592,accuracy_60pct,86.33333333333334,0.7,0.5555762402685522
592,correlation_70pct,81.66666666666667,0.5,0.6456683329176613
592,correlation_60pct,79.66666666666669,0.47,0.5281962033637493
593,accuracy_80pct,95.33333333333334,0.9,0.8633004187188701
593,accuracy_70pct,91.99999999999999,0.79,0.8365668452852163
593,accuracy_60pct,82.33333333333334,0.72,0.3730213970016468
593,correlation_70pct,83.66666666666669,0.54,0.6500348804526461
593,correlation_60pct,81.33333333333334,0.54,0.5899852134810014
594,accuracy_80pct,90.33333333333334,0.83,0.6578408220633781
594,accuracy_70pct,91.00000000000001,0.8,0.7683175065992146
594,accuracy_60pct,86.33333333333334,0.7,0.6271912881848098
594,correlation_70pct,80.33333333333336,0.48,0.5786387551376675
594,correlation_60pct,77.33333333333334,0.43,0.5100226930261446
595,accuracy_80pct,93.33333333333334,0.85,0.833816172140871
595,accuracy_70pct,87.33333333333334,0.77,0.6082907863547021
595,accuracy_60pct,88.0,0.75,0.6905065739823664
595,correlation_70pct,81.00000000000001,0.47,0.6593861563585063
595,correlation_60pct,79.00000000000001,0.45,0.5384892666977874
596,accuracy_80pct,93.0,0.84,0.7972507035050033
596,accuracy_70pct,94.66666666666667,0.89,0.8074491304623914
596,accuracy_60pct,87.33333333333333,0.74,0.5974542237571402
596,correlation_70pct,85.00000000000001,0.6,0.6044784885563141
596,correlation_60pct,78.66666666666667,0.45,0.41490913321688977
597,accuracy_80pct,94.0,0.87,0.8136159950573156
597,accuracy_70pct,91.0,0.81,0.6837604208969013
597,accuracy_60pct,87.33333333333334,0.72,0.5974360744927213
597,correlation_70pct,82.33333333333334,0.52,0.5190394338579484
597,correlation_60pct,79.33333333333334,0.44,0.4747960450048065
598,accuracy_80pct,94.0,0.84,0.8587663975392905
598,accuracy_70pct,89.66666666666669,0.79,0.6270942119052273
598,accuracy_60pct,88.0,0.75,0.6107415321877301
598,correlation_70pct,83.33333333333334,0.55,0.5883033963069686
598,correlation_60pct,78.66666666666667,0.46,0.5112662730830227
599,accuracy_80pct,92.66666666666667,0.86,0.7523986056932643
599,accuracy_70pct,90.33333333333334,0.79,0.7123199042982397
599,accuracy_60pct,89.33333333333334,0.73,0.7406796232738471
599,correlation_70pct,81.33333333333334,0.48,0.5413534210783284
599,correlation_60pct,80.0,0.5,0.5356172265567137
600,accuracy_80pct,94.33333333333334,0.88,0.8507332715120275
600,accuracy_70pct,91.00000000000001,0.81,0.7961089444306211
600,accuracy_60pct,82.66666666666666,0.65,0.5347516943207105
600,correlation_70pct,81.66666666666669,0.49,0.6716982626086359
600,correlation_60pct,79.00000000000001,0.46,0.499979314834626
601,accuracy_80pct,94.66666666666667,0.85,0.8834705741487294
601,accuracy_70pct,87.33333333333331,0.77,0.5436106158115794
601,accuracy_60pct,87.66666666666666,0.74,0.6017225339860153
601,correlation_70pct,82.33333333333333,0.51,0.5973786515763552
601,correlation_60pct,82.00000000000001,0.53,0.6154749147385843
602,accuracy_80pct,92.66666666666666,0.84,0.8022883400370714
602,accuracy_70pct,91.33333333333333,0.84,0.752397046842241
602,accuracy_60pct,87.99999999999999,0.74,0.7038827005087017
602,correlation_70pct,77.66666666666669,0.46,0.4694442850104965
602,correlation_60pct,77.00000000000001,0.48,0.45722908949240404
603,accuracy_80pct,94.00000000000001,0.86,0.862086124184025
603,accuracy_70pct,89.99999999999999,0.79,0.7412654955371004
603,accuracy_60pct,82.33333333333333,0.68,0.4822751241905468
603,correlation_70pct,76.33333333333334,0.38,0.5455313098642668
603,correlation_60pct,77.33333333333336,0.43,0.5524010400534407
604,accuracy_80pct,90.33333333333333,0.84,0.665577155564429
604,accuracy_70pct,88.33333333333333,0.77,0.6454460313955129
604,accuracy_60pct,84.66666666666667,0.72,0.5243078459717734
604,correlation_70pct,80.66666666666669,0.5,0.5766080158368436
604,correlation_60pct,78.00000000000001,0.44,0.5259474970511296
605,accuracy_80pct,91.33333333333333,0.81,0.7560354470055187
605,accuracy_70pct,89.66666666666667,0.77,0.6819438039002386
605,accuracy_60pct,88.0,0.72,0.661899946477681
605,correlation_70pct,81.66666666666669,0.5,0.6431664626771764
605,correlation_60pct,76.66666666666667,0.41,0.46739335109544766
606,accuracy_80pct,94.66666666666667,0.89,0.8407559277204305
606,accuracy_70pct,88.33333333333334,0.79,0.6096585602190565
606,accuracy_60pct,84.0,0.68,0.5352583285160365
606,correlation_70pct,80.66666666666669,0.49,0.5635713316478681
606,correlation_60pct,80.00000000000001,0.42,0.6208835518822363
607,accuracy_80pct,93.0,0.84,0.7903298715661
607,accuracy_70pct,90.33333333333333,0.8,0.7066755077382821
607,accuracy_60pct,86.66666666666667,0.74,0.5649549998636391
607,correlation_70pct,83.66666666666667,0.56,0.6544672410296432
607,correlation_60pct,79.66666666666669,0.47,0.5331432218732999
608,accuracy_80pct,94.33333333333334,0.87,0.8364010429348723
608,accuracy_70pct,91.0,0.8,0.7213958306700774
608,accuracy_60pct,86.33333333333333,0.7,0.5741640901518268
608,correlation_70pct,81.33333333333334,0.47,0.6586669954509556
608,correlation_60pct,77.00000000000001,0.42,0.3785451322118224
609,accuracy_80pct,94.0,0.84,0.8556833876294904
609,accuracy_70pct,88.00000000000001,0.74,0.6209318238912611
609,accuracy_60pct,87.66666666666667,0.75,0.576237580595075
609,correlation_70pct,81.66666666666669,0.51,0.5893986259301784
609,correlation_60pct,81.00000000000001,0.48,0.5971648460190296
610,accuracy_80pct,92.66666666666667,0.86,0.7987982584264368
610,accuracy_70pct,88.33333333333334,0.77,0.6322132411731127
610,accuracy_60pct,84.66666666666667,0.7,0.5306785028180038
610,correlation_70pct,82.00000000000001,0.53,0.5776006448508879
610,correlation_60pct,81.00000000000001,0.5,0.5383097644705584
611,accuracy_80pct,95.0,0.88,0.8490980994762775
611,accuracy_70pct,89.66666666666667,0.78,0.6732576443880773
611,accuracy_60pct,87.0,0.69,0.6209541996237731
611,correlation_70pct,86.33333333333333,0.63,0.6345988781309636
611,correlation_60pct,77.00000000000001,0.4,0.3605868590145937
612,accuracy_80pct,93.33333333333334,0.86,0.7721835590540408
612,accuracy_70pct,90.66666666666667,0.8,0.7081529051415827
612,accuracy_60pct,86.33333333333333,0.76,0.5215753402248479
612,correlation_70pct,85.33333333333334,0.58,0.6949631535416505
612,correlation_60pct,79.66666666666669,0.48,0.5131196913259515
613,accuracy_80pct,92.66666666666667,0.85,0.7572318663662259
613,accuracy_70pct,89.0,0.78,0.6456138560082071
613,accuracy_60pct,87.0,0.75,0.5370659163239722
613,correlation_70pct,81.66666666666667,0.5,0.6157004082293269
613,correlation_60pct,79.66666666666667,0.46,0.4966820457315066
614,accuracy_80pct,93.33333333333334,0.87,0.7566844572064947
614,accuracy_70pct,88.33333333333333,0.77,0.6084435308296632
614,accuracy_60pct,85.33333333333333,0.68,0.5439462498961762
614,correlation_70pct,81.66666666666669,0.5,0.5193748991466496
614,correlation_60pct,81.66666666666667,0.48,0.5779646145940731
615,accuracy_80pct,90.66666666666666,0.83,0.6931024531537319
615,accuracy_70pct,89.66666666666666,0.82,0.6952955498005285
615,accuracy_60pct,89.33333333333333,0.74,0.7368880927976036
615,correlation_70pct,79.00000000000001,0.47,0.5514015248205466
615,correlation_60pct,78.00000000000001,0.44,0.4790606113665395
616,accuracy_80pct,92.66666666666667,0.85,0.7646548867132879
616,accuracy_70pct,91.33333333333333,0.82,0.7191224364450247
616,accuracy_60pct,87.0,0.74,0.6087006360532218
616,correlation_70pct,85.0,0.6,0.6789296212962915
616,correlation_60pct,76.0,0.41,0.38386384750412594
617,accuracy_80pct,95.00000000000001,0.88,0.8495659436625269
617,accuracy_70pct,92.0,0.81,0.7627012179250966
617,accuracy_60pct,85.33333333333333,0.7,0.5014977636777517
617,correlation_70pct,81.33333333333334,0.5,0.5562515588514158
617,correlation_60pct,78.00000000000001,0.45,0.4514768639634171
618,accuracy_80pct,93.33333333333334,0.86,0.7545198939868798
618,accuracy_70pct,92.0,0.8,0.7496846968078604
618,accuracy_60pct,88.66666666666667,0.74,0.6263037963831325
618,correlation_70pct,80.66666666666667,0.44,0.5590351808799414
618,correlation_60pct,75.66666666666667,0.4,0.36868695375398
619,accuracy_80pct,91.66666666666667,0.84,0.7535263330846746
619,accuracy_70pct,91.33333333333334,0.8,0.7676191428502904
619,accuracy_60pct,85.33333333333334,0.68,0.6234174277000397
619,correlation_70pct,82.66666666666667,0.51,0.6402506606091422
619,correlation_60pct,78.33333333333333,0.47,0.5011332745606987
620,accuracy_80pct,91.33333333333333,0.82,0.7268863478864722
620,accuracy_70pct,89.0,0.79,0.6521864167881763
620,accuracy_60pct,87.66666666666667,0.73,0.647757986453399
620,correlation_70pct,79.0,0.46,0.5384546510334557
620,correlation_60pct,79.00000000000001,0.48,0.5394093923536815
621,accuracy_80pct,93.33333333333334,0.83,0.8302050286916016
621,accuracy_70pct,88.0,0.77,0.6431996434204649
621,accuracy_60pct,88.00000000000001,0.74,0.6722590550880079
621,correlation_70pct,82.33333333333334,0.53,0.6613297808610507
621,correlation_60pct,81.0,0.53,0.5953408481833368
622,accuracy_80pct,92.99999999999999,0.86,0.7826868437773222
622,accuracy_70pct,92.0,0.81,0.7718538722635074
622,accuracy_60pct,88.33333333333334,0.74,0.6741567459355055
622,correlation_70pct,81.00000000000001,0.47,0.5790425528738837
622,correlation_60pct,82.00000000000001,0.54,0.5862301774083892
623,accuracy_80pct,91.33333333333334,0.84,0.6658415329197793
623,accuracy_70pct,91.33333333333333,0.78,0.789549157539651
623,accuracy_60pct,88.0,0.72,0.5724750122846717
623,correlation_70pct,83.66666666666669,0.53,0.6507622871128841
623,correlation_60pct,81.33333333333334,0.53,0.5501650483564616
624,accuracy_80pct,93.66666666666667,0.86,0.8608246587394319
624,accuracy_70pct,89.66666666666669,0.78,0.7421993814507457
624,accuracy_60pct,86.33333333333334,0.74,0.6877978381269025
624,correlation_70pct,81.33333333333336,0.48,0.6758687583114149
624,correlation_60pct,73.33333333333334,0.35,0.42454318279746966
625,accuracy_80pct,91.00000000000001,0.82,0.7470372497754896
625,accuracy_70pct,90.00000000000001,0.76,0.7359925528637286
625,accuracy_60pct,88.00000000000001,0.71,0.697707719514805
625,correlation_70pct,83.33333333333333,0.55,0.6015484993716692
625,correlation_60pct,85.00000000000001,0.61,0.6358155399199208
626,accuracy_80pct,93.0,0.85,0.7593304446505681
626,accuracy_70pct,90.00000000000001,0.79,0.6677786394142936
626,accuracy_60pct,86.33333333333331,0.73,0.5111336558480347
626,correlation_70pct,86.0,0.6,0.7487371345219793
626,correlation_60pct,78.00000000000001,0.41,0.5035933972340201
627,accuracy_80pct,91.0,0.82,0.7549705477058518
627,accuracy_70pct,89.33333333333333,0.8,0.6749412280477918
627,accuracy_60pct,85.0,0.7,0.5618253123650582
627,correlation_70pct,81.00000000000001,0.48,0.624987360632463
627,correlation_60pct,79.33333333333334,0.46,0.564124081301878
628,accuracy_80pct,94.66666666666667,0.87,0.8595594369157201
628,accuracy_70pct,90.0,0.78,0.7088066578228024
628,accuracy_60pct,85.33333333333334,0.71,0.5275108775012758
628,correlation_70pct,80.33333333333336,0.48,0.6127812932052709
628,correlation_60pct,78.66666666666669,0.45,0.5528044623489401
629,accuracy_80pct,91.66666666666667,0.84,0.6811949682701884
629,accuracy_70pct,90.66666666666667,0.82,0.668630873402679
629,accuracy_60pct,85.33333333333334,0.69,0.5178006291317168
629,correlation_70pct,81.33333333333333,0.48,0.5003129796922295
629,correlation_60pct,80.00000000000003,0.42,0.5315202761635311
630,accuracy_80pct,93.33333333333333,0.88,0.7971931257789255
630,accuracy_70pct,91.66666666666667,0.81,0.766135872496974
630,accuracy_60pct,82.33333333333333,0.68,0.3924934952399072
630,correlation_70pct,84.66666666666666,0.61,0.6301237634212773
630,correlation_60pct,78.33333333333334,0.44,0.5137557588049574
631,accuracy_80pct,93.33333333333334,0.86,0.7921707079166478
631,accuracy_70pct,93.0,0.84,0.811218004941726
631,accuracy_60pct,87.33333333333333,0.73,0.5482432370856
631,correlation_70pct,83.0,0.52,0.6314690925321438
631,correlation_60pct,77.66666666666669,0.43,0.4946825713590376
632,accuracy_80pct,93.66666666666667,0.84,0.8388758814267772
632,accuracy_70pct,87.33333333333334,0.74,0.5960683802857626
632,accuracy_60pct,89.0,0.74,0.6574287824609458
632,correlation_70pct,83.00000000000001,0.53,0.659311095744051
632,correlation_60pct,77.33333333333336,0.42,0.433556963541565
633,accuracy_80pct,91.66666666666667,0.82,0.8169347683572662
633,accuracy_70pct,89.66666666666667,0.76,0.76113614922359
633,accuracy_60pct,83.0,0.67,0.4908492437229734
633,correlation_70pct,77.33333333333334,0.41,0.5846106440223077
633,correlation_60pct,75.33333333333334,0.34,0.50941785948475
634,accuracy_80pct,93.66666666666667,0.85,0.8316819965835821
634,accuracy_70pct,91.0,0.79,0.7621473317595737
634,accuracy_60pct,88.66666666666667,0.75,0.6516998562014797
634,correlation_70pct,83.33333333333334,0.53,0.6890389505151233
634,correlation_60pct,78.66666666666667,0.46,0.4122675717355682
635,accuracy_80pct,92.0,0.86,0.6914358471441171
635,accuracy_70pct,90.33333333333334,0.78,0.6950564041880154
635,accuracy_60pct,88.66666666666667,0.74,0.6666123241437033
635,correlation_70pct,87.0,0.64,0.7222737396182615
635,correlation_60pct,78.00000000000001,0.4,0.4908102174614836
636,accuracy_80pct,90.33333333333334,0.83,0.7195567781008153
636,accuracy_70pct,87.33333333333334,0.75,0.6600128674970838
636,accuracy_60pct,86.66666666666667,0.72,0.6315680916065857
636,correlation_70pct,79.33333333333336,0.45,0.5510283754075982
636,correlation_60pct,81.00000000000001,0.5,0.5893121630699528
637,accuracy_80pct,93.33333333333334,0.85,0.8415405994382449
637,accuracy_70pct,92.33333333333334,0.83,0.80833668454836
637,accuracy_60pct,88.0,0.75,0.6629774234866996
637,correlation_70pct,80.66666666666667,0.52,0.5316716832669794
637,correlation_60pct,80.00000000000001,0.46,0.6217708984591616
638,accuracy_80pct,92.33333333333333,0.85,0.7556986027715936
638,accuracy_70pct,90.66666666666666,0.8,0.7224188357748953
638,accuracy_60pct,86.33333333333333,0.71,0.6067205000844357
638,correlation_70pct,81.33333333333333,0.52,0.5458074359195583
638,correlation_60pct,80.0,0.49,0.4987915176620284
639,accuracy_80pct,92.66666666666667,0.86,0.7854591849908685
639,accuracy_70pct,89.0,0.77,0.6605768088223548
639,accuracy_60pct,85.66666666666669,0.7,0.5895965088210804
639,correlation_70pct,83.33333333333334,0.52,0.6439184802986427
639,correlation_60pct,79.33333333333336,0.46,0.546033510467696
640,accuracy_80pct,90.33333333333333,0.84,0.6735105387323234
640,accuracy_70pct,90.66666666666667,0.81,0.7206120425240574
640,accuracy_60pct,84.0,0.65,0.5702669108437344
640,correlation_70pct,80.33333333333336,0.46,0.6006252990464657
640,correlation_60pct,76.33333333333334,0.43,0.4394124854184413
641,accuracy_80pct,93.33333333333334,0.86,0.7878865844962425
641,accuracy_70pct,89.66666666666667,0.78,0.6835331825772615
641,accuracy_60pct,85.33333333333334,0.68,0.5853109425873405
641,correlation_70pct,80.00000000000001,0.46,0.588790287960796
641,correlation_60pct,78.00000000000001,0.4,0.4420645849879716
642,accuracy_80pct,92.66666666666667,0.86,0.7794927634040314
642,accuracy_70pct,87.0,0.75,0.5565465159117918
642,accuracy_60pct,87.33333333333334,0.73,0.6692569241769264
642,correlation_70pct,79.00000000000001,0.46,0.5475340863341877
642,correlation_60pct,82.0,0.54,0.6189692225636957
643,accuracy_80pct,94.66666666666667,0.86,0.8351057981703466
643,accuracy_70pct,91.66666666666667,0.83,0.7313510571533647
643,accuracy_60pct,89.00000000000001,0.74,0.6911587074744303
643,correlation_70pct,86.33333333333333,0.6,0.759475242622113
643,correlation_60pct,80.33333333333334,0.49,0.4972327104605624
644,accuracy_80pct,94.33333333333334,0.87,0.853866898945769
644,accuracy_70pct,89.33333333333334,0.77,0.7134925994827778
644,accuracy_60pct,87.66666666666667,0.73,0.65510625402796
644,correlation_70pct,79.66666666666669,0.46,0.5357891708241608
644,correlation_60pct,79.66666666666667,0.47,0.5937695688694147
645,accuracy_80pct,94.33333333333334,0.89,0.8337779516361326
645,accuracy_70pct,88.33333333333334,0.81,0.6479231827682602
645,accuracy_60pct,81.66666666666667,0.66,0.4967469594872329
645,correlation_70pct,80.33333333333334,0.46,0.6434460638837806
645,correlation_60pct,72.00000000000001,0.28,0.3930779294232882
646,accuracy_80pct,93.0,0.86,0.7866435949515693
646,accuracy_70pct,93.66666666666669,0.83,0.872802744997423
646,accuracy_60pct,87.0,0.7,0.6855777235406999
646,correlation_70pct,83.0,0.54,0.6248860642761651
646,correlation_60pct,80.33333333333334,0.51,0.6033119904325236
647,accuracy_80pct,92.33333333333334,0.85,0.7320720646655041
647,accuracy_70pct,92.33333333333334,0.79,0.8045815666392152
647,accuracy_60pct,86.66666666666667,0.71,0.6223263817263419
647,correlation_70pct,80.66666666666669,0.48,0.5608517360824631
647,correlation_60pct,78.33333333333334,0.47,0.47860996213184115
648,accuracy_80pct,93.33333333333334,0.84,0.8574494249162542
648,accuracy_70pct,88.33333333333333,0.77,0.6537832276677288
648,accuracy_60pct,87.33333333333334,0.73,0.6191067260251667
648,correlation_70pct,84.00000000000003,0.57,0.6927111989946366
648,correlation_60pct,78.00000000000001,0.44,0.4237641301697551
649,accuracy_80pct,93.33333333333334,0.85,0.7727432454168126
649,accuracy_70pct,88.0,0.79,0.5158054195857004
649,accuracy_60pct,87.0,0.72,0.5511750445760935
649,correlation_70pct,84.66666666666667,0.58,0.5924482890105002
649,correlation_60pct,81.0,0.48,0.5478871086299
650,accuracy_80pct,89.66666666666667,0.82,0.6263397121347407
650,accuracy_70pct,91.66666666666667,0.81,0.7373457933316735
650,accuracy_60pct,84.66666666666667,0.69,0.5479160824683786
650,correlation_70pct,84.00000000000001,0.57,0.6602629830407196
650,correlation_60pct,82.6666666666667,0.55,0.5843993365779695
651,accuracy_80pct,94.0,0.87,0.8349657352479757
651,accuracy_70pct,91.33333333333333,0.79,0.7887190214770456
651,accuracy_60pct,86.00000000000001,0.72,0.5790011401736729
651,correlation_70pct,79.33333333333334,0.43,0.5788269812048397
651,correlation_60pct,79.66666666666667,0.49,0.4692848050133995
652,accuracy_80pct,94.33333333333334,0.87,0.8421998958420822
652,accuracy_70pct,88.33333333333334,0.76,0.6046633883793829
652,accuracy_60pct,89.66666666666669,0.77,0.6460296547969221
652,correlation_70pct,84.33333333333334,0.55,0.6638334339040788
652,correlation_60pct,78.33333333333336,0.42,0.4231400199494804
653,accuracy_80pct,93.0,0.85,0.8403544911093637
653,accuracy_70pct,86.66666666666667,0.75,0.5765174309881035
653,accuracy_60pct,86.66666666666667,0.72,0.6277818379181358
653,correlation_70pct,79.33333333333334,0.49,0.5197441128231376
653,correlation_60pct,77.00000000000001,0.41,0.520257286433268
654,accuracy_80pct,93.33333333333334,0.87,0.7963923162361274
654,accuracy_70pct,90.66666666666667,0.76,0.7858347594692792
654,accuracy_60pct,86.33333333333333,0.72,0.637443786830109
654,correlation_70pct,80.00000000000001,0.5,0.5380428648225164
654,correlation_60pct,77.33333333333334,0.42,0.5011530313054322
655,accuracy_80pct,94.00000000000001,0.88,0.8358296002514554
655,accuracy_70pct,88.0,0.76,0.6678103338340567
655,accuracy_60pct,82.66666666666666,0.65,0.5375425054947132
655,correlation_70pct,80.00000000000001,0.46,0.5944230226730631
655,correlation_60pct,78.00000000000001,0.42,0.5419346430362707
656,accuracy_80pct,91.66666666666667,0.83,0.7525583696606096
656,accuracy_70pct,91.33333333333334,0.81,0.736426496328591
656,accuracy_60pct,86.33333333333334,0.75,0.5614823704736263
656,correlation_70pct,82.0,0.5,0.6618484423785168
656,correlation_60pct,77.66666666666667,0.41,0.455709397258831
657,accuracy_80pct,92.66666666666667,0.85,0.7603516540082536
657,accuracy_70pct,89.00000000000001,0.77,0.6084281163440691
657,accuracy_60pct,83.0,0.66,0.4549667313095336
657,correlation_70pct,85.66666666666669,0.59,0.6647195470772683
657,correlation_60pct,81.66666666666667,0.52,0.5551725260293843
658,accuracy_80pct,94.0,0.83,0.8614497407605017
658,accuracy_70pct,89.0,0.77,0.6653885740289768
658,accuracy_60pct,86.0,0.73,0.5653265237742974
658,correlation_70pct,82.66666666666667,0.51,0.6242281840173018
658,correlation_60pct,82.00000000000001,0.49,0.6574960183287156
659,accuracy_80pct,92.33333333333334,0.85,0.765648460966124
659,accuracy_70pct,90.0,0.78,0.7162052357436938
659,accuracy_60pct,91.00000000000001,0.78,0.7861446455557489
659,correlation_70pct,81.33333333333333,0.48,0.595551606724221
659,correlation_60pct,75.66666666666669,0.37,0.47821692319786163
660,accuracy_80pct,93.66666666666667,0.85,0.861957548590816
660,accuracy_70pct,90.33333333333334,0.76,0.8038649213960168
660,accuracy_60pct,90.0,0.74,0.7749445232069069
660,correlation_70pct,81.66666666666667,0.49,0.6452226716808176
660,correlation_60pct,79.66666666666667,0.49,0.5354134810587842
661,accuracy_80pct,95.0,0.88,0.863150814789548
661,accuracy_70pct,92.0,0.81,0.7725793765549064
661,accuracy_60pct,83.33333333333334,0.67,0.49127558362391993
661,correlation_70pct,81.33333333333333,0.47,0.5503402697747894
661,correlation_60pct,77.66666666666669,0.45,0.41426925517613095
662,accuracy_80pct,93.0,0.87,0.7927830748111832
662,accuracy_70pct,87.33333333333334,0.79,0.6057582179276266
662,accuracy_60pct,87.33333333333334,0.75,0.6270272731433465
662,correlation_70pct,80.0,0.48,0.5983999226580936
662,correlation_60pct,74.66666666666669,0.36,0.45225265102891493
663,accuracy_80pct,93.0,0.86,0.7919959883380882
663,accuracy_70pct,89.66666666666666,0.78,0.6715336931105955
663,accuracy_60pct,84.66666666666667,0.68,0.5386206898868693
663,correlation_70pct,80.33333333333334,0.44,0.6283136008365202
663,correlation_60pct,81.00000000000001,0.45,0.6343481723182997
664,accuracy_80pct,94.0,0.87,0.795971195443326
664,accuracy_70pct,91.33333333333333,0.79,0.756469670803884
664,accuracy_60pct,90.66666666666667,0.79,0.6633555443928342
664,correlation_70pct,79.66666666666667,0.46,0.5588364021015777
664,correlation_60pct,78.33333333333334,0.43,0.5178527233338639
665,accuracy_80pct,94.0,0.85,0.8455286092723954
665,accuracy_70pct,90.00000000000001,0.81,0.6439856942319979
665,accuracy_60pct,84.33333333333334,0.69,0.4825474094708589
665,correlation_70pct,81.66666666666667,0.48,0.6355824891331439
665,correlation_60pct,85.0,0.57,0.6866578594036562
666,accuracy_80pct,94.66666666666667,0.88,0.8500866191337956
666,accuracy_70pct,86.0,0.76,0.5153401260662942
666,accuracy_60pct,84.33333333333333,0.68,0.5760606121884335
666,correlation_70pct,83.33333333333333,0.55,0.6744571784339582
666,correlation_60pct,81.00000000000001,0.5,0.5776016088365498
667,accuracy_80pct,93.33333333333334,0.87,0.8218285562474207
667,accuracy_70pct,89.66666666666667,0.77,0.7984175050567359
667,accuracy_60pct,87.0,0.72,0.6573400178698386
667,correlation_70pct,79.0,0.48,0.5787572622371191
667,correlation_60pct,73.66666666666669,0.39,0.4101773059257048
668,accuracy_80pct,91.66666666666667,0.85,0.7381421614349503
668,accuracy_70pct,92.66666666666666,0.84,0.8216153858509583
668,accuracy_60pct,84.66666666666667,0.7,0.5521574683731458
668,correlation_70pct,84.0,0.57,0.6322297057789629
668,correlation_60pct,74.0,0.36,0.4090599538224639
669,accuracy_80pct,94.0,0.85,0.836189006295106
669,accuracy_70pct,89.0,0.75,0.6621611672789738
669,accuracy_60pct,85.0,0.68,0.4755777369731122
669,correlation_70pct,83.66666666666669,0.55,0.681269219408427
669,correlation_60pct,78.33333333333336,0.44,0.42620341816068835
670,accuracy_80pct,92.99999999999999,0.84,0.8199170973412273
670,accuracy_70pct,90.00000000000001,0.77,0.7456206410857779
670,accuracy_60pct,88.00000000000001,0.69,0.7436783382137117
670,correlation_70pct,81.66666666666667,0.53,0.5964318148604768
670,correlation_60pct,79.66666666666667,0.5,0.513435426609484
671,accuracy_80pct,95.33333333333334,0.88,0.8921611484804643
671,accuracy_70pct,89.33333333333334,0.76,0.7101062787880426
671,accuracy_60pct,85.33333333333333,0.68,0.5643642829334403
671,correlation_70pct,82.33333333333334,0.5,0.6401870445073823
671,correlation_60pct,75.33333333333333,0.36,0.4272436233357782
672,accuracy_80pct,93.33333333333334,0.87,0.8473035220120662
672,accuracy_70pct,90.0,0.81,0.7542334925997275
672,accuracy_60pct,83.33333333333333,0.71,0.5698091641174312
672,correlation_70pct,81.0,0.48,0.7003194426242961
672,correlation_60pct,77.66666666666667,0.43,0.5896282816921502
673,accuracy_80pct,92.00000000000001,0.85,0.784269373549449
673,accuracy_70pct,91.33333333333333,0.83,0.7236560818950378
673,accuracy_60pct,86.33333333333334,0.74,0.6041133066590639
673,correlation_70pct,81.33333333333334,0.51,0.6147417232516249
673,correlation_60pct,82.0,0.51,0.6828466328933679
674,accuracy_80pct,92.33333333333334,0.87,0.7292651020926365
674,accuracy_70pct,90.66666666666667,0.83,0.6661218994435022
674,accuracy_60pct,87.0,0.72,0.6566147051103252
674,correlation_70pct,82.33333333333334,0.5,0.651563843177078
674,correlation_60pct,78.00000000000001,0.46,0.40664219102513116
675,accuracy_80pct,92.0,0.83,0.7665030711794033
675,accuracy_70pct,91.33333333333334,0.83,0.717896614646618
675,accuracy_60pct,86.66666666666667,0.71,0.5710793208024273
675,correlation_70pct,81.00000000000001,0.48,0.6159150470255472
675,correlation_60pct,79.33333333333334,0.47,0.4817805674780501
676,accuracy_80pct,92.33333333333333,0.85,0.7747141183331442
676,accuracy_70pct,89.66666666666667,0.75,0.7619752459904655
676,accuracy_60pct,88.00000000000001,0.75,0.665100626318228
676,correlation_70pct,77.33333333333336,0.42,0.5662416046392941
676,correlation_60pct,78.66666666666667,0.44,0.5418352686210997
677,accuracy_80pct,92.66666666666667,0.86,0.7655922408758985
677,accuracy_70pct,90.33333333333334,0.78,0.6800461945996805
677,accuracy_60pct,84.66666666666667,0.7,0.5519490395785667
677,correlation_70pct,83.66666666666667,0.53,0.6530176290600999
677,correlation_60pct,79.6666666666667,0.46,0.4822485437603674
678,accuracy_80pct,94.00000000000001,0.87,0.8138881846044093
678,accuracy_70pct,89.33333333333333,0.77,0.6720401080020382
678,accuracy_60pct,84.66666666666667,0.71,0.46453425564325174
678,correlation_70pct,82.00000000000001,0.5,0.6090875288815845
678,correlation_60pct,79.0,0.44,0.5463826741467921
679,accuracy_80pct,91.66666666666666,0.84,0.7301539252305337
679,accuracy_70pct,89.66666666666667,0.78,0.6753055349576933
679,accuracy_60pct,87.0,0.74,0.6074806640300241
679,correlation_70pct,81.66666666666667,0.47,0.6714841275320144
679,correlation_60pct,82.33333333333334,0.52,0.6627934543594328
680,accuracy_80pct,92.66666666666667,0.85,0.8007355580699645
680,accuracy_70pct,88.0,0.77,0.674953502228831
680,accuracy_60pct,83.33333333333334,0.71,0.4926657683516047
680,correlation_70pct,84.00000000000001,0.56,0.701276534441696
680,correlation_60pct,75.00000000000003,0.34,0.45217934013131666
681,accuracy_80pct,94.33333333333334,0.87,0.8508689760895862
681,accuracy_70pct,91.33333333333334,0.8,0.7493207063259004
681,accuracy_60pct,87.0,0.72,0.6093823301226704
681,correlation_70pct,82.66666666666667,0.54,0.6065612538950922
681,correlation_60pct,79.00000000000001,0.43,0.5976824400035281
682,accuracy_80pct,91.66666666666667,0.84,0.752613510892827
682,accuracy_70pct,88.66666666666667,0.76,0.7039702551191764
682,accuracy_60pct,83.33333333333334,0.67,0.4856184047160989
682,correlation_70pct,83.00000000000001,0.53,0.661785187398267
682,correlation_60pct,78.66666666666667,0.48,0.4646785018236617
683,accuracy_80pct,92.33333333333334,0.85,0.7312890933055579
683,accuracy_70pct,89.66666666666667,0.77,0.6910555125529132
683,accuracy_60pct,84.66666666666667,0.69,0.4348705712409315
683,correlation_70pct,86.0,0.59,0.7475870693298229
683,correlation_60pct,82.66666666666667,0.52,0.6493734460416114
684,accuracy_80pct,90.33333333333334,0.81,0.6881741993414269
684,accuracy_70pct,91.33333333333333,0.81,0.7412940451396229
684,accuracy_60pct,89.33333333333333,0.75,0.6921254802815102
684,correlation_70pct,84.33333333333334,0.54,0.738837078907932
684,correlation_60pct,76.0,0.41,0.4049818130094541
685,accuracy_80pct,91.33333333333334,0.84,0.7475345434585305
685,accuracy_70pct,87.33333333333334,0.77,0.5562648011311262
685,accuracy_60pct,86.66666666666667,0.73,0.6133317711018743
685,correlation_70pct,82.66666666666669,0.53,0.6370266797212679
685,correlation_60pct,78.33333333333333,0.41,0.5748948514617651
686,accuracy_80pct,91.99999999999999,0.84,0.7400615314475483
686,accuracy_70pct,91.33333333333334,0.82,0.7021106441768686
686,accuracy_60pct,88.0,0.76,0.6166938874584595
686,correlation_70pct,85.0,0.58,0.6924482643107741
686,correlation_60pct,78.33333333333334,0.43,0.4868903753519919
687,accuracy_80pct,92.33333333333333,0.86,0.7492640568496085
687,accuracy_70pct,91.66666666666669,0.81,0.7902902618801975
687,accuracy_60pct,88.00000000000001,0.73,0.6591379164122333
687,correlation_70pct,82.33333333333336,0.51,0.6180528644178326
687,correlation_60pct,76.66666666666666,0.4,0.4526392518821525
688,accuracy_80pct,94.66666666666667,0.87,0.7986659856808545
688,accuracy_70pct,89.00000000000001,0.77,0.5824668945295838
688,accuracy_60pct,86.0,0.68,0.5322355942763434
688,correlation_70pct,81.0,0.5,0.6119154726684742
688,correlation_60pct,76.00000000000001,0.38,0.3478769554127429
689,accuracy_80pct,94.00000000000001,0.87,0.8109767861409035
689,accuracy_70pct,91.0,0.8,0.7468522558769431
689,accuracy_60pct,86.33333333333334,0.71,0.6294066436932988
689,correlation_70pct,82.33333333333333,0.53,0.5676022358683068
689,correlation_60pct,75.66666666666669,0.37,0.41321634725683215
690,accuracy_80pct,92.0,0.84,0.7921178920757473
690,accuracy_70pct,88.33333333333334,0.73,0.7248919638832448
690,accuracy_60pct,85.00000000000001,0.71,0.5451692174910495
690,correlation_70pct,82.66666666666667,0.53,0.64192133335612
690,correlation_60pct,80.33333333333333,0.49,0.5863188491706933
691,accuracy_80pct,93.66666666666667,0.86,0.8004578613965645
691,accuracy_70pct,90.33333333333334,0.81,0.694082239569731
691,accuracy_60pct,88.33333333333334,0.75,0.6719436519705275
691,correlation_70pct,79.66666666666669,0.43,0.6024848587699847
691,correlation_60pct,78.00000000000001,0.41,0.505529631740699
692,accuracy_80pct,92.0,0.85,0.7613322388274314
692,accuracy_70pct,92.0,0.82,0.7782229212931908
692,accuracy_60pct,85.33333333333334,0.71,0.5571209857262758
692,correlation_70pct,80.33333333333336,0.45,0.5760273222622508
692,correlation_60pct,79.66666666666667,0.48,0.44990537474286313
693,accuracy_80pct,91.99999999999999,0.84,0.7823623064688735
693,accuracy_70pct,88.0,0.76,0.6577172541286477
693,accuracy_60pct,86.0,0.71,0.6388145347310841
693,correlation_70pct,83.00000000000001,0.52,0.6594712918297175
693,correlation_60pct,78.33333333333334,0.42,0.5438444143083279
694,accuracy_80pct,94.33333333333333,0.88,0.8053304449212728
694,accuracy_70pct,89.0,0.79,0.5863349632656061
694,accuracy_60pct,87.33333333333336,0.71,0.6187284250436358
694,correlation_70pct,78.66666666666669,0.43,0.4796292461995243
694,correlation_60pct,82.00000000000001,0.51,0.6523968711136099
695,accuracy_80pct,94.33333333333334,0.89,0.7731581798510555
695,accuracy_70pct,92.0,0.8,0.7824394823550997
695,accuracy_60pct,87.33333333333334,0.73,0.5785408836036197
695,correlation_70pct,82.0,0.52,0.5618966295828957
695,correlation_60pct,79.00000000000001,0.43,0.5046116008708996
696,accuracy_80pct,92.00000000000001,0.85,0.7499381443207863
696,accuracy_70pct,89.33333333333334,0.79,0.6714803994540123
696,accuracy_60pct,85.33333333333333,0.7,0.5502092923128373
696,correlation_70pct,82.00000000000001,0.49,0.6635443229846235
696,correlation_60pct,77.33333333333334,0.43,0.4601065780973193
697,accuracy_80pct,94.0,0.86,0.8395920214836889
697,accuracy_70pct,90.33333333333333,0.77,0.773275069663884
697,accuracy_60pct,86.66666666666667,0.69,0.6204606603066878
697,correlation_70pct,81.66666666666667,0.49,0.6373429524496899
697,correlation_60pct,77.66666666666669,0.43,0.4321820462482546
698,accuracy_80pct,93.00000000000001,0.85,0.7962043292134572
698,accuracy_70pct,91.33333333333334,0.79,0.7826692559986069
698,accuracy_60pct,88.33333333333334,0.76,0.6775829153901177
698,correlation_70pct,77.33333333333334,0.41,0.46896403874241
698,correlation_60pct,80.66666666666669,0.5,0.557631439163575
699,accuracy_80pct,93.66666666666667,0.85,0.8495135200492276
699,accuracy_70pct,90.66666666666667,0.82,0.7070547961597933
699,accuracy_60pct,85.66666666666666,0.68,0.6372790624429923
699,correlation_70pct,80.00000000000001,0.47,0.5784825792688373
699,correlation_60pct,77.00000000000001,0.4,0.48694926560642804
700,accuracy_80pct,94.0,0.87,0.7972182006534665
700,accuracy_70pct,89.33333333333333,0.77,0.6555816299672044
700,accuracy_60pct,88.00000000000001,0.73,0.5926093943693996
700,correlation_70pct,83.33333333333334,0.52,0.627902017929858
700,correlation_60pct,81.33333333333334,0.49,0.5392720554712122
701,accuracy_80pct,93.66666666666666,0.85,0.8420087791877996
701,accuracy_70pct,93.33333333333334,0.84,0.8104905037020083
701,accuracy_60pct,87.66666666666667,0.75,0.665016934553536
701,correlation_70pct,83.66666666666669,0.55,0.6395568064914106
701,correlation_60pct,75.33333333333334,0.41,0.3317048141296023
702,accuracy_80pct,92.66666666666667,0.83,0.8071592798251732
702,accuracy_70pct,90.0,0.78,0.7467324799478798
702,accuracy_60pct,87.33333333333334,0.74,0.6195984164853022
702,correlation_70pct,81.66666666666667,0.52,0.6159714655015268
702,correlation_60pct,78.66666666666666,0.47,0.4694423322109632
703,accuracy_80pct,93.66666666666667,0.86,0.804538777193635
703,accuracy_70pct,89.0,0.76,0.6585376416281411
703,accuracy_60pct,86.33333333333334,0.7,0.6076018922553642
703,correlation_70pct,79.66666666666667,0.43,0.5731121839068851
703,correlation_60pct,81.66666666666667,0.53,0.5057522228652895
704,accuracy_80pct,92.66666666666667,0.84,0.8116353812318609
704,accuracy_70pct,91.00000000000001,0.81,0.7503831734730115
704,accuracy_60pct,83.66666666666667,0.65,0.5639824985313062
704,correlation_70pct,83.99999999999999,0.56,0.6648062558352418
704,correlation_60pct,78.00000000000001,0.42,0.4650221395919598
705,accuracy_80pct,93.33333333333334,0.85,0.8103341569911606
705,accuracy_70pct,91.0,0.79,0.7343555725758575
705,accuracy_60pct,87.0,0.73,0.605477354560852
705,correlation_70pct,82.66666666666666,0.53,0.5860750617916893
705,correlation_60pct,78.66666666666667,0.45,0.46890498750579795
706,accuracy_80pct,94.0,0.86,0.8517104841295425
706,accuracy_70pct,88.66666666666666,0.74,0.707145054466539
706,accuracy_60pct,84.66666666666667,0.68,0.5868432899496138
706,correlation_70pct,78.00000000000001,0.4,0.612605643062515
706,correlation_60pct,76.33333333333334,0.41,0.5180334969389501
707,accuracy_80pct,91.33333333333333,0.83,0.744667778981635
707,accuracy_70pct,87.00000000000001,0.74,0.6106848589710967
707,accuracy_60pct,84.66666666666667,0.67,0.5893995475751421
707,correlation_70pct,82.00000000000003,0.48,0.6270454793501846
707,correlation_60pct,80.66666666666666,0.47,0.5521596101868508
708,accuracy_80pct,95.33333333333334,0.91,0.821695778398753
708,accuracy_70pct,90.66666666666667,0.8,0.7321974750962992
708,accuracy_60pct,88.00000000000001,0.71,0.6525517959515861
708,correlation_70pct,82.33333333333336,0.51,0.6284431832160454
708,correlation_60pct,80.33333333333333,0.45,0.5390657010401959
709,accuracy_80pct,94.0,0.86,0.856634325861492
709,accuracy_70pct,91.0,0.79,0.7396137969080124
709,accuracy_60pct,83.0,0.69,0.3937822236672611
709,correlation_70pct,83.00000000000001,0.52,0.6432387319354171
709,correlation_60pct,80.66666666666667,0.49,0.5411173824926238
710,accuracy_80pct,91.0,0.83,0.6915364818006635
710,accuracy_70pct,88.0,0.77,0.5977044503261023
710,accuracy_60pct,90.00000000000001,0.77,0.7252489846364463
710,correlation_70pct,85.66666666666669,0.58,0.7031842270548176
710,correlation_60pct,81.33333333333334,0.51,0.5700441060018488
711,accuracy_80pct,94.33333333333334,0.88,0.832180356276888
711,accuracy_70pct,91.33333333333334,0.8,0.7513409539409267
711,accuracy_60pct,87.33333333333334,0.75,0.5590691574498604
711,correlation_70pct,85.33333333333334,0.61,0.7269378758242188
711,correlation_60pct,80.00000000000001,0.47,0.5322492559470762
712,accuracy_80pct,94.0,0.87,0.813380187613326
712,accuracy_70pct,90.66666666666667,0.81,0.7163508711574289
712,accuracy_60pct,86.99999999999999,0.73,0.6220679606892855
712,correlation_70pct,83.0,0.55,0.6208188814386651
712,correlation_60pct,76.33333333333334,0.4,0.44496064830609056
713,accuracy_80pct,93.66666666666666,0.87,0.7932457463235408
713,accuracy_70pct,92.66666666666667,0.81,0.816717238788025
713,accuracy_60pct,89.33333333333334,0.75,0.6789386993864215
713,correlation_70pct,81.0,0.48,0.5728362215206451
713,correlation_60pct,80.00000000000001,0.46,0.5472530961232782
714,accuracy_80pct,94.0,0.83,0.8625772684596167
714,accuracy_70pct,88.33333333333333,0.77,0.6279724849226794
714,accuracy_60pct,88.66666666666669,0.73,0.6866813980409049
714,correlation_70pct,80.33333333333334,0.46,0.6018748186988613
714,correlation_60pct,76.66666666666667,0.43,0.39262460550253947
715,accuracy_80pct,91.33333333333334,0.82,0.7171452873167953
715,accuracy_70pct,91.33333333333334,0.8,0.7635795028147485
715,accuracy_60pct,84.66666666666666,0.76,0.44844610489759346
715,correlation_70pct,81.00000000000001,0.47,0.6204965187260946
715,correlation_60pct,72.66666666666669,0.33,0.36550648473173497
716,accuracy_80pct,93.0,0.88,0.7674609544399581
716,accuracy_70pct,89.0,0.81,0.6248193982852627
716,accuracy_60pct,87.66666666666666,0.75,0.6396604379767442
716,correlation_70pct,81.0,0.5,0.5872231527845921
716,correlation_60pct,78.33333333333334,0.41,0.5424400188023851
717,accuracy_80pct,92.33333333333333,0.83,0.8037503430875744
717,accuracy_70pct,89.0,0.77,0.6826579538765546
717,accuracy_60pct,85.66666666666666,0.71,0.5975189589001574
717,correlation_70pct,82.00000000000001,0.54,0.5950890751598262
717,correlation_60pct,81.33333333333334,0.49,0.6497457667812194
718,accuracy_80pct,90.33333333333334,0.83,0.6934764985971122
718,accuracy_70pct,88.33333333333333,0.76,0.6737087637828769
718,accuracy_60pct,86.00000000000001,0.72,0.5946638372068999
718,correlation_70pct,81.0,0.52,0.645948494514673
718,correlation_60pct,78.66666666666669,0.42,0.5802621333772889
719,accuracy_80pct,94.33333333333334,0.87,0.8569887616551753
719,accuracy_70pct,90.0,0.8,0.6936275201760056
719,accuracy_60pct,86.0,0.71,0.5812006351442
719,correlation_70pct,80.33333333333334,0.46,0.5540825909791803
719,correlation_60pct,74.66666666666669,0.38,0.3496092903001465
720,accuracy_80pct,92.66666666666667,0.86,0.7877104406216675
720,accuracy_70pct,87.33333333333333,0.75,0.6386724512393681
720,accuracy_60pct,83.33333333333333,0.68,0.5053131649713647
720,correlation_70pct,80.00000000000001,0.48,0.5904191436948322
720,correlation_60pct,76.66666666666666,0.43,0.4160600435017231
721,accuracy_80pct,94.66666666666667,0.85,0.836140003718461
721,accuracy_70pct,89.00000000000001,0.76,0.6225643425576795
721,accuracy_60pct,86.66666666666667,0.72,0.4932570655777302
721,correlation_70pct,81.33333333333334,0.47,0.5256883613117636
721,correlation_60pct,79.33333333333334,0.43,0.5051739849313365
722,accuracy_80pct,93.66666666666667,0.86,0.8255597224459106
722,accuracy_70pct,89.33333333333334,0.78,0.6839690910891005
722,accuracy_60pct,88.66666666666667,0.73,0.6514529261381714
722,correlation_70pct,80.33333333333334,0.45,0.6035227966836578
722,correlation_60pct,78.0,0.42,0.5053874915404045
723,accuracy_80pct,92.66666666666667,0.87,0.7339167882068623
723,accuracy_70pct,89.66666666666669,0.78,0.7123478786553358
723,accuracy_60pct,89.00000000000003,0.75,0.6800379141910865
723,correlation_70pct,80.33333333333334,0.47,0.6200257594791414
723,correlation_60pct,76.66666666666667,0.42,0.45779593252124456
724,accuracy_80pct,92.66666666666667,0.84,0.8129386056258547
724,accuracy_70pct,86.66666666666667,0.73,0.6103367282966253
724,accuracy_60pct,86.66666666666667,0.73,0.6317966271946839
724,correlation_70pct,86.33333333333334,0.6,0.7725691446947288
724,correlation_60pct,83.33333333333334,0.55,0.6890658163939436
725,accuracy_80pct,93.66666666666667,0.87,0.8059835795655667
725,accuracy_70pct,88.0,0.74,0.6490438500920427
725,accuracy_60pct,86.33333333333334,0.71,0.526329787041561
725,correlation_70pct,84.33333333333336,0.53,0.6950287179761004
725,correlation_60pct,83.33333333333334,0.56,0.6140618600411588
726,accuracy_80pct,94.66666666666667,0.89,0.8385023648816663
726,accuracy_70pct,90.66666666666667,0.81,0.7424502319334149
726,accuracy_60pct,84.33333333333334,0.7,0.5784538051975728
726,correlation_70pct,82.66666666666667,0.56,0.605182765568268
726,correlation_60pct,75.66666666666667,0.45,0.47037280737834036
727,accuracy_80pct,93.0,0.86,0.7693270593090964
727,accuracy_70pct,90.66666666666667,0.8,0.7001981980561898
727,accuracy_60pct,86.00000000000001,0.71,0.5934937099757669
727,correlation_70pct,82.33333333333334,0.51,0.5901378760347117
727,correlation_60pct,81.00000000000001,0.53,0.5675378968254176
728,accuracy_80pct,95.0,0.88,0.8238255626767729
728,accuracy_70pct,93.00000000000001,0.82,0.8153324238720403
728,accuracy_60pct,88.66666666666667,0.74,0.6176284785440124
728,correlation_70pct,82.00000000000001,0.51,0.540290922777274
728,correlation_60pct,77.66666666666667,0.4,0.5010936864849157
729,accuracy_80pct,96.0,0.91,0.8953262896771534
729,accuracy_70pct,92.0,0.82,0.7866743004264445
729,accuracy_60pct,82.66666666666667,0.71,0.38460332424500393
729,correlation_70pct,79.0,0.43,0.5796079615774197
729,correlation_60pct,75.33333333333336,0.37,0.44434571432587944
730,accuracy_80pct,93.0,0.88,0.7747881503761579
730,accuracy_70pct,88.33333333333334,0.76,0.6086760612028472
730,accuracy_60pct,85.33333333333333,0.68,0.6190148371051385
730,correlation_70pct,81.66666666666669,0.53,0.5553039185224918
730,correlation_60pct,75.6666666666667,0.39,0.40235544060640727
731,accuracy_80pct,93.66666666666667,0.86,0.788181506581911
731,accuracy_70pct,89.00000000000001,0.76,0.6364646592680275
731,accuracy_60pct,86.66666666666667,0.69,0.6215257576384798
731,correlation_70pct,81.0,0.47,0.6245781038874454
731,correlation_60pct,80.0,0.47,0.6233726673673349
732,accuracy_80pct,93.33333333333334,0.84,0.8183006534333129
732,accuracy_70pct,90.00000000000001,0.81,0.6735461445559876
732,accuracy_60pct,85.33333333333333,0.69,0.5605255862126385
732,correlation_70pct,79.00000000000001,0.43,0.5281378390857784
732,correlation_60pct,78.00000000000001,0.42,0.49173441096381026
733,accuracy_80pct,95.33333333333334,0.89,0.9002096047125542
733,accuracy_70pct,87.33333333333334,0.73,0.6229625229460952
733,accuracy_60pct,85.0,0.68,0.538988485326238
733,correlation_70pct,78.66666666666667,0.44,0.49730514769942336
733,correlation_60pct,80.66666666666667,0.5,0.6067715774184259
734,accuracy_80pct,95.33333333333333,0.88,0.8957606963728885
734,accuracy_70pct,89.66666666666667,0.76,0.7112911304893287
734,accuracy_60pct,84.66666666666667,0.7,0.43283886445930475
734,correlation_70pct,83.00000000000001,0.56,0.601654523204338
734,correlation_60pct,81.33333333333334,0.5,0.6062558721181743
735,accuracy_80pct,90.33333333333333,0.8,0.7467892265415992
735,accuracy_70pct,91.0,0.8,0.7879314554413765
735,accuracy_60pct,85.66666666666669,0.7,0.6322413399608371
735,correlation_70pct,79.33333333333334,0.48,0.5736184329262902
735,correlation_60pct,79.66666666666669,0.46,0.5983581889008113
736,accuracy_80pct,91.66666666666667,0.86,0.7350270259150613
736,accuracy_70pct,91.00000000000001,0.79,0.7952056645890625
736,accuracy_60pct,83.66666666666667,0.68,0.4809547697482401
736,correlation_70pct,83.66666666666667,0.57,0.6408353386067922
736,correlation_60pct,77.33333333333334,0.47,0.4595253427609261
737,accuracy_80pct,92.33333333333334,0.85,0.8137180166784612
737,accuracy_70pct,90.33333333333334,0.8,0.7640028520690523
737,accuracy_60pct,84.66666666666669,0.72,0.5454268364995654
737,correlation_70pct,79.6666666666667,0.46,0.6257816930125384
737,correlation_60pct,79.33333333333334,0.45,0.6054719190462037
738,accuracy_80pct,94.33333333333333,0.86,0.8743675914589816
738,accuracy_70pct,89.66666666666666,0.75,0.7514990954137747
738,accuracy_60pct,87.00000000000001,0.74,0.6443534609499401
738,correlation_70pct,80.33333333333333,0.48,0.6316972120569534
738,correlation_60pct,79.33333333333334,0.49,0.5193959902782146
739,accuracy_80pct,94.0,0.87,0.8271465272665628
739,accuracy_70pct,89.66666666666667,0.79,0.7147688961255112
739,accuracy_60pct,86.33333333333334,0.7,0.6236619947625277
739,correlation_70pct,83.00000000000001,0.54,0.6333899197421665
739,correlation_60pct,80.33333333333334,0.53,0.5268425582865868
740,accuracy_80pct,94.0,0.87,0.7744293159171278
740,accuracy_70pct,92.33333333333336,0.83,0.7302053284199836
740,accuracy_60pct,88.0,0.75,0.5775031606596106
740,correlation_70pct,80.00000000000001,0.44,0.5477937529321223
740,correlation_60pct,78.66666666666667,0.42,0.47191250343525665
741,accuracy_80pct,95.00000000000001,0.88,0.8659223657333072
741,accuracy_70pct,89.66666666666667,0.8,0.6708821274401113
741,accuracy_60pct,87.33333333333333,0.71,0.6567179381503478
741,correlation_70pct,81.33333333333333,0.51,0.5680467484658407
741,correlation_60pct,79.00000000000001,0.43,0.49638732053742773
742,accuracy_80pct,91.66666666666667,0.84,0.7455898837757522
742,accuracy_70pct,88.33333333333333,0.78,0.5754349666622657
742,accuracy_60pct,87.0,0.72,0.6601065906884122
742,correlation_70pct,78.66666666666669,0.46,0.5016893994717567
742,correlation_60pct,80.66666666666667,0.5,0.5384502483531886
743,accuracy_80pct,92.0,0.83,0.7973082662111443
743,accuracy_70pct,88.33333333333334,0.76,0.6841148896637477
743,accuracy_60pct,87.0,0.71,0.6600816910874457
743,correlation_70pct,80.33333333333334,0.43,0.5939007980498672
743,correlation_60pct,78.66666666666669,0.47,0.49985069832889045
744,accuracy_80pct,92.0,0.84,0.781131055561432
744,accuracy_70pct,89.66666666666667,0.79,0.7273664434374383
744,accuracy_60pct,84.66666666666669,0.71,0.577005336468827
744,correlation_70pct,81.66666666666669,0.47,0.6649541963094162
744,correlation_60pct,78.0,0.46,0.5499680978476246
745,accuracy_80pct,94.66666666666667,0.87,0.8317031903423492
745,accuracy_70pct,90.33333333333334,0.8,0.6405981401818436
745,accuracy_60pct,86.66666666666667,0.72,0.5846023782021083
745,correlation_70pct,83.33333333333334,0.52,0.579099675660149
745,correlation_60pct,82.33333333333334,0.5,0.6256354365530419
746,accuracy_80pct,94.33333333333333,0.88,0.8383308252856903
746,accuracy_70pct,88.66666666666669,0.78,0.6840630387417204
746,accuracy_60pct,84.33333333333334,0.67,0.603266719195697
746,correlation_70pct,84.33333333333333,0.55,0.7080349094227132
746,correlation_60pct,77.66666666666669,0.42,0.5193677158821145
747,accuracy_80pct,92.66666666666667,0.85,0.7866717825638064
747,accuracy_70pct,91.66666666666666,0.83,0.7859640175360668
747,accuracy_60pct,87.0,0.71,0.6517407372894523
747,correlation_70pct,79.33333333333334,0.44,0.573023049471689
747,correlation_60pct,78.00000000000003,0.45,0.4795201121627013
748,accuracy_80pct,94.66666666666666,0.87,0.8454084083544344
748,accuracy_70pct,88.33333333333334,0.77,0.5851845424263564
748,accuracy_60pct,87.33333333333334,0.73,0.5395491354532209
748,correlation_70pct,80.33333333333334,0.5,0.4636962997614434
748,correlation_60pct,81.33333333333334,0.52,0.48134068746985476
749,accuracy_80pct,93.33333333333333,0.86,0.8118627930068185
749,accuracy_70pct,89.33333333333333,0.79,0.6682137876484651
749,accuracy_60pct,87.0,0.74,0.6274772272153857
749,correlation_70pct,82.33333333333334,0.53,0.6541721912693287
749,correlation_60pct,79.66666666666667,0.48,0.5138190473867159
750,accuracy_80pct,91.66666666666667,0.84,0.7589742055221931
750,accuracy_70pct,90.33333333333334,0.78,0.7503207877096065
750,accuracy_60pct,86.66666666666667,0.71,0.6044411500717184
750,correlation_70pct,82.00000000000001,0.53,0.6593872875478969
750,correlation_60pct,78.33333333333333,0.44,0.5082987676462836
751,accuracy_80pct,93.0,0.86,0.8019956182476293
751,accuracy_70pct,89.66666666666667,0.78,0.7294692824764577
751,accuracy_60pct,86.66666666666667,0.72,0.643925731614952
751,correlation_70pct,83.99999999999999,0.55,0.6796346211835057
751,correlation_60pct,78.00000000000001,0.43,0.5206859851756019
752,accuracy_80pct,93.66666666666666,0.84,0.8454315163469123
752,accuracy_70pct,88.66666666666667,0.8,0.6176907941366043
752,accuracy_60pct,87.33333333333333,0.72,0.6636528652146785
752,correlation_70pct,78.33333333333334,0.38,0.5643524047555656
752,correlation_60pct,80.33333333333334,0.47,0.592320056708735
753,accuracy_80pct,95.0,0.89,0.8380961870896764
753,accuracy_70pct,90.66666666666667,0.83,0.6637760823273449
753,accuracy_60pct,87.0,0.73,0.564719445922392
753,correlation_70pct,84.33333333333334,0.57,0.6301229975794264
753,correlation_60pct,77.33333333333336,0.38,0.4686788249235866
754,accuracy_80pct,93.66666666666667,0.87,0.8247539324003252
754,accuracy_70pct,87.33333333333334,0.78,0.4999813923664787
754,accuracy_60pct,85.66666666666667,0.71,0.5391589034019834
754,correlation_70pct,80.00000000000001,0.44,0.5902882615129843
754,correlation_60pct,83.66666666666669,0.55,0.6364309168750767
755,accuracy_80pct,93.0,0.85,0.8199373987971752
755,accuracy_70pct,91.0,0.8,0.7939342162997006
755,accuracy_60pct,83.0,0.65,0.5587836447631487
755,correlation_70pct,78.66666666666669,0.43,0.5743100657740323
755,correlation_60pct,76.66666666666667,0.45,0.4283749528921312
756,accuracy_80pct,92.00000000000001,0.84,0.7536065483872306
756,accuracy_70pct,89.66666666666667,0.8,0.6873719890038084
756,accuracy_60pct,86.33333333333334,0.7,0.6204698235438209
756,correlation_70pct,79.33333333333334,0.48,0.5524896625949335
756,correlation_60pct,79.0,0.44,0.5155035969562822
757,accuracy_80pct,93.0,0.83,0.8128571509105186
757,accuracy_70pct,90.66666666666667,0.77,0.76048052929945
757,accuracy_60pct,85.00000000000001,0.71,0.5475406212729409
757,correlation_70pct,81.0,0.47,0.5935221166009049
757,correlation_60pct,77.00000000000001,0.4,0.4459181972302671
758,accuracy_80pct,94.33333333333334,0.91,0.7843899537960167
758,accuracy_70pct,89.66666666666667,0.79,0.6876418048899591
758,accuracy_60pct,87.0,0.71,0.6169272287192141
758,correlation_70pct,83.33333333333334,0.54,0.6290398598118695
758,correlation_60pct,80.33333333333336,0.48,0.5163780344827262
759,accuracy_80pct,92.66666666666667,0.83,0.7899061303972291
759,accuracy_70pct,92.66666666666667,0.85,0.7775543090397359
759,accuracy_60pct,82.33333333333334,0.67,0.46647108659809633
759,correlation_70pct,81.66666666666667,0.53,0.6193567523951151
759,correlation_60pct,78.33333333333334,0.41,0.5294314109380318
760,accuracy_80pct,91.33333333333334,0.84,0.709991820475623
760,accuracy_70pct,93.33333333333333,0.83,0.8405716226816506
760,accuracy_60pct,83.66666666666667,0.68,0.5470747273413229
760,correlation_70pct,79.66666666666669,0.42,0.6167776575727211
760,correlation_60pct,80.00000000000001,0.45,0.6119763223854077
761,accuracy_80pct,94.00000000000001,0.87,0.8233852651685867
761,accuracy_70pct,92.66666666666667,0.85,0.7990008563614022
761,accuracy_60pct,86.0,0.72,0.5610341042477628
761,correlation_70pct,81.00000000000001,0.49,0.523621242622361
761,correlation_60pct,79.66666666666667,0.48,0.5265092858294326
762,accuracy_80pct,93.33333333333334,0.87,0.787624069360895
762,accuracy_70pct,90.33333333333333,0.76,0.747740201724329
762,accuracy_60pct,87.66666666666666,0.71,0.6754085397728183
762,correlation_70pct,76.66666666666669,0.37,0.49065215589439437
762,correlation_60pct,81.66666666666667,0.5,0.6001638022737288
763,accuracy_80pct,93.66666666666667,0.86,0.8195744953504852
763,accuracy_70pct,92.00000000000001,0.81,0.8202317353290605
763,accuracy_60pct,87.00000000000001,0.7,0.6915150664431097
763,correlation_70pct,80.33333333333336,0.46,0.5751271047168826
763,correlation_60pct,80.66666666666669,0.51,0.5443964713863371
764,accuracy_80pct,92.00000000000001,0.84,0.7051048773262916
764,accuracy_70pct,89.66666666666667,0.8,0.6681290252867221
764,accuracy_60pct,87.33333333333333,0.72,0.6270443740768497
764,correlation_70pct,84.66666666666667,0.59,0.6101211868685793
764,correlation_60pct,79.99999999999999,0.49,0.5013405445695154
765,accuracy_80pct,95.0,0.88,0.8679970953143816
765,accuracy_70pct,88.33333333333334,0.75,0.6321708220121618
765,accuracy_60pct,86.33333333333334,0.71,0.5746811307013071
765,correlation_70pct,81.00000000000003,0.51,0.5245508634972329
765,correlation_60pct,82.0,0.53,0.5477159203567671
766,accuracy_80pct,94.0,0.88,0.8062365916776648
766,accuracy_70pct,90.33333333333334,0.78,0.7635798272019829
766,accuracy_60pct,85.66666666666667,0.7,0.6015358323724399
766,correlation_70pct,83.0,0.52,0.6588408032274423
766,correlation_60pct,77.33333333333336,0.47,0.4026651052654152
767,accuracy_80pct,93.0,0.84,0.805870519998423
767,accuracy_70pct,88.66666666666667,0.78,0.6536128897405605
767,accuracy_60pct,86.00000000000001,0.72,0.5871135551416508
767,correlation_70pct,85.66666666666669,0.59,0.7498032261775085
767,correlation_60pct,77.33333333333334,0.41,0.4991689526755961
768,accuracy_80pct,94.66666666666667,0.86,0.8457386689878335
768,accuracy_70pct,84.66666666666667,0.72,0.4727019553937183
768,accuracy_60pct,87.33333333333333,0.75,0.5634255523691463
768,correlation_70pct,84.0,0.58,0.5578764197518397
768,correlation_60pct,78.33333333333336,0.42,0.4355659527862807
769,accuracy_80pct,92.33333333333334,0.85,0.7958753997023744
769,accuracy_70pct,89.66666666666667,0.78,0.7275708312258441
769,accuracy_60pct,87.0,0.73,0.6351651480072737
769,correlation_70pct,82.00000000000001,0.55,0.5786859335225125
769,correlation_60pct,80.66666666666667,0.49,0.5745347435073866
770,accuracy_80pct,94.00000000000001,0.87,0.8610490664618912
770,accuracy_70pct,89.0,0.78,0.677280621050659
770,accuracy_60pct,89.33333333333334,0.72,0.7624386664474286
770,correlation_70pct,83.33333333333333,0.55,0.6423984568475621
770,correlation_60pct,80.33333333333334,0.47,0.6157366946346176
771,accuracy_80pct,96.0,0.88,0.9085197493918996
771,accuracy_70pct,91.33333333333334,0.78,0.7908079447054482
771,accuracy_60pct,86.00000000000001,0.72,0.5241845828269431
771,correlation_70pct,82.33333333333334,0.51,0.6159322132259722
771,correlation_60pct,80.00000000000001,0.44,0.5373720200288361
772,accuracy_80pct,94.00000000000001,0.86,0.8812863046868001
772,accuracy_70pct,85.00000000000001,0.72,0.5940593243319829
772,accuracy_60pct,86.66666666666667,0.76,0.6125152387983045
772,correlation_70pct,80.33333333333334,0.46,0.5902767527216756
772,correlation_60pct,74.66666666666669,0.4,0.4186471041187557
773,accuracy_80pct,92.66666666666667,0.83,0.8120324648026295
773,accuracy_70pct,91.0,0.81,0.7212902595892021
773,accuracy_60pct,88.00000000000001,0.74,0.675650294840924
773,correlation_70pct,83.00000000000001,0.55,0.6133535915184887
773,correlation_60pct,78.33333333333334,0.46,0.5225563603474397
774,accuracy_80pct,93.33333333333333,0.84,0.8536677199827886
774,accuracy_70pct,89.66666666666667,0.79,0.6765427499917086
774,accuracy_60pct,85.66666666666667,0.71,0.5720880903532766
774,correlation_70pct,81.0,0.49,0.5897301001532068
774,correlation_60pct,78.66666666666669,0.42,0.6405741080779841
775,accuracy_80pct,92.0,0.84,0.7798652603628041
775,accuracy_70pct,89.33333333333334,0.73,0.7211046244804914
775,accuracy_60pct,83.66666666666667,0.66,0.544013159601914
775,correlation_70pct,83.66666666666667,0.56,0.6201439763830905
775,correlation_60pct,80.33333333333334,0.52,0.5285439481468662
776,accuracy_80pct,94.33333333333333,0.86,0.8363545134082999
776,accuracy_70pct,88.66666666666667,0.76,0.6013660382600255
776,accuracy_60pct,89.66666666666667,0.77,0.704382699142881
776,correlation_70pct,78.33333333333336,0.43,0.4641453891690073
776,correlation_60pct,82.33333333333334,0.51,0.5632122684168067
777,accuracy_80pct,94.33333333333334,0.89,0.7983469743836719
777,accuracy_70pct,91.0,0.8,0.767023209265467
777,accuracy_60pct,85.66666666666667,0.7,0.5961428959756514
777,correlation_70pct,81.00000000000001,0.48,0.5988103358071867
777,correlation_60pct,84.33333333333333,0.59,0.6228907559085118
778,accuracy_80pct,93.0,0.85,0.828354425204886
778,accuracy_70pct,89.0,0.78,0.6915614540564445
778,accuracy_60pct,84.33333333333333,0.7,0.581314807623068
778,correlation_70pct,79.66666666666666,0.51,0.5164106248827308
778,correlation_60pct,79.00000000000001,0.46,0.49895453257237266
779,accuracy_80pct,92.66666666666667,0.87,0.7513055360143885
779,accuracy_70pct,91.0,0.82,0.7053363362821036
779,accuracy_60pct,86.33333333333334,0.74,0.5549156543444218
779,correlation_70pct,79.00000000000003,0.42,0.6235158017916363
779,correlation_60pct,80.00000000000001,0.47,0.5412885631301145
780,accuracy_80pct,93.66666666666667,0.87,0.7951722064539974
780,accuracy_70pct,88.66666666666667,0.77,0.6741043629982293
780,accuracy_60pct,83.66666666666667,0.68,0.5117522015894513
780,correlation_70pct,83.00000000000001,0.53,0.6107610172615597
780,correlation_60pct,78.33333333333334,0.44,0.494903685893131
781,accuracy_80pct,92.66666666666667,0.84,0.7773146115235894
781,accuracy_70pct,91.66666666666667,0.8,0.7809003475957158
781,accuracy_60pct,86.0,0.7,0.5805896413543348
781,correlation_70pct,81.66666666666667,0.47,0.6100252267627664
781,correlation_60pct,78.66666666666669,0.45,0.38646333761479373
782,accuracy_80pct,95.0,0.89,0.8251847594802412
782,accuracy_70pct,92.0,0.84,0.7440369685928019
782,accuracy_60pct,86.66666666666667,0.71,0.5957462751723434
782,correlation_70pct,82.33333333333334,0.52,0.6523216813250462
782,correlation_60pct,77.33333333333334,0.39,0.4477548751578609
783,accuracy_80pct,93.33333333333333,0.85,0.837846112319636
783,accuracy_70pct,87.99999999999999,0.78,0.6289852508853607
783,accuracy_60pct,87.66666666666667,0.72,0.6833950636738566
783,correlation_70pct,80.33333333333334,0.46,0.634856148510914
783,correlation_60pct,77.00000000000003,0.42,0.5397102752411708
784,accuracy_80pct,93.66666666666667,0.87,0.7844771886441825
784,accuracy_70pct,89.00000000000001,0.77,0.6700403943695147
784,accuracy_60pct,88.66666666666667,0.78,0.645749448197445
784,correlation_70pct,82.33333333333334,0.48,0.6726838794216478
784,correlation_60pct,78.66666666666669,0.43,0.5154011844286744
785,accuracy_80pct,92.33333333333334,0.85,0.7482672321750844
785,accuracy_70pct,88.66666666666666,0.77,0.6578141627838774
785,accuracy_60pct,89.33333333333333,0.77,0.6665880422521095
785,correlation_70pct,82.0,0.51,0.5993769939493675
785,correlation_60pct,77.66666666666669,0.42,0.5058993969836287
786,accuracy_80pct,92.66666666666666,0.87,0.7523933329997502
786,accuracy_70pct,88.66666666666667,0.79,0.624137211357067
786,accuracy_60pct,85.33333333333333,0.71,0.5920752179896066
786,correlation_70pct,81.66666666666667,0.5,0.6506979916565534
786,correlation_60pct,80.00000000000001,0.48,0.5403698822515197
787,accuracy_80pct,93.33333333333333,0.85,0.834756120965357
787,accuracy_70pct,87.66666666666667,0.76,0.6297130981542475
787,accuracy_60pct,84.33333333333334,0.7,0.50970014860241
787,correlation_70pct,80.66666666666669,0.48,0.5748592949856058
787,correlation_60pct,80.33333333333334,0.47,0.6038884933700728
788,accuracy_80pct,94.0,0.85,0.8321740025730586
788,accuracy_70pct,87.00000000000001,0.78,0.5044988557639529
788,accuracy_60pct,88.0,0.69,0.694992802653687
788,correlation_70pct,85.33333333333336,0.59,0.7289304005970699
788,correlation_60pct,81.66666666666667,0.51,0.5810815876101293
789,accuracy_80pct,92.33333333333333,0.85,0.7458010162611103
789,accuracy_70pct,89.0,0.75,0.6823398248870127
789,accuracy_60pct,86.0,0.71,0.5871950820757048
789,correlation_70pct,80.66666666666666,0.47,0.5576436235876483
789,correlation_60pct,79.66666666666669,0.5,0.46611643171576145
790,accuracy_80pct,94.33333333333333,0.88,0.8661372972073595
790,accuracy_70pct,89.0,0.74,0.7155774061734208
790,accuracy_60pct,89.33333333333334,0.75,0.7023400406255131
790,correlation_70pct,83.66666666666667,0.57,0.6247156189116547
790,correlation_60pct,76.00000000000003,0.44,0.4174523433442214
791,accuracy_80pct,92.33333333333333,0.83,0.7736860215579339
791,accuracy_70pct,92.33333333333333,0.81,0.7963373105465097
791,accuracy_60pct,87.66666666666667,0.75,0.5828251396570313
791,correlation_70pct,80.33333333333334,0.48,0.4905889794696906
791,correlation_60pct,79.33333333333333,0.46,0.525419678891419
792,accuracy_80pct,95.33333333333334,0.91,0.8824168416923628
792,accuracy_70pct,89.99999999999999,0.76,0.7564401355658715
792,accuracy_60pct,86.66666666666666,0.72,0.6779902095597125
792,correlation_70pct,82.66666666666667,0.51,0.6886531390390068
792,correlation_60pct,80.33333333333336,0.5,0.5466461690256226
793,accuracy_80pct,94.00000000000001,0.86,0.8668298838786229
793,accuracy_70pct,88.33333333333334,0.77,0.6684360939157786
793,accuracy_60pct,84.66666666666667,0.68,0.5753548862968892
793,correlation_70pct,82.00000000000001,0.49,0.6535906238108514
793,correlation_60pct,84.0,0.57,0.6779511146825871
794,accuracy_80pct,91.66666666666667,0.83,0.756763417067288
794,accuracy_70pct,87.33333333333334,0.79,0.5366466179907808
794,accuracy_60pct,84.33333333333334,0.67,0.5209226898477483
794,correlation_70pct,80.66666666666667,0.48,0.5442530462704938
794,correlation_60pct,80.66666666666667,0.47,0.575811116668573
795,accuracy_80pct,93.33333333333334,0.86,0.7319893015593596
795,accuracy_70pct,92.66666666666669,0.82,0.8139925604779458
795,accuracy_60pct,87.33333333333334,0.72,0.5668857320767683
795,correlation_70pct,85.33333333333333,0.56,0.7062607650011969
795,correlation_60pct,79.33333333333336,0.47,0.3925631917461127
796,accuracy_80pct,93.0,0.87,0.80207518066286
796,accuracy_70pct,90.33333333333333,0.78,0.7438567168387025
796,accuracy_60pct,86.0,0.72,0.6048184897080947
796,correlation_70pct,78.33333333333333,0.45,0.4630579528396904
796,correlation_60pct,81.00000000000001,0.5,0.5930707939269056
797,accuracy_80pct,93.33333333333334,0.87,0.8321443857431358
797,accuracy_70pct,90.0,0.77,0.7759263676938688
797,accuracy_60pct,84.33333333333334,0.72,0.5455285475944908
797,correlation_70pct,84.0,0.53,0.743856048572534
797,correlation_60pct,78.66666666666669,0.44,0.5518928614947138
798,accuracy_80pct,92.66666666666666,0.85,0.7912084818604943
798,accuracy_70pct,90.0,0.79,0.7269081411829957
798,accuracy_60pct,83.0,0.67,0.47599128436035
798,correlation_70pct,79.66666666666667,0.42,0.6318679910467165
798,correlation_60pct,78.00000000000003,0.43,0.4958789961418041
799,accuracy_80pct,93.0,0.84,0.7549705829336855
799,accuracy_70pct,90.66666666666667,0.79,0.6983080497924613
799,accuracy_60pct,85.0,0.68,0.5073309945790049
799,correlation_70pct,80.33333333333334,0.47,0.5138207944379889
799,correlation_60pct,80.66666666666667,0.48,0.5734597311818317
800,accuracy_80pct,91.66666666666667,0.85,0.6950784110998329
800,accuracy_70pct,91.0,0.81,0.7212745372718715
800,accuracy_60pct,88.33333333333333,0.75,0.646277932365344
800,correlation_70pct,81.66666666666667,0.5,0.576956252911274
800,correlation_60pct,75.33333333333333,0.39,0.5067938472680954
801,accuracy_80pct,94.33333333333333,0.88,0.8231490745597132
801,accuracy_70pct,89.33333333333333,0.79,0.6571328952196472
801,accuracy_60pct,88.33333333333334,0.73,0.632470096020939
801,correlation_70pct,85.00000000000001,0.61,0.6380855268705601
801,correlation_60pct,80.00000000000001,0.46,0.5011831793728627
802,accuracy_80pct,93.33333333333333,0.85,0.8102302613239312
802,accuracy_70pct,88.66666666666666,0.79,0.6765940074192115
802,accuracy_60pct,86.0,0.71,0.5753423069987317
802,correlation_70pct,81.0,0.49,0.5708533701799804
802,correlation_60pct,80.0,0.43,0.5916621275416273
803,accuracy_80pct,92.0,0.83,0.7632909017229803
803,accuracy_70pct,88.33333333333333,0.76,0.6667667032842509
803,accuracy_60pct,87.66666666666667,0.74,0.6533504989267864
803,correlation_70pct,80.00000000000001,0.44,0.6427419476381441
803,correlation_60pct,78.66666666666667,0.48,0.5317062382821722
804,accuracy_80pct,93.66666666666667,0.86,0.8327727780691764
804,accuracy_70pct,90.66666666666667,0.79,0.7500247060589098
804,accuracy_60pct,89.00000000000001,0.78,0.633988602512617
804,correlation_70pct,80.66666666666669,0.47,0.584565078927991
804,correlation_60pct,81.00000000000001,0.53,0.5225408433572144
805,accuracy_80pct,92.66666666666666,0.86,0.7365547905094891
805,accuracy_70pct,92.33333333333334,0.83,0.767588380682709
805,accuracy_60pct,89.33333333333333,0.73,0.7064307638970423
805,correlation_70pct,80.0,0.47,0.5051837498915621
805,correlation_60pct,80.66666666666667,0.5,0.4836520029739558
806,accuracy_80pct,94.66666666666667,0.89,0.8101580227356769
806,accuracy_70pct,89.66666666666666,0.77,0.6784584283897334
806,accuracy_60pct,85.66666666666666,0.72,0.5093777474559262
806,correlation_70pct,82.00000000000001,0.51,0.6090215712112897
806,correlation_60pct,81.33333333333333,0.52,0.5426991137359051
807,accuracy_80pct,93.33333333333334,0.85,0.8221559109232002
807,accuracy_70pct,89.66666666666666,0.78,0.6756049643221675
807,accuracy_60pct,85.66666666666667,0.72,0.5122414070951915
807,correlation_70pct,79.0,0.46,0.4589625984052276
807,correlation_60pct,81.33333333333334,0.49,0.5535862866649953
808,accuracy_80pct,93.66666666666667,0.87,0.850037988672927
808,accuracy_70pct,91.0,0.83,0.7224619298988989
808,accuracy_60pct,85.66666666666666,0.71,0.6092638371050558
808,correlation_70pct,78.00000000000001,0.44,0.5597614542617548
808,correlation_60pct,77.66666666666667,0.42,0.4976351054367858
809,accuracy_80pct,94.66666666666667,0.87,0.8923624128674491
809,accuracy_70pct,89.66666666666666,0.78,0.7668305225950028
809,accuracy_60pct,83.66666666666669,0.7,0.5088463410702592
809,correlation_70pct,83.0,0.57,0.6639859094263684
809,correlation_60pct,74.66666666666669,0.38,0.5197384201656686
810,accuracy_80pct,93.0,0.85,0.7933856314298807
810,accuracy_70pct,91.0,0.78,0.7347246391926909
810,accuracy_60pct,87.66666666666669,0.73,0.6092358943018825
810,correlation_70pct,83.00000000000001,0.5,0.6779755516520464
810,correlation_60pct,76.66666666666669,0.38,0.4253072026822401
811,accuracy_80pct,90.33333333333334,0.84,0.6877094870657509
811,accuracy_70pct,89.66666666666667,0.79,0.6673768385340173
811,accuracy_60pct,86.66666666666669,0.7,0.6695845635174223
811,correlation_70pct,84.33333333333334,0.55,0.7187349836525581
811,correlation_60pct,79.0,0.5,0.44666794872490106
812,accuracy_80pct,93.33333333333334,0.85,0.7890438917185885
812,accuracy_70pct,90.66666666666667,0.78,0.7552463546073883
812,accuracy_60pct,86.00000000000001,0.69,0.5436556910763666
812,correlation_70pct,81.66666666666669,0.5,0.5855668538986488
812,correlation_60pct,78.00000000000001,0.43,0.4811992705856882
813,accuracy_80pct,93.66666666666667,0.87,0.7601191454596928
813,accuracy_70pct,91.33333333333334,0.81,0.7474233194207615
813,accuracy_60pct,86.00000000000001,0.71,0.5362732502086969
813,correlation_70pct,83.33333333333334,0.56,0.5531912706764729
813,correlation_60pct,80.66666666666669,0.51,0.45939552378744175
814,accuracy_80pct,94.66666666666667,0.89,0.8034196714503598
814,accuracy_70pct,89.00000000000001,0.77,0.5635247169548055
814,accuracy_60pct,88.33333333333334,0.74,0.6222769541094637
814,correlation_70pct,82.66666666666667,0.56,0.5477644273161101
814,correlation_60pct,80.66666666666669,0.48,0.5627083383380556
815,accuracy_80pct,93.33333333333333,0.88,0.7784398008070016
815,accuracy_70pct,91.66666666666666,0.8,0.778562540996821
815,accuracy_60pct,84.33333333333333,0.69,0.5307502560677135
815,correlation_70pct,83.33333333333334,0.55,0.6415737910650575
815,correlation_60pct,78.00000000000001,0.45,0.45894448639903496
816,accuracy_80pct,94.0,0.87,0.7964145546513471
816,accuracy_70pct,89.0,0.77,0.6318107296044412
816,accuracy_60pct,89.33333333333336,0.76,0.6852840976278527
816,correlation_70pct,80.33333333333334,0.49,0.5514269170987506
816,correlation_60pct,81.0,0.46,0.6413916019751027
817,accuracy_80pct,93.00000000000001,0.85,0.801736535102081
817,accuracy_70pct,90.33333333333334,0.82,0.6779178051336173
817,accuracy_60pct,86.33333333333334,0.71,0.603819828457139
817,correlation_70pct,85.00000000000001,0.57,0.7057295339670074
817,correlation_60pct,80.33333333333334,0.47,0.5601435225690398
818,accuracy_80pct,95.0,0.88,0.8575559226097521
818,accuracy_70pct,91.33333333333333,0.8,0.688487952396456
818,accuracy_60pct,88.33333333333334,0.73,0.6162231514598232
818,correlation_70pct,84.66666666666667,0.57,0.6096123543921271
818,correlation_60pct,81.00000000000001,0.51,0.5617200465778721
819,accuracy_80pct,94.33333333333334,0.88,0.8174848214185093
819,accuracy_70pct,90.66666666666666,0.79,0.718051334300329
819,accuracy_60pct,89.0,0.78,0.6294291108550987
819,correlation_70pct,83.33333333333334,0.55,0.6026375456477427
819,correlation_60pct,82.33333333333336,0.48,0.6056925433541007
820,accuracy_80pct,94.66666666666666,0.9,0.847000576216799
820,accuracy_70pct,90.00000000000001,0.78,0.7466962901953558
820,accuracy_60pct,88.66666666666666,0.76,0.6558749767881404
820,correlation_70pct,81.00000000000001,0.48,0.5420360940513216
820,correlation_60pct,77.33333333333336,0.41,0.5018027429220508
821,accuracy_80pct,93.66666666666667,0.84,0.8504603817772943
821,accuracy_70pct,88.66666666666667,0.77,0.6667115600053554
821,accuracy_60pct,89.00000000000001,0.76,0.7128401790622256
821,correlation_70pct,84.00000000000001,0.52,0.7010245259616408
821,correlation_60pct,81.0,0.5,0.5891397485086012
822,accuracy_80pct,91.66666666666667,0.82,0.7776440791450935
822,accuracy_70pct,87.00000000000001,0.72,0.6713203092691334
822,accuracy_60pct,85.00000000000001,0.71,0.5260423251094398
822,correlation_70pct,83.00000000000001,0.54,0.6566970854743567
822,correlation_60pct,79.66666666666669,0.47,0.5106947684965872
823,accuracy_80pct,91.33333333333333,0.83,0.7570478556934176
823,accuracy_70pct,90.0,0.77,0.751241065314791
823,accuracy_60pct,86.33333333333334,0.7,0.6296801983926529
823,correlation_70pct,84.33333333333333,0.56,0.7317058141002144
823,correlation_60pct,74.0,0.36,0.4586027501251837
824,accuracy_80pct,96.33333333333334,0.9,0.9296789254231994
824,accuracy_70pct,90.0,0.78,0.7098634361307631
824,accuracy_60pct,88.33333333333334,0.76,0.6343079415432261
824,correlation_70pct,79.33333333333334,0.43,0.5750943166894713
824,correlation_60pct,81.33333333333334,0.52,0.5320078672398354
825,accuracy_80pct,95.0,0.9,0.8207924930869798
825,accuracy_70pct,89.66666666666667,0.78,0.6472982260824761
825,accuracy_60pct,84.33333333333333,0.69,0.4554548239999646
825,correlation_70pct,80.66666666666669,0.48,0.5603600709916021
825,correlation_60pct,79.00000000000001,0.44,0.4598075562270361
826,accuracy_80pct,92.66666666666667,0.85,0.7896482507947388
826,accuracy_70pct,89.66666666666667,0.78,0.7182758842379023
826,accuracy_60pct,84.66666666666667,0.69,0.5451261356978718
826,correlation_70pct,85.0,0.61,0.6824284327925584
826,correlation_60pct,74.00000000000003,0.4,0.29089825053942864
827,accuracy_80pct,95.0,0.89,0.8257314448242763
827,accuracy_70pct,88.0,0.76,0.6095746414532321
827,accuracy_60pct,84.00000000000001,0.71,0.3738207769907401
827,correlation_70pct,84.33333333333333,0.58,0.604152127779771
827,correlation_60pct,78.33333333333333,0.42,0.47653998609204123
828,accuracy_80pct,93.66666666666666,0.87,0.7973539892899919
828,accuracy_70pct,91.33333333333333,0.81,0.7743033682608956
828,accuracy_60pct,89.66666666666669,0.75,0.7194642720702148
828,correlation_70pct,82.00000000000001,0.52,0.640756815825071
828,correlation_60pct,77.33333333333334,0.44,0.3752190285017468
829,accuracy_80pct,94.33333333333333,0.91,0.794024344889757
829,accuracy_70pct,92.00000000000001,0.83,0.7875386690651636
829,accuracy_60pct,83.66666666666667,0.69,0.48205792519703
829,correlation_70pct,81.33333333333334,0.52,0.5700531651669251
829,correlation_60pct,78.66666666666669,0.41,0.5751769253334057
830,accuracy_80pct,93.0,0.86,0.743475211027222
830,accuracy_70pct,88.66666666666667,0.73,0.6613191034428519
830,accuracy_60pct,85.33333333333334,0.71,0.49645846005678423
830,correlation_70pct,81.00000000000001,0.47,0.603000717124642
830,correlation_60pct,78.00000000000001,0.45,0.369164395153826
831,accuracy_80pct,92.0,0.84,0.7881705034074168
831,accuracy_70pct,89.33333333333334,0.79,0.7249793984328253
831,accuracy_60pct,89.33333333333333,0.78,0.6869047157850685
831,correlation_70pct,79.66666666666669,0.44,0.6199001942031578
831,correlation_60pct,78.66666666666667,0.49,0.497840712883876
832,accuracy_80pct,92.66666666666667,0.87,0.7473983666547407
832,accuracy_70pct,87.33333333333334,0.75,0.6350222892810992
832,accuracy_60pct,86.66666666666666,0.7,0.6634652545540828
832,correlation_70pct,81.33333333333336,0.5,0.5250899308843948
832,correlation_60pct,77.66666666666667,0.45,0.45320808109147953
833,accuracy_80pct,94.33333333333334,0.86,0.8158699838422152
833,accuracy_70pct,87.0,0.77,0.505962350389923
833,accuracy_60pct,87.66666666666669,0.75,0.6339742509193659
833,correlation_70pct,78.0,0.43,0.4486165519113261
833,correlation_60pct,76.33333333333336,0.41,0.395944093064843
834,accuracy_80pct,90.33333333333334,0.82,0.6515603997878897
834,accuracy_70pct,87.99999999999999,0.76,0.5896051643667132
834,accuracy_60pct,89.66666666666666,0.75,0.7177386055971688
834,correlation_70pct,83.33333333333334,0.55,0.5905554467218344
834,correlation_60pct,77.66666666666667,0.45,0.41426211359248943
835,accuracy_80pct,96.0,0.9,0.8956657998512754
835,accuracy_70pct,91.66666666666667,0.81,0.7653135714069919
835,accuracy_60pct,89.00000000000001,0.73,0.7422003613498397
835,correlation_70pct,83.33333333333336,0.53,0.7104461388092449
835,correlation_60pct,78.00000000000001,0.45,0.5684712739760859
836,accuracy_80pct,93.66666666666667,0.84,0.8652471716814836
836,accuracy_70pct,90.66666666666667,0.78,0.7331768657335127
836,accuracy_60pct,88.0,0.75,0.6446262840565774
836,correlation_70pct,79.00000000000001,0.42,0.5459186298780291
836,correlation_60pct,79.33333333333334,0.47,0.46976207389929436
837,accuracy_80pct,92.0,0.83,0.7395870819917842
837,accuracy_70pct,89.33333333333334,0.76,0.6517772969570655
837,accuracy_60pct,88.66666666666667,0.74,0.6602692237190626
837,correlation_70pct,82.66666666666667,0.55,0.5362424765562595
837,correlation_60pct,85.33333333333333,0.63,0.655344742790753
838,accuracy_80pct,93.66666666666667,0.86,0.8131583447139697
838,accuracy_70pct,88.33333333333333,0.76,0.6555652544948656
838,accuracy_60pct,85.33333333333334,0.69,0.5782721742156827
838,correlation_70pct,85.00000000000001,0.61,0.6619900935182923
838,correlation_60pct,78.66666666666669,0.46,0.4544576922679554
839,accuracy_80pct,92.66666666666667,0.86,0.7683476133609034
839,accuracy_70pct,88.33333333333333,0.78,0.6342169335396145
839,accuracy_60pct,85.33333333333333,0.68,0.6114425954391021
839,correlation_70pct,81.33333333333334,0.52,0.6247540101413807
839,correlation_60pct,78.66666666666666,0.47,0.5054159402076437
840,accuracy_80pct,92.33333333333334,0.87,0.7213717333953219
840,accuracy_70pct,93.00000000000001,0.85,0.7965477870227827
840,accuracy_60pct,89.00000000000001,0.77,0.6483503556771477
840,correlation_70pct,82.33333333333334,0.49,0.7104913475205237
840,correlation_60pct,78.0,0.44,0.5157008413109591
841,accuracy_80pct,92.33333333333334,0.85,0.7785115306047006
841,accuracy_70pct,87.0,0.78,0.5847993733607274
841,accuracy_60pct,87.0,0.7,0.6316482137345524
841,correlation_70pct,81.00000000000001,0.48,0.6273653361457722
841,correlation_60pct,78.66666666666667,0.49,0.4614148029901303
842,accuracy_80pct,93.33333333333334,0.86,0.7965312718060903
842,accuracy_70pct,89.00000000000001,0.78,0.6563020501838983
842,accuracy_60pct,87.33333333333334,0.71,0.6776186321052577
842,correlation_70pct,82.33333333333334,0.51,0.6391990671856229
842,correlation_60pct,75.66666666666669,0.4,0.3635604401299176
843,accuracy_80pct,95.66666666666669,0.89,0.8867417323372832
843,accuracy_70pct,88.33333333333334,0.74,0.666450026790146
843,accuracy_60pct,86.66666666666667,0.68,0.6366033350357307
843,correlation_70pct,84.66666666666669,0.56,0.709563164360922
843,correlation_60pct,76.66666666666667,0.41,0.35837123768977436
844,accuracy_80pct,95.0,0.87,0.8548812554460684
844,accuracy_70pct,89.66666666666667,0.76,0.7334709994198326
844,accuracy_60pct,89.0,0.75,0.6472894616587213
844,correlation_70pct,81.66666666666666,0.5,0.5271972199604156
844,correlation_60pct,77.66666666666667,0.43,0.5234184988071169
845,accuracy_80pct,93.33333333333334,0.87,0.773153934004191
845,accuracy_70pct,91.66666666666667,0.84,0.7282941640926176
845,accuracy_60pct,90.33333333333333,0.77,0.7327902947300063
845,correlation_70pct,82.66666666666667,0.52,0.6195658506703767
845,correlation_60pct,81.33333333333334,0.5,0.5513335189957116
846,accuracy_80pct,93.00000000000001,0.87,0.7539763536090257
846,accuracy_70pct,91.33333333333333,0.78,0.7572454443597662
846,accuracy_60pct,85.66666666666667,0.73,0.49927688372269136
846,correlation_70pct,85.66666666666666,0.59,0.6727272665978529
846,correlation_60pct,77.66666666666669,0.38,0.54802553264414
847,accuracy_80pct,91.66666666666669,0.81,0.7757777592391907
847,accuracy_70pct,90.33333333333333,0.79,0.7056601681304723
847,accuracy_60pct,86.66666666666667,0.69,0.6322995823541807
847,correlation_70pct,83.00000000000001,0.51,0.595184814009655
847,correlation_60pct,79.66666666666669,0.42,0.5840249367365954
848,accuracy_80pct,94.33333333333334,0.88,0.8421638587492519
848,accuracy_70pct,90.66666666666667,0.84,0.698873233506941
848,accuracy_60pct,87.66666666666667,0.76,0.6449833372882849
848,correlation_70pct,79.33333333333334,0.48,0.5323571264479566
848,correlation_60pct,79.33333333333334,0.45,0.5637137092316864
849,accuracy_80pct,92.0,0.84,0.7420032947728535
849,accuracy_70pct,91.00000000000001,0.81,0.7279903488816678
849,accuracy_60pct,87.33333333333333,0.71,0.570889147710753
849,correlation_70pct,80.66666666666669,0.51,0.5054620878472599
849,correlation_60pct,82.33333333333333,0.54,0.5242891896442289
850,accuracy_80pct,93.33333333333333,0.87,0.8111499904077014
850,accuracy_70pct,90.33333333333334,0.81,0.7388499400875793
850,accuracy_60pct,88.33333333333334,0.71,0.7061212211817858
850,correlation_70pct,83.00000000000003,0.51,0.6522067715533063
850,correlation_60pct,79.00000000000001,0.43,0.5754226977403746
851,accuracy_80pct,92.66666666666667,0.84,0.8133739905504186
851,accuracy_70pct,89.0,0.77,0.678824982663782
851,accuracy_60pct,89.00000000000001,0.77,0.672029487527886
851,correlation_70pct,82.0,0.51,0.6443344697707569
851,correlation_60pct,75.33333333333334,0.4,0.40672132085575075
852,accuracy_80pct,93.00000000000001,0.85,0.8021694142248899
852,accuracy_70pct,87.0,0.79,0.5307425454870934
852,accuracy_60pct,89.33333333333334,0.77,0.7087841692932175
852,correlation_70pct,80.33333333333336,0.47,0.5595228237072929
852,correlation_60pct,81.33333333333336,0.52,0.565842490499905
853,accuracy_80pct,90.33333333333333,0.82,0.72047394730914
853,accuracy_70pct,90.66666666666667,0.81,0.7294300602615816
853,accuracy_60pct,86.33333333333333,0.69,0.6206573970850515
853,correlation_70pct,78.66666666666667,0.46,0.5352517542973808
853,correlation_60pct,78.0,0.48,0.4374828632115882
854,accuracy_80pct,93.33333333333333,0.87,0.8106192146216434
854,accuracy_70pct,90.0,0.81,0.6843846861952839
854,accuracy_60pct,87.66666666666667,0.72,0.6653534856829261
854,correlation_70pct,78.66666666666667,0.43,0.5434962705055884
854,correlation_60pct,78.0,0.4,0.5471438347339671
855,accuracy_80pct,93.33333333333334,0.86,0.8253574206325124
855,accuracy_70pct,89.66666666666666,0.79,0.7102584794869613
855,accuracy_60pct,87.00000000000001,0.72,0.6355542118737076
855,correlation_70pct,83.0,0.51,0.6504788436917917
855,correlation_60pct,75.66666666666669,0.41,0.445984636699993
856,accuracy_80pct,93.66666666666666,0.87,0.8272442620169255
856,accuracy_70pct,91.33333333333334,0.79,0.7633342153964349
856,accuracy_60pct,87.66666666666666,0.73,0.6570392845987415
856,correlation_70pct,79.66666666666667,0.45,0.5946444430749115
856,correlation_60pct,78.66666666666667,0.45,0.565802706847414
857,accuracy_80pct,92.33333333333334,0.86,0.7720193720326576
857,accuracy_70pct,89.66666666666666,0.8,0.6762956062007088
857,accuracy_60pct,86.00000000000001,0.68,0.6020495896354906
857,correlation_70pct,82.0,0.51,0.6470825438557745
857,correlation_60pct,78.00000000000001,0.46,0.4822110841192756
858,accuracy_80pct,93.33333333333334,0.85,0.8017139981920153
858,accuracy_70pct,91.66666666666667,0.82,0.7249220802238373
858,accuracy_60pct,84.99999999999997,0.69,0.49319945172714064
858,correlation_70pct,86.66666666666667,0.61,0.7303829304318332
858,correlation_60pct,79.33333333333333,0.47,0.45857222538347164
859,accuracy_80pct,94.66666666666667,0.88,0.8335282172556739
859,accuracy_70pct,91.0,0.8,0.7277733686597312
859,accuracy_60pct,87.0,0.73,0.5637376743531197
859,correlation_70pct,83.33333333333334,0.54,0.628201537459449
859,correlation_60pct,82.66666666666667,0.53,0.6021179839655143
860,accuracy_80pct,91.66666666666667,0.85,0.772187340011878
860,accuracy_70pct,87.66666666666667,0.77,0.6462200310314399
860,accuracy_60pct,84.00000000000001,0.69,0.563639761375799
860,correlation_70pct,80.66666666666667,0.47,0.6600103289903916
860,correlation_60pct,77.00000000000003,0.47,0.48403861664663145
861,accuracy_80pct,95.33333333333334,0.9,0.7943064293970007
861,accuracy_70pct,89.66666666666667,0.77,0.6437630847233534
861,accuracy_60pct,87.0,0.7,0.5861956259155425
861,correlation_70pct,82.66666666666669,0.54,0.5674913788474686
861,correlation_60pct,75.33333333333334,0.36,0.44422327986913945
862,accuracy_80pct,95.0,0.89,0.87044306660292
862,accuracy_70pct,91.33333333333334,0.79,0.7390457504098656
862,accuracy_60pct,87.66666666666667,0.74,0.6711564299037852
862,correlation_70pct,80.00000000000001,0.44,0.5402669674662542
862,correlation_60pct,77.0,0.44,0.39528896916326495
863,accuracy_80pct,94.00000000000001,0.88,0.8184809492157717
863,accuracy_70pct,87.33333333333334,0.77,0.5763837007543977
863,accuracy_60pct,87.66666666666667,0.76,0.5472009737128498
863,correlation_70pct,82.33333333333336,0.51,0.6497232804168281
863,correlation_60pct,82.00000000000001,0.53,0.6085655445814422
864,accuracy_80pct,93.66666666666667,0.88,0.7917633667580694
864,accuracy_70pct,90.33333333333333,0.79,0.7413141584761893
864,accuracy_60pct,84.66666666666667,0.72,0.511117021540913
864,correlation_70pct,81.0,0.51,0.5333098888904876
864,correlation_60pct,76.33333333333336,0.43,0.48668361491052636
865,accuracy_80pct,94.33333333333334,0.88,0.8236551913805514
865,accuracy_70pct,89.66666666666667,0.78,0.7176838384123164
865,accuracy_60pct,90.0,0.76,0.7168944418611458
865,correlation_70pct,81.00000000000001,0.46,0.5926633165361034
865,correlation_60pct,80.66666666666667,0.52,0.4811355444339342
866,accuracy_80pct,96.33333333333333,0.9,0.9050887458813369
866,accuracy_70pct,89.33333333333333,0.81,0.6000411537051462
866,accuracy_60pct,87.66666666666666,0.72,0.6234282726804125
866,correlation_70pct,81.0,0.46,0.5831334218041699
866,correlation_60pct,77.66666666666669,0.44,0.46774663645522074
867,accuracy_80pct,92.0,0.85,0.789290533279262
867,accuracy_70pct,89.33333333333333,0.78,0.6728026470371959
867,accuracy_60pct,82.33333333333333,0.68,0.4518388651243877
867,correlation_70pct,82.0,0.51,0.6504154969147695
867,correlation_60pct,80.66666666666669,0.52,0.5107948493746066
868,accuracy_80pct,93.0,0.85,0.8230273979544969
868,accuracy_70pct,90.0,0.78,0.7332524581499744
868,accuracy_60pct,85.66666666666666,0.72,0.5706623034060629
868,correlation_70pct,79.00000000000001,0.41,0.543610480368655
868,correlation_60pct,80.66666666666667,0.47,0.6200237709381075
869,accuracy_80pct,94.0,0.87,0.8594151729285578
869,accuracy_70pct,92.66666666666667,0.83,0.8036464840901439
869,accuracy_60pct,84.66666666666667,0.68,0.5642799267237537
869,correlation_70pct,81.33333333333333,0.5,0.6181082688654075
869,correlation_60pct,77.00000000000001,0.46,0.42791737282171444
870,accuracy_80pct,92.66666666666666,0.83,0.8031126925880986
870,accuracy_70pct,88.66666666666667,0.79,0.5492831430595587
870,accuracy_60pct,87.66666666666669,0.73,0.6122236394666115
870,correlation_70pct,82.66666666666667,0.53,0.586997446213885
870,correlation_60pct,78.00000000000001,0.47,0.385475588161191
871,accuracy_80pct,93.66666666666667,0.87,0.7831098697657335
871,accuracy_70pct,91.33333333333334,0.79,0.7700662521237094
871,accuracy_60pct,84.66666666666666,0.69,0.5086477146129045
871,correlation_70pct,83.00000000000001,0.53,0.5924147563132539
871,correlation_60pct,78.00000000000001,0.46,0.39795294942071613
872,accuracy_80pct,91.66666666666667,0.82,0.7599121330107433
872,accuracy_70pct,91.66666666666666,0.83,0.7389197158557294
872,accuracy_60pct,86.99999999999999,0.74,0.6102853303500241
872,correlation_70pct,84.33333333333334,0.57,0.6953330045303369
872,correlation_60pct,80.33333333333334,0.51,0.5184806790660129
873,accuracy_80pct,94.66666666666666,0.9,0.8335543723429514
873,accuracy_70pct,89.66666666666667,0.8,0.6511760248581737
873,accuracy_60pct,87.00000000000001,0.72,0.6327162596094994
873,correlation_70pct,83.66666666666667,0.56,0.6082121638602485
873,correlation_60pct,75.00000000000003,0.39,0.3065104811936714
874,accuracy_80pct,93.0,0.86,0.7832987758140094
874,accuracy_70pct,88.66666666666667,0.79,0.6538868868593757
874,accuracy_60pct,85.00000000000001,0.7,0.5561407120300458
874,correlation_70pct,80.00000000000001,0.43,0.5965593595621065
874,correlation_60pct,76.66666666666667,0.42,0.4775465078434818
875,accuracy_80pct,93.33333333333333,0.85,0.8458777800790582
875,accuracy_70pct,90.33333333333334,0.79,0.7011877865417704
875,accuracy_60pct,89.66666666666666,0.75,0.7117312075652548
875,correlation_70pct,82.33333333333333,0.5,0.6276958186079863
875,correlation_60pct,76.66666666666669,0.4,0.43974891318117165
876,accuracy_80pct,95.33333333333334,0.9,0.8778639616525039
876,accuracy_70pct,92.33333333333334,0.83,0.7903909937554303
876,accuracy_60pct,86.66666666666669,0.7,0.6758829782341865
876,correlation_70pct,79.66666666666669,0.48,0.5821298115837693
876,correlation_60pct,77.66666666666669,0.42,0.533179664741282
877,accuracy_80pct,94.33333333333333,0.87,0.8419448240852321
877,accuracy_70pct,91.33333333333334,0.83,0.698251005029846
877,accuracy_60pct,85.66666666666669,0.69,0.5519220165206198
877,correlation_70pct,79.00000000000001,0.44,0.523804209971862
877,correlation_60pct,81.33333333333334,0.52,0.5205952089018523
878,accuracy_80pct,91.66666666666669,0.82,0.7446693994362329
878,accuracy_70pct,92.0,0.83,0.7360352545344
878,accuracy_60pct,85.0,0.68,0.49664618217257694
878,correlation_70pct,81.00000000000001,0.47,0.5815603203804106
878,correlation_60pct,81.00000000000001,0.52,0.5214285202125357
879,accuracy_80pct,94.66666666666667,0.88,0.8789281715532016
879,accuracy_70pct,88.66666666666667,0.8,0.6177378662581555
879,accuracy_60pct,87.66666666666667,0.71,0.6612788554929951
879,correlation_70pct,78.66666666666669,0.4,0.5272445284902789
879,correlation_60pct,76.66666666666666,0.45,0.37292307061009533
880,accuracy_80pct,92.66666666666667,0.85,0.7450235065249288
880,accuracy_70pct,89.33333333333333,0.79,0.6667459915549656
880,accuracy_60pct,84.0,0.68,0.4403771176203285
880,correlation_70pct,79.66666666666669,0.44,0.5406955347921057
880,correlation_60pct,84.0,0.57,0.6036505758977811
881,accuracy_80pct,94.33333333333333,0.87,0.8614041589807366
881,accuracy_70pct,87.66666666666669,0.73,0.681532618963129
881,accuracy_60pct,87.66666666666667,0.76,0.6024845734157354
881,correlation_70pct,81.66666666666667,0.47,0.6420080355124667
881,correlation_60pct,80.33333333333333,0.45,0.6126249391783972
882,accuracy_80pct,93.33333333333334,0.84,0.8183886054363883
882,accuracy_70pct,88.33333333333333,0.8,0.5611210484060233
882,accuracy_60pct,86.66666666666667,0.73,0.5372144826336717
882,correlation_70pct,82.33333333333334,0.49,0.599283380488132
882,correlation_60pct,75.99999999999999,0.38,0.32403544697660563
883,accuracy_80pct,95.0,0.89,0.8764553410251034
883,accuracy_70pct,88.99999999999999,0.78,0.6449561050707899
883,accuracy_60pct,88.00000000000001,0.74,0.6637713391737821
883,correlation_70pct,79.00000000000001,0.46,0.5717047923944346
883,correlation_60pct,80.33333333333336,0.45,0.6188160129439869
884,accuracy_80pct,94.33333333333334,0.85,0.8728430929092165
884,accuracy_70pct,89.66666666666667,0.79,0.6769345010846921
884,accuracy_60pct,86.0,0.71,0.5521618115770586
884,correlation_70pct,80.00000000000001,0.45,0.5706745459547237
884,correlation_60pct,80.66666666666667,0.51,0.4723650544700516
885,accuracy_80pct,94.66666666666667,0.88,0.8498723442348397
885,accuracy_70pct,90.66666666666667,0.81,0.7036283360408793
885,accuracy_60pct,85.66666666666667,0.67,0.6037041123941909
885,correlation_70pct,81.00000000000001,0.48,0.5825240917635554
885,correlation_60pct,79.33333333333334,0.45,0.5515074146013035
886,accuracy_80pct,93.66666666666667,0.85,0.8127570191606509
886,accuracy_70pct,90.0,0.79,0.6409774172958401
886,accuracy_60pct,86.0,0.71,0.5838143307997011
886,correlation_70pct,81.66666666666667,0.47,0.5927045648347582
886,correlation_60pct,79.00000000000001,0.44,0.5588392170157322
887,accuracy_80pct,91.33333333333333,0.84,0.7274425093965423
887,accuracy_70pct,91.0,0.85,0.6724160083716701
887,accuracy_60pct,86.33333333333333,0.71,0.6149122395415172
887,correlation_70pct,80.33333333333331,0.48,0.5742524294233547
887,correlation_60pct,75.66666666666669,0.39,0.3968834147075877
888,accuracy_80pct,93.0,0.86,0.789508656296969
888,accuracy_70pct,89.0,0.81,0.637102308561565
888,accuracy_60pct,85.00000000000001,0.7,0.5795480123042142
888,correlation_70pct,81.0,0.53,0.5652247122402894
888,correlation_60pct,77.66666666666669,0.42,0.4946355032153935
889,accuracy_80pct,93.0,0.88,0.760369574932607
889,accuracy_70pct,90.00000000000001,0.79,0.7068720016113234
889,accuracy_60pct,85.00000000000001,0.7,0.4766930518341368
889,correlation_70pct,81.0,0.49,0.5746786530974191
889,correlation_60pct,74.66666666666669,0.4,0.37031788704991603
890,accuracy_80pct,93.0,0.84,0.8304234029475934
890,accuracy_70pct,90.0,0.79,0.7275980474970268
890,accuracy_60pct,86.33333333333334,0.72,0.596545243130363
890,correlation_70pct,80.66666666666669,0.47,0.6339306983762474
890,correlation_60pct,77.00000000000001,0.43,0.49741652292237737
891,accuracy_80pct,93.33333333333334,0.87,0.7655945913978008
891,accuracy_70pct,90.00000000000001,0.78,0.6497420620987137
891,accuracy_60pct,87.33333333333334,0.74,0.5131626381160194
891,correlation_70pct,87.0,0.62,0.6936770779171693
891,correlation_60pct,83.00000000000001,0.52,0.590629129864966
892,accuracy_80pct,93.0,0.85,0.8214900152206701
892,accuracy_70pct,90.66666666666667,0.77,0.720776149534744
892,accuracy_60pct,85.33333333333333,0.7,0.543800927047826
892,correlation_70pct,82.00000000000001,0.53,0.5705584166452055
892,correlation_60pct,77.33333333333334,0.4,0.467179950242861
893,accuracy_80pct,95.0,0.87,0.8782238005099948
893,accuracy_70pct,90.66666666666669,0.79,0.7204104333699872
893,accuracy_60pct,88.66666666666666,0.71,0.6998236706541741
893,correlation_70pct,81.66666666666667,0.55,0.46552047895290444
893,correlation_60pct,83.66666666666667,0.57,0.6108801012982978
894,accuracy_80pct,92.33333333333333,0.85,0.750033748522547
894,accuracy_70pct,87.00000000000001,0.73,0.5808455891073341
894,accuracy_60pct,87.0,0.71,0.609905740629485
894,correlation_70pct,85.33333333333336,0.59,0.6437082318199387
894,correlation_60pct,81.33333333333334,0.53,0.5464877522513337
895,accuracy_80pct,93.66666666666667,0.88,0.774734934925874
895,accuracy_70pct,91.66666666666667,0.82,0.7689673718685637
895,accuracy_60pct,87.0,0.75,0.5853003415083555
895,correlation_70pct,81.33333333333334,0.5,0.6004414316253877
895,correlation_60pct,79.66666666666669,0.46,0.5727725097209154
896,accuracy_80pct,92.0,0.84,0.7630167587489752
896,accuracy_70pct,87.66666666666667,0.78,0.5732165281252254
896,accuracy_60pct,89.66666666666667,0.76,0.7345821448981851
896,correlation_70pct,82.0,0.49,0.6619604692540324
896,correlation_60pct,79.33333333333334,0.48,0.5469637768781138
897,accuracy_80pct,93.00000000000001,0.86,0.81260561457601
897,accuracy_70pct,89.0,0.76,0.6941675079488316
897,accuracy_60pct,85.66666666666669,0.68,0.5910461658411441
897,correlation_70pct,85.33333333333334,0.6,0.6431385524616398
897,correlation_60pct,78.00000000000001,0.4,0.47143614960184393
898,accuracy_80pct,94.33333333333333,0.9,0.7871372917044916
898,accuracy_70pct,89.0,0.78,0.5845648946557214
898,accuracy_60pct,91.33333333333334,0.78,0.7452444732659496
898,correlation_70pct,84.66666666666667,0.54,0.6678772611429544
898,correlation_60pct,80.00000000000001,0.44,0.5085798908781389
899,accuracy_80pct,94.00000000000001,0.85,0.858466463620318
899,accuracy_70pct,90.33333333333333,0.8,0.6988450373485628
899,accuracy_60pct,86.66666666666667,0.75,0.5722231640526736
899,correlation_70pct,82.66666666666667,0.5,0.6611870893225216
899,correlation_60pct,74.33333333333336,0.34,0.37336568601753384
900,accuracy_80pct,93.66666666666667,0.86,0.8386141538357456
900,accuracy_70pct,91.33333333333334,0.8,0.7861156775918133
900,accuracy_60pct,90.33333333333333,0.75,0.749879152764118
900,correlation_70pct,82.66666666666667,0.53,0.6512981604206164
900,correlation_60pct,79.66666666666669,0.45,0.5261441675163951
901,accuracy_80pct,94.33333333333334,0.88,0.8577093943184405
901,accuracy_70pct,87.0,0.77,0.5834956633864703
901,accuracy_60pct,85.00000000000001,0.68,0.5717485970826395
901,correlation_70pct,80.66666666666667,0.51,0.5873342392515479
901,correlation_60pct,76.00000000000001,0.43,0.46494184035180963
902,accuracy_80pct,93.33333333333334,0.87,0.7973342582135603
902,accuracy_70pct,88.0,0.75,0.6974359093183842
902,accuracy_60pct,85.66666666666667,0.72,0.5797570556004674
902,correlation_70pct,81.33333333333334,0.54,0.6379656610205842
902,correlation_60pct,77.66666666666669,0.46,0.4650676549245073
903,accuracy_80pct,92.33333333333334,0.85,0.771690037534048
903,accuracy_70pct,88.33333333333333,0.78,0.5832476238455104
903,accuracy_60pct,89.0,0.76,0.6611083907769009
903,correlation_70pct,85.00000000000003,0.58,0.7062930530417613
903,correlation_60pct,82.00000000000001,0.5,0.5516058509884927
904,accuracy_80pct,92.99999999999999,0.84,0.8243121936589662
904,accuracy_70pct,89.66666666666667,0.78,0.6846768945592742
904,accuracy_60pct,85.33333333333336,0.71,0.511257680793826
904,correlation_70pct,83.0,0.5,0.7092891718208292
904,correlation_60pct,79.00000000000001,0.45,0.5586699322075398
905,accuracy_80pct,95.00000000000001,0.9,0.8491036357672179
905,accuracy_70pct,85.66666666666667,0.74,0.545924057039788
905,accuracy_60pct,88.66666666666667,0.73,0.7240165165459527
905,correlation_70pct,79.33333333333333,0.45,0.5415921931410935
905,correlation_60pct,79.66666666666669,0.46,0.6036639313716997
906,accuracy_80pct,94.66666666666667,0.88,0.861262681256117
906,accuracy_70pct,90.33333333333334,0.78,0.7475115661486367
906,accuracy_60pct,86.66666666666669,0.71,0.6530151956531745
906,correlation_70pct,79.33333333333333,0.46,0.5873522451846306
906,correlation_60pct,75.33333333333336,0.34,0.4429208666328728
907,accuracy_80pct,93.33333333333334,0.85,0.8221333328886152
907,accuracy_70pct,88.66666666666669,0.75,0.6594127299953189
907,accuracy_60pct,84.66666666666667,0.68,0.5239088714532834
907,correlation_70pct,81.33333333333336,0.52,0.586871000074704
907,correlation_60pct,78.33333333333334,0.42,0.5550578343575853
908,accuracy_80pct,93.66666666666667,0.87,0.806278997224337
908,accuracy_70pct,89.33333333333333,0.76,0.7108613973883402
908,accuracy_60pct,90.00000000000001,0.78,0.7260890257205629
908,correlation_70pct,83.33333333333333,0.57,0.606257137921975
908,correlation_60pct,75.33333333333334,0.37,0.4373534228897355
909,accuracy_80pct,94.33333333333334,0.89,0.7953086898568696
909,accuracy_70pct,87.00000000000001,0.74,0.5759999300919777
909,accuracy_60pct,90.0,0.77,0.7433529710087698
909,correlation_70pct,86.0,0.62,0.6357460634062148
909,correlation_60pct,79.0,0.46,0.5051335302492851
910,accuracy_80pct,93.66666666666666,0.89,0.765774503701015
910,accuracy_70pct,91.00000000000001,0.81,0.6821035274696922
910,accuracy_60pct,86.66666666666667,0.72,0.6182440177838949
910,correlation_70pct,82.00000000000001,0.54,0.523239458021475
910,correlation_60pct,75.33333333333336,0.37,0.3371440963474217
911,accuracy_80pct,94.0,0.85,0.8220771853269738
911,accuracy_70pct,86.00000000000001,0.75,0.4761723915770914
911,accuracy_60pct,88.0,0.73,0.681597026020779
911,correlation_70pct,81.66666666666667,0.49,0.5450979167088721
911,correlation_60pct,80.33333333333334,0.45,0.5450346426150856
912,accuracy_80pct,93.66666666666669,0.87,0.8241086707149382
912,accuracy_70pct,88.33333333333333,0.76,0.6706235734928614
912,accuracy_60pct,85.0,0.69,0.5990402466948982
912,correlation_70pct,82.33333333333334,0.52,0.6857595673885301
912,correlation_60pct,76.66666666666667,0.44,0.4405625178036615
913,accuracy_80pct,93.99999999999999,0.88,0.81424719845755
913,accuracy_70pct,91.33333333333334,0.81,0.7442350237471347
913,accuracy_60pct,86.0,0.7,0.5943216097977282
913,correlation_70pct,82.66666666666667,0.52,0.6520514701454014
913,correlation_60pct,79.00000000000001,0.47,0.5505060279282823
914,accuracy_80pct,95.33333333333334,0.89,0.8814050064143293
914,accuracy_70pct,90.0,0.79,0.7194252352211161
914,accuracy_60pct,86.66666666666666,0.72,0.6725290718232988
914,correlation_70pct,78.66666666666667,0.43,0.5269195140655747
914,correlation_60pct,80.00000000000001,0.47,0.5546183310111021
915,accuracy_80pct,93.66666666666667,0.85,0.8512566049370742
915,accuracy_70pct,90.0,0.77,0.7432904485346704
915,accuracy_60pct,86.33333333333333,0.72,0.624061186939379
915,correlation_70pct,80.00000000000001,0.46,0.636151756242639
915,correlation_60pct,78.66666666666669,0.47,0.545654763825306
916,accuracy_80pct,93.0,0.87,0.7937861861102941
916,accuracy_70pct,91.0,0.78,0.817339860006797
916,accuracy_60pct,84.66666666666667,0.7,0.5479885719720061
916,correlation_70pct,80.66666666666667,0.45,0.652025189210908
916,correlation_60pct,76.00000000000003,0.4,0.4191844923119078
917,accuracy_80pct,94.66666666666667,0.86,0.8933735007394917
917,accuracy_70pct,92.00000000000001,0.82,0.7978369954866832
917,accuracy_60pct,84.66666666666667,0.71,0.5761856033236391
917,correlation_70pct,82.00000000000001,0.52,0.6556969169957247
917,correlation_60pct,74.66666666666666,0.37,0.4022866317244938
918,accuracy_80pct,93.0,0.85,0.8272756291728022
918,accuracy_70pct,91.33333333333334,0.82,0.7911094584714733
918,accuracy_60pct,85.33333333333333,0.74,0.5908429729609868
918,correlation_70pct,83.00000000000001,0.54,0.6838063716348279
918,correlation_60pct,71.00000000000001,0.28,0.35218863456485194
919,accuracy_80pct,94.00000000000001,0.85,0.8570599018032597
919,accuracy_70pct,90.66666666666667,0.81,0.7053473714715672
919,accuracy_60pct,87.0,0.73,0.6060614907445916
919,correlation_70pct,80.33333333333336,0.48,0.5432060941562681
919,correlation_60pct,78.33333333333334,0.44,0.5050169520154918
920,accuracy_80pct,95.0,0.88,0.8791563958356856
920,accuracy_70pct,89.33333333333334,0.8,0.6800901701768229
920,accuracy_60pct,86.66666666666667,0.74,0.583203870172529
920,correlation_70pct,79.33333333333334,0.47,0.5140358069478075
920,correlation_60pct,77.66666666666669,0.48,0.4283317714977176
921,accuracy_80pct,92.99999999999999,0.88,0.7842852630155105
921,accuracy_70pct,87.0,0.74,0.6159509184631525
921,accuracy_60pct,85.33333333333334,0.7,0.5368808950561997
921,correlation_70pct,78.00000000000001,0.42,0.5323886130480776
921,correlation_60pct,76.33333333333334,0.42,0.42050059752279445
922,accuracy_80pct,94.00000000000001,0.87,0.8782099973320979
922,accuracy_70pct,91.0,0.79,0.7957383037791577
922,accuracy_60pct,87.66666666666667,0.72,0.7179606224014884
922,correlation_70pct,78.66666666666667,0.46,0.524668624364379
922,correlation_60pct,82.66666666666667,0.53,0.703604570646889
923,accuracy_80pct,92.33333333333333,0.86,0.7320796453270184
923,accuracy_70pct,88.66666666666667,0.79,0.6265248018033992
923,accuracy_60pct,85.0,0.7,0.5185006567175474
923,correlation_70pct,79.00000000000001,0.43,0.5708979597342084
923,correlation_60pct,75.66666666666667,0.43,0.40424603459048974
924,accuracy_80pct,94.66666666666667,0.87,0.8803944157689378
924,accuracy_70pct,87.66666666666667,0.77,0.6161136140099278
924,accuracy_60pct,86.33333333333333,0.73,0.6061739106881303
924,correlation_70pct,81.66666666666669,0.49,0.6232917114317321
924,correlation_60pct,78.0,0.42,0.5433111497505291
925,accuracy_80pct,95.0,0.9,0.8227504955491277
925,accuracy_70pct,91.0,0.79,0.7612546726254916
925,accuracy_60pct,86.33333333333334,0.69,0.5779137150833893
925,correlation_70pct,84.33333333333334,0.55,0.6483939815283488
925,correlation_60pct,81.66666666666669,0.5,0.545027454110363
926,accuracy_80pct,96.0,0.92,0.874089625185541
926,accuracy_70pct,86.66666666666666,0.76,0.522779553391317
926,accuracy_60pct,90.0,0.74,0.7611489519819924
926,correlation_70pct,82.66666666666667,0.52,0.6414227523247392
926,correlation_60pct,78.33333333333334,0.45,0.42246826850665664
927,accuracy_80pct,93.0,0.87,0.7662746898430639
927,accuracy_70pct,89.66666666666666,0.79,0.7099100355916117
927,accuracy_60pct,86.0,0.69,0.6597275395159478
927,correlation_70pct,82.66666666666667,0.52,0.6027730193689104
927,correlation_60pct,80.0,0.5,0.520703597483625
928,accuracy_80pct,92.00000000000001,0.84,0.7598254841772374
928,accuracy_70pct,87.66666666666667,0.73,0.6525084088323244
928,accuracy_60pct,87.66666666666666,0.75,0.595453401860636
928,correlation_70pct,84.0,0.53,0.668296767475627
928,correlation_60pct,76.00000000000001,0.38,0.40496235795779745
929,accuracy_80pct,93.33333333333333,0.9,0.7651837776052387
929,accuracy_70pct,90.00000000000001,0.8,0.701977881191033
929,accuracy_60pct,86.66666666666667,0.71,0.6116106742882437
929,correlation_70pct,83.33333333333334,0.55,0.6385209249358482
929,correlation_60pct,78.00000000000001,0.47,0.5106682969795553
930,accuracy_80pct,93.0,0.83,0.8578854566544964
930,accuracy_70pct,87.66666666666667,0.78,0.6459656449012796
930,accuracy_60pct,87.0,0.75,0.6593293404012617
930,correlation_70pct,78.00000000000001,0.43,0.5514266431849496
930,correlation_60pct,80.00000000000001,0.47,0.5965003853176387
931,accuracy_80pct,94.0,0.87,0.8006554213275219
931,accuracy_70pct,89.66666666666669,0.79,0.6736950024127003
931,accuracy_60pct,84.66666666666667,0.72,0.4176700962267886
931,correlation_70pct,83.0,0.54,0.606863837085745
931,correlation_60pct,77.0,0.41,0.43707203604575984
932,accuracy_80pct,94.00000000000001,0.88,0.8201828921080356
932,accuracy_70pct,89.66666666666666,0.77,0.7271708989154254
932,accuracy_60pct,84.66666666666667,0.7,0.5079223362894079
932,correlation_70pct,77.99999999999999,0.46,0.46039457409532714
932,correlation_60pct,75.33333333333334,0.37,0.4777853694473096
933,accuracy_80pct,93.33333333333333,0.85,0.8033205545989867
933,accuracy_70pct,87.00000000000001,0.75,0.5487646732226977
933,accuracy_60pct,90.33333333333334,0.79,0.7346816980990387
933,correlation_70pct,82.0,0.49,0.6233791701395182
933,correlation_60pct,79.66666666666667,0.45,0.5687280588190671
934,accuracy_80pct,94.0,0.87,0.8310128085830124
934,accuracy_70pct,90.66666666666667,0.8,0.7077751167541757
934,accuracy_60pct,85.33333333333333,0.71,0.5339816529422644
934,correlation_70pct,81.00000000000001,0.5,0.6029618481719614
934,correlation_60pct,78.33333333333334,0.41,0.5385053162030894
935,accuracy_80pct,95.33333333333334,0.88,0.8804593268769294
935,accuracy_70pct,90.66666666666666,0.8,0.7044733239831268
935,accuracy_60pct,89.33333333333334,0.76,0.6178574931323488
935,correlation_70pct,83.00000000000001,0.54,0.5653184751803955
935,correlation_60pct,80.66666666666667,0.49,0.5429185138838862
936,accuracy_80pct,94.33333333333334,0.85,0.8679488312693037
936,accuracy_70pct,90.66666666666667,0.78,0.7213860664075413
936,accuracy_60pct,86.66666666666666,0.69,0.6334667798716417
936,correlation_70pct,82.00000000000001,0.51,0.5755190127921709
936,correlation_60pct,80.66666666666669,0.49,0.603951960097242
937,accuracy_80pct,92.66666666666666,0.87,0.7249047445945717
937,accuracy_70pct,89.33333333333333,0.78,0.6135122595332795
937,accuracy_60pct,86.00000000000001,0.68,0.5567420637806209
937,correlation_70pct,83.66666666666667,0.56,0.5834221696926811
937,correlation_60pct,79.66666666666667,0.47,0.5007494783751358
938,accuracy_80pct,93.66666666666666,0.84,0.845650527203204
938,accuracy_70pct,90.00000000000001,0.79,0.6889148059227683
938,accuracy_60pct,87.0,0.7,0.6546633829013656
938,correlation_70pct,81.00000000000001,0.48,0.6045348927605392
938,correlation_60pct,80.00000000000001,0.45,0.5166774012538211
939,accuracy_80pct,94.33333333333333,0.88,0.8357722380177766
939,accuracy_70pct,87.66666666666667,0.76,0.619101803047298
939,accuracy_60pct,85.66666666666666,0.7,0.5958556982374398
939,correlation_70pct,78.66666666666669,0.44,0.5190744717622527
939,correlation_60pct,76.33333333333334,0.45,0.4369663881147063
940,accuracy_80pct,92.66666666666666,0.85,0.7994812087384294
940,accuracy_70pct,90.33333333333333,0.78,0.7693486615601588
940,accuracy_60pct,85.0,0.68,0.5675367924662059
940,correlation_70pct,79.66666666666669,0.46,0.6033203567584351
940,correlation_60pct,79.0,0.47,0.5232922270098039
941,accuracy_80pct,94.33333333333334,0.87,0.8533147169605734
941,accuracy_70pct,88.66666666666666,0.77,0.6459928194479853
941,accuracy_60pct,87.33333333333333,0.73,0.5767099637673584
941,correlation_70pct,78.33333333333334,0.47,0.4267767771818148
941,correlation_60pct,80.00000000000001,0.5,0.49056223002365684
942,accuracy_80pct,92.0,0.83,0.7888195232487061
942,accuracy_70pct,89.0,0.81,0.6544179425433027
942,accuracy_60pct,84.33333333333334,0.69,0.564670505182949
942,correlation_70pct,83.33333333333334,0.54,0.6555135689036485
942,correlation_60pct,78.33333333333334,0.47,0.5258083762260608
943,accuracy_80pct,93.33333333333334,0.84,0.8678943631232104
943,accuracy_70pct,90.00000000000001,0.79,0.7298208142668763
943,accuracy_60pct,86.00000000000001,0.73,0.6043706960789871
943,correlation_70pct,83.66666666666666,0.54,0.6755459812887327
943,correlation_60pct,77.0,0.41,0.5121549689936324
944,accuracy_80pct,92.0,0.85,0.7908000483700361
944,accuracy_70pct,89.0,0.78,0.675062272954397
944,accuracy_60pct,88.66666666666666,0.76,0.6880620563243186
944,correlation_70pct,85.00000000000001,0.59,0.7082081351736265
944,correlation_60pct,80.66666666666669,0.49,0.5759786078448192
945,accuracy_80pct,95.33333333333334,0.91,0.848786137435414
945,accuracy_70pct,91.66666666666667,0.8,0.764515215781322
945,accuracy_60pct,86.0,0.74,0.5882666639028155
945,correlation_70pct,82.33333333333334,0.52,0.6199790396312288
945,correlation_60pct,75.33333333333336,0.39,0.41037736589378365
946,accuracy_80pct,94.33333333333334,0.86,0.8252150484336616
946,accuracy_70pct,88.33333333333334,0.78,0.6242164676805588
946,accuracy_60pct,86.66666666666667,0.7,0.6228773290756849
946,correlation_70pct,82.33333333333333,0.51,0.5703187845190333
946,correlation_60pct,77.66666666666669,0.42,0.5563744677734322
947,accuracy_80pct,92.66666666666666,0.84,0.8193143020966248
947,accuracy_70pct,89.33333333333334,0.79,0.7134987988437893
947,accuracy_60pct,85.66666666666667,0.7,0.6344948866379827
947,correlation_70pct,81.66666666666667,0.51,0.6134701840162418
947,correlation_60pct,80.66666666666667,0.49,0.6039320558725855
948,accuracy_80pct,91.33333333333334,0.83,0.7587453429326507
948,accuracy_70pct,90.66666666666666,0.78,0.794538085006957
948,accuracy_60pct,86.0,0.73,0.5880720917534287
948,correlation_70pct,81.66666666666667,0.55,0.5931609116995364
948,correlation_60pct,81.33333333333333,0.5,0.6151931817085081
949,accuracy_80pct,92.0,0.84,0.7562607617312804
949,accuracy_70pct,88.33333333333334,0.77,0.6554716714835477
949,accuracy_60pct,85.33333333333334,0.69,0.5890431510825594
949,correlation_70pct,80.0,0.49,0.5450523374707283
949,correlation_60pct,78.00000000000001,0.42,0.5476134804545238
950,accuracy_80pct,95.00000000000001,0.87,0.8837184526419405
950,accuracy_70pct,88.66666666666667,0.77,0.6758723060398654
950,accuracy_60pct,86.33333333333334,0.69,0.6619334184331706
950,correlation_70pct,79.33333333333334,0.43,0.5845155446787876
950,correlation_60pct,78.00000000000001,0.45,0.5047248986146116
951,accuracy_80pct,92.66666666666667,0.84,0.7269461487715088
951,accuracy_70pct,89.33333333333333,0.8,0.6160120146878529
951,accuracy_60pct,87.33333333333334,0.73,0.5776312806189265
951,correlation_70pct,81.66666666666667,0.5,0.5203294949246579
951,correlation_60pct,78.66666666666667,0.46,0.45450545593392266
952,accuracy_80pct,92.66666666666667,0.87,0.7930860739736427
952,accuracy_70pct,90.00000000000001,0.78,0.7898452460974518
952,accuracy_60pct,86.33333333333333,0.74,0.6373333109355268
952,correlation_70pct,76.66666666666667,0.4,0.48826062598963993
952,correlation_60pct,76.00000000000001,0.38,0.47546217492295956
953,accuracy_80pct,93.66666666666667,0.86,0.826886900887897
953,accuracy_70pct,87.66666666666666,0.75,0.6499801785823265
953,accuracy_60pct,87.66666666666667,0.74,0.6647598575350183
953,correlation_70pct,83.33333333333334,0.54,0.6492353551907768
953,correlation_60pct,77.33333333333334,0.44,0.4678588723479693
954,accuracy_80pct,92.0,0.85,0.7138229210291716
954,accuracy_70pct,91.0,0.8,0.7248993343168822
954,accuracy_60pct,85.33333333333334,0.67,0.5402292493319475
954,correlation_70pct,84.0,0.56,0.6005789745878065
954,correlation_60pct,79.33333333333333,0.43,0.5769943812928706
955,accuracy_80pct,91.33333333333334,0.83,0.730234639668643
955,accuracy_70pct,87.66666666666666,0.76,0.6207594158159875
955,accuracy_60pct,87.66666666666667,0.74,0.6365103350429637
955,correlation_70pct,81.66666666666669,0.49,0.6040837667288261
955,correlation_60pct,76.66666666666669,0.36,0.5384154109525395
956,accuracy_80pct,92.66666666666667,0.88,0.7638210204242212
956,accuracy_70pct,88.33333333333334,0.76,0.6751735800232918
956,accuracy_60pct,85.66666666666667,0.74,0.5770838451366771
956,correlation_70pct,80.33333333333336,0.43,0.6284322188232228
956,correlation_60pct,80.0,0.47,0.5838237512539421
957,accuracy_80pct,92.66666666666667,0.83,0.8136228070002429
957,accuracy_70pct,88.66666666666667,0.77,0.6350310955128098
957,accuracy_60pct,85.33333333333333,0.72,0.5171024572849455
957,correlation_70pct,79.66666666666667,0.48,0.5743857919598169
957,correlation_60pct,76.66666666666669,0.4,0.5032941174008347
958,accuracy_80pct,94.33333333333333,0.85,0.8302174521379025
958,accuracy_70pct,89.66666666666667,0.78,0.6723921111090975
958,accuracy_60pct,85.33333333333333,0.7,0.47299878718764177
958,correlation_70pct,85.33333333333334,0.57,0.6745147442135142
958,correlation_60pct,78.33333333333334,0.44,0.435717231704375
959,accuracy_80pct,90.99999999999999,0.82,0.6742600018241502
959,accuracy_70pct,93.0,0.84,0.7332450716133513
959,accuracy_60pct,87.66666666666667,0.74,0.5730415174473745
959,correlation_70pct,83.33333333333336,0.55,0.6307069062190461
959,correlation_60pct,74.00000000000001,0.33,0.3609763491702306
960,accuracy_80pct,94.33333333333334,0.85,0.8535683014862605
960,accuracy_70pct,90.66666666666666,0.81,0.7081940382322505
960,accuracy_60pct,85.66666666666667,0.69,0.5505463648855615
960,correlation_70pct,80.33333333333334,0.45,0.5684549316605614
960,correlation_60pct,77.00000000000001,0.44,0.37269093288321054
961,accuracy_80pct,95.33333333333334,0.89,0.8596118843478766
961,accuracy_70pct,89.00000000000001,0.76,0.7042560799247358
961,accuracy_60pct,85.66666666666667,0.69,0.532459856089507
961,correlation_70pct,83.00000000000001,0.52,0.6862192351378503
961,correlation_60pct,78.66666666666669,0.44,0.5094549047412587
962,accuracy_80pct,95.33333333333333,0.89,0.8502393388155894
962,accuracy_70pct,89.66666666666667,0.79,0.6592269502620909
962,accuracy_60pct,85.66666666666669,0.69,0.5812170837819794
962,correlation_70pct,83.33333333333333,0.55,0.5587907415739467
962,correlation_60pct,82.00000000000001,0.51,0.6159107666206839
963,accuracy_80pct,92.00000000000001,0.86,0.7732985607971498
963,accuracy_70pct,88.33333333333333,0.78,0.6592075234748224
963,accuracy_60pct,85.66666666666667,0.71,0.581041764844072
963,correlation_70pct,81.00000000000003,0.5,0.6239837935352405
963,correlation_60pct,76.66666666666667,0.4,0.49523877443021624
964,accuracy_80pct,94.66666666666667,0.87,0.8608378760650698
964,accuracy_70pct,91.0,0.8,0.7066448905125918
964,accuracy_60pct,84.33333333333334,0.65,0.4831539392965258
964,correlation_70pct,81.00000000000001,0.46,0.5510492879522878
964,correlation_60pct,78.66666666666669,0.48,0.40557556026629
965,accuracy_80pct,92.33333333333334,0.86,0.7754971802804452
965,accuracy_70pct,92.0,0.81,0.7874419135261206
965,accuracy_60pct,86.33333333333334,0.7,0.5832331943678407
965,correlation_70pct,82.66666666666667,0.53,0.6726358907855143
965,correlation_60pct,80.66666666666669,0.47,0.6236777515166564
966,accuracy_80pct,92.33333333333333,0.87,0.7133050453350563
966,accuracy_70pct,93.66666666666667,0.83,0.8721817590770191
966,accuracy_60pct,83.00000000000001,0.67,0.5097518953734016
966,correlation_70pct,81.33333333333334,0.5,0.5962762005753415
966,correlation_60pct,77.33333333333334,0.4,0.4927011301724055
967,accuracy_80pct,93.66666666666666,0.88,0.790123119004292
967,accuracy_70pct,91.66666666666667,0.81,0.779869772872015
967,accuracy_60pct,85.66666666666667,0.75,0.5334795480819247
967,correlation_70pct,82.33333333333334,0.53,0.6193869493862594
967,correlation_60pct,77.33333333333334,0.42,0.48378329270251735
968,accuracy_80pct,91.66666666666666,0.84,0.7224589286395738
968,accuracy_70pct,89.33333333333334,0.75,0.6775628202864801
968,accuracy_60pct,88.33333333333336,0.73,0.6414529505728311
968,correlation_70pct,84.66666666666669,0.57,0.6462968336038803
968,correlation_60pct,79.33333333333334,0.47,0.4858919938434453
969,accuracy_80pct,92.66666666666667,0.84,0.8047235766774542
969,accuracy_70pct,89.66666666666667,0.8,0.6665622931940212
969,accuracy_60pct,86.33333333333333,0.71,0.6393136968118542
969,correlation_70pct,82.66666666666667,0.56,0.6039821851942386
969,correlation_60pct,77.33333333333333,0.44,0.5231378094729935
970,accuracy_80pct,92.33333333333333,0.86,0.7583903837487082
970,accuracy_70pct,89.33333333333334,0.76,0.6847962145703109
970,accuracy_60pct,86.33333333333333,0.73,0.5827791665465408
970,correlation_70pct,83.0,0.53,0.698685468918493
970,correlation_60pct,79.0,0.47,0.5200480226787608
971,accuracy_80pct,94.0,0.87,0.8227760064064031
971,accuracy_70pct,88.66666666666666,0.79,0.6805639680805207
971,accuracy_60pct,87.33333333333333,0.73,0.6505952189599148
971,correlation_70pct,83.0,0.54,0.7078901000002338
971,correlation_60pct,74.00000000000001,0.38,0.3247185809817936
972,accuracy_80pct,93.33333333333336,0.85,0.7988825811560212
972,accuracy_70pct,90.0,0.79,0.6974717602523485
972,accuracy_60pct,87.33333333333333,0.73,0.620708026302235
972,correlation_70pct,79.0,0.44,0.5713695177591956
972,correlation_60pct,76.66666666666669,0.39,0.49687807975051235
973,accuracy_80pct,92.66666666666667,0.85,0.7757457196361691
973,accuracy_70pct,91.00000000000001,0.76,0.7898031518117794
973,accuracy_60pct,91.66666666666667,0.8,0.7609606343420421
973,correlation_70pct,78.66666666666667,0.43,0.5505762670754564
973,correlation_60pct,77.33333333333333,0.41,0.5021151410343433
974,accuracy_80pct,93.66666666666666,0.85,0.8282553641888887
974,accuracy_70pct,88.66666666666667,0.78,0.6516817569193623
974,accuracy_60pct,89.33333333333334,0.77,0.6814802343932111
974,correlation_70pct,83.0,0.53,0.6455846328122683
974,correlation_60pct,74.00000000000003,0.33,0.4364379619850643
975,accuracy_80pct,93.66666666666667,0.88,0.7856040101080615
975,accuracy_70pct,89.33333333333334,0.76,0.7084405977341421
975,accuracy_60pct,86.33333333333334,0.74,0.5613906333824582
975,correlation_70pct,83.33333333333334,0.55,0.627121291256223
975,correlation_60pct,75.00000000000001,0.41,0.28993367542082
976,accuracy_80pct,93.33333333333334,0.85,0.8052637800907814
976,accuracy_70pct,89.00000000000001,0.76,0.7039745604195188
976,accuracy_60pct,83.66666666666666,0.65,0.5164777285876812
976,correlation_70pct,82.0,0.5,0.591195799947134
976,correlation_60pct,79.00000000000001,0.45,0.5425649093384257
977,accuracy_80pct,94.00000000000001,0.85,0.8480428202228882
977,accuracy_70pct,90.33333333333334,0.78,0.6764794035305176
977,accuracy_60pct,85.33333333333334,0.69,0.5661771076665607
977,correlation_70pct,82.00000000000001,0.52,0.578007953526871
977,correlation_60pct,77.66666666666669,0.4,0.46942624370938274
978,accuracy_80pct,94.0,0.86,0.8580229359385415
978,accuracy_70pct,85.33333333333333,0.72,0.5294027375969641
978,accuracy_60pct,87.0,0.71,0.645856632138238
978,correlation_70pct,79.33333333333337,0.45,0.5872997723258995
978,correlation_60pct,77.33333333333334,0.41,0.4417380235038301
979,accuracy_80pct,92.0,0.86,0.7723897425740567
979,accuracy_70pct,88.33333333333334,0.76,0.7039783812696438
979,accuracy_60pct,84.33333333333333,0.7,0.5993854622466693
979,correlation_70pct,80.33333333333333,0.5,0.6125497179248006
979,correlation_60pct,74.66666666666667,0.38,0.44652039258309645
980,accuracy_80pct,92.66666666666667,0.85,0.7615748587057168
980,accuracy_70pct,88.66666666666667,0.76,0.6279687961062786
980,accuracy_60pct,83.0,0.71,0.39640057421798264
980,correlation_70pct,83.66666666666667,0.56,0.6340833315571334
980,correlation_60pct,78.66666666666669,0.46,0.4654690146749252
981,accuracy_80pct,94.66666666666667,0.86,0.8923945257629021
981,accuracy_70pct,90.33333333333333,0.77,0.7692224771409979
981,accuracy_60pct,87.66666666666666,0.74,0.6167318769500719
981,correlation_70pct,79.66666666666667,0.47,0.5065499540995964
981,correlation_60pct,79.33333333333334,0.48,0.4902781769076256
982,accuracy_80pct,94.66666666666666,0.89,0.8187926554964813
982,accuracy_70pct,91.33333333333333,0.8,0.7664844547971359
982,accuracy_60pct,85.0,0.68,0.5596153185464191
982,correlation_70pct,80.00000000000001,0.48,0.503379039641556
982,correlation_60pct,77.66666666666669,0.42,0.43943788017370045
983,accuracy_80pct,94.33333333333334,0.87,0.8514234607114525
983,accuracy_70pct,88.33333333333333,0.76,0.6268523250242819
983,accuracy_60pct,86.66666666666666,0.72,0.6034020752599686
983,correlation_70pct,86.33333333333333,0.62,0.6915899039006042
983,correlation_60pct,80.66666666666667,0.5,0.5293509881129167
984,accuracy_80pct,93.33333333333333,0.85,0.8287992851626211
984,accuracy_70pct,92.33333333333334,0.83,0.7619814336048738
984,accuracy_60pct,89.0,0.77,0.6883734714847218
984,correlation_70pct,81.33333333333334,0.51,0.5840567906087076
984,correlation_60pct,75.33333333333334,0.35,0.40362651162709107
985,accuracy_80pct,90.33333333333334,0.84,0.6454148737079274
985,accuracy_70pct,92.00000000000001,0.81,0.7799021375682679
985,accuracy_60pct,85.0,0.7,0.5087129849574746
985,correlation_70pct,80.66666666666669,0.47,0.6055133206081794
985,correlation_60pct,74.33333333333334,0.34,0.4378420863452419
986,accuracy_80pct,92.33333333333333,0.86,0.7545029699225018
986,accuracy_70pct,90.66666666666666,0.8,0.7178296182103228
986,accuracy_60pct,88.66666666666667,0.75,0.7224239929999613
986,correlation_70pct,83.33333333333334,0.57,0.6353242494981546
986,correlation_60pct,76.00000000000001,0.38,0.4810108986660407
987,accuracy_80pct,92.00000000000001,0.84,0.7591081767209198
987,accuracy_70pct,90.66666666666667,0.81,0.7248948073752272
987,accuracy_60pct,85.33333333333333,0.72,0.5588732097144282
987,correlation_70pct,83.33333333333336,0.52,0.6936904240189351
987,correlation_60pct,82.33333333333333,0.52,0.6156568222005141
988,accuracy_80pct,94.0,0.86,0.8327113675548696
988,accuracy_70pct,88.0,0.77,0.6050332916654774
988,accuracy_60pct,85.66666666666667,0.68,0.6220344359483315
988,correlation_70pct,79.33333333333336,0.44,0.5319768177424077
988,correlation_60pct,78.33333333333334,0.46,0.496773598452007
989,accuracy_80pct,92.0,0.85,0.7390747365707554
989,accuracy_70pct,89.00000000000001,0.78,0.655016270753518
989,accuracy_60pct,86.33333333333334,0.69,0.6057920608697258
989,correlation_70pct,84.66666666666667,0.57,0.6408653429967874
989,correlation_60pct,82.00000000000001,0.54,0.536076670376583
990,accuracy_80pct,92.00000000000001,0.83,0.7548289540317935
990,accuracy_70pct,87.66666666666666,0.79,0.5292756300493885
990,accuracy_60pct,84.00000000000001,0.68,0.504416958542676
990,correlation_70pct,82.0,0.52,0.5619779066078375
990,correlation_60pct,76.33333333333334,0.4,0.4527064848003979
991,accuracy_80pct,93.33333333333334,0.85,0.7817197573634297
991,accuracy_70pct,89.66666666666667,0.78,0.7165799584513174
991,accuracy_60pct,87.33333333333333,0.74,0.6121151938611632
991,correlation_70pct,78.33333333333334,0.46,0.5256669989486255
991,correlation_60pct,76.00000000000001,0.41,0.4588047253917402
992,accuracy_80pct,92.66666666666667,0.86,0.7633348136243152
992,accuracy_70pct,90.33333333333334,0.8,0.7292545410700042
992,accuracy_60pct,85.0,0.69,0.592690253984494
992,correlation_70pct,85.66666666666669,0.61,0.7041592283529038
992,correlation_60pct,78.66666666666667,0.43,0.5528649613350336
993,accuracy_80pct,92.0,0.85,0.7178900401406743
993,accuracy_70pct,91.00000000000001,0.81,0.7212808347939859
993,accuracy_60pct,86.0,0.73,0.5291726241465207
993,correlation_70pct,82.33333333333336,0.52,0.5892070586991646
993,correlation_60pct,79.33333333333334,0.46,0.49953734380760373
994,accuracy_80pct,94.66666666666666,0.89,0.8547739796949078
994,accuracy_70pct,91.33333333333334,0.81,0.746410605163445
994,accuracy_60pct,85.33333333333334,0.68,0.5793091097754884
994,correlation_70pct,84.0,0.58,0.6440274996551697
994,correlation_60pct,77.33333333333334,0.42,0.5208754951388568
995,accuracy_80pct,93.66666666666667,0.86,0.8268038932078343
995,accuracy_70pct,91.0,0.8,0.7598377311336624
995,accuracy_60pct,86.33333333333334,0.69,0.638376105550522
995,correlation_70pct,83.66666666666667,0.55,0.6851538097926716
995,correlation_60pct,81.33333333333333,0.52,0.6333859902920562
996,accuracy_80pct,92.66666666666667,0.85,0.752545422131735
996,accuracy_70pct,89.66666666666667,0.78,0.7047425155765371
996,accuracy_60pct,85.99999999999999,0.72,0.50191082727064
996,correlation_70pct,84.0,0.54,0.5867377776868644
996,correlation_60pct,81.66666666666669,0.51,0.5270902568980332
997,accuracy_80pct,91.66666666666667,0.84,0.7068595619559944
997,accuracy_70pct,90.66666666666667,0.78,0.7747259093258406
997,accuracy_60pct,87.33333333333334,0.72,0.6176423056669481
997,correlation_70pct,81.33333333333334,0.51,0.5400397029597096
997,correlation_60pct,72.66666666666669,0.31,0.256871754868693
998,accuracy_80pct,92.99999999999999,0.87,0.7813341040884373
998,accuracy_70pct,90.66666666666669,0.79,0.746652395752545
998,accuracy_60pct,89.0,0.75,0.6881119374781546
998,correlation_70pct,81.66666666666669,0.49,0.6076852292333983
998,correlation_60pct,76.00000000000001,0.38,0.46059620009702373
999,accuracy_80pct,93.66666666666667,0.85,0.8637652010643287
999,accuracy_70pct,90.0,0.81,0.6921689509364902
999,accuracy_60pct,86.00000000000001,0.69,0.6232652818354115
999,correlation_70pct,85.0,0.56,0.7154920498749376
999,correlation_60pct,74.00000000000001,0.4,0.3731687390753715
