grader_type,sigma,rbf_score,accuracy,spearman
accuracy_80pct,0.1,86.0,0.86,0.7754674591617249
accuracy_70pct,0.1,78.0,0.78,0.6315228557149806
accuracy_60pct,0.1,70.0,0.7,0.6036835816685959
correlation_70pct,0.1,38.0,0.38,0.5661936270618781
correlation_60pct,0.1,42.0,0.42,0.37595003144468503
accuracy_80pct,0.1,84.0,0.84,0.8428869634367165
accuracy_70pct,0.1,81.0,0.81,0.7511713454357328
accuracy_60pct,0.1,73.0,0.73,0.6667283106234599
correlation_70pct,0.1,44.0,0.44,0.6153952126587395
correlation_60pct,0.1,39.0,0.39,0.5780601881459867
accuracy_80pct,0.1,84.0,0.84,0.8094305935583839
accuracy_70pct,0.1,76.0,0.76,0.7237774848989654
accuracy_60pct,0.1,71.0,0.71,0.5788819794026535
correlation_70pct,0.1,39.0,0.39,0.6280973159190939
correlation_60pct,0.1,36.0,0.36,0.6274040144586666
accuracy_80pct,0.1,86.0,0.86,0.8454533683013269
accuracy_70pct,0.1,75.0,0.75,0.6174326829818655
accuracy_60pct,0.1,67.0,0.67,0.6118777516839041
correlation_70pct,0.1,41.0,0.41,0.6040228736068076
correlation_60pct,0.1,37.0,0.37,0.6114936162382094
accuracy_80pct,0.1,83.0,0.83,0.7784293032287162
accuracy_70pct,0.1,75.0,0.75,0.6536753608269351
accuracy_60pct,0.1,72.0,0.72,0.6878728690670588
correlation_70pct,0.1,47.0,0.47,0.6656737715180364
correlation_60pct,0.1,30.0,0.3,0.45961230848922785
accuracy_80pct,0.1,85.0,0.85,0.7862265211733207
accuracy_70pct,0.1,76.0,0.76,0.6742144207787962
accuracy_60pct,0.1,69.0,0.69,0.4701933941191796
correlation_70pct,0.1,51.0,0.51,0.6728268201839984
correlation_60pct,0.1,34.0,0.34,0.45920923921859946
accuracy_80pct,0.1,86.0,0.86,0.851086388642709
accuracy_70pct,0.1,79.0,0.79,0.7191720810105314
accuracy_60pct,0.1,72.0,0.72,0.5320738962670571
correlation_70pct,0.1,39.0,0.39,0.695468896551244
correlation_60pct,0.1,37.0,0.37,0.556659400647143
accuracy_80pct,0.1,84.0,0.84,0.7475914129441992
accuracy_70pct,0.1,74.0,0.74,0.5913843189954928
accuracy_60pct,0.1,70.0,0.7,0.6216017087395221
correlation_70pct,0.1,41.0,0.41,0.5244422572187084
correlation_60pct,0.1,29.0,0.29,0.41251596852047795
accuracy_80pct,0.1,82.0,0.82,0.6857729583732787
accuracy_70pct,0.1,77.0,0.77,0.7653396549328279
accuracy_60pct,0.1,66.0,0.66,0.5526517764748794
correlation_70pct,0.1,38.0,0.38,0.630757195396447
correlation_60pct,0.1,38.0,0.38,0.6191188642605887
accuracy_80pct,0.1,85.0,0.85,0.852616699705691
accuracy_70pct,0.1,84.0,0.84,0.6977235880131709
accuracy_60pct,0.1,72.0,0.72,0.6116874739379689
correlation_70pct,0.1,44.0,0.44,0.5495933004741071
correlation_60pct,0.1,53.0,0.53,0.5351375600996341
accuracy_80pct,0.1,90.0,0.9,0.8409769128193315
accuracy_70pct,0.1,73.0,0.73,0.5767456214915508
accuracy_60pct,0.1,71.0,0.71,0.5927388661115187
correlation_70pct,0.1,47.0,0.47,0.6562918593731475
correlation_60pct,0.1,45.0,0.45,0.4823029697415796
accuracy_80pct,0.1,88.0,0.88,0.7892416828247438
accuracy_70pct,0.1,79.0,0.79,0.6626527541324744
accuracy_60pct,0.1,65.0,0.65,0.5319897290964972
correlation_70pct,0.1,42.0,0.42,0.7286174528235789
correlation_60pct,0.1,39.0,0.39,0.5655233989378895
accuracy_80pct,0.1,85.0,0.85,0.8169991873496043
accuracy_70pct,0.1,79.0,0.79,0.7371950062728626
accuracy_60pct,0.1,69.0,0.69,0.5807813380934301
correlation_70pct,0.1,38.0,0.38,0.56045629857974
correlation_60pct,0.1,33.0,0.33,0.47433963555524483
accuracy_80pct,0.1,83.0,0.83,0.7776773263018094
accuracy_70pct,0.1,75.0,0.75,0.6141379820712287
accuracy_60pct,0.1,73.0,0.73,0.5773027604058963
correlation_70pct,0.1,48.0,0.48,0.6471597415756968
correlation_60pct,0.1,37.0,0.37,0.49303183030188474
accuracy_80pct,0.1,85.0,0.85,0.7384640411959229
accuracy_70pct,0.1,79.0,0.79,0.6001256549843658
accuracy_60pct,0.1,71.0,0.71,0.7277689647909988
correlation_70pct,0.1,40.0,0.4,0.5757276769438493
correlation_60pct,0.1,39.0,0.39,0.507009156232679
accuracy_80pct,0.1,83.0,0.83,0.8307917114522032
accuracy_70pct,0.1,77.0,0.77,0.7371776697663541
accuracy_60pct,0.1,69.0,0.69,0.5818916943279415
correlation_70pct,0.1,40.0,0.4,0.6874909545817117
correlation_60pct,0.1,39.0,0.39,0.43829530365732783
accuracy_80pct,0.1,84.0,0.84,0.8388184187126713
accuracy_70pct,0.1,78.0,0.78,0.6920277909554555
accuracy_60pct,0.1,69.0,0.69,0.5446142535637781
correlation_70pct,0.1,40.0,0.4,0.6174994253400966
correlation_60pct,0.1,44.0,0.44,0.46729145071111333
accuracy_80pct,0.1,87.0,0.87,0.8467048754914231
accuracy_70pct,0.1,76.0,0.76,0.7179213679198311
accuracy_60pct,0.1,73.0,0.73,0.5108224364293318
correlation_70pct,0.1,47.0,0.47,0.5723057949224172
correlation_60pct,0.1,43.0,0.43,0.535505296287431
accuracy_80pct,0.1,81.0,0.81,0.7279341252371524
accuracy_70pct,0.1,77.0,0.77,0.7508207803855658
accuracy_60pct,0.1,69.0,0.69,0.5979472331614938
correlation_70pct,0.1,42.0,0.42,0.6110497593210248
correlation_60pct,0.1,38.0,0.38,0.4622646343082189
accuracy_80pct,0.1,84.0,0.84,0.7842743307867301
accuracy_70pct,0.1,76.0,0.76,0.7399503896470686
accuracy_60pct,0.1,70.0,0.7,0.743669081353039
correlation_70pct,0.1,46.0,0.46,0.6054397566182306
correlation_60pct,0.1,40.0,0.4,0.6272944670746352
accuracy_80pct,0.1,88.0,0.88,0.824294775947644
accuracy_70pct,0.1,73.0,0.73,0.7938798025314432
accuracy_60pct,0.1,70.0,0.7,0.6158472627226793
correlation_70pct,0.1,37.0,0.37,0.5958723919428915
correlation_60pct,0.1,36.0,0.36,0.5167733522234799
accuracy_80pct,0.1,80.0,0.8,0.6820181809731098
accuracy_70pct,0.1,77.0,0.77,0.7765279447473419
accuracy_60pct,0.1,68.0,0.68,0.6641517990952011
correlation_70pct,0.1,41.0,0.41,0.669386996191172
correlation_60pct,0.1,40.0,0.4,0.4869171284800724
accuracy_80pct,0.1,87.0,0.87,0.8699114797519482
accuracy_70pct,0.1,78.0,0.78,0.7320586105837203
accuracy_60pct,0.1,67.0,0.67,0.6126702331772845
correlation_70pct,0.1,44.0,0.44,0.6351499847005939
correlation_60pct,0.1,31.0,0.31,0.5597538954128246
accuracy_80pct,0.1,84.0,0.84,0.7137039716228305
accuracy_70pct,0.1,77.0,0.77,0.6427019391933
accuracy_60pct,0.1,65.0,0.65,0.5767612863500495
correlation_70pct,0.1,46.0,0.46,0.5710435184019899
correlation_60pct,0.1,28.0,0.28,0.4436869867760875
accuracy_80pct,0.1,85.0,0.85,0.8644260032370737
accuracy_70pct,0.1,80.0,0.8,0.7162918156882702
accuracy_60pct,0.1,73.0,0.73,0.5599837435071081
correlation_70pct,0.1,47.0,0.47,0.6532245072892414
correlation_60pct,0.1,39.0,0.39,0.5003273652960176
accuracy_80pct,0.1,83.0,0.83,0.8244654036399093
accuracy_70pct,0.1,73.0,0.73,0.5847735545066789
accuracy_60pct,0.1,70.0,0.7,0.551783308142489
correlation_70pct,0.1,39.0,0.39,0.6463853666663152
correlation_60pct,0.1,35.0,0.35,0.6199548672174949
accuracy_80pct,0.1,87.0,0.87,0.8487590456903432
accuracy_70pct,0.1,75.0,0.75,0.6601954049065671
accuracy_60pct,0.1,69.0,0.69,0.4474349031171988
correlation_70pct,0.1,41.0,0.41,0.588495872691354
correlation_60pct,0.1,31.0,0.31,0.4893616480532593
accuracy_80pct,0.1,87.0,0.87,0.9205688995512578
accuracy_70pct,0.1,75.0,0.75,0.7406382411968035
accuracy_60pct,0.1,72.0,0.72,0.7155771262220445
correlation_70pct,0.1,33.0,0.33,0.5122166775066836
correlation_60pct,0.1,37.0,0.37,0.6595576330493466
accuracy_80pct,0.1,87.0,0.87,0.8924134852305223
accuracy_70pct,0.1,77.0,0.77,0.6331274877689316
accuracy_60pct,0.1,65.0,0.65,0.41939320860706975
correlation_70pct,0.1,49.0,0.49,0.6528894355686762
correlation_60pct,0.1,35.0,0.35,0.512159115539874
accuracy_80pct,0.1,84.0,0.84,0.8420914248530412
accuracy_70pct,0.1,76.0,0.76,0.6330377659251283
accuracy_60pct,0.1,71.0,0.71,0.618802883255179
correlation_70pct,0.1,42.0,0.42,0.6614667855422914
correlation_60pct,0.1,40.0,0.4,0.5557804856162599
accuracy_80pct,0.1,85.0,0.85,0.7652630507429181
accuracy_70pct,0.1,76.0,0.76,0.6282106097440662
accuracy_60pct,0.1,72.0,0.72,0.6535324339468289
correlation_70pct,0.1,38.0,0.38,0.47661327178866625
correlation_60pct,0.1,33.0,0.33,0.4331142864307041
accuracy_80pct,0.1,86.0,0.86,0.7275577058728028
accuracy_70pct,0.1,78.0,0.78,0.694957351799283
accuracy_60pct,0.1,67.0,0.67,0.5129000683698572
correlation_70pct,0.1,38.0,0.38,0.6774649676948187
correlation_60pct,0.1,41.0,0.41,0.5992121430671629
accuracy_80pct,0.1,84.0,0.84,0.7836801787438094
accuracy_70pct,0.1,79.0,0.79,0.7820045788121011
accuracy_60pct,0.1,67.0,0.67,0.5064167635683531
correlation_70pct,0.1,43.0,0.43,0.6683956214887531
correlation_60pct,0.1,36.0,0.36,0.5036349246807725
accuracy_80pct,0.1,88.0,0.88,0.9093347868187249
accuracy_70pct,0.1,81.0,0.81,0.7785981907653096
accuracy_60pct,0.1,69.0,0.69,0.6277619457496817
correlation_70pct,0.1,35.0,0.35,0.5813781364099415
correlation_60pct,0.1,32.0,0.32,0.48674761639157477
accuracy_80pct,0.1,83.0,0.83,0.791822749999577
accuracy_70pct,0.1,77.0,0.77,0.7450665996084163
accuracy_60pct,0.1,66.0,0.66,0.6051679583754741
correlation_70pct,0.1,56.0,0.56,0.7430681151463632
correlation_60pct,0.1,45.0,0.45,0.5479852965616255
accuracy_80pct,0.1,85.0,0.85,0.7869575808082532
accuracy_70pct,0.1,77.0,0.77,0.6417113632780364
accuracy_60pct,0.1,69.0,0.69,0.5295410633016937
correlation_70pct,0.1,39.0,0.39,0.5968662900563283
correlation_60pct,0.1,37.0,0.37,0.5410425352866769
accuracy_80pct,0.1,87.0,0.87,0.8103570280450655
accuracy_70pct,0.1,73.0,0.73,0.8211288960751562
accuracy_60pct,0.1,69.0,0.69,0.5080835733602298
correlation_70pct,0.1,38.0,0.38,0.6339830351526351
correlation_60pct,0.1,40.0,0.4,0.5439962815793863
accuracy_80pct,0.1,88.0,0.88,0.8480389478091547
accuracy_70pct,0.1,78.0,0.78,0.646354662336288
accuracy_60pct,0.1,67.0,0.67,0.5828181994379549
correlation_70pct,0.1,40.0,0.4,0.6278098968470703
correlation_60pct,0.1,39.0,0.39,0.4992041992573294
accuracy_80pct,0.1,81.0,0.81,0.7311941763659162
accuracy_70pct,0.1,79.0,0.79,0.7449175587803938
accuracy_60pct,0.1,66.0,0.66,0.5474943320839271
correlation_70pct,0.1,44.0,0.44,0.5824517924202803
correlation_60pct,0.1,35.0,0.35,0.5283028637454745
accuracy_80pct,0.1,83.0,0.83,0.76148710097381
accuracy_70pct,0.1,79.0,0.79,0.7560877010647379
accuracy_60pct,0.1,70.0,0.7,0.6433234543129666
correlation_70pct,0.1,41.0,0.41,0.6490903984769487
correlation_60pct,0.1,37.0,0.37,0.7323909690433489
accuracy_80pct,0.1,84.0,0.84,0.7820906708106382
accuracy_70pct,0.1,74.0,0.74,0.7418173736553132
accuracy_60pct,0.1,67.0,0.67,0.5456148898806591
correlation_70pct,0.1,39.0,0.39,0.6445120981507952
correlation_60pct,0.1,43.0,0.43,0.48689356619594215
accuracy_80pct,0.1,84.0,0.84,0.7624412518162614
accuracy_70pct,0.1,78.0,0.78,0.6642645551380237
accuracy_60pct,0.1,69.0,0.69,0.69373762886609
correlation_70pct,0.1,44.0,0.44,0.6842236787163871
correlation_60pct,0.1,36.0,0.36,0.4740915737260889
accuracy_80pct,0.1,87.0,0.87,0.7794227022673511
accuracy_70pct,0.1,75.0,0.75,0.7727820250334452
accuracy_60pct,0.1,67.0,0.67,0.6563086604811629
correlation_70pct,0.1,43.0,0.43,0.5687205967934102
correlation_60pct,0.1,34.0,0.34,0.5371958363341658
accuracy_80pct,0.1,86.0,0.86,0.8105992809608755
accuracy_70pct,0.1,79.0,0.79,0.763462415858183
accuracy_60pct,0.1,68.0,0.68,0.6672077569322225
correlation_70pct,0.1,43.0,0.43,0.5970340364492377
correlation_60pct,0.1,42.0,0.42,0.5607432751785332
accuracy_80pct,0.1,85.0,0.85,0.781161827624782
accuracy_70pct,0.1,76.0,0.76,0.6453271124174037
accuracy_60pct,0.1,67.0,0.67,0.6004731786846443
correlation_70pct,0.1,45.0,0.45,0.6729878268675492
correlation_60pct,0.1,46.0,0.46,0.5840588917946247
accuracy_80pct,0.1,85.0,0.85,0.81276005091153
accuracy_70pct,0.1,76.0,0.76,0.6501422449084426
accuracy_60pct,0.1,68.0,0.68,0.5375535104109129
correlation_70pct,0.1,53.0,0.53,0.6428593221475984
correlation_60pct,0.1,46.0,0.46,0.6008514146435879
accuracy_80pct,0.1,83.0,0.83,0.7223638865440095
accuracy_70pct,0.1,79.0,0.79,0.8008801693510597
accuracy_60pct,0.1,69.0,0.69,0.6491904444132733
correlation_70pct,0.1,36.0,0.36,0.609586192063926
correlation_60pct,0.1,45.0,0.45,0.5078005611828519
accuracy_80pct,0.1,84.0,0.84,0.8237675421423724
accuracy_70pct,0.1,77.0,0.77,0.7348677586875105
accuracy_60pct,0.1,70.0,0.7,0.6076017044495958
correlation_70pct,0.1,43.0,0.43,0.6024368133558821
correlation_60pct,0.1,35.0,0.35,0.5364524431561637
accuracy_80pct,0.1,87.0,0.87,0.7865679919108624
accuracy_70pct,0.1,78.0,0.78,0.742090494507309
accuracy_60pct,0.1,65.0,0.65,0.5147635303214564
correlation_70pct,0.1,34.0,0.34,0.6686020927568618
correlation_60pct,0.1,36.0,0.36,0.5487356774664333
accuracy_80pct,0.1,83.0,0.83,0.835794711834301
accuracy_70pct,0.1,77.0,0.77,0.6480459897751387
accuracy_60pct,0.1,69.0,0.69,0.6711595965401992
correlation_70pct,0.1,43.0,0.43,0.602517090026638
correlation_60pct,0.1,30.0,0.3,0.4271997141025778
accuracy_80pct,0.1,86.0,0.86,0.7962147550641661
accuracy_70pct,0.1,77.0,0.77,0.7181846047085152
accuracy_60pct,0.1,66.0,0.66,0.42165126693182114
correlation_70pct,0.1,42.0,0.42,0.6965866367106082
correlation_60pct,0.1,40.0,0.4,0.5645993515176845
accuracy_80pct,0.1,83.0,0.83,0.7899789405520891
accuracy_70pct,0.1,74.0,0.74,0.6705351425793987
accuracy_60pct,0.1,72.0,0.72,0.7210916700246136
correlation_70pct,0.1,37.0,0.37,0.6709476241382859
correlation_60pct,0.1,37.0,0.37,0.6109583314572034
accuracy_80pct,0.1,86.0,0.86,0.758067402405751
accuracy_70pct,0.1,77.0,0.77,0.6382881205906997
accuracy_60pct,0.1,69.0,0.69,0.5754181191492695
correlation_70pct,0.1,41.0,0.41,0.5832418277759167
correlation_60pct,0.1,38.0,0.38,0.6372638232013146
accuracy_80pct,0.1,84.0,0.84,0.798834543698946
accuracy_70pct,0.1,77.0,0.77,0.6729516484225236
accuracy_60pct,0.1,68.0,0.68,0.5945363091133016
correlation_70pct,0.1,42.0,0.42,0.5945725234475466
correlation_60pct,0.1,34.0,0.34,0.49845322836501244
accuracy_80pct,0.1,84.0,0.84,0.8140213970618068
accuracy_70pct,0.1,71.0,0.71,0.6406476210447573
accuracy_60pct,0.1,67.0,0.67,0.4996769744842289
correlation_70pct,0.1,37.0,0.37,0.6765293254424204
correlation_60pct,0.1,39.0,0.39,0.6520452651148136
accuracy_80pct,0.1,90.0,0.9,0.8876422020472139
accuracy_70pct,0.1,78.0,0.78,0.7327625156132981
accuracy_60pct,0.1,69.0,0.69,0.5455179663132419
correlation_70pct,0.1,44.0,0.44,0.6647267586498757
correlation_60pct,0.1,35.0,0.35,0.44625882183923715
accuracy_80pct,0.1,83.0,0.83,0.8833886385319656
accuracy_70pct,0.1,79.0,0.79,0.8128368402092786
accuracy_60pct,0.1,71.0,0.71,0.515059923991727
correlation_70pct,0.1,40.0,0.4,0.6760754595197856
correlation_60pct,0.1,32.0,0.32,0.480041126171275
accuracy_80pct,0.1,84.0,0.84,0.8417703180364552
accuracy_70pct,0.1,80.0,0.8,0.7422307425032973
accuracy_60pct,0.1,66.0,0.66,0.5628283677540019
correlation_70pct,0.1,35.0,0.35,0.5822616442175235
correlation_60pct,0.1,36.0,0.36,0.5197195510313184
accuracy_80pct,0.1,85.0,0.85,0.8490189964932944
accuracy_70pct,0.1,77.0,0.77,0.6434864484190062
accuracy_60pct,0.1,66.0,0.66,0.5433579092285344
correlation_70pct,0.1,37.0,0.37,0.5704486300795708
correlation_60pct,0.1,31.0,0.31,0.5322336946208307
accuracy_80pct,0.1,85.0,0.85,0.806542711734495
accuracy_70pct,0.1,81.0,0.81,0.7914930664430364
accuracy_60pct,0.1,68.0,0.68,0.6863856405084341
correlation_70pct,0.1,40.0,0.4,0.5899422417460083
correlation_60pct,0.1,40.0,0.4,0.5580718636255765
accuracy_80pct,0.1,85.0,0.85,0.7681656216917562
accuracy_70pct,0.1,74.0,0.74,0.7567893444553911
accuracy_60pct,0.1,69.0,0.69,0.5021243837970714
correlation_70pct,0.1,41.0,0.41,0.5998076397828012
correlation_60pct,0.1,38.0,0.38,0.47212958382393944
accuracy_80pct,0.1,82.0,0.82,0.7865048604464266
accuracy_70pct,0.1,78.0,0.78,0.740120949659249
accuracy_60pct,0.1,68.0,0.68,0.6057419795158118
correlation_70pct,0.1,43.0,0.43,0.5656347289733009
correlation_60pct,0.1,41.0,0.41,0.5806734713337662
accuracy_80pct,0.1,87.0,0.87,0.8670100509772274
accuracy_70pct,0.1,73.0,0.73,0.6649241373632345
accuracy_60pct,0.1,67.0,0.67,0.6566205741096034
correlation_70pct,0.1,48.0,0.48,0.6970712445030611
correlation_60pct,0.1,43.0,0.43,0.436106211255124
accuracy_80pct,0.1,85.0,0.85,0.8581915638881614
accuracy_70pct,0.1,79.0,0.79,0.7417332269031526
accuracy_60pct,0.1,67.0,0.67,0.5754746509792967
correlation_70pct,0.1,43.0,0.43,0.6736146676700157
correlation_60pct,0.1,48.0,0.48,0.6827408302217256
accuracy_80pct,0.1,87.0,0.87,0.8574592130366554
accuracy_70pct,0.1,78.0,0.78,0.5957430528585662
accuracy_60pct,0.1,76.0,0.76,0.7800752944954429
correlation_70pct,0.1,41.0,0.41,0.49453598685341504
correlation_60pct,0.1,33.0,0.33,0.4520812982462388
accuracy_80pct,0.1,85.0,0.85,0.8029355124714872
accuracy_70pct,0.1,80.0,0.8,0.7170688440900054
accuracy_60pct,0.1,68.0,0.68,0.5885548209737632
correlation_70pct,0.1,42.0,0.42,0.6682130117076325
correlation_60pct,0.1,34.0,0.34,0.4642887133522904
accuracy_80pct,0.1,86.0,0.86,0.7430474004182106
accuracy_70pct,0.1,84.0,0.84,0.691593820369483
accuracy_60pct,0.1,69.0,0.69,0.5618873680356695
correlation_70pct,0.1,48.0,0.48,0.5608861839787199
correlation_60pct,0.1,42.0,0.42,0.5958639802205539
accuracy_80pct,0.1,85.0,0.85,0.8256139928029839
accuracy_70pct,0.1,77.0,0.77,0.6612899828070162
accuracy_60pct,0.1,70.0,0.7,0.6028393184805843
correlation_70pct,0.1,46.0,0.46,0.7240815135722272
correlation_60pct,0.1,38.0,0.38,0.5223440666909488
accuracy_80pct,0.1,90.0,0.9,0.8441402899435184
accuracy_70pct,0.1,77.0,0.77,0.7465059473363242
accuracy_60pct,0.1,70.0,0.7,0.6712121080739135
correlation_70pct,0.1,32.0,0.32,0.512712642976084
correlation_60pct,0.1,38.0,0.38,0.5071877592922945
accuracy_80pct,0.1,86.0,0.86,0.8101951166551764
accuracy_70pct,0.1,75.0,0.75,0.6368233614841217
accuracy_60pct,0.1,69.0,0.69,0.6327590572876634
correlation_70pct,0.1,32.0,0.32,0.6036149700563298
correlation_60pct,0.1,40.0,0.4,0.5243116943634786
accuracy_80pct,0.1,86.0,0.86,0.7200246696505549
accuracy_70pct,0.1,79.0,0.79,0.5675165712653012
accuracy_60pct,0.1,66.0,0.66,0.6158665730056838
correlation_70pct,0.1,46.0,0.46,0.664324198668267
correlation_60pct,0.1,39.0,0.39,0.5472582911318103
accuracy_80pct,0.1,84.0,0.84,0.8432733443090085
accuracy_70pct,0.1,76.0,0.76,0.7309950936678007
accuracy_60pct,0.1,68.0,0.68,0.699446927768335
correlation_70pct,0.1,39.0,0.39,0.704697903114731
correlation_60pct,0.1,39.0,0.39,0.4627967853943418
accuracy_80pct,0.1,88.0,0.88,0.8614771058029062
accuracy_70pct,0.1,78.0,0.78,0.8555058387599679
accuracy_60pct,0.1,69.0,0.69,0.478968557051804
correlation_70pct,0.1,40.0,0.4,0.6749785264583101
correlation_60pct,0.1,40.0,0.4,0.5630868087829131
accuracy_80pct,0.1,83.0,0.83,0.7919309468999286
accuracy_70pct,0.1,82.0,0.82,0.7975558249672494
accuracy_60pct,0.1,74.0,0.74,0.5855036905123124
correlation_70pct,0.1,36.0,0.36,0.4925088881991941
correlation_60pct,0.1,41.0,0.41,0.6725421388990133
accuracy_80pct,0.1,86.0,0.86,0.732234149273891
accuracy_70pct,0.1,79.0,0.79,0.7619851621910549
accuracy_60pct,0.1,71.0,0.71,0.6288917645035047
correlation_70pct,0.1,50.0,0.5,0.6763909870616232
correlation_60pct,0.1,25.0,0.25,0.2929765389783287
accuracy_80pct,0.1,81.0,0.81,0.68984953264525
accuracy_70pct,0.1,73.0,0.73,0.6366431303669857
accuracy_60pct,0.1,71.0,0.71,0.6184694417796838
correlation_70pct,0.1,35.0,0.35,0.5834039605519483
correlation_60pct,0.1,47.0,0.47,0.5482036717113857
accuracy_80pct,0.1,88.0,0.88,0.8665785773554945
accuracy_70pct,0.1,79.0,0.79,0.7460514053493494
accuracy_60pct,0.1,73.0,0.73,0.7140853447460936
correlation_70pct,0.1,41.0,0.41,0.6082545807614496
correlation_60pct,0.1,41.0,0.41,0.6008530328618528
accuracy_80pct,0.1,84.0,0.84,0.7580846577063383
accuracy_70pct,0.1,82.0,0.82,0.8157008764774181
accuracy_60pct,0.1,67.0,0.67,0.6446031641943789
correlation_70pct,0.1,38.0,0.38,0.6537157769217474
correlation_60pct,0.1,35.0,0.35,0.5322482110788225
accuracy_80pct,0.1,86.0,0.86,0.817043209047681
accuracy_70pct,0.1,76.0,0.76,0.7526342533478558
accuracy_60pct,0.1,67.0,0.67,0.5366932761269431
correlation_70pct,0.1,41.0,0.41,0.4970565761178218
correlation_60pct,0.1,36.0,0.36,0.5457392806742567
accuracy_80pct,0.1,87.0,0.87,0.810677747220581
accuracy_70pct,0.1,79.0,0.79,0.7142028424983043
accuracy_60pct,0.1,69.0,0.69,0.5133883712359552
correlation_70pct,0.1,36.0,0.36,0.6389187516578589
correlation_60pct,0.1,38.0,0.38,0.5194218254723887
accuracy_80pct,0.1,85.0,0.85,0.8892237357658654
accuracy_70pct,0.1,76.0,0.76,0.7089826043925055
accuracy_60pct,0.1,67.0,0.67,0.6685692001431633
correlation_70pct,0.1,41.0,0.41,0.5879597142763254
correlation_60pct,0.1,35.0,0.35,0.4194325153145436
accuracy_80pct,0.1,86.0,0.86,0.8203966847084243
accuracy_70pct,0.1,78.0,0.78,0.7005054258236437
accuracy_60pct,0.1,66.0,0.66,0.5722871465968141
correlation_70pct,0.1,45.0,0.45,0.6711298620224025
correlation_60pct,0.1,39.0,0.39,0.6404155376468244
accuracy_80pct,0.1,86.0,0.86,0.7554301267613995
accuracy_70pct,0.1,76.0,0.76,0.7129135983444532
accuracy_60pct,0.1,70.0,0.7,0.581626993443836
correlation_70pct,0.1,41.0,0.41,0.6113041593267245
correlation_60pct,0.1,43.0,0.43,0.6602476930728709
accuracy_80pct,0.1,83.0,0.83,0.8016557476414803
accuracy_70pct,0.1,77.0,0.77,0.6422217832874536
accuracy_60pct,0.1,69.0,0.69,0.5902501756287685
correlation_70pct,0.1,40.0,0.4,0.5987469741972156
correlation_60pct,0.1,36.0,0.36,0.6000102991142111
accuracy_80pct,0.1,83.0,0.83,0.7671218366310454
accuracy_70pct,0.1,78.0,0.78,0.657001139230114
accuracy_60pct,0.1,70.0,0.7,0.5904609720471067
correlation_70pct,0.1,44.0,0.44,0.7009134233247166
correlation_60pct,0.1,35.0,0.35,0.5134365962690365
accuracy_80pct,0.1,82.0,0.82,0.81577585137293
accuracy_70pct,0.1,75.0,0.75,0.6320404728125918
accuracy_60pct,0.1,66.0,0.66,0.4751969437477343
correlation_70pct,0.1,39.0,0.39,0.5771075563402671
correlation_60pct,0.1,32.0,0.32,0.5231977001729667
accuracy_80pct,0.1,83.0,0.83,0.7834439194721247
accuracy_70pct,0.1,77.0,0.77,0.6381819983949709
accuracy_60pct,0.1,69.0,0.69,0.6752437278825579
correlation_70pct,0.1,46.0,0.46,0.5640862400916534
correlation_60pct,0.1,33.0,0.33,0.4615059508947485
accuracy_80pct,0.1,90.0,0.9,0.8470802200668984
accuracy_70pct,0.1,78.0,0.78,0.6599824114313011
accuracy_60pct,0.1,68.0,0.68,0.5770968355718977
correlation_70pct,0.1,43.0,0.43,0.5013116908207494
correlation_60pct,0.1,41.0,0.41,0.5994083535301954
accuracy_80pct,0.1,84.0,0.84,0.8650896324994031
accuracy_70pct,0.1,81.0,0.81,0.6864427024775313
accuracy_60pct,0.1,67.0,0.67,0.46116501957396067
correlation_70pct,0.1,49.0,0.49,0.6310818966532213
correlation_60pct,0.1,43.0,0.43,0.5586218162127062
accuracy_80pct,0.1,85.0,0.85,0.8429278542878567
accuracy_70pct,0.1,76.0,0.76,0.6742475663737858
accuracy_60pct,0.1,70.0,0.7,0.6726351811751597
correlation_70pct,0.1,42.0,0.42,0.6306013797151901
correlation_60pct,0.1,38.0,0.38,0.6308662744779058
accuracy_80pct,0.1,86.0,0.86,0.8218753052032667
accuracy_70pct,0.1,77.0,0.77,0.6820654217527284
accuracy_60pct,0.1,72.0,0.72,0.7115193989572101
correlation_70pct,0.1,44.0,0.44,0.6611918689396278
correlation_60pct,0.1,35.0,0.35,0.4375745955509544
accuracy_80pct,0.1,85.0,0.85,0.7947330356648191
accuracy_70pct,0.1,77.0,0.77,0.7066624105349335
accuracy_60pct,0.1,73.0,0.73,0.6811808377247067
correlation_70pct,0.1,38.0,0.38,0.561088558338442
correlation_60pct,0.1,42.0,0.42,0.5785177117820539
accuracy_80pct,0.1,86.0,0.86,0.8544593630048413
accuracy_70pct,0.1,82.0,0.82,0.8189508122576993
accuracy_60pct,0.1,71.0,0.71,0.58221059555871
correlation_70pct,0.1,36.0,0.36,0.5341725075010836
correlation_60pct,0.1,31.0,0.31,0.5408056070897405
accuracy_80pct,0.1,84.0,0.84,0.8658915262988515
accuracy_70pct,0.1,79.0,0.79,0.5678871514351032
accuracy_60pct,0.1,74.0,0.74,0.7096377020057064
correlation_70pct,0.1,36.0,0.36,0.4652882511131701
correlation_60pct,0.1,39.0,0.39,0.5468438059171103
accuracy_80pct,0.1,85.0,0.85,0.8800346391443467
accuracy_70pct,0.1,78.0,0.78,0.7133817984925609
accuracy_60pct,0.1,68.0,0.68,0.4652100721471394
correlation_70pct,0.1,43.0,0.43,0.5885936912071207
correlation_60pct,0.1,37.0,0.37,0.5469001481937873
accuracy_80pct,0.1,82.0,0.82,0.7498755377940265
accuracy_70pct,0.1,76.0,0.76,0.6927226515689331
accuracy_60pct,0.1,66.0,0.66,0.5480398860531837
correlation_70pct,0.1,42.0,0.42,0.6668955624059433
correlation_60pct,0.1,33.0,0.33,0.52777079402789
accuracy_80pct,0.1,84.0,0.84,0.7895688576713044
accuracy_70pct,0.1,77.0,0.77,0.6958348024583034
accuracy_60pct,0.1,71.0,0.71,0.5428125553694105
correlation_70pct,0.1,32.0,0.32,0.4455876647899965
correlation_60pct,0.1,36.0,0.36,0.42240835465446963
accuracy_80pct,0.1,85.0,0.85,0.7190912584817644
accuracy_70pct,0.1,80.0,0.8,0.755613129200996
accuracy_60pct,0.1,73.0,0.73,0.6921189114160033
correlation_70pct,0.1,53.0,0.53,0.7103268419080175
correlation_60pct,0.1,41.0,0.41,0.4843551774469416
accuracy_80pct,0.1,88.0,0.88,0.8571363544680182
accuracy_70pct,0.1,78.0,0.78,0.7360366437585317
accuracy_60pct,0.1,76.0,0.76,0.6487600445159037
correlation_70pct,0.1,41.0,0.41,0.6647706004736152
correlation_60pct,0.1,38.0,0.38,0.41570184735467
accuracy_80pct,0.1,86.0,0.86,0.8261266681470834
accuracy_70pct,0.1,78.0,0.78,0.708503649030438
accuracy_60pct,0.1,69.0,0.69,0.5118257199542706
correlation_70pct,0.1,41.0,0.41,0.6089182785245045
correlation_60pct,0.1,42.0,0.42,0.5351676335720371
accuracy_80pct,0.1,82.0,0.82,0.7161904866358549
accuracy_70pct,0.1,77.0,0.77,0.6969647613064863
accuracy_60pct,0.1,70.0,0.7,0.5483291783939618
correlation_70pct,0.1,41.0,0.41,0.5570265565575485
correlation_60pct,0.1,30.0,0.3,0.46663477959334415
accuracy_80pct,0.1,83.0,0.83,0.7545712232201203
accuracy_70pct,0.1,79.0,0.79,0.74106093446473
accuracy_60pct,0.1,68.0,0.68,0.6296891387318667
correlation_70pct,0.1,46.0,0.46,0.6787713890192998
correlation_60pct,0.1,39.0,0.39,0.5538048873158421
accuracy_80pct,0.1,83.0,0.83,0.749257205661074
accuracy_70pct,0.1,78.0,0.78,0.6725943397134342
accuracy_60pct,0.1,67.0,0.67,0.5769385686549526
correlation_70pct,0.1,38.0,0.38,0.6405965584044345
correlation_60pct,0.1,27.0,0.27,0.4232343518823546
accuracy_80pct,0.1,84.0,0.84,0.8349738502913742
accuracy_70pct,0.1,76.0,0.76,0.5946956694102632
accuracy_60pct,0.1,68.0,0.68,0.5731745393483864
correlation_70pct,0.1,44.0,0.44,0.6378198823453348
correlation_60pct,0.1,38.0,0.38,0.46297385564189697
accuracy_80pct,0.1,85.0,0.85,0.792982105264028
accuracy_70pct,0.1,76.0,0.76,0.7840726882359731
accuracy_60pct,0.1,76.0,0.76,0.722479348894558
correlation_70pct,0.1,36.0,0.36,0.5568822274042213
correlation_60pct,0.1,38.0,0.38,0.5521885464396965
accuracy_80pct,0.1,86.0,0.86,0.8417071554224156
accuracy_70pct,0.1,80.0,0.8,0.7743447759208558
accuracy_60pct,0.1,71.0,0.71,0.6144535033323629
correlation_70pct,0.1,40.0,0.4,0.5918189649053716
correlation_60pct,0.1,39.0,0.39,0.5156552275199817
accuracy_80pct,0.1,82.0,0.82,0.6744699790312776
accuracy_70pct,0.1,76.0,0.76,0.7608218604781749
accuracy_60pct,0.1,72.0,0.72,0.6952294173813173
correlation_70pct,0.1,34.0,0.34,0.5992214872195186
correlation_60pct,0.1,41.0,0.41,0.42309824443663163
accuracy_80pct,0.1,84.0,0.84,0.7188816969062471
accuracy_70pct,0.1,79.0,0.79,0.713182745354598
accuracy_60pct,0.1,69.0,0.69,0.5758905011150138
correlation_70pct,0.1,42.0,0.42,0.6115759701126938
correlation_60pct,0.1,44.0,0.44,0.4541623313572357
accuracy_80pct,0.1,84.0,0.84,0.76253842336112
accuracy_70pct,0.1,77.0,0.77,0.6963525916267663
accuracy_60pct,0.1,72.0,0.72,0.5868980145807561
correlation_70pct,0.1,42.0,0.42,0.7050024045935119
correlation_60pct,0.1,40.0,0.4,0.6468357994374997
accuracy_80pct,0.1,82.0,0.82,0.7931500397731728
accuracy_70pct,0.1,78.0,0.78,0.7279524057840381
accuracy_60pct,0.1,68.0,0.68,0.7147379153636969
correlation_70pct,0.1,41.0,0.41,0.6838676704853681
correlation_60pct,0.1,26.0,0.26,0.3140096580052426
accuracy_80pct,0.1,87.0,0.87,0.8527656688947012
accuracy_70pct,0.1,76.0,0.76,0.7582369375939583
accuracy_60pct,0.1,66.0,0.66,0.5803296930199351
correlation_70pct,0.1,43.0,0.43,0.6205650326848304
correlation_60pct,0.1,39.0,0.39,0.3492388121963805
accuracy_80pct,0.1,83.0,0.83,0.7850277459484446
accuracy_70pct,0.1,79.0,0.79,0.7838639847511163
accuracy_60pct,0.1,68.0,0.68,0.6024983055868538
correlation_70pct,0.1,48.0,0.48,0.7204668405568765
correlation_60pct,0.1,43.0,0.43,0.6081483435669012
accuracy_80pct,0.1,84.0,0.84,0.8480786592017223
accuracy_70pct,0.1,77.0,0.77,0.6302539060089661
accuracy_60pct,0.1,70.0,0.7,0.6973997014375031
correlation_70pct,0.1,38.0,0.38,0.6922413996663067
correlation_60pct,0.1,35.0,0.35,0.5254379800150241
accuracy_80pct,0.1,83.0,0.83,0.803791866878778
accuracy_70pct,0.1,73.0,0.73,0.6542158647255258
accuracy_60pct,0.1,70.0,0.7,0.6340982031586894
correlation_70pct,0.1,47.0,0.47,0.6962551476441803
correlation_60pct,0.1,36.0,0.36,0.4943761551643052
accuracy_80pct,0.1,87.0,0.87,0.807982766164689
accuracy_70pct,0.1,79.0,0.79,0.6915504021185375
accuracy_60pct,0.1,65.0,0.65,0.45353804119680885
correlation_70pct,0.1,51.0,0.51,0.7058746740616904
correlation_60pct,0.1,31.0,0.31,0.4336598679680511
accuracy_80pct,0.1,87.0,0.87,0.8809889578093434
accuracy_70pct,0.1,77.0,0.77,0.6569792912367943
accuracy_60pct,0.1,72.0,0.72,0.40661009460489783
correlation_70pct,0.1,40.0,0.4,0.6522393313924173
correlation_60pct,0.1,37.0,0.37,0.5151936048448126
accuracy_80pct,0.1,84.0,0.84,0.7740896910266682
accuracy_70pct,0.1,75.0,0.75,0.7342475394058502
accuracy_60pct,0.1,75.0,0.75,0.7403875582134574
correlation_70pct,0.1,32.0,0.32,0.6744551260909277
correlation_60pct,0.1,37.0,0.37,0.5198682833431819
accuracy_80pct,0.1,84.0,0.84,0.7306365207522202
accuracy_70pct,0.1,75.0,0.75,0.6354368127436636
accuracy_60pct,0.1,71.0,0.71,0.5405542723199015
correlation_70pct,0.1,50.0,0.5,0.6996072104596667
correlation_60pct,0.1,53.0,0.53,0.6284335444191702
accuracy_80pct,0.1,85.0,0.85,0.8556172478896097
accuracy_70pct,0.1,76.0,0.76,0.7649521688856593
accuracy_60pct,0.1,67.0,0.67,0.613750208011762
correlation_70pct,0.1,44.0,0.44,0.5880441175698824
correlation_60pct,0.1,35.0,0.35,0.6313673339881452
accuracy_80pct,0.1,84.0,0.84,0.7935546931774343
accuracy_70pct,0.1,74.0,0.74,0.6983235970704953
accuracy_60pct,0.1,69.0,0.69,0.620569521712811
correlation_70pct,0.1,41.0,0.41,0.5935127877261879
correlation_60pct,0.1,32.0,0.32,0.5498960972824298
accuracy_80pct,0.1,83.0,0.83,0.8321849009868072
accuracy_70pct,0.1,77.0,0.77,0.7025373852857165
accuracy_60pct,0.1,72.0,0.72,0.6975072282427636
correlation_70pct,0.1,36.0,0.36,0.587380983937555
correlation_60pct,0.1,40.0,0.4,0.5703773063140272
accuracy_80pct,0.1,85.0,0.85,0.7768240262840074
accuracy_70pct,0.1,74.0,0.74,0.6333951251149177
accuracy_60pct,0.1,72.0,0.72,0.6550560486882157
correlation_70pct,0.1,32.0,0.32,0.5220713695804854
correlation_60pct,0.1,42.0,0.42,0.5335473201128441
accuracy_80pct,0.1,87.0,0.87,0.8879617865691367
accuracy_70pct,0.1,75.0,0.75,0.6557802736195645
accuracy_60pct,0.1,70.0,0.7,0.5491478871100275
correlation_70pct,0.1,38.0,0.38,0.5537615278869924
correlation_60pct,0.1,41.0,0.41,0.5192524403274844
accuracy_80pct,0.1,86.0,0.86,0.8210210314178027
accuracy_70pct,0.1,81.0,0.81,0.8440649380533701
accuracy_60pct,0.1,69.0,0.69,0.5367672739279742
correlation_70pct,0.1,44.0,0.44,0.6251468241660374
correlation_60pct,0.1,34.0,0.34,0.5083305989596649
accuracy_80pct,0.1,84.0,0.84,0.8007791136932182
accuracy_70pct,0.1,79.0,0.79,0.7613944498550431
accuracy_60pct,0.1,69.0,0.69,0.6979206646833118
correlation_70pct,0.1,39.0,0.39,0.6716813871284556
correlation_60pct,0.1,35.0,0.35,0.5595780407256354
accuracy_80pct,0.1,85.0,0.85,0.8525514357942194
accuracy_70pct,0.1,78.0,0.78,0.7553520423242741
accuracy_60pct,0.1,70.0,0.7,0.6600966801985868
correlation_70pct,0.1,45.0,0.45,0.6543555698974773
correlation_60pct,0.1,42.0,0.42,0.5371421633022638
accuracy_80pct,0.1,84.0,0.84,0.8051234165206019
accuracy_70pct,0.1,84.0,0.84,0.7876376813522425
accuracy_60pct,0.1,72.0,0.72,0.5633288478301989
correlation_70pct,0.1,36.0,0.36,0.5347143859258655
correlation_60pct,0.1,42.0,0.42,0.6501627866469283
accuracy_80pct,0.1,83.0,0.83,0.6782779382749972
accuracy_70pct,0.1,75.0,0.75,0.6366192262971687
accuracy_60pct,0.1,72.0,0.72,0.6388393483840347
correlation_70pct,0.1,51.0,0.51,0.6973542670732523
correlation_60pct,0.1,27.0,0.27,0.31428607760773536
accuracy_80pct,0.1,83.0,0.83,0.7212381900328817
accuracy_70pct,0.1,76.0,0.76,0.586714750458944
accuracy_60pct,0.1,75.0,0.75,0.7422824953784682
correlation_70pct,0.1,38.0,0.38,0.6256020703093924
correlation_60pct,0.1,41.0,0.41,0.5654615120112132
accuracy_80pct,0.1,87.0,0.87,0.7706122816936377
accuracy_70pct,0.1,80.0,0.8,0.710490834671441
accuracy_60pct,0.1,70.0,0.7,0.5375917467037064
correlation_70pct,0.1,37.0,0.37,0.7707516789088685
correlation_60pct,0.1,30.0,0.3,0.43624953447657167
accuracy_80pct,0.1,87.0,0.87,0.7995729345641862
accuracy_70pct,0.1,75.0,0.75,0.46887693661133334
accuracy_60pct,0.1,66.0,0.66,0.48501795008413423
correlation_70pct,0.1,40.0,0.4,0.5927179742756153
correlation_60pct,0.1,32.0,0.32,0.34631713245468615
accuracy_80pct,0.1,87.0,0.87,0.7533383210081882
accuracy_70pct,0.1,77.0,0.77,0.7243363731770175
accuracy_60pct,0.1,76.0,0.76,0.6073367602408131
correlation_70pct,0.1,53.0,0.53,0.6900125298246328
correlation_60pct,0.1,34.0,0.34,0.5745187940811282
accuracy_80pct,0.1,88.0,0.88,0.8042475863443744
accuracy_70pct,0.1,74.0,0.74,0.5737253622802296
accuracy_60pct,0.1,66.0,0.66,0.49095334661704376
correlation_70pct,0.1,42.0,0.42,0.6230753115257847
correlation_60pct,0.1,38.0,0.38,0.5472338257396502
accuracy_80pct,0.1,85.0,0.85,0.7757621212388209
accuracy_70pct,0.1,74.0,0.74,0.6559645204895501
accuracy_60pct,0.1,68.0,0.68,0.5547654737508401
correlation_70pct,0.1,36.0,0.36,0.6743573841215978
correlation_60pct,0.1,30.0,0.3,0.4058150934060971
accuracy_80pct,0.1,81.0,0.81,0.7099876846971644
accuracy_70pct,0.1,80.0,0.8,0.6982090998582966
accuracy_60pct,0.1,72.0,0.72,0.6884433205333443
correlation_70pct,0.1,31.0,0.31,0.6133035724494834
correlation_60pct,0.1,36.0,0.36,0.44572487988235715
accuracy_80pct,0.1,84.0,0.84,0.7561111805981602
accuracy_70pct,0.1,79.0,0.79,0.7504708840157926
accuracy_60pct,0.1,68.0,0.68,0.39185665222103255
correlation_70pct,0.1,42.0,0.42,0.704147936424287
correlation_60pct,0.1,34.0,0.34,0.5978105791583834
accuracy_80pct,0.1,84.0,0.84,0.7334342056557563
accuracy_70pct,0.1,78.0,0.78,0.7088121679093136
accuracy_60pct,0.1,73.0,0.73,0.7221887385676526
correlation_70pct,0.1,39.0,0.39,0.6247147525979214
correlation_60pct,0.1,34.0,0.34,0.5234729831922716
accuracy_80pct,0.1,83.0,0.83,0.752865487666932
accuracy_70pct,0.1,76.0,0.76,0.6643509361862185
accuracy_60pct,0.1,63.0,0.63,0.4759666972990716
correlation_70pct,0.1,45.0,0.45,0.6386118229019063
correlation_60pct,0.1,42.0,0.42,0.5552218120385735
accuracy_80pct,0.1,85.0,0.85,0.8532631224632653
accuracy_70pct,0.1,77.0,0.77,0.7413836731383115
accuracy_60pct,0.1,71.0,0.71,0.5988985083624647
correlation_70pct,0.1,49.0,0.49,0.7787098627254097
correlation_60pct,0.1,27.0,0.27,0.3978198808891224
accuracy_80pct,0.1,86.0,0.86,0.8167197209399827
accuracy_70pct,0.1,77.0,0.77,0.7084007794580699
accuracy_60pct,0.1,69.0,0.69,0.5877770213797401
correlation_70pct,0.1,50.0,0.5,0.6248575897344482
correlation_60pct,0.1,34.0,0.34,0.4678661497898898
accuracy_80pct,0.1,83.0,0.83,0.7776843352510693
accuracy_70pct,0.1,77.0,0.77,0.6920135210417655
accuracy_60pct,0.1,75.0,0.75,0.6498293777616618
correlation_70pct,0.1,47.0,0.47,0.6178420610872032
correlation_60pct,0.1,38.0,0.38,0.6037948746240949
accuracy_80pct,0.1,85.0,0.85,0.8692992688635313
accuracy_70pct,0.1,77.0,0.77,0.6843104557513446
accuracy_60pct,0.1,71.0,0.71,0.5835415406566461
correlation_70pct,0.1,39.0,0.39,0.4872205669595722
correlation_60pct,0.1,38.0,0.38,0.5266687331106312
accuracy_80pct,0.1,83.0,0.83,0.7985146374066336
accuracy_70pct,0.1,77.0,0.77,0.6764476494690309
accuracy_60pct,0.1,70.0,0.7,0.6685090516469431
correlation_70pct,0.1,48.0,0.48,0.6998020481239189
correlation_60pct,0.1,42.0,0.42,0.49941851352108696
accuracy_80pct,0.1,86.0,0.86,0.8195310572371335
accuracy_70pct,0.1,77.0,0.77,0.7414498463448549
accuracy_60pct,0.1,68.0,0.68,0.6283251996088259
correlation_70pct,0.1,43.0,0.43,0.6345230584601182
correlation_60pct,0.1,40.0,0.4,0.5262627742122533
accuracy_80pct,0.1,86.0,0.86,0.8302409407231177
accuracy_70pct,0.1,79.0,0.79,0.7329932856666297
accuracy_60pct,0.1,75.0,0.75,0.7273249048412759
correlation_70pct,0.1,46.0,0.46,0.7035102431466086
correlation_60pct,0.1,35.0,0.35,0.5974403477146102
accuracy_80pct,0.1,85.0,0.85,0.7832611976331646
accuracy_70pct,0.1,80.0,0.8,0.7270742913738822
accuracy_60pct,0.1,66.0,0.66,0.554740790429029
correlation_70pct,0.1,39.0,0.39,0.6521256141650635
correlation_60pct,0.1,41.0,0.41,0.5861727465899794
accuracy_80pct,0.1,84.0,0.84,0.761284474948548
accuracy_70pct,0.1,78.0,0.78,0.6411595799694809
accuracy_60pct,0.1,74.0,0.74,0.7538927580978053
correlation_70pct,0.1,49.0,0.49,0.7407295329594586
correlation_60pct,0.1,35.0,0.35,0.5397243551792056
accuracy_80pct,0.1,85.0,0.85,0.7372952962862098
accuracy_70pct,0.1,77.0,0.77,0.6450957172395562
accuracy_60pct,0.1,70.0,0.7,0.39083078309542
correlation_70pct,0.1,44.0,0.44,0.6621668227576164
correlation_60pct,0.1,37.0,0.37,0.32928485324116363
accuracy_80pct,0.1,84.0,0.84,0.7611344015382562
accuracy_70pct,0.1,75.0,0.75,0.7180983333604627
accuracy_60pct,0.1,70.0,0.7,0.723982905118833
correlation_70pct,0.1,48.0,0.48,0.6489530726863981
correlation_60pct,0.1,38.0,0.38,0.5167569452230063
accuracy_80pct,0.1,87.0,0.87,0.8911169107763248
accuracy_70pct,0.1,80.0,0.8,0.7826600277869098
accuracy_60pct,0.1,74.0,0.74,0.7552902070160972
correlation_70pct,0.1,38.0,0.38,0.5640242970742616
correlation_60pct,0.1,37.0,0.37,0.607118948976194
accuracy_80pct,0.1,86.0,0.86,0.8261740338660633
accuracy_70pct,0.1,74.0,0.74,0.7044695397938682
accuracy_60pct,0.1,68.0,0.68,0.7315416125384279
correlation_70pct,0.1,39.0,0.39,0.6964339898677082
correlation_60pct,0.1,35.0,0.35,0.5866525718466785
accuracy_80pct,0.1,85.0,0.85,0.8348508121645509
accuracy_70pct,0.1,81.0,0.81,0.6939602086309834
accuracy_60pct,0.1,74.0,0.74,0.6982480950113082
correlation_70pct,0.1,42.0,0.42,0.6241383436203344
correlation_60pct,0.1,31.0,0.31,0.45469785259135775
accuracy_80pct,0.1,85.0,0.85,0.7814435987729699
accuracy_70pct,0.1,77.0,0.77,0.8125822033823576
accuracy_60pct,0.1,72.0,0.72,0.6963246866019406
correlation_70pct,0.1,40.0,0.4,0.6413707136088425
correlation_60pct,0.1,35.0,0.35,0.6287964738746182
accuracy_80pct,0.1,85.0,0.85,0.787179637715745
accuracy_70pct,0.1,74.0,0.74,0.614153382955537
accuracy_60pct,0.1,66.0,0.66,0.5885219288908181
correlation_70pct,0.1,43.0,0.43,0.6098819209774878
correlation_60pct,0.1,25.0,0.25,0.3469644840627863
accuracy_80pct,0.1,89.0,0.89,0.9375139441203476
accuracy_70pct,0.1,73.0,0.73,0.6301889332134816
accuracy_60pct,0.1,70.0,0.7,0.5529907582986793
correlation_70pct,0.1,44.0,0.44,0.6001573808709789
correlation_60pct,0.1,39.0,0.39,0.5910593021945446
accuracy_80pct,0.1,85.0,0.85,0.7936118739489945
accuracy_70pct,0.1,77.0,0.77,0.5781088474081864
accuracy_60pct,0.1,69.0,0.69,0.6793840143889278
correlation_70pct,0.1,46.0,0.46,0.6938276492375249
correlation_60pct,0.1,31.0,0.31,0.5686540107892026
accuracy_80pct,0.1,85.0,0.85,0.827657917177419
accuracy_70pct,0.1,74.0,0.74,0.5794581436989986
accuracy_60pct,0.1,65.0,0.65,0.5878980917449479
correlation_70pct,0.1,47.0,0.47,0.5529001543475346
correlation_60pct,0.1,36.0,0.36,0.5385141522432715
accuracy_80pct,0.1,84.0,0.84,0.8144511214488267
accuracy_70pct,0.1,77.0,0.77,0.6878848131501097
accuracy_60pct,0.1,65.0,0.65,0.5771464331118764
correlation_70pct,0.1,39.0,0.39,0.712406910457693
correlation_60pct,0.1,37.0,0.37,0.5358272993132328
accuracy_80pct,0.1,84.0,0.84,0.8103448993886122
accuracy_70pct,0.1,77.0,0.77,0.8294832080997053
accuracy_60pct,0.1,65.0,0.65,0.5729323622858667
correlation_70pct,0.1,45.0,0.45,0.6763601161966701
correlation_60pct,0.1,37.0,0.37,0.555843420834054
accuracy_80pct,0.1,81.0,0.81,0.8058487737291606
accuracy_70pct,0.1,77.0,0.77,0.6967744871854663
accuracy_60pct,0.1,70.0,0.7,0.6273907522921661
correlation_70pct,0.1,45.0,0.45,0.6955606090037273
correlation_60pct,0.1,33.0,0.33,0.3479722757946674
accuracy_80pct,0.1,88.0,0.88,0.8114944080592152
accuracy_70pct,0.1,80.0,0.8,0.6769156667113828
accuracy_60pct,0.1,72.0,0.72,0.4858967973270943
correlation_70pct,0.1,42.0,0.42,0.6478773756262926
correlation_60pct,0.1,27.0,0.27,0.3723023900268611
accuracy_80pct,0.1,84.0,0.84,0.7498139081534819
accuracy_70pct,0.1,78.0,0.78,0.6200932389247688
accuracy_60pct,0.1,67.0,0.67,0.5847939841370501
correlation_70pct,0.1,33.0,0.33,0.6171793382042251
correlation_60pct,0.1,40.0,0.4,0.5487950216773214
accuracy_80pct,0.1,85.0,0.85,0.8357963225203078
accuracy_70pct,0.1,80.0,0.8,0.7665029489079616
accuracy_60pct,0.1,69.0,0.69,0.6154788761626258
correlation_70pct,0.1,40.0,0.4,0.582768090867559
correlation_60pct,0.1,39.0,0.39,0.6316254046442558
accuracy_80pct,0.1,83.0,0.83,0.7911465309091293
accuracy_70pct,0.1,77.0,0.77,0.6825597812910347
accuracy_60pct,0.1,70.0,0.7,0.6576857602688708
correlation_70pct,0.1,37.0,0.37,0.6531539432049435
correlation_60pct,0.1,39.0,0.39,0.46681378956280134
accuracy_80pct,0.1,86.0,0.86,0.811038261126699
accuracy_70pct,0.1,78.0,0.78,0.7546313424341093
accuracy_60pct,0.1,72.0,0.72,0.5454748146634283
correlation_70pct,0.1,38.0,0.38,0.7035009274083304
correlation_60pct,0.1,44.0,0.44,0.5767471311326384
accuracy_80pct,0.1,83.0,0.83,0.7211450988361391
accuracy_70pct,0.1,78.0,0.78,0.7165738253165315
accuracy_60pct,0.1,66.0,0.66,0.6096951683132132
correlation_70pct,0.1,38.0,0.38,0.6393220969690092
correlation_60pct,0.1,30.0,0.3,0.561318268582826
accuracy_80pct,0.1,84.0,0.84,0.7780103006197553
accuracy_70pct,0.1,77.0,0.77,0.8168119109878562
accuracy_60pct,0.1,67.0,0.67,0.6568633631832289
correlation_70pct,0.1,36.0,0.36,0.6060525708515265
correlation_60pct,0.1,40.0,0.4,0.5592609541327848
accuracy_80pct,0.1,85.0,0.85,0.7647805294325665
accuracy_70pct,0.1,74.0,0.74,0.7204280156201988
accuracy_60pct,0.1,70.0,0.7,0.6130397958027013
correlation_70pct,0.1,37.0,0.37,0.5848462201264176
correlation_60pct,0.1,38.0,0.38,0.45368137402614656
accuracy_80pct,0.1,82.0,0.82,0.7948523999916248
accuracy_70pct,0.1,79.0,0.79,0.7838599489545657
accuracy_60pct,0.1,74.0,0.74,0.7842847168335902
correlation_70pct,0.1,35.0,0.35,0.6312984891753968
correlation_60pct,0.1,33.0,0.33,0.5496240850245266
accuracy_80pct,0.1,87.0,0.87,0.8629406038637301
accuracy_70pct,0.1,76.0,0.76,0.6870141882155464
accuracy_60pct,0.1,72.0,0.72,0.616939719995906
correlation_70pct,0.1,48.0,0.48,0.6374004678183621
correlation_60pct,0.1,36.0,0.36,0.5371980245035315
accuracy_80pct,0.1,85.0,0.85,0.8078428865031488
accuracy_70pct,0.1,76.0,0.76,0.6516808000556849
accuracy_60pct,0.1,70.0,0.7,0.49942643842706114
correlation_70pct,0.1,53.0,0.53,0.7142109703485295
correlation_60pct,0.1,32.0,0.32,0.4619439830556623
accuracy_80pct,0.1,82.0,0.82,0.6295882278747732
accuracy_70pct,0.1,74.0,0.74,0.6566957926211684
accuracy_60pct,0.1,72.0,0.72,0.6923487392040545
correlation_70pct,0.1,35.0,0.35,0.6318100584697168
correlation_60pct,0.1,39.0,0.39,0.4440140582732745
accuracy_80pct,0.1,82.0,0.82,0.7542546628418105
accuracy_70pct,0.1,77.0,0.77,0.6687011933072161
accuracy_60pct,0.1,69.0,0.69,0.49922358648374365
correlation_70pct,0.1,44.0,0.44,0.7004862939332825
correlation_60pct,0.1,43.0,0.43,0.6016648991861002
accuracy_80pct,0.1,86.0,0.86,0.8956791462127828
accuracy_70pct,0.1,77.0,0.77,0.7937219622197327
accuracy_60pct,0.1,63.0,0.63,0.5281234571306345
correlation_70pct,0.1,42.0,0.42,0.6851917826219082
correlation_60pct,0.1,39.0,0.39,0.5251027292149872
accuracy_80pct,0.1,85.0,0.85,0.71600070139946
accuracy_70pct,0.1,78.0,0.78,0.6587048588037164
accuracy_60pct,0.1,68.0,0.68,0.6091202302867768
correlation_70pct,0.1,38.0,0.38,0.5897055048142208
correlation_60pct,0.1,39.0,0.39,0.487628990137863
accuracy_80pct,0.1,84.0,0.84,0.8145754875004042
accuracy_70pct,0.1,74.0,0.74,0.6018954589465126
accuracy_60pct,0.1,68.0,0.68,0.5532857972055338
correlation_70pct,0.1,38.0,0.38,0.6289133478134538
correlation_60pct,0.1,33.0,0.33,0.3784914844177415
accuracy_80pct,0.1,81.0,0.81,0.7221576300574273
accuracy_70pct,0.1,74.0,0.74,0.6362622890450823
accuracy_60pct,0.1,70.0,0.7,0.6231314938124609
correlation_70pct,0.1,41.0,0.41,0.6315149986028035
correlation_60pct,0.1,39.0,0.39,0.6543239405693113
accuracy_80pct,0.1,83.0,0.83,0.760396750877778
accuracy_70pct,0.1,74.0,0.74,0.6276884446783462
accuracy_60pct,0.1,70.0,0.7,0.728383845499146
correlation_70pct,0.1,38.0,0.38,0.6268943618578687
correlation_60pct,0.1,29.0,0.29,0.432372492050191
accuracy_80pct,0.1,83.0,0.83,0.8139838378252542
accuracy_70pct,0.1,77.0,0.77,0.6437407372099239
accuracy_60pct,0.1,76.0,0.76,0.6516849404486126
correlation_70pct,0.1,37.0,0.37,0.6634290038272778
correlation_60pct,0.1,45.0,0.45,0.584549248419795
accuracy_80pct,0.1,82.0,0.82,0.8499980266416673
accuracy_70pct,0.1,79.0,0.79,0.6195911075134821
accuracy_60pct,0.1,71.0,0.71,0.5355081374995976
correlation_70pct,0.1,43.0,0.43,0.670161778171889
correlation_60pct,0.1,39.0,0.39,0.5652867249687182
accuracy_80pct,0.1,83.0,0.83,0.868181192274563
accuracy_70pct,0.1,75.0,0.75,0.6825821338209607
accuracy_60pct,0.1,69.0,0.69,0.6291926485375741
correlation_70pct,0.1,32.0,0.32,0.5218507894998798
correlation_60pct,0.1,35.0,0.35,0.5397755347856295
accuracy_80pct,0.1,87.0,0.87,0.8567654269761225
accuracy_70pct,0.1,78.0,0.78,0.7644698156235645
accuracy_60pct,0.1,68.0,0.68,0.5971719056143556
correlation_70pct,0.1,41.0,0.41,0.5854488533512788
correlation_60pct,0.1,33.0,0.33,0.5301377868249367
accuracy_80pct,0.1,88.0,0.88,0.8689109299903887
accuracy_70pct,0.1,77.0,0.77,0.7353284644161409
accuracy_60pct,0.1,67.0,0.67,0.5237729743105605
correlation_70pct,0.1,32.0,0.32,0.5028607685064451
correlation_60pct,0.1,36.0,0.36,0.600313711071727
accuracy_80pct,0.1,84.0,0.84,0.8102863047282484
accuracy_70pct,0.1,79.0,0.79,0.6975878359383181
accuracy_60pct,0.1,71.0,0.71,0.6639765421498499
correlation_70pct,0.1,41.0,0.41,0.6931950306250334
correlation_60pct,0.1,40.0,0.4,0.5731228592724514
accuracy_80pct,0.1,83.0,0.83,0.875128717541276
accuracy_70pct,0.1,81.0,0.81,0.7487491368833025
accuracy_60pct,0.1,65.0,0.65,0.5290468647205023
correlation_70pct,0.1,41.0,0.41,0.6641040235621193
correlation_60pct,0.1,42.0,0.42,0.5889403727082121
accuracy_80pct,0.1,85.0,0.85,0.7668527190678601
accuracy_70pct,0.1,76.0,0.76,0.7463049494955274
accuracy_60pct,0.1,72.0,0.72,0.5692277516268144
correlation_70pct,0.1,50.0,0.5,0.6575419197415012
correlation_60pct,0.1,37.0,0.37,0.47821643595405067
accuracy_80pct,0.1,85.0,0.85,0.8552794975100758
accuracy_70pct,0.1,73.0,0.73,0.5859042191638761
accuracy_60pct,0.1,65.0,0.65,0.6026625386168001
correlation_70pct,0.1,37.0,0.37,0.7018039748524629
correlation_60pct,0.1,38.0,0.38,0.5622141926771874
accuracy_80pct,0.1,86.0,0.86,0.8111334621590973
accuracy_70pct,0.1,74.0,0.74,0.5907752256664249
accuracy_60pct,0.1,70.0,0.7,0.573934043870649
correlation_70pct,0.1,29.0,0.29,0.5578858980099882
correlation_60pct,0.1,30.0,0.3,0.3473680845520155
accuracy_80pct,0.1,84.0,0.84,0.8400440901970765
accuracy_70pct,0.1,75.0,0.75,0.7065094688743864
accuracy_60pct,0.1,67.0,0.67,0.5349486766956133
correlation_70pct,0.1,36.0,0.36,0.5706746713179052
correlation_60pct,0.1,35.0,0.35,0.5559530918074257
accuracy_80pct,0.1,84.0,0.84,0.7410001382848993
accuracy_70pct,0.1,76.0,0.76,0.7543278445562083
accuracy_60pct,0.1,72.0,0.72,0.700168791157619
correlation_70pct,0.1,44.0,0.44,0.5856981165846618
correlation_60pct,0.1,40.0,0.4,0.5293632082213469
accuracy_80pct,0.1,82.0,0.82,0.7311013884199593
accuracy_70pct,0.1,79.0,0.79,0.703012192435738
accuracy_60pct,0.1,68.0,0.68,0.6610604566209629
correlation_70pct,0.1,49.0,0.49,0.6967689381260269
correlation_60pct,0.1,31.0,0.31,0.45902868140120956
accuracy_80pct,0.1,86.0,0.86,0.8388683821355758
accuracy_70pct,0.1,75.0,0.75,0.7830505898963166
accuracy_60pct,0.1,69.0,0.69,0.706998034533305
correlation_70pct,0.1,53.0,0.53,0.6559714012919028
correlation_60pct,0.1,34.0,0.34,0.40003652001445056
accuracy_80pct,0.1,90.0,0.9,0.8803856632213909
accuracy_70pct,0.1,77.0,0.77,0.7549896213264399
accuracy_60pct,0.1,67.0,0.67,0.5351248415767182
correlation_70pct,0.1,46.0,0.46,0.6605852013578865
correlation_60pct,0.1,39.0,0.39,0.4423614011460395
accuracy_80pct,0.1,86.0,0.86,0.8481513823716345
accuracy_70pct,0.1,75.0,0.75,0.723664972819295
accuracy_60pct,0.1,67.0,0.67,0.5097937757478171
correlation_70pct,0.1,40.0,0.4,0.6244372245167387
correlation_60pct,0.1,34.0,0.34,0.5244959518419919
accuracy_80pct,0.1,86.0,0.86,0.8402063001584447
accuracy_70pct,0.1,76.0,0.76,0.644353385428239
accuracy_60pct,0.1,71.0,0.71,0.6115735775573625
correlation_70pct,0.1,42.0,0.42,0.6650070528051659
correlation_60pct,0.1,28.0,0.28,0.4844822218128345
accuracy_80pct,0.1,82.0,0.82,0.7017788600525314
accuracy_70pct,0.1,78.0,0.78,0.6161583656744133
accuracy_60pct,0.1,71.0,0.71,0.7490073838544257
correlation_70pct,0.1,49.0,0.49,0.6642137691410496
correlation_60pct,0.1,37.0,0.37,0.5320919639647901
accuracy_80pct,0.1,86.0,0.86,0.7869876420330733
accuracy_70pct,0.1,79.0,0.79,0.6357248033360753
accuracy_60pct,0.1,69.0,0.69,0.49086223430663684
correlation_70pct,0.1,50.0,0.5,0.7249938458344246
correlation_60pct,0.1,43.0,0.43,0.6399248437249864
accuracy_80pct,0.1,83.0,0.83,0.8344704445046112
accuracy_70pct,0.1,75.0,0.75,0.6416794053831092
accuracy_60pct,0.1,71.0,0.71,0.5341981157097755
correlation_70pct,0.1,40.0,0.4,0.593348821926409
correlation_60pct,0.1,33.0,0.33,0.4464005755244863
accuracy_80pct,0.1,86.0,0.86,0.7746211799878345
accuracy_70pct,0.1,77.0,0.77,0.7416029172616488
accuracy_60pct,0.1,71.0,0.71,0.6027496581611503
correlation_70pct,0.1,44.0,0.44,0.6118988662681726
correlation_60pct,0.1,36.0,0.36,0.5189664921676735
accuracy_80pct,0.1,83.0,0.83,0.8247128685857856
accuracy_70pct,0.1,78.0,0.78,0.6177078341220985
accuracy_60pct,0.1,73.0,0.73,0.6043277468369972
correlation_70pct,0.1,39.0,0.39,0.6267933030888662
correlation_60pct,0.1,44.0,0.44,0.6405315685209357
accuracy_80pct,0.1,83.0,0.83,0.8239765215452397
accuracy_70pct,0.1,75.0,0.75,0.6851021481881013
accuracy_60pct,0.1,73.0,0.73,0.5946085224638934
correlation_70pct,0.1,41.0,0.41,0.6545785237060219
correlation_60pct,0.1,46.0,0.46,0.5651543091581506
accuracy_80pct,0.1,82.0,0.82,0.7734878646789729
accuracy_70pct,0.1,79.0,0.79,0.7424185652016129
accuracy_60pct,0.1,70.0,0.7,0.5451203157585871
correlation_70pct,0.1,44.0,0.44,0.6045208971750121
correlation_60pct,0.1,41.0,0.41,0.5082820271954649
accuracy_80pct,0.1,84.0,0.84,0.6670774948705136
accuracy_70pct,0.1,77.0,0.77,0.7170462861474097
accuracy_60pct,0.1,69.0,0.69,0.6049374547802907
correlation_70pct,0.1,48.0,0.48,0.6397408680456798
correlation_60pct,0.1,33.0,0.33,0.4778195945794403
accuracy_80pct,0.1,86.0,0.86,0.8671192014172486
accuracy_70pct,0.1,76.0,0.76,0.5750190837209623
accuracy_60pct,0.1,69.0,0.69,0.6101601729900367
correlation_70pct,0.1,38.0,0.38,0.6072799733897322
correlation_60pct,0.1,32.0,0.32,0.4409053922204399
accuracy_80pct,0.1,84.0,0.84,0.797418927262126
accuracy_70pct,0.1,79.0,0.79,0.739344884397435
accuracy_60pct,0.1,70.0,0.7,0.6170035834018002
correlation_70pct,0.1,34.0,0.34,0.5565748968435745
correlation_60pct,0.1,45.0,0.45,0.6566490406948963
accuracy_80pct,0.1,86.0,0.86,0.8197706723736802
accuracy_70pct,0.1,77.0,0.77,0.6919454172937032
accuracy_60pct,0.1,69.0,0.69,0.5173689367237337
correlation_70pct,0.1,38.0,0.38,0.5561832549413545
correlation_60pct,0.1,45.0,0.45,0.5791586658515899
accuracy_80pct,0.1,87.0,0.87,0.8901216688505612
accuracy_70pct,0.1,77.0,0.77,0.5345716317268958
accuracy_60pct,0.1,74.0,0.74,0.6979541543641169
correlation_70pct,0.1,43.0,0.43,0.6427006206145229
correlation_60pct,0.1,33.0,0.33,0.4751289376636054
accuracy_80pct,0.1,82.0,0.82,0.7596670566269249
accuracy_70pct,0.1,76.0,0.76,0.5832475935859829
accuracy_60pct,0.1,64.0,0.64,0.4955419494305677
correlation_70pct,0.1,46.0,0.46,0.623292381257635
correlation_60pct,0.1,34.0,0.34,0.5567074126169255
accuracy_80pct,0.1,84.0,0.84,0.7686684118283934
accuracy_70pct,0.1,76.0,0.76,0.6444238979267645
accuracy_60pct,0.1,65.0,0.65,0.5548058769493743
correlation_70pct,0.1,35.0,0.35,0.5270121904908167
correlation_60pct,0.1,27.0,0.27,0.4570803145609243
accuracy_80pct,0.1,87.0,0.87,0.7559268037868051
accuracy_70pct,0.1,77.0,0.77,0.596415782541682
accuracy_60pct,0.1,70.0,0.7,0.5525796129391289
correlation_70pct,0.1,44.0,0.44,0.668640091746525
correlation_60pct,0.1,42.0,0.42,0.5709801660493751
accuracy_80pct,0.1,84.0,0.84,0.755452299958202
accuracy_70pct,0.1,80.0,0.8,0.6659934242827025
accuracy_60pct,0.1,66.0,0.66,0.5434469956711012
correlation_70pct,0.1,42.0,0.42,0.6442250082665406
correlation_60pct,0.1,37.0,0.37,0.6197425562094073
accuracy_80pct,0.1,85.0,0.85,0.7985809888945035
accuracy_70pct,0.1,78.0,0.78,0.702222677641859
accuracy_60pct,0.1,73.0,0.73,0.626897538827659
correlation_70pct,0.1,45.0,0.45,0.6429876072197712
correlation_60pct,0.1,31.0,0.31,0.4860887816643851
accuracy_80pct,0.1,84.0,0.84,0.8545985396180161
accuracy_70pct,0.1,75.0,0.75,0.6730625044410506
accuracy_60pct,0.1,74.0,0.74,0.58393257899829
correlation_70pct,0.1,43.0,0.43,0.6756928974245316
correlation_60pct,0.1,24.0,0.24,0.39276033034470226
accuracy_80pct,0.1,81.0,0.81,0.7310158241547647
accuracy_70pct,0.1,77.0,0.77,0.6775671213326502
accuracy_60pct,0.1,70.0,0.7,0.5804965605941026
correlation_70pct,0.1,37.0,0.37,0.5933163753388502
correlation_60pct,0.1,41.0,0.41,0.44225456050058093
accuracy_80pct,0.1,83.0,0.83,0.7588582856364199
accuracy_70pct,0.1,80.0,0.8,0.7761707739888483
accuracy_60pct,0.1,71.0,0.71,0.5896232544366563
correlation_70pct,0.1,57.0,0.57,0.7430832068675167
correlation_60pct,0.1,36.0,0.36,0.5083746844574323
accuracy_80pct,0.1,81.0,0.81,0.8232677650996953
accuracy_70pct,0.1,78.0,0.78,0.6794384832158846
accuracy_60pct,0.1,76.0,0.76,0.6865709385025178
correlation_70pct,0.1,52.0,0.52,0.7210077611326954
correlation_60pct,0.1,40.0,0.4,0.5339906735351118
accuracy_80pct,0.1,85.0,0.85,0.8143233342386014
accuracy_70pct,0.1,75.0,0.75,0.6448842033454304
accuracy_60pct,0.1,64.0,0.64,0.5357951237923296
correlation_70pct,0.1,43.0,0.43,0.6945900399064668
correlation_60pct,0.1,39.0,0.39,0.5689415237370776
accuracy_80pct,0.1,84.0,0.84,0.751279385589294
accuracy_70pct,0.1,76.0,0.76,0.5896857735386528
accuracy_60pct,0.1,71.0,0.71,0.5964971579407522
correlation_70pct,0.1,35.0,0.35,0.6309725594469453
correlation_60pct,0.1,41.0,0.41,0.5977214413065391
accuracy_80pct,0.1,84.0,0.84,0.7630284341671871
accuracy_70pct,0.1,76.0,0.76,0.6577479433689766
accuracy_60pct,0.1,69.0,0.69,0.6288354484033922
correlation_70pct,0.1,48.0,0.48,0.5955928894739103
correlation_60pct,0.1,37.0,0.37,0.6653425912106682
accuracy_80pct,0.1,84.0,0.84,0.7797556109396614
accuracy_70pct,0.1,79.0,0.79,0.7679982118200601
accuracy_60pct,0.1,65.0,0.65,0.5507516519471234
correlation_70pct,0.1,38.0,0.38,0.5603572311317144
correlation_60pct,0.1,32.0,0.32,0.4424841306920925
accuracy_80pct,0.1,83.0,0.83,0.7439787181634295
accuracy_70pct,0.1,78.0,0.78,0.7971811378245319
accuracy_60pct,0.1,64.0,0.64,0.5153888605349718
correlation_70pct,0.1,44.0,0.44,0.671581489077707
correlation_60pct,0.1,36.0,0.36,0.5499121918723506
accuracy_80pct,0.1,82.0,0.82,0.7343802978218974
accuracy_70pct,0.1,73.0,0.73,0.6011260717540888
accuracy_60pct,0.1,68.0,0.68,0.6394347977297665
correlation_70pct,0.1,46.0,0.46,0.6885705220268613
correlation_60pct,0.1,36.0,0.36,0.550567264206534
accuracy_80pct,0.1,85.0,0.85,0.7799833678085865
accuracy_70pct,0.1,76.0,0.76,0.7356116825012362
accuracy_60pct,0.1,71.0,0.71,0.6179285423969922
correlation_70pct,0.1,42.0,0.42,0.6742629657782967
correlation_60pct,0.1,35.0,0.35,0.4971887408958441
accuracy_80pct,0.1,86.0,0.86,0.7512535154543539
accuracy_70pct,0.1,74.0,0.74,0.7659237264151108
accuracy_60pct,0.1,73.0,0.73,0.6364493337494777
correlation_70pct,0.1,49.0,0.49,0.6250223960104861
correlation_60pct,0.1,45.0,0.45,0.580956577539096
accuracy_80pct,0.1,87.0,0.87,0.7995964992610288
accuracy_70pct,0.1,77.0,0.77,0.684669882900321
accuracy_60pct,0.1,66.0,0.66,0.5534569874660759
correlation_70pct,0.1,42.0,0.42,0.6108267098746334
correlation_60pct,0.1,42.0,0.42,0.6597329442694178
accuracy_80pct,0.1,85.0,0.85,0.7389644136806102
accuracy_70pct,0.1,75.0,0.75,0.6285010568598177
accuracy_60pct,0.1,70.0,0.7,0.48515048028041546
correlation_70pct,0.1,44.0,0.44,0.664800871555636
correlation_60pct,0.1,40.0,0.4,0.5857747075589501
accuracy_80pct,0.1,84.0,0.84,0.7687279717258106
accuracy_70pct,0.1,77.0,0.77,0.671186660469645
accuracy_60pct,0.1,69.0,0.69,0.4495397730432254
correlation_70pct,0.1,41.0,0.41,0.689663068194186
correlation_60pct,0.1,37.0,0.37,0.536175600321727
accuracy_80pct,0.1,85.0,0.85,0.8627038167613138
accuracy_70pct,0.1,73.0,0.73,0.6109380948201522
accuracy_60pct,0.1,70.0,0.7,0.697116588248024
correlation_70pct,0.1,42.0,0.42,0.5964837179959477
correlation_60pct,0.1,35.0,0.35,0.47084736324183724
accuracy_80pct,0.1,85.0,0.85,0.8475870266435861
accuracy_70pct,0.1,75.0,0.75,0.7179965570477047
accuracy_60pct,0.1,70.0,0.7,0.6503432398788793
correlation_70pct,0.1,49.0,0.49,0.6233218152489217
correlation_60pct,0.1,31.0,0.31,0.5376980000837669
accuracy_80pct,0.1,84.0,0.84,0.775880528979537
accuracy_70pct,0.1,75.0,0.75,0.7082262847729529
accuracy_60pct,0.1,67.0,0.67,0.6565926637415522
correlation_70pct,0.1,43.0,0.43,0.6402038487679084
correlation_60pct,0.1,34.0,0.34,0.3953320282343699
accuracy_80pct,0.1,87.0,0.87,0.8438422492501146
accuracy_70pct,0.1,76.0,0.76,0.7221724679493494
accuracy_60pct,0.1,71.0,0.71,0.6285165482145161
correlation_70pct,0.1,50.0,0.5,0.7731237332473807
correlation_60pct,0.1,42.0,0.42,0.5963600016363252
accuracy_80pct,0.1,83.0,0.83,0.7252640128449663
accuracy_70pct,0.1,77.0,0.77,0.7063585522685839
accuracy_60pct,0.1,71.0,0.71,0.585462048228387
correlation_70pct,0.1,49.0,0.49,0.7033353237974607
correlation_60pct,0.1,36.0,0.36,0.4839126806671129
accuracy_80pct,0.1,89.0,0.89,0.8579001673203017
accuracy_70pct,0.1,76.0,0.76,0.6920728905508972
accuracy_60pct,0.1,70.0,0.7,0.6136698600652147
correlation_70pct,0.1,46.0,0.46,0.6749677136933946
correlation_60pct,0.1,34.0,0.34,0.5049846158597664
accuracy_80pct,0.1,84.0,0.84,0.7631521310255025
accuracy_70pct,0.1,79.0,0.79,0.7307807656091266
accuracy_60pct,0.1,64.0,0.64,0.5989504946024102
correlation_70pct,0.1,39.0,0.39,0.6237745331636746
correlation_60pct,0.1,34.0,0.34,0.4830676551636315
accuracy_80pct,0.1,82.0,0.82,0.7142578037251541
accuracy_70pct,0.1,76.0,0.76,0.7539220575122654
accuracy_60pct,0.1,73.0,0.73,0.6871117657361144
correlation_70pct,0.1,33.0,0.33,0.6321565026164947
correlation_60pct,0.1,33.0,0.33,0.7044051938592489
accuracy_80pct,0.1,86.0,0.86,0.8390491983696469
accuracy_70pct,0.1,75.0,0.75,0.6515920993151104
accuracy_60pct,0.1,69.0,0.69,0.5646010860526861
correlation_70pct,0.1,51.0,0.51,0.6518698644417813
correlation_60pct,0.1,43.0,0.43,0.5093440893485912
accuracy_80pct,0.1,84.0,0.84,0.8495343329608944
accuracy_70pct,0.1,77.0,0.77,0.7836516319803166
accuracy_60pct,0.1,70.0,0.7,0.6674386548302326
correlation_70pct,0.1,43.0,0.43,0.5191619149978268
correlation_60pct,0.1,36.0,0.36,0.5412746329407303
accuracy_80pct,0.1,88.0,0.88,0.8974961737494959
accuracy_70pct,0.1,79.0,0.79,0.815034565198381
accuracy_60pct,0.1,71.0,0.71,0.645672381370979
correlation_70pct,0.1,45.0,0.45,0.5088597254499297
correlation_60pct,0.1,31.0,0.31,0.4100942954642288
accuracy_80pct,0.1,87.0,0.87,0.8409772717618661
accuracy_70pct,0.1,77.0,0.77,0.7564128026653506
accuracy_60pct,0.1,67.0,0.67,0.45458233592535074
correlation_70pct,0.1,47.0,0.47,0.6266777858875303
correlation_60pct,0.1,39.0,0.39,0.48853425650708826
accuracy_80pct,0.1,83.0,0.83,0.7704090325466955
accuracy_70pct,0.1,76.0,0.76,0.7883820255875098
accuracy_60pct,0.1,71.0,0.71,0.5882649926266201
correlation_70pct,0.1,36.0,0.36,0.659857464068751
correlation_60pct,0.1,29.0,0.29,0.5101381626085331
accuracy_80pct,0.1,86.0,0.86,0.7951558901061239
accuracy_70pct,0.1,76.0,0.76,0.6918575194189605
accuracy_60pct,0.1,64.0,0.64,0.5156947097409673
correlation_70pct,0.1,37.0,0.37,0.5650237666629027
correlation_60pct,0.1,36.0,0.36,0.5541812495088533
accuracy_80pct,0.1,84.0,0.84,0.8581063504740736
accuracy_70pct,0.1,74.0,0.74,0.7555996241996239
accuracy_60pct,0.1,70.0,0.7,0.6588748872447848
correlation_70pct,0.1,53.0,0.53,0.7435868244074442
correlation_60pct,0.1,42.0,0.42,0.6007205660453376
accuracy_80pct,0.1,84.0,0.84,0.8319953002443438
accuracy_70pct,0.1,74.0,0.74,0.6032424449449543
accuracy_60pct,0.1,67.0,0.67,0.4549910496866334
correlation_70pct,0.1,51.0,0.51,0.6705698401604058
correlation_60pct,0.1,31.0,0.31,0.4690185678252969
accuracy_80pct,0.1,85.0,0.85,0.7787174976804925
accuracy_70pct,0.1,79.0,0.79,0.6681933742225772
accuracy_60pct,0.1,70.0,0.7,0.46626471542756265
correlation_70pct,0.1,38.0,0.38,0.6810936172686316
correlation_60pct,0.1,41.0,0.41,0.5768864349824321
accuracy_80pct,0.1,84.0,0.84,0.7285430770507989
accuracy_70pct,0.1,76.0,0.76,0.7412873458120198
accuracy_60pct,0.1,68.0,0.68,0.46332329381605547
correlation_70pct,0.1,45.0,0.45,0.5517782020207855
correlation_60pct,0.1,38.0,0.38,0.4927470670535942
accuracy_80pct,0.1,86.0,0.86,0.8456778083537533
accuracy_70pct,0.1,77.0,0.77,0.6532448489514139
accuracy_60pct,0.1,68.0,0.68,0.6221157152863583
correlation_70pct,0.1,36.0,0.36,0.6696030927408135
correlation_60pct,0.1,35.0,0.35,0.5741302139244322
accuracy_80pct,0.1,88.0,0.88,0.8940933535293488
accuracy_70pct,0.1,76.0,0.76,0.7259696072269541
accuracy_60pct,0.1,67.0,0.67,0.46958692554168807
correlation_70pct,0.1,39.0,0.39,0.5913644212184639
correlation_60pct,0.1,35.0,0.35,0.5129569499505255
accuracy_80pct,0.1,83.0,0.83,0.7925889558925359
accuracy_70pct,0.1,77.0,0.77,0.6208559578112062
accuracy_60pct,0.1,67.0,0.67,0.5799857722033356
correlation_70pct,0.1,40.0,0.4,0.560469296202795
correlation_60pct,0.1,34.0,0.34,0.4406316034024297
accuracy_80pct,0.1,84.0,0.84,0.8406825542747058
accuracy_70pct,0.1,79.0,0.79,0.799974674136705
accuracy_60pct,0.1,69.0,0.69,0.6886917152826589
correlation_70pct,0.1,36.0,0.36,0.6293277436736046
correlation_60pct,0.1,32.0,0.32,0.5105595104073195
accuracy_80pct,0.1,87.0,0.87,0.8215066502671737
accuracy_70pct,0.1,78.0,0.78,0.6369087533461637
accuracy_60pct,0.1,69.0,0.69,0.5756098149132453
correlation_70pct,0.1,49.0,0.49,0.6972938408910774
correlation_60pct,0.1,45.0,0.45,0.6143329485993072
accuracy_80pct,0.1,85.0,0.85,0.7557478836090802
accuracy_70pct,0.1,75.0,0.75,0.6833678141614009
accuracy_60pct,0.1,64.0,0.64,0.5773339281701438
correlation_70pct,0.1,48.0,0.48,0.6530239190491149
correlation_60pct,0.1,44.0,0.44,0.5214630965231787
accuracy_80pct,0.1,82.0,0.82,0.7836828672666198
accuracy_70pct,0.1,78.0,0.78,0.6430324349394906
accuracy_60pct,0.1,67.0,0.67,0.46867506665543435
correlation_70pct,0.1,46.0,0.46,0.6466073876969578
correlation_60pct,0.1,36.0,0.36,0.5566834616267434
accuracy_80pct,0.1,86.0,0.86,0.7245803458226087
accuracy_70pct,0.1,77.0,0.77,0.6177084947352901
accuracy_60pct,0.1,74.0,0.74,0.6309424751265789
correlation_70pct,0.1,37.0,0.37,0.5835021022824018
correlation_60pct,0.1,39.0,0.39,0.4528626673221727
accuracy_80pct,0.1,86.0,0.86,0.8184073888749379
accuracy_70pct,0.1,78.0,0.78,0.6379033633835571
accuracy_60pct,0.1,70.0,0.7,0.6426221476747709
correlation_70pct,0.1,45.0,0.45,0.7012891951583169
correlation_60pct,0.1,34.0,0.34,0.41140447540839
accuracy_80pct,0.1,85.0,0.85,0.8235434547584646
accuracy_70pct,0.1,76.0,0.76,0.713521531816533
accuracy_60pct,0.1,65.0,0.65,0.5036724015138851
correlation_70pct,0.1,41.0,0.41,0.5433127986036972
correlation_60pct,0.1,40.0,0.4,0.644465473419223
accuracy_80pct,0.1,81.0,0.81,0.7117107641666996
accuracy_70pct,0.1,75.0,0.75,0.6248862262161169
accuracy_60pct,0.1,72.0,0.72,0.669344219869071
correlation_70pct,0.1,48.0,0.48,0.5568613242475622
correlation_60pct,0.1,32.0,0.32,0.5695313644410327
accuracy_80pct,0.1,84.0,0.84,0.8579851678360155
accuracy_70pct,0.1,78.0,0.78,0.7326873911869562
accuracy_60pct,0.1,71.0,0.71,0.5128647041374335
correlation_70pct,0.1,36.0,0.36,0.5950584309202119
correlation_60pct,0.1,38.0,0.38,0.5902328978872563
accuracy_80pct,0.1,82.0,0.82,0.7201083572917851
accuracy_70pct,0.1,77.0,0.77,0.6530601189388476
accuracy_60pct,0.1,73.0,0.73,0.720906914759874
correlation_70pct,0.1,36.0,0.36,0.6537322823827683
correlation_60pct,0.1,38.0,0.38,0.5198188351361125
accuracy_80pct,0.1,85.0,0.85,0.8112056137208401
accuracy_70pct,0.1,81.0,0.81,0.6941939612503554
accuracy_60pct,0.1,71.0,0.71,0.5463781938886816
correlation_70pct,0.1,38.0,0.38,0.5561957002981271
correlation_60pct,0.1,47.0,0.47,0.6777788017644674
accuracy_80pct,0.1,87.0,0.87,0.8621484510346684
accuracy_70pct,0.1,77.0,0.77,0.7719517799569314
accuracy_60pct,0.1,72.0,0.72,0.6508433014235777
correlation_70pct,0.1,49.0,0.49,0.6250592194702039
correlation_60pct,0.1,43.0,0.43,0.6054610299614127
accuracy_80pct,0.1,84.0,0.84,0.8059729865478067
accuracy_70pct,0.1,77.0,0.77,0.7435988513264417
accuracy_60pct,0.1,70.0,0.7,0.6743661714118035
correlation_70pct,0.1,38.0,0.38,0.6154478274360468
correlation_60pct,0.1,35.0,0.35,0.5784964644959381
accuracy_80pct,0.1,82.0,0.82,0.7869309594898578
accuracy_70pct,0.1,78.0,0.78,0.7839595496250609
accuracy_60pct,0.1,66.0,0.66,0.6702184203914388
correlation_70pct,0.1,37.0,0.37,0.5999943491686878
correlation_60pct,0.1,31.0,0.31,0.5190935943942225
accuracy_80pct,0.1,87.0,0.87,0.7642728183157481
accuracy_70pct,0.1,76.0,0.76,0.7450910632547205
accuracy_60pct,0.1,71.0,0.71,0.7435645484997884
correlation_70pct,0.1,48.0,0.48,0.7268641999287351
correlation_60pct,0.1,36.0,0.36,0.49422129246174773
accuracy_80pct,0.1,85.0,0.85,0.7419212582101509
accuracy_70pct,0.1,79.0,0.79,0.7374743994983798
accuracy_60pct,0.1,76.0,0.76,0.7172681597760628
correlation_70pct,0.1,37.0,0.37,0.6025033560292687
correlation_60pct,0.1,43.0,0.43,0.5843064236631427
accuracy_80pct,0.1,85.0,0.85,0.7597253414425347
accuracy_70pct,0.1,82.0,0.82,0.7015777948257954
accuracy_60pct,0.1,69.0,0.69,0.6717873067129146
correlation_70pct,0.1,47.0,0.47,0.6098387844269915
correlation_60pct,0.1,33.0,0.33,0.5074455334201028
accuracy_80pct,0.1,84.0,0.84,0.7811263881012144
accuracy_70pct,0.1,76.0,0.76,0.7110913764883435
accuracy_60pct,0.1,70.0,0.7,0.6960724928291611
correlation_70pct,0.1,38.0,0.38,0.6207121638206426
correlation_60pct,0.1,41.0,0.41,0.5442215681691331
accuracy_80pct,0.1,82.0,0.82,0.7898029131959006
accuracy_70pct,0.1,75.0,0.75,0.5438550412404309
accuracy_60pct,0.1,76.0,0.76,0.6988769475797519
correlation_70pct,0.1,42.0,0.42,0.5557716982126459
correlation_60pct,0.1,30.0,0.3,0.31448045756056364
accuracy_80pct,0.1,85.0,0.85,0.7732761871594405
accuracy_70pct,0.1,76.0,0.76,0.6428546646663618
accuracy_60pct,0.1,68.0,0.68,0.5627973122995837
correlation_70pct,0.1,44.0,0.44,0.6795962363182649
correlation_60pct,0.1,32.0,0.32,0.4742607575370899
accuracy_80pct,0.1,83.0,0.83,0.8228928514648133
accuracy_70pct,0.1,78.0,0.78,0.7245235171378117
accuracy_60pct,0.1,77.0,0.77,0.7038584762784789
correlation_70pct,0.1,38.0,0.38,0.6014953663931341
correlation_60pct,0.1,35.0,0.35,0.5630493394778714
accuracy_80pct,0.1,85.0,0.85,0.7798782138021453
accuracy_70pct,0.1,77.0,0.77,0.7817948159413635
accuracy_60pct,0.1,70.0,0.7,0.7288876525249951
correlation_70pct,0.1,42.0,0.42,0.6270576360050516
correlation_60pct,0.1,41.0,0.41,0.5046572961995477
accuracy_80pct,0.1,81.0,0.81,0.7025605036861972
accuracy_70pct,0.1,77.0,0.77,0.65666171519968
accuracy_60pct,0.1,67.0,0.67,0.5326977167924772
correlation_70pct,0.1,47.0,0.47,0.62208876442951
correlation_60pct,0.1,37.0,0.37,0.5605608303949584
accuracy_80pct,0.1,87.0,0.87,0.845974183523274
accuracy_70pct,0.1,78.0,0.78,0.6754368334340393
accuracy_60pct,0.1,70.0,0.7,0.5570126533447642
correlation_70pct,0.1,34.0,0.34,0.6021505888038232
correlation_60pct,0.1,41.0,0.41,0.5326123858387282
accuracy_80pct,0.1,88.0,0.88,0.82672464680546
accuracy_70pct,0.1,82.0,0.82,0.8204071775355113
accuracy_60pct,0.1,70.0,0.7,0.5944615618241478
correlation_70pct,0.1,44.0,0.44,0.66602007264508
correlation_60pct,0.1,44.0,0.44,0.5643435403698212
accuracy_80pct,0.1,85.0,0.85,0.8132063579736715
accuracy_70pct,0.1,73.0,0.73,0.5755815674845428
accuracy_60pct,0.1,67.0,0.67,0.5449119115662531
correlation_70pct,0.1,49.0,0.49,0.7038174202037202
correlation_60pct,0.1,28.0,0.28,0.4632892976815066
accuracy_80pct,0.1,91.0,0.91,0.9626874793028597
accuracy_70pct,0.1,76.0,0.76,0.6962954906278738
accuracy_60pct,0.1,68.0,0.68,0.6174930958105244
correlation_70pct,0.1,44.0,0.44,0.6581251031199508
correlation_60pct,0.1,34.0,0.34,0.4866514267963204
accuracy_80pct,0.1,84.0,0.84,0.8121363871952284
accuracy_70pct,0.1,78.0,0.78,0.6612480762675885
accuracy_60pct,0.1,67.0,0.67,0.4901069076443689
correlation_70pct,0.1,31.0,0.31,0.5403549279728534
correlation_60pct,0.1,42.0,0.42,0.5542504984860049
accuracy_80pct,0.1,84.0,0.84,0.7814176709714384
accuracy_70pct,0.1,75.0,0.75,0.6808866672443652
accuracy_60pct,0.1,70.0,0.7,0.5387967669996558
correlation_70pct,0.1,44.0,0.44,0.6038518484973192
correlation_60pct,0.1,37.0,0.37,0.4923282423974195
accuracy_80pct,0.1,83.0,0.83,0.7214919734273946
accuracy_70pct,0.1,76.0,0.76,0.7412177108348623
accuracy_60pct,0.1,68.0,0.68,0.6259076442221599
correlation_70pct,0.1,46.0,0.46,0.7308993343621558
correlation_60pct,0.1,38.0,0.38,0.5742373593552376
accuracy_80pct,0.1,84.0,0.84,0.7129234122073558
accuracy_70pct,0.1,75.0,0.75,0.6417648225606962
accuracy_60pct,0.1,70.0,0.7,0.4667952760312012
correlation_70pct,0.1,40.0,0.4,0.6095635816198053
correlation_60pct,0.1,36.0,0.36,0.46671841765871375
accuracy_80pct,0.1,87.0,0.87,0.808279563646106
accuracy_70pct,0.1,76.0,0.76,0.73887273898715
accuracy_60pct,0.1,70.0,0.7,0.6268551504144323
correlation_70pct,0.1,47.0,0.47,0.7194931705920539
correlation_60pct,0.1,39.0,0.39,0.49574164133211085
accuracy_80pct,0.1,81.0,0.81,0.7701678707598261
accuracy_70pct,0.1,77.0,0.77,0.7054865618063962
accuracy_60pct,0.1,72.0,0.72,0.6676789518726904
correlation_70pct,0.1,49.0,0.49,0.6183076383054061
correlation_60pct,0.1,42.0,0.42,0.5550007404639428
accuracy_80pct,0.1,89.0,0.89,0.8639077065357426
accuracy_70pct,0.1,81.0,0.81,0.6861193146204142
accuracy_60pct,0.1,70.0,0.7,0.6396291229015588
correlation_70pct,0.1,41.0,0.41,0.6575895825829641
correlation_60pct,0.1,34.0,0.34,0.5001161642308058
accuracy_80pct,0.1,87.0,0.87,0.8103347491767704
accuracy_70pct,0.1,77.0,0.77,0.751656887810236
accuracy_60pct,0.1,67.0,0.67,0.5181363236086134
correlation_70pct,0.1,39.0,0.39,0.5718798322221397
correlation_60pct,0.1,43.0,0.43,0.5203070595117822
accuracy_80pct,0.1,87.0,0.87,0.8047818159643207
accuracy_70pct,0.1,74.0,0.74,0.7377470184084083
accuracy_60pct,0.1,71.0,0.71,0.5531096480636847
correlation_70pct,0.1,43.0,0.43,0.6980301897289768
correlation_60pct,0.1,40.0,0.4,0.44665581334115756
accuracy_80pct,0.1,86.0,0.86,0.8443278351570742
accuracy_70pct,0.1,79.0,0.79,0.6883026830319123
accuracy_60pct,0.1,67.0,0.67,0.4588168350421413
correlation_70pct,0.1,48.0,0.48,0.69491791663953
correlation_60pct,0.1,36.0,0.36,0.30372249282290587
accuracy_80pct,0.1,85.0,0.85,0.7777616440930563
accuracy_70pct,0.1,76.0,0.76,0.637610760409764
accuracy_60pct,0.1,70.0,0.7,0.48745370276575506
correlation_70pct,0.1,39.0,0.39,0.6596542518172769
correlation_60pct,0.1,31.0,0.31,0.41778165574244047
accuracy_80pct,0.1,85.0,0.85,0.7632849376742904
accuracy_70pct,0.1,80.0,0.8,0.7408254330644544
accuracy_60pct,0.1,67.0,0.67,0.5404793501858628
correlation_70pct,0.1,42.0,0.42,0.6302599282238687
correlation_60pct,0.1,37.0,0.37,0.6116643196968694
accuracy_80pct,0.1,87.0,0.87,0.8658785940010113
accuracy_70pct,0.1,78.0,0.78,0.6322011683164461
accuracy_60pct,0.1,69.0,0.69,0.6585048170806437
correlation_70pct,0.1,40.0,0.4,0.6695088600278789
correlation_60pct,0.1,28.0,0.28,0.4329974621689341
accuracy_80pct,0.1,81.0,0.81,0.7950636907927698
accuracy_70pct,0.1,73.0,0.73,0.638646333284139
accuracy_60pct,0.1,70.0,0.7,0.624238333939025
correlation_70pct,0.1,47.0,0.47,0.7188329505653668
correlation_60pct,0.1,42.0,0.42,0.5242766430565161
accuracy_80pct,0.1,84.0,0.84,0.8062600551703244
accuracy_70pct,0.1,75.0,0.75,0.6825454092491906
accuracy_60pct,0.1,71.0,0.71,0.49582341281872705
correlation_70pct,0.1,38.0,0.38,0.5736018065173394
correlation_60pct,0.1,40.0,0.4,0.6351639427660046
accuracy_80pct,0.1,87.0,0.87,0.8486721686353612
accuracy_70pct,0.1,74.0,0.74,0.5616455852888732
accuracy_60pct,0.1,73.0,0.73,0.77706389448172
correlation_70pct,0.1,54.0,0.54,0.6570237890973591
correlation_60pct,0.1,35.0,0.35,0.5808182757684489
accuracy_80pct,0.1,86.0,0.86,0.800602878999411
accuracy_70pct,0.1,76.0,0.76,0.7659926893216875
accuracy_60pct,0.1,72.0,0.72,0.5857084188314712
correlation_70pct,0.1,41.0,0.41,0.6065479430339273
correlation_60pct,0.1,38.0,0.38,0.5280734554433157
accuracy_80pct,0.1,83.0,0.83,0.748381125256348
accuracy_70pct,0.1,77.0,0.77,0.7288257576030381
accuracy_60pct,0.1,65.0,0.65,0.4292941515972914
correlation_70pct,0.1,44.0,0.44,0.6277694041980357
correlation_60pct,0.1,36.0,0.36,0.5505958841762528
accuracy_80pct,0.1,81.0,0.81,0.6638164342599314
accuracy_70pct,0.1,83.0,0.83,0.8031830199872017
accuracy_60pct,0.1,70.0,0.7,0.5724578857895374
correlation_70pct,0.1,42.0,0.42,0.6501284453685416
correlation_60pct,0.1,40.0,0.4,0.5614774258392408
accuracy_80pct,0.1,87.0,0.87,0.8034307979001871
accuracy_70pct,0.1,77.0,0.77,0.6848610539297096
accuracy_60pct,0.1,68.0,0.68,0.6030371959675195
correlation_70pct,0.1,50.0,0.5,0.7024455560795545
correlation_60pct,0.1,41.0,0.41,0.6266621889530121
accuracy_80pct,0.1,85.0,0.85,0.7544528406399202
accuracy_70pct,0.1,75.0,0.75,0.7659979541826716
accuracy_60pct,0.1,69.0,0.69,0.5311511742217615
correlation_70pct,0.1,44.0,0.44,0.6253137214854493
correlation_60pct,0.1,40.0,0.4,0.5990266913626088
accuracy_80pct,0.1,89.0,0.89,0.895318523124125
accuracy_70pct,0.1,79.0,0.79,0.72877467462898
accuracy_60pct,0.1,72.0,0.72,0.6100028731177259
correlation_70pct,0.1,30.0,0.3,0.6155706920974587
correlation_60pct,0.1,44.0,0.44,0.4784614276563828
accuracy_80pct,0.1,88.0,0.88,0.8263939228439401
accuracy_70pct,0.1,79.0,0.79,0.6882372086975186
accuracy_60pct,0.1,71.0,0.71,0.6645321286993915
correlation_70pct,0.1,49.0,0.49,0.6377578316147144
correlation_60pct,0.1,42.0,0.42,0.5155565067126864
accuracy_80pct,0.1,84.0,0.84,0.7600867429398148
accuracy_70pct,0.1,74.0,0.74,0.6133499302050585
accuracy_60pct,0.1,70.0,0.7,0.6265980134140844
correlation_70pct,0.1,38.0,0.38,0.6100164342969693
correlation_60pct,0.1,35.0,0.35,0.5063115919030643
accuracy_80pct,0.1,81.0,0.81,0.8248985854521482
accuracy_70pct,0.1,78.0,0.78,0.731463977265686
accuracy_60pct,0.1,69.0,0.69,0.542024776946975
correlation_70pct,0.1,38.0,0.38,0.7084297258791696
correlation_60pct,0.1,34.0,0.34,0.6575635994599568
accuracy_80pct,0.1,85.0,0.85,0.8034453542220199
accuracy_70pct,0.1,76.0,0.76,0.6966315146998437
accuracy_60pct,0.1,65.0,0.65,0.5419436165639843
correlation_70pct,0.1,44.0,0.44,0.7022375183606973
correlation_60pct,0.1,31.0,0.31,0.46088791209432683
accuracy_80pct,0.1,84.0,0.84,0.7283850372640635
accuracy_70pct,0.1,77.0,0.77,0.6166279930627693
accuracy_60pct,0.1,63.0,0.63,0.5784476907933861
correlation_70pct,0.1,31.0,0.31,0.566204190162649
correlation_60pct,0.1,30.0,0.3,0.488019165856751
accuracy_80pct,0.1,83.0,0.83,0.806904208368869
accuracy_70pct,0.1,74.0,0.74,0.5199775790092951
accuracy_60pct,0.1,70.0,0.7,0.6243163416610477
correlation_70pct,0.1,48.0,0.48,0.5275759990128535
correlation_60pct,0.1,38.0,0.38,0.4647203476786634
accuracy_80pct,0.1,87.0,0.87,0.8947364781622723
accuracy_70pct,0.1,71.0,0.71,0.7643216369430804
accuracy_60pct,0.1,67.0,0.67,0.7174320675675026
correlation_70pct,0.1,41.0,0.41,0.6621986033612117
correlation_60pct,0.1,48.0,0.48,0.549473573507859
accuracy_80pct,0.1,84.0,0.84,0.7846992603271493
accuracy_70pct,0.1,80.0,0.8,0.7694986663427505
accuracy_60pct,0.1,66.0,0.66,0.6114294234744819
correlation_70pct,0.1,37.0,0.37,0.5821078562362779
correlation_60pct,0.1,39.0,0.39,0.4121857347258084
accuracy_80pct,0.1,83.0,0.83,0.6899486658580021
accuracy_70pct,0.1,76.0,0.76,0.6794066103125629
accuracy_60pct,0.1,66.0,0.66,0.6259239938887226
correlation_70pct,0.1,35.0,0.35,0.6041066670467482
correlation_60pct,0.1,33.0,0.33,0.5399041222791746
accuracy_80pct,0.1,85.0,0.85,0.8013506055765974
accuracy_70pct,0.1,79.0,0.79,0.6880516636164117
accuracy_60pct,0.1,69.0,0.69,0.4048518112108625
correlation_70pct,0.1,38.0,0.38,0.5440033105209954
correlation_60pct,0.1,35.0,0.35,0.49658956049821334
accuracy_80pct,0.1,84.0,0.84,0.7843352639709656
accuracy_70pct,0.1,75.0,0.75,0.72738002185502
accuracy_60pct,0.1,65.0,0.65,0.42097513985129426
correlation_70pct,0.1,54.0,0.54,0.7234674938421723
correlation_60pct,0.1,39.0,0.39,0.5202562974775596
accuracy_80pct,0.1,87.0,0.87,0.7597570297318142
accuracy_70pct,0.1,76.0,0.76,0.633409495448731
accuracy_60pct,0.1,68.0,0.68,0.5458258152329136
correlation_70pct,0.1,37.0,0.37,0.5669332193258029
correlation_60pct,0.1,32.0,0.32,0.45180588911314623
accuracy_80pct,0.1,83.0,0.83,0.7478890825510178
accuracy_70pct,0.1,78.0,0.78,0.5784508215630154
accuracy_60pct,0.1,65.0,0.65,0.6035544593401223
correlation_70pct,0.1,42.0,0.42,0.679036847387017
correlation_60pct,0.1,40.0,0.4,0.4057005169363848
accuracy_80pct,0.1,86.0,0.86,0.7571302404744675
accuracy_70pct,0.1,76.0,0.76,0.6428785776414706
accuracy_60pct,0.1,69.0,0.69,0.49839379385027444
correlation_70pct,0.1,47.0,0.47,0.6751108535231604
correlation_60pct,0.1,43.0,0.43,0.587812842143361
accuracy_80pct,0.1,85.0,0.85,0.8187731650089404
accuracy_70pct,0.1,75.0,0.75,0.7801063186170331
accuracy_60pct,0.1,74.0,0.74,0.6224731090511822
correlation_70pct,0.1,48.0,0.48,0.7373802839380705
correlation_60pct,0.1,37.0,0.37,0.5626698012631449
accuracy_80pct,0.1,88.0,0.88,0.8529545658642214
accuracy_70pct,0.1,76.0,0.76,0.6137528630984613
accuracy_60pct,0.1,71.0,0.71,0.6143491874762994
correlation_70pct,0.1,38.0,0.38,0.6145654247835788
correlation_60pct,0.1,41.0,0.41,0.5651288712391116
accuracy_80pct,0.1,85.0,0.85,0.8371916522259444
accuracy_70pct,0.1,78.0,0.78,0.7509587516706472
accuracy_60pct,0.1,70.0,0.7,0.5280650332814403
correlation_70pct,0.1,38.0,0.38,0.6017512759455063
correlation_60pct,0.1,39.0,0.39,0.522430592729704
accuracy_80pct,0.1,83.0,0.83,0.7101723132551462
accuracy_70pct,0.1,80.0,0.8,0.6708313841832894
accuracy_60pct,0.1,71.0,0.71,0.6290565440297521
correlation_70pct,0.1,43.0,0.43,0.6476614906339822
correlation_60pct,0.1,42.0,0.42,0.5825647252587387
accuracy_80pct,0.1,83.0,0.83,0.7960435976054342
accuracy_70pct,0.1,76.0,0.76,0.6466353199633955
accuracy_60pct,0.1,70.0,0.7,0.6521088393919318
correlation_70pct,0.1,45.0,0.45,0.6815622216085186
correlation_60pct,0.1,38.0,0.38,0.44070032595585157
accuracy_80pct,0.1,82.0,0.82,0.8331721463744804
accuracy_70pct,0.1,80.0,0.8,0.691291209813543
accuracy_60pct,0.1,69.0,0.69,0.5650624977809136
correlation_70pct,0.1,36.0,0.36,0.5776566027212624
correlation_60pct,0.1,40.0,0.4,0.6564147855588196
accuracy_80pct,0.1,85.0,0.85,0.8170112538236923
accuracy_70pct,0.1,78.0,0.78,0.6874195516465909
accuracy_60pct,0.1,64.0,0.64,0.4726671221515813
correlation_70pct,0.1,35.0,0.35,0.6679108096971438
correlation_60pct,0.1,41.0,0.41,0.5504935528883795
accuracy_80pct,0.1,84.0,0.84,0.7907137584337018
accuracy_70pct,0.1,76.0,0.76,0.7532845223263946
accuracy_60pct,0.1,66.0,0.66,0.5310089704610054
correlation_70pct,0.1,33.0,0.33,0.5985405121237978
correlation_60pct,0.1,32.0,0.32,0.3766528001328916
accuracy_80pct,0.1,84.0,0.84,0.6767355614027675
accuracy_70pct,0.1,74.0,0.74,0.7562845565061634
accuracy_60pct,0.1,67.0,0.67,0.6001154672832255
correlation_70pct,0.1,44.0,0.44,0.6606112791476512
correlation_60pct,0.1,32.0,0.32,0.5139823705669471
accuracy_80pct,0.1,85.0,0.85,0.763495545851069
accuracy_70pct,0.1,77.0,0.77,0.7249652542823963
accuracy_60pct,0.1,68.0,0.68,0.6561243217409978
correlation_70pct,0.1,47.0,0.47,0.6551612067780254
correlation_60pct,0.1,43.0,0.43,0.5974283364673434
accuracy_80pct,0.1,82.0,0.82,0.7805738948427644
accuracy_70pct,0.1,80.0,0.8,0.6874189652241129
accuracy_60pct,0.1,65.0,0.65,0.5552475229756348
correlation_70pct,0.1,50.0,0.5,0.7034620613402428
correlation_60pct,0.1,32.0,0.32,0.5706360168490295
accuracy_80pct,0.1,85.0,0.85,0.8145691186926834
accuracy_70pct,0.1,80.0,0.8,0.6379245426222866
accuracy_60pct,0.1,70.0,0.7,0.6172924424362403
correlation_70pct,0.1,33.0,0.33,0.547762116745607
correlation_60pct,0.1,32.0,0.32,0.5004983298891089
accuracy_80pct,0.1,86.0,0.86,0.8412126184078578
accuracy_70pct,0.1,75.0,0.75,0.6369105973985154
accuracy_60pct,0.1,70.0,0.7,0.539199186235127
correlation_70pct,0.1,41.0,0.41,0.6503373986367323
correlation_60pct,0.1,33.0,0.33,0.392462906609019
accuracy_80pct,0.1,83.0,0.83,0.833699683768113
accuracy_70pct,0.1,79.0,0.79,0.6988221122303103
accuracy_60pct,0.1,69.0,0.69,0.6213604720033994
correlation_70pct,0.1,40.0,0.4,0.692185553028984
correlation_60pct,0.1,27.0,0.27,0.6215499876646556
accuracy_80pct,0.1,86.0,0.86,0.767499976884597
accuracy_70pct,0.1,74.0,0.74,0.625770978654241
accuracy_60pct,0.1,64.0,0.64,0.4226375057764512
correlation_70pct,0.1,51.0,0.51,0.652154127729185
correlation_60pct,0.1,37.0,0.37,0.6504837445006169
accuracy_80pct,0.1,86.0,0.86,0.8000555974665627
accuracy_70pct,0.1,81.0,0.81,0.7526746267265808
accuracy_60pct,0.1,73.0,0.73,0.5640072227091849
correlation_70pct,0.1,38.0,0.38,0.6003630444229203
correlation_60pct,0.1,31.0,0.31,0.5138191606305188
accuracy_80pct,0.1,86.0,0.86,0.865619960308962
accuracy_70pct,0.1,78.0,0.78,0.7334182541812784
accuracy_60pct,0.1,71.0,0.71,0.5551465916458869
correlation_70pct,0.1,44.0,0.44,0.6404329004323538
correlation_60pct,0.1,37.0,0.37,0.5791928806668888
accuracy_80pct,0.1,85.0,0.85,0.7447832816733938
accuracy_70pct,0.1,78.0,0.78,0.5576956658688215
accuracy_60pct,0.1,70.0,0.7,0.6034406018332032
correlation_70pct,0.1,42.0,0.42,0.7051466412190781
correlation_60pct,0.1,35.0,0.35,0.48007233758042545
accuracy_80pct,0.1,91.0,0.91,0.8014028247697335
accuracy_70pct,0.1,78.0,0.78,0.7521565891643917
accuracy_60pct,0.1,70.0,0.7,0.49034434079978984
correlation_70pct,0.1,43.0,0.43,0.6624498043071317
correlation_60pct,0.1,35.0,0.35,0.512898242982539
accuracy_80pct,0.1,87.0,0.87,0.8695388010546137
accuracy_70pct,0.1,78.0,0.78,0.7440656508909578
accuracy_60pct,0.1,67.0,0.67,0.6455164357371731
correlation_70pct,0.1,41.0,0.41,0.6422583789493665
correlation_60pct,0.1,39.0,0.39,0.5234331881353296
accuracy_80pct,0.1,82.0,0.82,0.7864173753115533
accuracy_70pct,0.1,79.0,0.79,0.6979215156430612
accuracy_60pct,0.1,71.0,0.71,0.6850928285406055
correlation_70pct,0.1,47.0,0.47,0.6501638972213211
correlation_60pct,0.1,32.0,0.32,0.45937683065811435
accuracy_80pct,0.1,81.0,0.81,0.8342652393595722
accuracy_70pct,0.1,74.0,0.74,0.7760381337410159
accuracy_60pct,0.1,71.0,0.71,0.7080832576501784
correlation_70pct,0.1,44.0,0.44,0.630328152338606
correlation_60pct,0.1,29.0,0.29,0.4673317148491581
accuracy_80pct,0.1,85.0,0.85,0.8324314042533915
accuracy_70pct,0.1,77.0,0.77,0.6192840042995119
accuracy_60pct,0.1,72.0,0.72,0.6835381604643299
correlation_70pct,0.1,37.0,0.37,0.5602148649606925
correlation_60pct,0.1,40.0,0.4,0.657451181882919
accuracy_80pct,0.1,82.0,0.82,0.7853706920330573
accuracy_70pct,0.1,78.0,0.78,0.7817204611721656
accuracy_60pct,0.1,70.0,0.7,0.5307296523191642
correlation_70pct,0.1,32.0,0.32,0.6036946724147764
correlation_60pct,0.1,40.0,0.4,0.5311879476416053
accuracy_80pct,0.1,86.0,0.86,0.7990502418898169
accuracy_70pct,0.1,76.0,0.76,0.7110968858442743
accuracy_60pct,0.1,72.0,0.72,0.6898505064271466
correlation_70pct,0.1,42.0,0.42,0.6991144931480395
correlation_60pct,0.1,39.0,0.39,0.54212010501358
accuracy_80pct,0.1,83.0,0.83,0.7653255914142831
accuracy_70pct,0.1,76.0,0.76,0.5996756060852896
accuracy_60pct,0.1,70.0,0.7,0.37428060403503455
correlation_70pct,0.1,41.0,0.41,0.6483735831876618
correlation_60pct,0.1,39.0,0.39,0.5810597427562195
accuracy_80pct,0.1,84.0,0.84,0.7966396132350959
accuracy_70pct,0.1,80.0,0.8,0.751700651384822
accuracy_60pct,0.1,72.0,0.72,0.49402251432575106
correlation_70pct,0.1,45.0,0.45,0.6339269493171025
correlation_60pct,0.1,39.0,0.39,0.5077156860256372
accuracy_80pct,0.1,82.0,0.82,0.8099673953555968
accuracy_70pct,0.1,79.0,0.79,0.8191409496186205
accuracy_60pct,0.1,73.0,0.73,0.6863199328984267
correlation_70pct,0.1,42.0,0.42,0.6134198623036312
correlation_60pct,0.1,42.0,0.42,0.6334403221302327
accuracy_80pct,0.1,87.0,0.87,0.9111126330339779
accuracy_70pct,0.1,78.0,0.78,0.7459083418839636
accuracy_60pct,0.1,70.0,0.7,0.685535667365133
correlation_70pct,0.1,47.0,0.47,0.6568237297493973
correlation_60pct,0.1,34.0,0.34,0.4040293380977269
accuracy_80pct,0.1,86.0,0.86,0.7634053701605431
accuracy_70pct,0.1,78.0,0.78,0.6575638611985438
accuracy_60pct,0.1,71.0,0.71,0.730033136501658
correlation_70pct,0.1,38.0,0.38,0.6101687810952536
correlation_60pct,0.1,45.0,0.45,0.6627605776404738
accuracy_80pct,0.1,84.0,0.84,0.7962015582741613
accuracy_70pct,0.1,74.0,0.74,0.6566380237940295
accuracy_60pct,0.1,69.0,0.69,0.6280520934466686
correlation_70pct,0.1,44.0,0.44,0.6999084417282737
correlation_60pct,0.1,37.0,0.37,0.427267104625077
accuracy_80pct,0.1,85.0,0.85,0.8652433650218169
accuracy_70pct,0.1,75.0,0.75,0.6660200996195776
accuracy_60pct,0.1,65.0,0.65,0.5549574993330384
correlation_70pct,0.1,38.0,0.38,0.5836280542034827
correlation_60pct,0.1,30.0,0.3,0.46096446488577897
accuracy_80pct,0.1,84.0,0.84,0.7228583251943514
accuracy_70pct,0.1,79.0,0.79,0.6715297251429703
accuracy_60pct,0.1,75.0,0.75,0.6368429349904176
correlation_70pct,0.1,34.0,0.34,0.5938472425041993
correlation_60pct,0.1,34.0,0.34,0.5464811604101858
accuracy_80pct,0.1,85.0,0.85,0.7693721516309536
accuracy_70pct,0.1,76.0,0.76,0.6075973653592505
accuracy_60pct,0.1,69.0,0.69,0.6159801576378031
correlation_70pct,0.1,37.0,0.37,0.5916204293318837
correlation_60pct,0.1,35.0,0.35,0.4633957500623758
accuracy_80pct,0.1,83.0,0.83,0.7430385168417928
accuracy_70pct,0.1,78.0,0.78,0.6926989990367072
accuracy_60pct,0.1,68.0,0.68,0.6005574462658291
correlation_70pct,0.1,43.0,0.43,0.5835943529914466
correlation_60pct,0.1,40.0,0.4,0.7131322344614719
accuracy_80pct,0.1,85.0,0.85,0.764474419372402
accuracy_70pct,0.1,75.0,0.75,0.6583688108670053
accuracy_60pct,0.1,69.0,0.69,0.6096121404505841
correlation_70pct,0.1,37.0,0.37,0.6010695569373142
correlation_60pct,0.1,37.0,0.37,0.5863716255538571
accuracy_80pct,0.1,83.0,0.83,0.6885423197601149
accuracy_70pct,0.1,77.0,0.77,0.7397433705704066
accuracy_60pct,0.1,65.0,0.65,0.5565751984899282
correlation_70pct,0.1,51.0,0.51,0.6432927824744977
correlation_60pct,0.1,31.0,0.31,0.4587186218647302
accuracy_80pct,0.1,87.0,0.87,0.8181993794854243
accuracy_70pct,0.1,75.0,0.75,0.6993396707630883
accuracy_60pct,0.1,72.0,0.72,0.5644752447361232
correlation_70pct,0.1,41.0,0.41,0.6732126588884613
correlation_60pct,0.1,37.0,0.37,0.5276879023413915
accuracy_80pct,0.1,86.0,0.86,0.7511146297222894
accuracy_70pct,0.1,74.0,0.74,0.5876285614667288
accuracy_60pct,0.1,63.0,0.63,0.44255060695428533
correlation_70pct,0.1,35.0,0.35,0.5820551769004301
correlation_60pct,0.1,36.0,0.36,0.4727361409192458
accuracy_80pct,0.1,86.0,0.86,0.8226453794088193
accuracy_70pct,0.1,83.0,0.83,0.8125872066265111
accuracy_60pct,0.1,72.0,0.72,0.688028657068572
correlation_70pct,0.1,38.0,0.38,0.6401263560190159
correlation_60pct,0.1,35.0,0.35,0.5377907573356194
accuracy_80pct,0.1,83.0,0.83,0.7358471429505318
accuracy_70pct,0.1,78.0,0.78,0.7433062806033386
accuracy_60pct,0.1,69.0,0.69,0.480138938347746
correlation_70pct,0.1,46.0,0.46,0.6405597095718468
correlation_60pct,0.1,39.0,0.39,0.5611266201406935
accuracy_80pct,0.1,84.0,0.84,0.8191613170160724
accuracy_70pct,0.1,80.0,0.8,0.7976589820838189
accuracy_60pct,0.1,65.0,0.65,0.5217670298373874
correlation_70pct,0.1,52.0,0.52,0.7411349876417178
correlation_60pct,0.1,42.0,0.42,0.594268356328467
accuracy_80pct,0.1,82.0,0.82,0.7048795886122918
accuracy_70pct,0.1,75.0,0.75,0.6357682615206787
accuracy_60pct,0.1,70.0,0.7,0.6036339105846694
correlation_70pct,0.1,44.0,0.44,0.649182814694256
correlation_60pct,0.1,42.0,0.42,0.5842749417550261
accuracy_80pct,0.1,83.0,0.83,0.8243501261431109
accuracy_70pct,0.1,79.0,0.79,0.7902672044928069
accuracy_60pct,0.1,74.0,0.74,0.7311467356295795
correlation_70pct,0.1,46.0,0.46,0.5226337675912998
correlation_60pct,0.1,24.0,0.24,0.502921875973147
accuracy_80pct,0.1,86.0,0.86,0.8697613609508642
accuracy_70pct,0.1,78.0,0.78,0.6641860015025608
accuracy_60pct,0.1,67.0,0.67,0.5047233257506901
correlation_70pct,0.1,38.0,0.38,0.55364193704821
correlation_60pct,0.1,41.0,0.41,0.5374748595458906
accuracy_80pct,0.1,90.0,0.9,0.8096187391889532
accuracy_70pct,0.1,78.0,0.78,0.7838115628145514
accuracy_60pct,0.1,63.0,0.63,0.6339073317460484
correlation_70pct,0.1,49.0,0.49,0.6680351940955728
correlation_60pct,0.1,35.0,0.35,0.4851532735489223
accuracy_80pct,0.1,84.0,0.84,0.7356212975855124
accuracy_70pct,0.1,77.0,0.77,0.5528653444012507
accuracy_60pct,0.1,66.0,0.66,0.656384207529765
correlation_70pct,0.1,42.0,0.42,0.686009008803996
correlation_60pct,0.1,33.0,0.33,0.3896518868599365
accuracy_80pct,0.1,86.0,0.86,0.7878301756989683
accuracy_70pct,0.1,74.0,0.74,0.5664826874957297
accuracy_60pct,0.1,75.0,0.75,0.6585883522494127
correlation_70pct,0.1,43.0,0.43,0.673833958816631
correlation_60pct,0.1,42.0,0.42,0.5870942276309902
accuracy_80pct,0.1,83.0,0.83,0.7760565418020993
accuracy_70pct,0.1,80.0,0.8,0.7674027285708314
accuracy_60pct,0.1,67.0,0.67,0.5435862565533842
correlation_70pct,0.1,42.0,0.42,0.6827747255260777
correlation_60pct,0.1,37.0,0.37,0.5530739731919884
accuracy_80pct,0.1,85.0,0.85,0.747410330406625
accuracy_70pct,0.1,73.0,0.73,0.643736179386728
accuracy_60pct,0.1,65.0,0.65,0.5813588041614661
correlation_70pct,0.1,44.0,0.44,0.6154984493287805
correlation_60pct,0.1,48.0,0.48,0.625776136853865
accuracy_80pct,0.1,83.0,0.83,0.8077136313952259
accuracy_70pct,0.1,84.0,0.84,0.7724859425930243
accuracy_60pct,0.1,77.0,0.77,0.6557650251003733
correlation_70pct,0.1,41.0,0.41,0.6577350433062912
correlation_60pct,0.1,42.0,0.42,0.602188710743717
accuracy_80pct,0.1,81.0,0.81,0.8333657572106753
accuracy_70pct,0.1,75.0,0.75,0.6146492481184538
accuracy_60pct,0.1,67.0,0.67,0.5713947927572633
correlation_70pct,0.1,43.0,0.43,0.6412097445373441
correlation_60pct,0.1,33.0,0.33,0.28772904530183957
accuracy_80pct,0.1,85.0,0.85,0.883276762046953
accuracy_70pct,0.1,80.0,0.8,0.7941806755555072
accuracy_60pct,0.1,66.0,0.66,0.6601066081497273
correlation_70pct,0.1,38.0,0.38,0.6523577948688294
correlation_60pct,0.1,36.0,0.36,0.5378399121456334
accuracy_80pct,0.1,84.0,0.84,0.8856220882414962
accuracy_70pct,0.1,78.0,0.78,0.7238950999127785
accuracy_60pct,0.1,69.0,0.69,0.6062097143105858
correlation_70pct,0.1,43.0,0.43,0.7040866769537859
correlation_60pct,0.1,40.0,0.4,0.594880032064748
accuracy_80pct,0.1,85.0,0.85,0.7638478628516961
accuracy_70pct,0.1,78.0,0.78,0.6566907139678689
accuracy_60pct,0.1,72.0,0.72,0.6223680164593749
correlation_70pct,0.1,42.0,0.42,0.6343980465822621
correlation_60pct,0.1,35.0,0.35,0.48769862134843206
accuracy_80pct,0.1,86.0,0.86,0.7935030908168053
accuracy_70pct,0.1,76.0,0.76,0.6379873712606151
accuracy_60pct,0.1,69.0,0.69,0.6343264669163015
correlation_70pct,0.1,51.0,0.51,0.7032505464884
correlation_60pct,0.1,37.0,0.37,0.5523615242092583
accuracy_80pct,0.1,82.0,0.82,0.6831263150779558
accuracy_70pct,0.1,84.0,0.84,0.7731409947886073
accuracy_60pct,0.1,67.0,0.67,0.5410230660844031
correlation_70pct,0.1,53.0,0.53,0.7310221196232252
correlation_60pct,0.1,38.0,0.38,0.4670730612696038
accuracy_80pct,0.1,86.0,0.86,0.8454761042622999
accuracy_70pct,0.1,81.0,0.81,0.7414221785474658
accuracy_60pct,0.1,71.0,0.71,0.623095585138744
correlation_70pct,0.1,37.0,0.37,0.5850269863537988
correlation_60pct,0.1,33.0,0.33,0.4483575707300515
accuracy_80pct,0.1,86.0,0.86,0.7975410784623509
accuracy_70pct,0.1,76.0,0.76,0.7457173439861761
accuracy_60pct,0.1,70.0,0.7,0.6712706009518896
correlation_70pct,0.1,46.0,0.46,0.6874788020370406
correlation_60pct,0.1,46.0,0.46,0.6409795614185038
accuracy_80pct,0.1,85.0,0.85,0.8290060532282628
accuracy_70pct,0.1,76.0,0.76,0.6789395201577236
accuracy_60pct,0.1,71.0,0.71,0.7185864421866175
correlation_70pct,0.1,37.0,0.37,0.6033603402529725
correlation_60pct,0.1,42.0,0.42,0.6202619083180868
accuracy_80pct,0.1,86.0,0.86,0.8763252388674834
accuracy_70pct,0.1,79.0,0.79,0.714727372669936
accuracy_60pct,0.1,69.0,0.69,0.5612746907560213
correlation_70pct,0.1,37.0,0.37,0.6313436375709698
correlation_60pct,0.1,51.0,0.51,0.7305708643148388
accuracy_80pct,0.1,84.0,0.84,0.8550909862591171
accuracy_70pct,0.1,75.0,0.75,0.7051227860474804
accuracy_60pct,0.1,70.0,0.7,0.5773782772686327
correlation_70pct,0.1,42.0,0.42,0.6718752562152973
correlation_60pct,0.1,28.0,0.28,0.4416534466324263
accuracy_80pct,0.1,86.0,0.86,0.8602289766186061
accuracy_70pct,0.1,74.0,0.74,0.7314731564159098
accuracy_60pct,0.1,68.0,0.68,0.5773983388832757
correlation_70pct,0.1,37.0,0.37,0.6293958899139148
correlation_60pct,0.1,37.0,0.37,0.6642516824418588
accuracy_80pct,0.1,87.0,0.87,0.8502785486662774
accuracy_70pct,0.1,79.0,0.79,0.7322344010838793
accuracy_60pct,0.1,77.0,0.77,0.6300313806817669
correlation_70pct,0.1,48.0,0.48,0.6455775185986237
correlation_60pct,0.1,29.0,0.29,0.47978923027781306
accuracy_80pct,0.1,85.0,0.85,0.75341622169359
accuracy_70pct,0.1,76.0,0.76,0.6612712734872138
accuracy_60pct,0.1,73.0,0.73,0.6433656089560547
correlation_70pct,0.1,41.0,0.41,0.557712772012034
correlation_60pct,0.1,40.0,0.4,0.49735816004682576
accuracy_80pct,0.1,84.0,0.84,0.8263343571131841
accuracy_70pct,0.1,77.0,0.77,0.767933593713613
accuracy_60pct,0.1,67.0,0.67,0.7150058038390581
correlation_70pct,0.1,42.0,0.42,0.5884926192452218
correlation_60pct,0.1,41.0,0.41,0.6144331622496064
accuracy_80pct,0.1,86.0,0.86,0.862036475216243
accuracy_70pct,0.1,80.0,0.8,0.7646113846293269
accuracy_60pct,0.1,70.0,0.7,0.6815275273179531
correlation_70pct,0.1,43.0,0.43,0.6325033040512383
correlation_60pct,0.1,39.0,0.39,0.5470881582222754
accuracy_80pct,0.1,85.0,0.85,0.8311205472777428
accuracy_70pct,0.1,78.0,0.78,0.6971619811639438
accuracy_60pct,0.1,67.0,0.67,0.5942941385068831
correlation_70pct,0.1,40.0,0.4,0.6751353252185389
correlation_60pct,0.1,39.0,0.39,0.6013626825262424
accuracy_80pct,0.1,86.0,0.86,0.8274772432368724
accuracy_70pct,0.1,84.0,0.84,0.9105697913112413
accuracy_60pct,0.1,67.0,0.67,0.6258397916083537
correlation_70pct,0.1,40.0,0.4,0.6393247043272068
correlation_60pct,0.1,43.0,0.43,0.6739194718350576
accuracy_80pct,0.1,84.0,0.84,0.7881145433917635
accuracy_70pct,0.1,78.0,0.78,0.7456170616907528
accuracy_60pct,0.1,65.0,0.65,0.5045672545818437
correlation_70pct,0.1,50.0,0.5,0.6591831674700793
correlation_60pct,0.1,36.0,0.36,0.5870803499381948
accuracy_80pct,0.1,82.0,0.82,0.6963414024142935
accuracy_70pct,0.1,78.0,0.78,0.7104484442411058
accuracy_60pct,0.1,68.0,0.68,0.6284301597554344
correlation_70pct,0.1,52.0,0.52,0.6823802698350612
correlation_60pct,0.1,41.0,0.41,0.6093633218691794
accuracy_80pct,0.1,86.0,0.86,0.8907047170593022
accuracy_70pct,0.1,79.0,0.79,0.7449615695825864
accuracy_60pct,0.1,72.0,0.72,0.6233776318787899
correlation_70pct,0.1,41.0,0.41,0.674646870997079
correlation_60pct,0.1,42.0,0.42,0.5496660901923898
accuracy_80pct,0.1,84.0,0.84,0.8314621226787072
accuracy_70pct,0.1,77.0,0.77,0.5917143597405169
accuracy_60pct,0.1,69.0,0.69,0.6160429466842257
correlation_70pct,0.1,39.0,0.39,0.6540601932223878
correlation_60pct,0.1,45.0,0.45,0.5409832622314993
accuracy_80pct,0.1,83.0,0.83,0.7827755344615424
accuracy_70pct,0.1,77.0,0.77,0.741964933839703
accuracy_60pct,0.1,70.0,0.7,0.6616821536809325
correlation_70pct,0.1,34.0,0.34,0.5910042838641528
correlation_60pct,0.1,38.0,0.38,0.5609067763874669
accuracy_80pct,0.1,86.0,0.86,0.8434430570903211
accuracy_70pct,0.1,76.0,0.76,0.645009468119687
accuracy_60pct,0.1,64.0,0.64,0.5430510447458237
correlation_70pct,0.1,41.0,0.41,0.6384590982270486
correlation_60pct,0.1,27.0,0.27,0.40524816763666516
accuracy_80pct,0.1,86.0,0.86,0.9057107737423608
accuracy_70pct,0.1,75.0,0.75,0.6951990946222634
accuracy_60pct,0.1,69.0,0.69,0.6514536789396999
correlation_70pct,0.1,47.0,0.47,0.6796566966003643
correlation_60pct,0.1,40.0,0.4,0.4477298980500106
accuracy_80pct,0.1,82.0,0.82,0.7128735425672648
accuracy_70pct,0.1,79.0,0.79,0.6672713607886471
accuracy_60pct,0.1,71.0,0.71,0.6648035240624468
correlation_70pct,0.1,41.0,0.41,0.5975268386042397
correlation_60pct,0.1,31.0,0.31,0.46264526049569843
accuracy_80pct,0.1,88.0,0.88,0.855403381898919
accuracy_70pct,0.1,78.0,0.78,0.7090507659857442
accuracy_60pct,0.1,70.0,0.7,0.5585050800073557
correlation_70pct,0.1,38.0,0.38,0.6509986306314587
correlation_60pct,0.1,37.0,0.37,0.5735272025610713
accuracy_80pct,0.1,86.0,0.86,0.8388294489863489
accuracy_70pct,0.1,80.0,0.8,0.6719108617625769
accuracy_60pct,0.1,70.0,0.7,0.5510494346410646
correlation_70pct,0.1,45.0,0.45,0.7384145114888271
correlation_60pct,0.1,38.0,0.38,0.5668302436996553
accuracy_80pct,0.1,87.0,0.87,0.8547552942131685
accuracy_70pct,0.1,75.0,0.75,0.5668329931089704
accuracy_60pct,0.1,72.0,0.72,0.6489063418787704
correlation_70pct,0.1,38.0,0.38,0.6306681213593389
correlation_60pct,0.1,33.0,0.33,0.4798985327279011
accuracy_80pct,0.1,87.0,0.87,0.8730393266577898
accuracy_70pct,0.1,81.0,0.81,0.8078252889855735
accuracy_60pct,0.1,69.0,0.69,0.6409540993296228
correlation_70pct,0.1,41.0,0.41,0.6644229953148814
correlation_60pct,0.1,34.0,0.34,0.5273689782954815
accuracy_80pct,0.1,87.0,0.87,0.7755111957943049
accuracy_70pct,0.1,78.0,0.78,0.6513709180004795
accuracy_60pct,0.1,75.0,0.75,0.6140474616314473
correlation_70pct,0.1,48.0,0.48,0.6606133394748818
correlation_60pct,0.1,31.0,0.31,0.44585604546920793
accuracy_80pct,0.1,84.0,0.84,0.7369357177246647
accuracy_70pct,0.1,77.0,0.77,0.7366111686409389
accuracy_60pct,0.1,68.0,0.68,0.5746829743818399
correlation_70pct,0.1,33.0,0.33,0.6103652362689636
correlation_60pct,0.1,46.0,0.46,0.6633730125485365
accuracy_80pct,0.1,88.0,0.88,0.7821735848022202
accuracy_70pct,0.1,81.0,0.81,0.7765873441075257
accuracy_60pct,0.1,71.0,0.71,0.5003457891538974
correlation_70pct,0.1,42.0,0.42,0.6590940014012414
correlation_60pct,0.1,41.0,0.41,0.5662751049506605
accuracy_80pct,0.1,81.0,0.81,0.769752333564095
accuracy_70pct,0.1,73.0,0.73,0.6510158566713423
accuracy_60pct,0.1,69.0,0.69,0.661401033378767
correlation_70pct,0.1,41.0,0.41,0.6448295610800371
correlation_60pct,0.1,27.0,0.27,0.4403323405413175
accuracy_80pct,0.1,87.0,0.87,0.8277472889239635
accuracy_70pct,0.1,80.0,0.8,0.6341829145866654
accuracy_60pct,0.1,72.0,0.72,0.6658964267180174
correlation_70pct,0.1,41.0,0.41,0.6360304044389652
correlation_60pct,0.1,45.0,0.45,0.6563566565274012
accuracy_80pct,0.1,88.0,0.88,0.8113527691953656
accuracy_70pct,0.1,74.0,0.74,0.6589956462144688
accuracy_60pct,0.1,68.0,0.68,0.6944848723239733
correlation_70pct,0.1,35.0,0.35,0.5763606835741352
correlation_60pct,0.1,42.0,0.42,0.6040675298183987
accuracy_80pct,0.1,87.0,0.87,0.7802529339853711
accuracy_70pct,0.1,75.0,0.75,0.6760392814369438
accuracy_60pct,0.1,69.0,0.69,0.4513329496366167
correlation_70pct,0.1,47.0,0.47,0.6280208524114234
correlation_60pct,0.1,33.0,0.33,0.541738590202576
accuracy_80pct,0.1,89.0,0.89,0.875322391134245
accuracy_70pct,0.1,74.0,0.74,0.5130124113046808
accuracy_60pct,0.1,67.0,0.67,0.4848148739783797
correlation_70pct,0.1,51.0,0.51,0.6513964817282664
correlation_60pct,0.1,34.0,0.34,0.590314982701835
accuracy_80pct,0.1,83.0,0.83,0.7366570058812713
accuracy_70pct,0.1,74.0,0.74,0.5981847386686506
accuracy_60pct,0.1,70.0,0.7,0.6174301394766338
correlation_70pct,0.1,45.0,0.45,0.7441009329954552
correlation_60pct,0.1,34.0,0.34,0.5673696027288118
accuracy_80pct,0.1,85.0,0.85,0.7190555188935182
accuracy_70pct,0.1,75.0,0.75,0.6021692481534163
accuracy_60pct,0.1,68.0,0.68,0.5463947891344945
correlation_70pct,0.1,45.0,0.45,0.59110311534406
correlation_60pct,0.1,26.0,0.26,0.6015718096368836
accuracy_80pct,0.1,86.0,0.86,0.7878695184893245
accuracy_70pct,0.1,80.0,0.8,0.817126922091566
accuracy_60pct,0.1,68.0,0.68,0.4842570324294406
correlation_70pct,0.1,38.0,0.38,0.715180296938005
correlation_60pct,0.1,32.0,0.32,0.4209268046925537
accuracy_80pct,0.1,85.0,0.85,0.8330951963812797
accuracy_70pct,0.1,75.0,0.75,0.6647444302032316
accuracy_60pct,0.1,67.0,0.67,0.35088784246574045
correlation_70pct,0.1,41.0,0.41,0.5966948561832842
correlation_60pct,0.1,37.0,0.37,0.44342927735039395
accuracy_80pct,0.1,85.0,0.85,0.7892762751426433
accuracy_70pct,0.1,77.0,0.77,0.6994627270922229
accuracy_60pct,0.1,69.0,0.69,0.47287096004287044
correlation_70pct,0.1,50.0,0.5,0.6490070344032418
correlation_60pct,0.1,44.0,0.44,0.5824911449319948
accuracy_80pct,0.1,83.0,0.83,0.6047658748896335
accuracy_70pct,0.1,78.0,0.78,0.7416217906514749
accuracy_60pct,0.1,70.0,0.7,0.5542131117823853
correlation_70pct,0.1,43.0,0.43,0.7306751178774278
correlation_60pct,0.1,41.0,0.41,0.5562581338975081
accuracy_80pct,0.1,86.0,0.86,0.8635880946385228
accuracy_70pct,0.1,76.0,0.76,0.7953390505427191
accuracy_60pct,0.1,67.0,0.67,0.4722945735554693
correlation_70pct,0.1,50.0,0.5,0.7706293292004861
correlation_60pct,0.1,34.0,0.34,0.4774203479084705
accuracy_80pct,0.1,81.0,0.81,0.7436407379602118
accuracy_70pct,0.1,81.0,0.81,0.674461478845889
accuracy_60pct,0.1,65.0,0.65,0.5002096279781945
correlation_70pct,0.1,40.0,0.4,0.6330803513654129
correlation_60pct,0.1,32.0,0.32,0.4917012240889304
accuracy_80pct,0.1,84.0,0.84,0.7730381445921378
accuracy_70pct,0.1,75.0,0.75,0.60449455268915
accuracy_60pct,0.1,70.0,0.7,0.6474759161500311
correlation_70pct,0.1,36.0,0.36,0.5989710715818571
correlation_60pct,0.1,30.0,0.3,0.4779716031842785
accuracy_80pct,0.1,86.0,0.86,0.8135661039481599
accuracy_70pct,0.1,71.0,0.71,0.612505726774713
accuracy_60pct,0.1,68.0,0.68,0.5090774064619743
correlation_70pct,0.1,38.0,0.38,0.6272565061899755
correlation_60pct,0.1,44.0,0.44,0.578609262780172
accuracy_80pct,0.1,85.0,0.85,0.7514555450782191
accuracy_70pct,0.1,75.0,0.75,0.7726060249565728
accuracy_60pct,0.1,74.0,0.74,0.6757489009400817
correlation_70pct,0.1,43.0,0.43,0.6757150672861193
correlation_60pct,0.1,38.0,0.38,0.568579232949511
accuracy_80pct,0.1,88.0,0.88,0.8607263804549421
accuracy_70pct,0.1,74.0,0.74,0.7051189815343634
accuracy_60pct,0.1,71.0,0.71,0.5851176374242252
correlation_70pct,0.1,42.0,0.42,0.4950729145783442
correlation_60pct,0.1,36.0,0.36,0.6566099629585948
accuracy_80pct,0.1,87.0,0.87,0.7929387212394016
accuracy_70pct,0.1,81.0,0.81,0.7887346699174457
accuracy_60pct,0.1,75.0,0.75,0.7388823043397369
correlation_70pct,0.1,42.0,0.42,0.6968523369874978
correlation_60pct,0.1,38.0,0.38,0.40813755181981926
accuracy_80pct,0.1,86.0,0.86,0.8888367489173178
accuracy_70pct,0.1,76.0,0.76,0.7997709996426936
accuracy_60pct,0.1,69.0,0.69,0.5901413872107865
correlation_70pct,0.1,42.0,0.42,0.5575841261219637
correlation_60pct,0.1,30.0,0.3,0.5184854091251947
accuracy_80pct,0.1,83.0,0.83,0.795514946073716
accuracy_70pct,0.1,76.0,0.76,0.6498671583703689
accuracy_60pct,0.1,72.0,0.72,0.7077714856749152
correlation_70pct,0.1,39.0,0.39,0.5820880589609806
correlation_60pct,0.1,34.0,0.34,0.42795037460735813
accuracy_80pct,0.1,84.0,0.84,0.7648155611180085
accuracy_70pct,0.1,76.0,0.76,0.6231473648508297
accuracy_60pct,0.1,67.0,0.67,0.5337128915797031
correlation_70pct,0.1,37.0,0.37,0.6070192239775565
correlation_60pct,0.1,39.0,0.39,0.5422709771290651
accuracy_80pct,0.1,86.0,0.86,0.7732442992058441
accuracy_70pct,0.1,77.0,0.77,0.651823082336216
accuracy_60pct,0.1,70.0,0.7,0.5750937749378254
correlation_70pct,0.1,42.0,0.42,0.632167795520303
correlation_60pct,0.1,44.0,0.44,0.545435304272462
accuracy_80pct,0.1,83.0,0.83,0.7869732992159956
accuracy_70pct,0.1,81.0,0.81,0.7478607608292339
accuracy_60pct,0.1,69.0,0.69,0.5466421953553376
correlation_70pct,0.1,40.0,0.4,0.6375158956893189
correlation_60pct,0.1,35.0,0.35,0.4927908635631288
accuracy_80pct,0.1,88.0,0.88,0.7456256392435002
accuracy_70pct,0.1,74.0,0.74,0.5690720373391506
accuracy_60pct,0.1,69.0,0.69,0.5339864463981444
correlation_70pct,0.1,37.0,0.37,0.5387070704419593
correlation_60pct,0.1,28.0,0.28,0.42542666190999845
accuracy_80pct,0.1,84.0,0.84,0.8126270620564064
accuracy_70pct,0.1,78.0,0.78,0.7559147426546995
accuracy_60pct,0.1,70.0,0.7,0.5995131683685759
correlation_70pct,0.1,38.0,0.38,0.7016062169460754
correlation_60pct,0.1,31.0,0.31,0.4553916141533438
accuracy_80pct,0.1,89.0,0.89,0.8287587596866356
accuracy_70pct,0.1,79.0,0.79,0.7660966840639604
accuracy_60pct,0.1,74.0,0.74,0.7355427175560456
correlation_70pct,0.1,34.0,0.34,0.5663057181808642
correlation_60pct,0.1,38.0,0.38,0.4881007789780202
accuracy_80pct,0.1,85.0,0.85,0.8603244071410704
accuracy_70pct,0.1,82.0,0.82,0.7522102953566656
accuracy_60pct,0.1,66.0,0.66,0.3863279332971629
correlation_70pct,0.1,38.0,0.38,0.5494088043601328
correlation_60pct,0.1,47.0,0.47,0.5618141869480678
accuracy_80pct,0.1,83.0,0.83,0.7674350677387514
accuracy_70pct,0.1,76.0,0.76,0.6416756776690695
accuracy_60pct,0.1,68.0,0.68,0.5565500143682005
correlation_70pct,0.1,48.0,0.48,0.6566922074694483
correlation_60pct,0.1,28.0,0.28,0.3283137995813242
accuracy_80pct,0.1,81.0,0.81,0.7063297299843672
accuracy_70pct,0.1,74.0,0.74,0.7394823372675561
accuracy_60pct,0.1,73.0,0.73,0.6929406618161237
correlation_70pct,0.1,38.0,0.38,0.639764766661286
correlation_60pct,0.1,40.0,0.4,0.4936697772103034
accuracy_80pct,0.1,86.0,0.86,0.7924031557259557
accuracy_70pct,0.1,77.0,0.77,0.6651192522578753
accuracy_60pct,0.1,71.0,0.71,0.607062612599287
correlation_70pct,0.1,44.0,0.44,0.6688025680605749
correlation_60pct,0.1,40.0,0.4,0.47997733731904757
accuracy_80pct,0.1,84.0,0.84,0.8600320229445574
accuracy_70pct,0.1,76.0,0.76,0.6329412802870442
accuracy_60pct,0.1,67.0,0.67,0.606986370139593
correlation_70pct,0.1,47.0,0.47,0.6498963798862145
correlation_60pct,0.1,30.0,0.3,0.6143282038515336
accuracy_80pct,0.1,87.0,0.87,0.835249902377366
accuracy_70pct,0.1,75.0,0.75,0.7590157813990497
accuracy_60pct,0.1,66.0,0.66,0.4440763566842631
correlation_70pct,0.1,40.0,0.4,0.6309759513337871
correlation_60pct,0.1,39.0,0.39,0.4256760074888619
accuracy_80pct,0.1,84.0,0.84,0.7098290935967461
accuracy_70pct,0.1,75.0,0.75,0.6686597646365692
accuracy_60pct,0.1,72.0,0.72,0.6400164359057352
correlation_70pct,0.1,41.0,0.41,0.5163778978620888
correlation_60pct,0.1,38.0,0.38,0.6099645286007114
accuracy_80pct,0.1,82.0,0.82,0.7225929373886507
accuracy_70pct,0.1,76.0,0.76,0.6662654149084627
accuracy_60pct,0.1,74.0,0.74,0.6224761835342245
correlation_70pct,0.1,46.0,0.46,0.6746811758227986
correlation_60pct,0.1,35.0,0.35,0.514653718522642
accuracy_80pct,0.1,81.0,0.81,0.7518441844277424
accuracy_70pct,0.1,81.0,0.81,0.7421696007994437
accuracy_60pct,0.1,70.0,0.7,0.6143199243615413
correlation_70pct,0.1,43.0,0.43,0.6360628765464076
correlation_60pct,0.1,41.0,0.41,0.595068665107151
accuracy_80pct,0.1,83.0,0.83,0.8010519071285412
accuracy_70pct,0.1,79.0,0.79,0.7693904380639017
accuracy_60pct,0.1,74.0,0.74,0.5554065231509288
correlation_70pct,0.1,40.0,0.4,0.57268913652146
correlation_60pct,0.1,38.0,0.38,0.5925483044196641
accuracy_80pct,0.1,87.0,0.87,0.8334086679907159
accuracy_70pct,0.1,78.0,0.78,0.7027566968209119
accuracy_60pct,0.1,64.0,0.64,0.3822357193381241
correlation_70pct,0.1,47.0,0.47,0.7088459802125707
correlation_60pct,0.1,41.0,0.41,0.5861759912375398
accuracy_80pct,0.1,88.0,0.88,0.8618294247775392
accuracy_70pct,0.1,77.0,0.77,0.6942968033107669
accuracy_60pct,0.1,69.0,0.69,0.6330517595785968
correlation_70pct,0.1,45.0,0.45,0.6636084912880572
correlation_60pct,0.1,34.0,0.34,0.5782545314822903
accuracy_80pct,0.1,85.0,0.85,0.7911270498032503
accuracy_70pct,0.1,79.0,0.79,0.6328366017719246
accuracy_60pct,0.1,66.0,0.66,0.4908540887692358
correlation_70pct,0.1,33.0,0.33,0.5970923906261331
correlation_60pct,0.1,36.0,0.36,0.6213870301810474
accuracy_80pct,0.1,84.0,0.84,0.8130676665782891
accuracy_70pct,0.1,76.0,0.76,0.6829807531078825
accuracy_60pct,0.1,69.0,0.69,0.5313968590766824
correlation_70pct,0.1,45.0,0.45,0.7183057107985305
correlation_60pct,0.1,41.0,0.41,0.5287974236700438
accuracy_80pct,0.1,80.0,0.8,0.8130131675941187
accuracy_70pct,0.1,75.0,0.75,0.6171808285579106
accuracy_60pct,0.1,72.0,0.72,0.6324062901854249
correlation_70pct,0.1,41.0,0.41,0.548440970557954
correlation_60pct,0.1,39.0,0.39,0.5286795512299959
accuracy_80pct,0.1,84.0,0.84,0.7329629179407882
accuracy_70pct,0.1,81.0,0.81,0.8141007847866878
accuracy_60pct,0.1,68.0,0.68,0.4691561993188655
correlation_70pct,0.1,43.0,0.43,0.6498606395461992
correlation_60pct,0.1,39.0,0.39,0.633068384042735
accuracy_80pct,0.1,84.0,0.84,0.7793097908872273
accuracy_70pct,0.1,73.0,0.73,0.7167712415300798
accuracy_60pct,0.1,70.0,0.7,0.5810921420234668
correlation_70pct,0.1,35.0,0.35,0.6567753928540766
correlation_60pct,0.1,41.0,0.41,0.594545419032848
accuracy_80pct,0.1,87.0,0.87,0.8448044123473725
accuracy_70pct,0.1,75.0,0.75,0.7891101377709023
accuracy_60pct,0.1,67.0,0.67,0.5749501527646002
correlation_70pct,0.1,37.0,0.37,0.5155404233365058
correlation_60pct,0.1,48.0,0.48,0.5061708801162993
accuracy_80pct,0.1,86.0,0.86,0.8634675013836218
accuracy_70pct,0.1,77.0,0.77,0.5998749932193403
accuracy_60pct,0.1,69.0,0.69,0.5166180428264979
correlation_70pct,0.1,41.0,0.41,0.6989021009848679
correlation_60pct,0.1,41.0,0.41,0.5737015633106642
accuracy_80pct,0.1,88.0,0.88,0.8787793602239647
accuracy_70pct,0.1,78.0,0.78,0.711862848136662
accuracy_60pct,0.1,75.0,0.75,0.5333453199381308
correlation_70pct,0.1,33.0,0.33,0.5711949703233403
correlation_60pct,0.1,34.0,0.34,0.5140565564782051
accuracy_80pct,0.1,84.0,0.84,0.7468324956843128
accuracy_70pct,0.1,77.0,0.77,0.6953956484420577
accuracy_60pct,0.1,71.0,0.71,0.6814053203415154
correlation_70pct,0.1,44.0,0.44,0.6077050316750519
correlation_60pct,0.1,39.0,0.39,0.5738431623506336
accuracy_80pct,0.1,86.0,0.86,0.7498631833384569
accuracy_70pct,0.1,78.0,0.78,0.7380432570088876
accuracy_60pct,0.1,70.0,0.7,0.6986115720034652
correlation_70pct,0.1,38.0,0.38,0.5427246741043075
correlation_60pct,0.1,39.0,0.39,0.5439067227051941
accuracy_80pct,0.1,83.0,0.83,0.8230545286130561
accuracy_70pct,0.1,77.0,0.77,0.8044746751538875
accuracy_60pct,0.1,67.0,0.67,0.6517549737238215
correlation_70pct,0.1,46.0,0.46,0.7114347335340779
correlation_60pct,0.1,44.0,0.44,0.56370472664635
accuracy_80pct,0.1,85.0,0.85,0.8161242542846402
accuracy_70pct,0.1,81.0,0.81,0.7480505909480522
accuracy_60pct,0.1,69.0,0.69,0.6357372516638782
correlation_70pct,0.1,47.0,0.47,0.6951853901917221
correlation_60pct,0.1,46.0,0.46,0.5864507496509628
accuracy_80pct,0.1,88.0,0.88,0.8588307556187456
accuracy_70pct,0.1,80.0,0.8,0.6951006914291136
accuracy_60pct,0.1,68.0,0.68,0.7044658471608115
correlation_70pct,0.1,46.0,0.46,0.5490980542822168
correlation_60pct,0.1,39.0,0.39,0.5532873447261786
accuracy_80pct,0.1,83.0,0.83,0.8518712464531674
accuracy_70pct,0.1,75.0,0.75,0.7892223992374703
accuracy_60pct,0.1,70.0,0.7,0.560845773097834
correlation_70pct,0.1,38.0,0.38,0.6485544181193309
correlation_60pct,0.1,41.0,0.41,0.5690960603018663
accuracy_80pct,0.1,84.0,0.84,0.8413375200961252
accuracy_70pct,0.1,76.0,0.76,0.6169361760744745
accuracy_60pct,0.1,73.0,0.73,0.6353567173670094
correlation_70pct,0.1,44.0,0.44,0.60323608112578
correlation_60pct,0.1,41.0,0.41,0.5271858962582101
accuracy_80pct,0.1,87.0,0.87,0.8237314620118483
accuracy_70pct,0.1,75.0,0.75,0.6339728672817937
accuracy_60pct,0.1,64.0,0.64,0.5512839639858952
correlation_70pct,0.1,35.0,0.35,0.6196757465687234
correlation_60pct,0.1,40.0,0.4,0.4680795248305918
accuracy_80pct,0.1,85.0,0.85,0.8621284624914668
accuracy_70pct,0.1,76.0,0.76,0.663541005548339
accuracy_60pct,0.1,72.0,0.72,0.563291487463279
correlation_70pct,0.1,37.0,0.37,0.6907039131761509
correlation_60pct,0.1,36.0,0.36,0.6243224540368758
accuracy_80pct,0.1,84.0,0.84,0.7947687433148095
accuracy_70pct,0.1,76.0,0.76,0.6453832392630523
accuracy_60pct,0.1,70.0,0.7,0.49605351866133984
correlation_70pct,0.1,38.0,0.38,0.5916578823866302
correlation_60pct,0.1,33.0,0.33,0.5629119331412603
accuracy_80pct,0.1,84.0,0.84,0.7436706154420629
accuracy_70pct,0.1,70.0,0.7,0.7128101835498264
accuracy_60pct,0.1,68.0,0.68,0.49226075143941056
correlation_70pct,0.1,38.0,0.38,0.5884110948032305
correlation_60pct,0.1,41.0,0.41,0.6117012949468142
accuracy_80pct,0.1,83.0,0.83,0.882757998903843
accuracy_70pct,0.1,80.0,0.8,0.7538745429325737
accuracy_60pct,0.1,70.0,0.7,0.6156003513980426
correlation_70pct,0.1,35.0,0.35,0.6119796229142089
correlation_60pct,0.1,33.0,0.33,0.5649409100609514
accuracy_80pct,0.1,85.0,0.85,0.8419414247340979
accuracy_70pct,0.1,77.0,0.77,0.7564924350608405
accuracy_60pct,0.1,70.0,0.7,0.604003257069102
correlation_70pct,0.1,44.0,0.44,0.6717582590984105
correlation_60pct,0.1,36.0,0.36,0.4266181895055742
accuracy_80pct,0.1,86.0,0.86,0.8223780092728481
accuracy_70pct,0.1,72.0,0.72,0.6646730636677957
accuracy_60pct,0.1,71.0,0.71,0.5386685391413004
correlation_70pct,0.1,47.0,0.47,0.6394641662775659
correlation_60pct,0.1,40.0,0.4,0.4440203944723092
accuracy_80pct,0.1,83.0,0.83,0.7501141085624211
accuracy_70pct,0.1,77.0,0.77,0.6487692426911387
accuracy_60pct,0.1,71.0,0.71,0.6399789721536773
correlation_70pct,0.1,37.0,0.37,0.5573223311979136
correlation_60pct,0.1,37.0,0.37,0.6341320552324672
accuracy_80pct,0.1,83.0,0.83,0.7437269718580021
accuracy_70pct,0.1,78.0,0.78,0.6792895973854864
accuracy_60pct,0.1,72.0,0.72,0.732463415363144
correlation_70pct,0.1,49.0,0.49,0.6578907583563626
correlation_60pct,0.1,35.0,0.35,0.5383566485709904
accuracy_80pct,0.1,92.0,0.92,0.9185243050612023
accuracy_70pct,0.1,77.0,0.77,0.6932396207296573
accuracy_60pct,0.1,73.0,0.73,0.6468465823592341
correlation_70pct,0.1,45.0,0.45,0.6121904025320449
correlation_60pct,0.1,46.0,0.46,0.5803467106200038
accuracy_80pct,0.1,85.0,0.85,0.8397073745016239
accuracy_70pct,0.1,77.0,0.77,0.7040026136494741
accuracy_60pct,0.1,65.0,0.65,0.5078271986994737
correlation_70pct,0.1,43.0,0.43,0.734277299050813
correlation_60pct,0.1,37.0,0.37,0.4682826039356258
accuracy_80pct,0.1,86.0,0.86,0.8152621835781704
accuracy_70pct,0.1,79.0,0.79,0.6439244654236003
accuracy_60pct,0.1,70.0,0.7,0.6477556034230977
correlation_70pct,0.1,42.0,0.42,0.5450821821632148
correlation_60pct,0.1,40.0,0.4,0.5842147434887013
accuracy_80pct,0.1,86.0,0.86,0.7600111086824597
accuracy_70pct,0.1,80.0,0.8,0.7030953093920631
accuracy_60pct,0.1,68.0,0.68,0.5982328625413652
correlation_70pct,0.1,45.0,0.45,0.6432509064680314
correlation_60pct,0.1,31.0,0.31,0.4981793032958678
accuracy_80pct,0.1,84.0,0.84,0.8032857556655827
accuracy_70pct,0.1,78.0,0.78,0.7328008744449862
accuracy_60pct,0.1,67.0,0.67,0.6150624471472649
correlation_70pct,0.1,40.0,0.4,0.6786705714511498
correlation_60pct,0.1,40.0,0.4,0.590639524253902
accuracy_80pct,0.1,83.0,0.83,0.8214953740895223
accuracy_70pct,0.1,75.0,0.75,0.6467456069523712
accuracy_60pct,0.1,71.0,0.71,0.5681105569768174
correlation_70pct,0.1,44.0,0.44,0.5891803249298103
correlation_60pct,0.1,34.0,0.34,0.4159054152435529
accuracy_80pct,0.1,84.0,0.84,0.782049228801985
accuracy_70pct,0.1,80.0,0.8,0.7153247979567925
accuracy_60pct,0.1,69.0,0.69,0.5975791403942629
correlation_70pct,0.1,36.0,0.36,0.5956684789064649
correlation_60pct,0.1,37.0,0.37,0.5857029435587978
accuracy_80pct,0.1,87.0,0.87,0.8775970878089668
accuracy_70pct,0.1,80.0,0.8,0.7400856965154662
accuracy_60pct,0.1,71.0,0.71,0.6840866509347376
correlation_70pct,0.1,43.0,0.43,0.6547866095520788
correlation_60pct,0.1,39.0,0.39,0.5295021224565916
accuracy_80pct,0.1,88.0,0.88,0.7602530681047776
accuracy_70pct,0.1,76.0,0.76,0.6745595808908872
accuracy_60pct,0.1,69.0,0.69,0.483689231317963
correlation_70pct,0.1,39.0,0.39,0.7301423650093118
correlation_60pct,0.1,37.0,0.37,0.4680355356370629
accuracy_80pct,0.1,86.0,0.86,0.8210920009645948
accuracy_70pct,0.1,82.0,0.82,0.7117033968214506
accuracy_60pct,0.1,65.0,0.65,0.5850967829826217
correlation_70pct,0.1,35.0,0.35,0.6343473680899687
correlation_60pct,0.1,31.0,0.31,0.4967096992410182
accuracy_80pct,0.1,84.0,0.84,0.8705128016550829
accuracy_70pct,0.1,78.0,0.78,0.7325841849438977
accuracy_60pct,0.1,68.0,0.68,0.6580277248985776
correlation_70pct,0.1,40.0,0.4,0.6229190433443399
correlation_60pct,0.1,41.0,0.41,0.5582209647775233
accuracy_80pct,0.1,84.0,0.84,0.8139789910221435
accuracy_70pct,0.1,76.0,0.76,0.6556086232330999
accuracy_60pct,0.1,72.0,0.72,0.5062210021500394
correlation_70pct,0.1,40.0,0.4,0.5757818260085164
correlation_60pct,0.1,46.0,0.46,0.5768767903365571
accuracy_80pct,0.1,82.0,0.82,0.7422968035798806
accuracy_70pct,0.1,75.0,0.75,0.6752077307054146
accuracy_60pct,0.1,71.0,0.71,0.6654219637342309
correlation_70pct,0.1,37.0,0.37,0.6688260460026002
correlation_60pct,0.1,41.0,0.41,0.6044885556012272
accuracy_80pct,0.1,82.0,0.82,0.7870698552834312
accuracy_70pct,0.1,75.0,0.75,0.6119967408544229
accuracy_60pct,0.1,69.0,0.69,0.6700745005842671
correlation_70pct,0.1,45.0,0.45,0.6998503249283098
correlation_60pct,0.1,39.0,0.39,0.572908454746168
accuracy_80pct,0.1,89.0,0.89,0.7991075986345819
accuracy_70pct,0.1,75.0,0.75,0.6651598260025661
accuracy_60pct,0.1,69.0,0.69,0.6891870511201408
correlation_70pct,0.1,40.0,0.4,0.6892443690953595
correlation_60pct,0.1,34.0,0.34,0.5125059188706254
accuracy_80pct,0.1,85.0,0.85,0.8006650712671779
accuracy_70pct,0.1,87.0,0.87,0.9058673610442484
accuracy_60pct,0.1,72.0,0.72,0.6220212009956051
correlation_70pct,0.1,43.0,0.43,0.5302279683868503
correlation_60pct,0.1,52.0,0.52,0.594836883853022
accuracy_80pct,0.1,82.0,0.82,0.7745925389957125
accuracy_70pct,0.1,82.0,0.82,0.7396844701134564
accuracy_60pct,0.1,69.0,0.69,0.655863825232228
correlation_70pct,0.1,48.0,0.48,0.6832069996554542
correlation_60pct,0.1,37.0,0.37,0.48394157081727773
accuracy_80pct,0.1,84.0,0.84,0.8550719851150542
accuracy_70pct,0.1,79.0,0.79,0.7238682569850156
accuracy_60pct,0.1,69.0,0.69,0.6339844604759293
correlation_70pct,0.1,35.0,0.35,0.5626976070281962
correlation_60pct,0.1,39.0,0.39,0.6290410856336961
accuracy_80pct,0.1,85.0,0.85,0.7980793946186437
accuracy_70pct,0.1,74.0,0.74,0.7640440153023809
accuracy_60pct,0.1,72.0,0.72,0.7120041172369094
correlation_70pct,0.1,42.0,0.42,0.6385256874081346
correlation_60pct,0.1,35.0,0.35,0.5385579930661304
accuracy_80pct,0.1,85.0,0.85,0.8022155903930059
accuracy_70pct,0.1,79.0,0.79,0.7103836264051341
accuracy_60pct,0.1,69.0,0.69,0.6882026359248545
correlation_70pct,0.1,43.0,0.43,0.5823023695906243
correlation_60pct,0.1,38.0,0.38,0.5129298386607248
accuracy_80pct,0.1,86.0,0.86,0.8691735579898437
accuracy_70pct,0.1,77.0,0.77,0.7765635394436019
accuracy_60pct,0.1,66.0,0.66,0.6326864244936654
correlation_70pct,0.1,41.0,0.41,0.6615408414470201
correlation_60pct,0.1,36.0,0.36,0.5777374954789463
accuracy_80pct,0.1,86.0,0.86,0.6999296172125379
accuracy_70pct,0.1,78.0,0.78,0.7738058587184273
accuracy_60pct,0.1,69.0,0.69,0.5872477687737231
correlation_70pct,0.1,39.0,0.39,0.6702043663796564
correlation_60pct,0.1,34.0,0.34,0.5001556920277881
accuracy_80pct,0.1,83.0,0.83,0.7947239354856986
accuracy_70pct,0.1,78.0,0.78,0.6872878162528508
accuracy_60pct,0.1,70.0,0.7,0.5109904052151325
correlation_70pct,0.1,49.0,0.49,0.7428851859790029
correlation_60pct,0.1,34.0,0.34,0.5674687179506899
accuracy_80pct,0.1,83.0,0.83,0.7979115809315404
accuracy_70pct,0.1,78.0,0.78,0.7365109258979424
accuracy_60pct,0.1,67.0,0.67,0.5459726816166912
correlation_70pct,0.1,39.0,0.39,0.5631369342162404
correlation_60pct,0.1,37.0,0.37,0.5710138528424819
accuracy_80pct,0.1,85.0,0.85,0.8041246803542075
accuracy_70pct,0.1,78.0,0.78,0.773800688238315
accuracy_60pct,0.1,70.0,0.7,0.6358579463941849
correlation_70pct,0.1,42.0,0.42,0.5707439333664326
correlation_60pct,0.1,41.0,0.41,0.5936219663867436
accuracy_80pct,0.1,89.0,0.89,0.8419012749255027
accuracy_70pct,0.1,74.0,0.74,0.5430063248523332
accuracy_60pct,0.1,71.0,0.71,0.5931638265400315
correlation_70pct,0.1,39.0,0.39,0.5845738040757963
correlation_60pct,0.1,34.0,0.34,0.44852083354192895
accuracy_80pct,0.1,86.0,0.86,0.730135170244053
accuracy_70pct,0.1,76.0,0.76,0.7122281622406046
accuracy_60pct,0.1,68.0,0.68,0.5635672651750031
correlation_70pct,0.1,38.0,0.38,0.6758953646357725
correlation_60pct,0.1,36.0,0.36,0.5533167501039826
accuracy_80pct,0.1,82.0,0.82,0.7787493178843282
accuracy_70pct,0.1,75.0,0.75,0.6999893897852248
accuracy_60pct,0.1,70.0,0.7,0.49795864997189415
correlation_70pct,0.1,38.0,0.38,0.5553048100919924
correlation_60pct,0.1,31.0,0.31,0.5139102908210041
accuracy_80pct,0.1,82.0,0.82,0.7426655251478558
accuracy_70pct,0.1,77.0,0.77,0.7847074442798754
accuracy_60pct,0.1,65.0,0.65,0.5353634535320488
correlation_70pct,0.1,31.0,0.31,0.5562319638923605
correlation_60pct,0.1,40.0,0.4,0.7268035495154548
accuracy_80pct,0.1,85.0,0.85,0.854992422430235
accuracy_70pct,0.1,76.0,0.76,0.7147265794279339
accuracy_60pct,0.1,70.0,0.7,0.6669200726703692
correlation_70pct,0.1,46.0,0.46,0.5796629219149236
correlation_60pct,0.1,33.0,0.33,0.5548346771001835
accuracy_80pct,0.1,87.0,0.87,0.848639157296117
accuracy_70pct,0.1,77.0,0.77,0.7153125553088355
accuracy_60pct,0.1,72.0,0.72,0.5236789405488832
correlation_70pct,0.1,48.0,0.48,0.6570738711995364
correlation_60pct,0.1,42.0,0.42,0.6131584562835536
accuracy_80pct,0.1,85.0,0.85,0.7685100526533567
accuracy_70pct,0.1,78.0,0.78,0.6055308776753667
accuracy_60pct,0.1,70.0,0.7,0.7058479512770134
correlation_70pct,0.1,44.0,0.44,0.6517594561665432
correlation_60pct,0.1,34.0,0.34,0.5707374581741463
accuracy_80pct,0.1,84.0,0.84,0.735665701900536
accuracy_70pct,0.1,79.0,0.79,0.7539631113909826
accuracy_60pct,0.1,74.0,0.74,0.7085419806430545
correlation_70pct,0.1,39.0,0.39,0.5916611133924392
correlation_60pct,0.1,34.0,0.34,0.5120312438246947
accuracy_80pct,0.1,84.0,0.84,0.7927332323485704
accuracy_70pct,0.1,75.0,0.75,0.6240917638498552
accuracy_60pct,0.1,74.0,0.74,0.647429977531644
correlation_70pct,0.1,38.0,0.38,0.6184305946756488
correlation_60pct,0.1,39.0,0.39,0.5863166399206692
accuracy_80pct,0.1,84.0,0.84,0.7762431440067973
accuracy_70pct,0.1,78.0,0.78,0.6651681077055243
accuracy_60pct,0.1,67.0,0.67,0.44061967913062466
correlation_70pct,0.1,49.0,0.49,0.7581567991826753
correlation_60pct,0.1,37.0,0.37,0.5639219034207519
accuracy_80pct,0.1,84.0,0.84,0.669583897494401
accuracy_70pct,0.1,76.0,0.76,0.6074848624544448
accuracy_60pct,0.1,75.0,0.75,0.5743769600963613
correlation_70pct,0.1,42.0,0.42,0.5731633171868725
correlation_60pct,0.1,43.0,0.43,0.5781982234882012
accuracy_80pct,0.1,82.0,0.82,0.82779957744577
accuracy_70pct,0.1,80.0,0.8,0.789787156485837
accuracy_60pct,0.1,72.0,0.72,0.6305917122565435
correlation_70pct,0.1,36.0,0.36,0.707445580294842
correlation_60pct,0.1,39.0,0.39,0.5831091100708392
accuracy_80pct,0.1,87.0,0.87,0.8288348232622466
accuracy_70pct,0.1,78.0,0.78,0.8023056489895453
accuracy_60pct,0.1,68.0,0.68,0.5215838223777446
correlation_70pct,0.1,45.0,0.45,0.5966260124240828
correlation_60pct,0.1,30.0,0.3,0.5217693639636702
accuracy_80pct,0.1,90.0,0.9,0.9079393628281767
accuracy_70pct,0.1,78.0,0.78,0.7637656729746464
accuracy_60pct,0.1,70.0,0.7,0.6941771454644204
correlation_70pct,0.1,45.0,0.45,0.698118127922677
correlation_60pct,0.1,43.0,0.43,0.5332783167897376
accuracy_80pct,0.1,86.0,0.86,0.8251506865974749
accuracy_70pct,0.1,75.0,0.75,0.7392491001908761
accuracy_60pct,0.1,67.0,0.67,0.538645327668173
correlation_70pct,0.1,47.0,0.47,0.6485427793977785
correlation_60pct,0.1,31.0,0.31,0.5141195595827869
accuracy_80pct,0.1,89.0,0.89,0.7920984821981215
accuracy_70pct,0.1,79.0,0.79,0.6433832521682157
accuracy_60pct,0.1,73.0,0.73,0.6836034882221712
correlation_70pct,0.1,44.0,0.44,0.6508463601924633
correlation_60pct,0.1,36.0,0.36,0.5303052168914667
accuracy_80pct,0.1,86.0,0.86,0.8043935923544334
accuracy_70pct,0.1,81.0,0.81,0.7572775144018227
accuracy_60pct,0.1,69.0,0.69,0.7176505875942764
correlation_70pct,0.1,40.0,0.4,0.5256314074452065
correlation_60pct,0.1,42.0,0.42,0.5686653474937151
accuracy_80pct,0.1,83.0,0.83,0.7187092504454357
accuracy_70pct,0.1,77.0,0.77,0.6566986126701163
accuracy_60pct,0.1,75.0,0.75,0.7226921544930611
correlation_70pct,0.1,42.0,0.42,0.6894280633352199
correlation_60pct,0.1,41.0,0.41,0.5840618414162584
accuracy_80pct,0.3,85.02706144209313,0.85,0.804978308457445
accuracy_70pct,0.3,76.0579888032089,0.76,0.7153049415941438
accuracy_60pct,0.3,70.05025696427015,0.7,0.5462145787878837
correlation_70pct,0.3,34.18169825012904,0.34,0.5457241947187449
correlation_60pct,0.3,38.173966409850095,0.38,0.6195771667766448
accuracy_80pct,0.3,89.02319552173029,0.89,0.8549578553471671
accuracy_70pct,0.3,75.04252512376783,0.75,0.6087383593233652
accuracy_60pct,0.3,66.06185472535864,0.66,0.5283586116483152
correlation_70pct,0.3,36.19716193001683,0.36,0.6638229972982328
correlation_60pct,0.3,41.16623456912442,0.41,0.6271581190760237
accuracy_80pct,0.3,85.02706144276321,0.85,0.853213135076948
accuracy_70pct,0.3,78.02319552307047,0.78,0.6301532207770254
accuracy_60pct,0.3,69.0618547244652,0.69,0.6142642399723127
correlation_70pct,0.3,46.150770888119794,0.46,0.626242834005754
correlation_60pct,0.3,34.17396641029681,0.34,0.3979490677715465
accuracy_80pct,0.3,88.02319552217702,0.88,0.8862943713814723
accuracy_70pct,0.3,78.03865920295827,0.78,0.6857456125276506
accuracy_60pct,0.3,74.0463910445774,0.74,0.6990354598217857
correlation_70pct,0.3,32.20875969021189,0.32,0.5880145345880265
correlation_60pct,0.3,31.189430090854703,0.31,0.4980347085105844
accuracy_80pct,0.3,86.02319552217702,0.86,0.8048365529069206
accuracy_70pct,0.3,76.0579888032089,0.76,0.726831276028504
accuracy_60pct,0.3,71.057988803879,0.71,0.697256151321113
correlation_70pct,0.3,40.16236864943167,0.4,0.5857518127740157
correlation_60pct,0.3,39.16623456979451,0.39,0.48318861040410027
accuracy_80pct,0.3,85.04252512242766,0.85,0.8964268639622802
accuracy_70pct,0.3,78.02706144320994,0.78,0.6759246487480928
accuracy_60pct,0.3,67.05412288552643,0.67,0.6089890635144631
correlation_70pct,0.3,34.19329601010073,0.34,0.5457503955025854
correlation_60pct,0.3,39.17396640873328,0.39,0.5673223716604693
accuracy_80pct,0.3,84.03479328237208,0.84,0.8159024592946825
accuracy_70pct,0.3,77.06185472334839,0.77,0.7821586391695712
accuracy_60pct,0.3,71.05025696315332,0.71,0.570052387353145
correlation_70pct,0.3,35.1816982503524,0.35,0.5463402572163764
correlation_60pct,0.3,34.170100490380705,0.34,0.506844305023429
accuracy_80pct,0.3,83.0231955228471,0.83,0.7496215005396141
accuracy_70pct,0.3,76.0502569627066,0.76,0.7010825166905826
accuracy_60pct,0.3,74.04252512421456,0.74,0.6495713071738748
correlation_70pct,0.3,41.162368649208304,0.41,0.5435891894203161
correlation_60pct,0.3,36.193296009654006,0.36,0.5510500781446591
accuracy_80pct,0.3,86.02706144186976,0.86,0.8353237213787842
accuracy_70pct,0.3,81.03479328237206,0.81,0.7045432729967559
accuracy_60pct,0.3,69.06572064415795,0.69,0.608291359708791
correlation_70pct,0.3,40.19329600920727,0.4,0.7000634932012689
correlation_60pct,0.3,37.17783232931947,0.37,0.5680565675594951
accuracy_80pct,0.3,84.04252512220428,0.84,0.8624788296930748
accuracy_70pct,0.3,76.05412288351616,0.76,0.7656601543607714
accuracy_60pct,0.3,67.06185472513529,0.67,0.6500411759628348
correlation_70pct,0.3,39.1778323297662,0.39,0.6478393842893982
correlation_60pct,0.3,39.16623456934778,0.39,0.5675181214068536
accuracy_80pct,0.3,84.03479328237208,0.84,0.8537646870290293
accuracy_70pct,0.3,77.03092736334943,0.77,0.6703762838474511
accuracy_60pct,0.3,71.0657206443813,0.71,0.759624142673899
correlation_70pct,0.3,37.16236864943167,0.37,0.4954819109773456
correlation_60pct,0.3,35.18556416982179,0.35,0.5973533872752211
accuracy_80pct,0.3,86.03479328214871,0.86,0.855707321382313
accuracy_70pct,0.3,77.04639104279049,0.77,0.641643953581319
accuracy_60pct,0.3,70.07731840390628,0.7,0.6791690735065969
correlation_70pct,0.3,37.20875968954181,0.37,0.6231096918859036
correlation_60pct,0.3,34.173966410743546,0.34,0.39595433800114205
accuracy_80pct,0.3,84.0309273622326,0.84,0.7996650770928129
accuracy_70pct,0.3,78.05025696382341,0.78,0.8023588277829802
accuracy_60pct,0.3,71.07731840368291,0.71,0.6784808527717461
correlation_70pct,0.3,42.18943008862108,0.42,0.6477675988247426
correlation_60pct,0.3,33.197161929570115,0.33,0.45617650411321303
accuracy_80pct,0.3,84.02706144209313,0.84,0.7341045827597886
accuracy_70pct,0.3,79.03479328304215,0.79,0.6987995644288177
accuracy_60pct,0.3,73.03865920318164,0.73,0.49980742720592913
correlation_70pct,0.3,31.220357450630303,0.31,0.589842285328024
correlation_60pct,0.3,37.17783232954284,0.37,0.5360007423679999
accuracy_80pct,0.3,86.03092736200924,0.86,0.8389040369171007
accuracy_70pct,0.3,76.02706144320994,0.76,0.6099894078279406
accuracy_60pct,0.3,69.06185472424184,0.69,0.5970843247126885
correlation_70pct,0.3,43.17010048881717,0.43,0.6078549611461566
correlation_60pct,0.3,32.1855641709386,0.32,0.5365364333865947
accuracy_80pct,0.3,85.01932960203754,0.85,0.7273462184426698
accuracy_70pct,0.3,77.02706144276323,0.77,0.5533249698247085
accuracy_60pct,0.3,68.07345248443688,0.68,0.617760853723562
correlation_70pct,0.3,37.19716192934675,0.37,0.6384686143957129
correlation_60pct,0.3,40.14690496865042,0.4,0.4557199902866592
accuracy_80pct,0.3,86.01932960226091,0.86,0.8153670387224728
accuracy_70pct,0.3,76.05025696315333,0.76,0.7003542620922036
accuracy_60pct,0.3,67.06958656474414,0.67,0.6684673348351865
correlation_70pct,0.3,39.20102784926286,0.39,0.6914888939363674
correlation_60pct,0.3,40.15077088901325,0.4,0.5158409214905267
accuracy_80pct,0.3,81.03479328237208,0.81,0.7641471637686721
accuracy_70pct,0.3,81.05412288239934,0.81,0.8386512074072222
accuracy_60pct,0.3,63.0541228850797,0.63,0.4953825287350757
correlation_70pct,0.3,33.20489376984906,0.33,0.6043385887452385
correlation_60pct,0.3,37.17783232931947,0.37,0.5398726683099803
accuracy_80pct,0.3,83.01932960270763,0.83,0.7661747274435596
accuracy_70pct,0.3,74.05798880365565,0.74,0.7299550003191068
accuracy_60pct,0.3,65.05025696628041,0.65,0.5905172979440689
correlation_70pct,0.3,41.17010048926389,0.41,0.5622945919128954
correlation_60pct,0.3,35.185564169375056,0.35,0.4931882130779122
accuracy_80pct,0.3,86.01932960159083,0.86,0.7450333164412849
accuracy_70pct,0.3,76.04252512354446,0.76,0.6492842487505626
accuracy_60pct,0.3,73.0425251239912,0.73,0.5898874125373791
correlation_70pct,0.3,42.16623456934778,0.42,0.5741755196003843
correlation_60pct,0.3,39.15850272973892,0.39,0.47471053916154576
accuracy_80pct,0.3,86.02319552195365,0.86,0.7811510980698282
accuracy_70pct,0.3,72.05025696382341,0.72,0.630252822259316
accuracy_60pct,0.3,68.05798880499583,0.68,0.5877595592202206
correlation_70pct,0.3,48.14690496842705,0.48,0.6666388225491854
correlation_60pct,0.3,38.16236864943167,0.38,0.47026655914846793
accuracy_80pct,0.3,81.02319552329384,0.81,0.8071944293600651
accuracy_70pct,0.3,74.07345248332007,0.74,0.8059021349818404
accuracy_60pct,0.3,68.06572064415795,0.68,0.6405073152035426
correlation_70pct,0.3,38.19716192934675,0.38,0.6353250160080088
correlation_60pct,0.3,36.18169824945895,0.36,0.5428599311030365
accuracy_80pct,0.3,86.0270614423165,0.86,0.8200560448457457
accuracy_70pct,0.3,74.057988803879,0.74,0.6279579987854815
accuracy_60pct,0.3,69.0579888045491,0.69,0.5758684254245058
correlation_70pct,0.3,49.173966407393095,0.49,0.6838736633875759
correlation_60pct,0.3,43.16623456912441,0.43,0.5572297990774356
accuracy_80pct,0.3,85.03865920228817,0.85,0.8651477373628382
accuracy_70pct,0.3,79.03865920295826,0.79,0.740742206810454
accuracy_60pct,0.3,65.08505024485531,0.65,0.5764078756326045
correlation_70pct,0.3,50.16623456756088,0.5,0.744928962299835
correlation_60pct,0.3,33.181698250575764,0.33,0.48466868675801755
accuracy_80pct,0.3,84.03479328237208,0.84,0.8307436374081436
accuracy_70pct,0.3,76.05025696360005,0.76,0.7555956114709053
accuracy_60pct,0.3,70.0734524837668,0.7,0.600052914826938
correlation_70pct,0.3,38.1894300897379,0.38,0.7075134067884997
correlation_60pct,0.3,36.18556417004514,0.36,0.5637330000952091
accuracy_80pct,0.3,85.03092736200924,0.85,0.815675352693004
accuracy_70pct,0.3,76.0502569633767,0.76,0.7203550097227779
accuracy_60pct,0.3,68.06958656452078,0.68,0.6044424950285169
correlation_70pct,0.3,36.19716193001684,0.36,0.6443709879706526
correlation_60pct,0.3,30.201027851273118,0.3,0.6008963564103939
accuracy_80pct,0.3,86.02319552195365,0.86,0.8265987595773471
accuracy_70pct,0.3,82.03865920251155,0.82,0.7586461238247514
accuracy_60pct,0.3,75.0425251239912,0.75,0.6669478519337368
correlation_70pct,0.3,48.162368647421395,0.48,0.6609825348122426
correlation_60pct,0.3,33.18943009040798,0.33,0.5067049703682305
accuracy_80pct,0.3,84.03092736245597,0.84,0.800582765454623
accuracy_70pct,0.3,74.06185472357174,0.74,0.716886451581533
accuracy_60pct,0.3,65.08891616499477,0.65,0.6320383162081367
correlation_70pct,0.3,42.154636809376086,0.42,0.6618422326397911
correlation_60pct,0.3,43.16236864876158,0.43,0.5695764332833233
accuracy_80pct,0.3,85.03479328214871,0.85,0.8350525439014187
accuracy_70pct,0.3,80.05025696292996,0.8,0.8122442145514833
accuracy_60pct,0.3,75.06185472334838,0.75,0.7374676814203581
correlation_70pct,0.3,41.17783232887275,0.41,0.5610426334165718
correlation_60pct,0.3,34.193296009877365,0.34,0.5790917865956844
accuracy_80pct,0.3,84.01932960203754,0.84,0.7160868294542811
accuracy_70pct,0.3,76.05412288351617,0.76,0.7912409371262842
accuracy_60pct,0.3,74.04639104413067,0.74,0.7208331944907093
correlation_70pct,0.3,47.1662345680076,0.47,0.6756420261661756
correlation_60pct,0.3,31.201027850379663,0.31,0.5512504893202649
accuracy_80pct,0.3,85.02706144209313,0.85,0.790136902779423
accuracy_70pct,0.3,79.02319552374055,0.79,0.6794136450240992
accuracy_60pct,0.3,65.07345248533034,0.65,0.5683721042960439
correlation_70pct,0.3,42.166234568677694,0.42,0.5841465838738794
correlation_60pct,0.3,33.204893769178966,0.33,0.44803426274056884
accuracy_80pct,0.3,85.05025696203651,0.85,0.8955623209453438
accuracy_70pct,0.3,81.05025696225988,0.81,0.777346883619211
accuracy_60pct,0.3,71.0618547244652,0.71,0.680876610663137
correlation_70pct,0.3,53.15850272705857,0.53,0.7538833283230472
correlation_60pct,0.3,33.18556417071524,0.33,0.5537201472111944
accuracy_80pct,0.3,82.04252512287438,0.82,0.8589383613950702
accuracy_70pct,0.3,77.0347932828188,0.77,0.6671604580962935
accuracy_60pct,0.3,67.06185472468856,0.67,0.6012534082303579
correlation_70pct,0.3,34.18169825079913,0.34,0.6604035784061612
correlation_60pct,0.3,32.16623457068796,0.32,0.5079335827659052
accuracy_80pct,0.3,86.02319552173029,0.86,0.7870429724368548
accuracy_70pct,0.3,74.03865920407509,0.74,0.6158488258913123
accuracy_60pct,0.3,74.06185472312501,0.74,0.6259818301919396
correlation_70pct,0.3,41.193296008983914,0.41,0.699518410626642
correlation_60pct,0.3,33.193296010770815,0.33,0.5497023861209416
accuracy_80pct,0.3,85.03865920206482,0.85,0.8709988553276375
accuracy_70pct,0.3,77.0347932828188,0.77,0.6200872558307248
accuracy_60pct,0.3,71.04639104368395,0.71,0.5786826605082765
correlation_70pct,0.3,42.166234568901054,0.42,0.6404648761295302
correlation_60pct,0.3,29.204893770519142,0.29,0.4532718836833256
accuracy_80pct,0.3,87.0270614416464,0.87,0.7934802873172219
accuracy_70pct,0.3,80.03092736245597,0.8,0.7345802463861478
accuracy_60pct,0.3,70.05025696427015,0.7,0.6249899772752208
correlation_70pct,0.3,37.17783232954284,0.37,0.5837312336424338
correlation_60pct,0.3,37.18943008996125,0.37,0.5933170695216137
accuracy_80pct,0.3,82.05412288262272,0.82,0.8446403317577506
accuracy_70pct,0.3,76.05412288351616,0.76,0.7035305455344875
accuracy_60pct,0.3,66.07345248466024,0.66,0.5767303015830729
correlation_70pct,0.3,42.17783232887275,0.42,0.6635823161151054
correlation_60pct,0.3,34.1816982503524,0.34,0.46576760792228283
accuracy_80pct,0.3,82.0425251222043,0.82,0.8182202763284268
accuracy_70pct,0.3,76.04639104301386,0.76,0.7413311261931104
accuracy_60pct,0.3,66.06958656452079,0.66,0.6214650022323667
correlation_70pct,0.3,46.143039048957675,0.46,0.6555121007064879
correlation_60pct,0.3,33.13917313015838,0.33,0.432374035829731
accuracy_80pct,0.3,81.0386592027349,0.81,0.7729135506577551
accuracy_70pct,0.3,75.0270614434333,0.75,0.5637903061242584
accuracy_60pct,0.3,68.06958656474414,0.68,0.6380756248603118
correlation_70pct,0.3,37.17010049038071,0.37,0.5395999896588637
correlation_60pct,0.3,27.204893770965864,0.27,0.47478666940230074
accuracy_80pct,0.3,82.0425251222043,0.82,0.7349323158974156
accuracy_70pct,0.3,75.0463910439073,0.75,0.6785434437308214
accuracy_60pct,0.3,70.06958656429742,0.7,0.6788173997875914
correlation_70pct,0.3,35.21649152982074,0.35,0.6106702190771119
correlation_60pct,0.3,33.189430090184615,0.33,0.4545425101273357
accuracy_80pct,0.3,86.0154636823448,0.86,0.7862335705961545
accuracy_70pct,0.3,79.04639104301386,0.79,0.7706103546662092
accuracy_60pct,0.3,67.07345248421353,0.67,0.5660948654928534
correlation_70pct,0.3,46.170100487923705,0.46,0.6681392948639098
correlation_60pct,0.3,38.201027849262864,0.38,0.6370082362554637
accuracy_80pct,0.3,83.02706144276323,0.83,0.8032922835340587
accuracy_70pct,0.3,82.03092736267934,0.82,0.7870726191071212
accuracy_60pct,0.3,67.05798880477245,0.67,0.5512827599110273
correlation_70pct,0.3,39.20489376895561,0.39,0.6749641503474145
correlation_60pct,0.3,30.189430090854703,0.3,0.49141423729734995
accuracy_80pct,0.3,83.05025696248325,0.83,0.8333144820722103
accuracy_70pct,0.3,74.05798880365563,0.74,0.6276205832829475
accuracy_60pct,0.3,72.05412288396289,0.72,0.6237961697011862
correlation_70pct,0.3,44.173966408509905,0.44,0.6135428195232854
correlation_60pct,0.3,42.17010048904053,0.42,0.5654735362029625
accuracy_80pct,0.3,84.04252512242765,0.84,0.8534415993905043
accuracy_70pct,0.3,76.04639104301386,0.76,0.6102925345068517
accuracy_60pct,0.3,70.08118432382238,0.7,0.6979699060582527
correlation_70pct,0.3,40.18556416915169,0.4,0.595593345955156
correlation_60pct,0.3,28.204893770965867,0.28,0.4801448396824066
accuracy_80pct,0.3,88.02319552173029,0.88,0.8642543008207593
accuracy_70pct,0.3,81.03479328259544,0.81,0.7354287934834243
accuracy_60pct,0.3,70.08505024440858,0.7,0.767657126634736
correlation_70pct,0.3,52.12757536772969,0.52,0.6516895448447695
correlation_60pct,0.3,41.173966408956645,0.41,0.5551002005053757
accuracy_80pct,0.3,84.03865920228817,0.84,0.7983335064093482
accuracy_70pct,0.3,74.03865920362836,0.74,0.5763811646038041
accuracy_60pct,0.3,68.05412288463297,0.68,0.5426372910966348
correlation_70pct,0.3,40.20102784859276,0.4,0.6087686130742154
correlation_60pct,0.3,35.181698250575764,0.35,0.5521884950958845
accuracy_80pct,0.3,85.02319552150692,0.85,0.7108122280602557
accuracy_70pct,0.3,75.05025696360005,0.75,0.6887650419123396
accuracy_60pct,0.3,71.07345248332007,0.71,0.5869773722375076
correlation_70pct,0.3,42.15463680915272,0.42,0.60836629477724
correlation_60pct,0.3,31.204893770965867,0.31,0.6154811384422649
accuracy_80pct,0.3,86.03479328214871,0.86,0.8985997830080283
accuracy_70pct,0.3,78.05412288329279,0.78,0.7555048762741436
accuracy_60pct,0.3,71.04639104435402,0.71,0.5205593911993245
correlation_70pct,0.3,47.15077088834317,0.47,0.6619063233021961
correlation_60pct,0.3,33.212625609457916,0.33,0.5236679206273119
accuracy_80pct,0.3,85.02706144209313,0.85,0.8234581148147689
accuracy_70pct,0.3,76.03865920318162,0.76,0.6343318538509132
accuracy_60pct,0.3,69.06185472334839,0.69,0.5233415122646321
correlation_70pct,0.3,37.193296009654006,0.37,0.5622063820804636
correlation_60pct,0.3,45.16623456778424,0.45,0.5827463972230664
accuracy_80pct,0.3,84.01932960159081,0.84,0.7118195088563557
accuracy_70pct,0.3,77.04639104346057,0.77,0.7620385455097298
accuracy_60pct,0.3,70.04252512332111,0.7,0.4793037172520414
correlation_70pct,0.3,37.189430089291164,0.37,0.6314369106423956
correlation_60pct,0.3,51.143039047394126,0.51,0.6346076921476005
accuracy_80pct,0.3,85.02706144231648,0.85,0.7923415837675191
accuracy_70pct,0.3,79.04639104323721,0.79,0.7924258035825809
accuracy_60pct,0.3,70.06958656452078,0.7,0.6702736887878019
correlation_70pct,0.3,43.17396640873328,0.43,0.61451836988244
correlation_60pct,0.3,32.216491530267476,0.32,0.6022435351647327
accuracy_80pct,0.3,82.02706144276323,0.82,0.7711714470335488
accuracy_70pct,0.3,78.04252512265101,0.78,0.6114223830329204
accuracy_60pct,0.3,65.08505024507866,0.65,0.638541870028069
correlation_70pct,0.3,43.18943008862108,0.43,0.6866330161277586
correlation_60pct,0.3,41.15077088945998,0.41,0.48562185960100035
accuracy_80pct,0.3,87.03092736156252,0.87,0.8242518389396452
accuracy_70pct,0.3,75.03479328348888,0.75,0.5854658475448614
accuracy_60pct,0.3,69.07731840390628,0.69,0.5735823615765503
correlation_70pct,0.3,44.17783232864939,0.44,0.7035516885116018
correlation_60pct,0.3,31.17396641052017,0.31,0.44744829899582356
accuracy_80pct,0.3,83.02706144186976,0.83,0.7389523430362905
accuracy_70pct,0.3,79.03479328326553,0.79,0.7329153536948703
accuracy_60pct,0.3,68.04252512510803,0.68,0.4949645475432025
correlation_70pct,0.3,45.16623456823096,0.45,0.6133141461644872
correlation_60pct,0.3,32.18556417093859,0.32,0.5219036691911267
accuracy_80pct,0.3,85.0309273622326,0.85,0.8146256243613259
accuracy_70pct,0.3,76.0270614434333,0.76,0.5885976594427139
accuracy_60pct,0.3,72.05798880432573,0.72,0.6605189450273525
correlation_70pct,0.3,40.2048937689556,0.4,0.65127085573315
correlation_60pct,0.3,39.17010048971061,0.39,0.5407778133426981
accuracy_80pct,0.3,84.03479328214871,0.84,0.8317757747459169
accuracy_70pct,0.3,76.05798880365563,0.76,0.7294186710689229
accuracy_60pct,0.3,70.03865920385172,0.7,0.5013176634132005
correlation_70pct,0.3,44.170100488593796,0.44,0.626051897656324
correlation_60pct,0.3,32.197161930463565,0.32,0.5614870548136175
accuracy_80pct,0.3,83.0309273622326,0.83,0.8233739080449856
accuracy_70pct,0.3,74.05025696360005,0.74,0.7063908847501514
accuracy_60pct,0.3,68.05025696404678,0.68,0.5345713734693305
correlation_70pct,0.3,41.17783232931947,0.41,0.6632626631381632
correlation_60pct,0.3,33.177832329542845,0.33,0.4041653952822429
accuracy_80pct,0.3,83.05025696248323,0.83,0.872849782804642
accuracy_70pct,0.3,76.03479328371225,0.76,0.6668826907264527
accuracy_60pct,0.3,68.06958656385069,0.68,0.5560997455397724
correlation_70pct,0.3,44.170100487923705,0.44,0.5834689094107798
correlation_60pct,0.3,29.23582113074147,0.29,0.5965233062890019
accuracy_80pct,0.3,86.03092736200924,0.86,0.808580354091718
accuracy_70pct,0.3,77.04639104323721,0.77,0.6534481246182963
accuracy_60pct,0.3,71.06185472468857,0.71,0.6426923265264465
correlation_70pct,0.3,49.15463680803592,0.49,0.6082880784225876
correlation_60pct,0.3,36.19329600943064,0.36,0.4621846808938692
accuracy_80pct,0.3,86.01546368212144,0.86,0.7731871625064334
accuracy_70pct,0.3,73.05798880432573,0.73,0.7268732218142411
accuracy_60pct,0.3,70.05025696360005,0.7,0.483493476284686
correlation_70pct,0.3,50.15077088789644,0.5,0.6515045395115823
correlation_60pct,0.3,39.16623456912441,0.39,0.5085386993598907
accuracy_80pct,0.3,85.02706144209313,0.85,0.7803233077422503
accuracy_70pct,0.3,74.03479328348888,0.74,0.5562909504157367
accuracy_60pct,0.3,69.06185472468856,0.69,0.6552883626837164
correlation_70pct,0.3,40.20875968864835,0.4,0.7097661211210046
correlation_60pct,0.3,36.18943008951453,0.36,0.533082869948905
accuracy_80pct,0.3,84.03092736178587,0.84,0.7671443428211578
accuracy_70pct,0.3,80.03865920273492,0.8,0.734612441008765
accuracy_60pct,0.3,69.04639104435404,0.69,0.5021716794681261
correlation_70pct,0.3,37.20489376873224,0.37,0.5558415148994622
correlation_60pct,0.3,53.131441287645806,0.53,0.6454072817040196
accuracy_80pct,0.3,84.03865920251155,0.84,0.8396655132081257
accuracy_70pct,0.3,78.05412288262272,0.78,0.6889112882412425
accuracy_60pct,0.3,66.07345248510698,0.66,0.6208486781513396
correlation_70pct,0.3,48.14690496798032,0.48,0.6052164647484011
correlation_60pct,0.3,37.17783232931947,0.37,0.47032669433094687
accuracy_80pct,0.3,85.03479328237206,0.85,0.8587355610555312
accuracy_70pct,0.3,75.04639104368394,0.75,0.7256527922198968
accuracy_60pct,0.3,70.057988803879,0.7,0.5670091683281226
correlation_70pct,0.3,47.154636808482636,0.47,0.7088557017506318
correlation_60pct,0.3,34.177832329766204,0.34,0.5133106042665662
accuracy_80pct,0.3,85.03479328214871,0.85,0.8447812093592195
accuracy_70pct,0.3,74.04639104346057,0.74,0.6399384292931861
accuracy_60pct,0.3,70.04252512443793,0.7,0.5439801024273996
correlation_70pct,0.3,39.19329600920727,0.39,0.6538410504268813
correlation_60pct,0.3,37.177832329766204,0.37,0.4980522247294956
accuracy_80pct,0.3,86.02319552240037,0.86,0.8282033268806493
accuracy_70pct,0.3,75.05798880343227,0.75,0.7063864949532929
accuracy_60pct,0.3,71.04639104413067,0.71,0.6347414065855889
correlation_70pct,0.3,39.15463680959945,0.39,0.4880611287752963
correlation_60pct,0.3,42.166234568677694,0.42,0.5591270860960763
accuracy_80pct,0.3,86.03092736178587,0.86,0.8562200546301908
accuracy_70pct,0.3,79.03865920295826,0.79,0.7732076591401886
accuracy_60pct,0.3,67.05798880544253,0.67,0.6383782249465644
correlation_70pct,0.3,36.18556416915169,0.36,0.5647985500474182
correlation_60pct,0.3,36.15850272973893,0.36,0.4578025641476552
accuracy_80pct,0.3,86.02706144209313,0.86,0.8204056804690082
accuracy_70pct,0.3,77.06185472290164,0.77,0.737899237435459
accuracy_60pct,0.3,72.06958656340396,0.72,0.5968710108418225
correlation_70pct,0.3,38.20102784948623,0.38,0.6059555395764663
correlation_60pct,0.3,42.16623456890105,0.42,0.568397700188748
accuracy_80pct,0.3,87.03479328170198,0.87,0.864011745154533
accuracy_70pct,0.3,78.03865920318162,0.78,0.7046667192871446
accuracy_60pct,0.3,75.04639104390732,0.75,0.6917779645340205
correlation_70pct,0.3,38.18943008973789,0.38,0.6317222148149557
correlation_60pct,0.3,40.16623456934778,0.4,0.613746537427971
accuracy_80pct,0.3,86.03479328192535,0.86,0.8564520308700045
accuracy_70pct,0.3,77.04639104346057,0.77,0.7295115407636743
accuracy_60pct,0.3,69.057988803879,0.69,0.5832714328298745
correlation_70pct,0.3,46.16623456823097,0.46,0.6831438192022347
correlation_60pct,0.3,36.15463680982282,0.36,0.4435168410376456
accuracy_80pct,0.3,85.02319552195365,0.85,0.7330157518694413
accuracy_70pct,0.3,77.05025696315333,0.77,0.6590179409466966
accuracy_60pct,0.3,69.05025696382341,0.69,0.49453653734614283
correlation_70pct,0.3,33.212625609681275,0.33,0.5337512161383481
correlation_60pct,0.3,33.18943009040799,0.33,0.48911129227069006
accuracy_80pct,0.3,82.03092736312605,0.82,0.8399140601407499
accuracy_70pct,0.3,77.0541228832928,0.77,0.7742467795897553
accuracy_60pct,0.3,65.08505024507866,0.65,0.6712763331013227
correlation_70pct,0.3,39.181698249682306,0.39,0.6148718952433572
correlation_60pct,0.3,44.154636808706,0.44,0.6138332497311161
accuracy_80pct,0.3,84.03092736200924,0.84,0.8074922790157993
accuracy_70pct,0.3,74.06185472379511,0.74,0.7615470288686962
accuracy_60pct,0.3,66.05798880454908,0.66,0.6302249679341924
correlation_70pct,0.3,38.19329600943064,0.38,0.6489731440711665
correlation_60pct,0.3,22.22422337166323,0.22,0.4642772358271375
accuracy_80pct,0.3,85.01932960181418,0.85,0.6911859210905108
accuracy_70pct,0.3,76.057988803879,0.76,0.7637264842776976
accuracy_60pct,0.3,67.06185472535864,0.67,0.6483926539280709
correlation_70pct,0.3,45.18943008817435,0.45,0.7006049144514007
correlation_60pct,0.3,46.1585027286221,0.46,0.6063449626951456
accuracy_80pct,0.3,83.0347932828188,0.83,0.8087548790335063
accuracy_70pct,0.3,76.04639104346057,0.76,0.6666087389631561
accuracy_60pct,0.3,69.07345248443688,0.69,0.6951738358769266
correlation_70pct,0.3,51.1623686474214,0.51,0.7361764422109842
correlation_60pct,0.3,43.181698248565496,0.43,0.5896647041961467
accuracy_80pct,0.3,84.03092736267934,0.84,0.8061879411693398
accuracy_70pct,0.3,77.03479328281881,0.77,0.6135293370794115
accuracy_60pct,0.3,63.06185472513529,0.63,0.3981318366403845
correlation_70pct,0.3,43.16236864898495,0.43,0.6270166731763002
correlation_60pct,0.3,32.20489377029578,0.32,0.5226700243917943
accuracy_80pct,0.3,88.00773184139575,0.88,0.6981295131030677
accuracy_70pct,0.3,78.03092736267932,0.78,0.6470939319657593
accuracy_60pct,0.3,63.06185472513529,0.63,0.49722700628743194
correlation_70pct,0.3,35.20489376940233,0.35,0.5905399116443076
correlation_60pct,0.3,32.2048937696257,0.32,0.5255575961910639
accuracy_80pct,0.3,82.03865920251155,0.82,0.7907882554251021
accuracy_70pct,0.3,77.04252512309773,0.77,0.674004647724033
accuracy_60pct,0.3,70.06572064371122,0.7,0.5539426867179014
correlation_70pct,0.3,42.17010048881716,0.42,0.5839257620729611
correlation_60pct,0.3,34.17396641052018,0.34,0.4968850520277041
accuracy_80pct,0.3,83.03865920273492,0.83,0.8513355077767515
accuracy_70pct,0.3,77.04639104346059,0.77,0.7368115259399504
accuracy_60pct,0.3,71.07345248443688,0.71,0.7101841050751797
correlation_70pct,0.3,37.197161929793474,0.37,0.6060436551756124
correlation_60pct,0.3,40.13530721001891,0.4,0.5268171887713091
accuracy_80pct,0.3,85.01932960203754,0.85,0.7025979148797602
accuracy_70pct,0.3,77.04639104346057,0.77,0.6701875661764549
accuracy_60pct,0.3,68.04639104502411,0.68,0.45041367980124647
correlation_70pct,0.3,29.19716193158037,0.29,0.5947138479859609
correlation_60pct,0.3,41.18169824856549,0.41,0.5087754283658822
accuracy_80pct,0.3,87.0154636816747,0.87,0.811751273829802
accuracy_70pct,0.3,77.05412288284607,0.77,0.746690441398814
accuracy_60pct,0.3,74.05412288351616,0.74,0.7260179413359952
correlation_70pct,0.3,33.18169825057577,0.33,0.565505923717327
correlation_60pct,0.3,34.197161930463565,0.34,0.6334172966725502
accuracy_80pct,0.3,84.03092736267934,0.84,0.8345096037348739
accuracy_70pct,0.3,73.04252512376783,0.73,0.599596422614845
accuracy_60pct,0.3,67.06572064482803,0.67,0.604456799682469
correlation_70pct,0.3,46.14303904828758,0.46,0.5931795548284545
correlation_60pct,0.3,35.15850273040901,0.35,0.5194843760656789
accuracy_80pct,0.3,82.0347932828188,0.82,0.7968875899462764
accuracy_70pct,0.3,76.05025696360005,0.76,0.7099329564081907
accuracy_60pct,0.3,72.05412288463299,0.72,0.6599200491897856
correlation_70pct,0.3,44.16623456845433,0.44,0.5917163357189559
correlation_60pct,0.3,33.185564170268506,0.33,0.49231914177787395
accuracy_80pct,0.3,83.03479328237208,0.83,0.7518995447262552
accuracy_70pct,0.3,81.05025696225988,0.81,0.7532530398095739
accuracy_60pct,0.3,69.06572064371122,0.69,0.5175858389080304
correlation_70pct,0.3,40.20102784859276,0.4,0.6648587791050131
correlation_60pct,0.3,44.158502729068836,0.44,0.6187298619928059
accuracy_80pct,0.3,84.0425251222043,0.84,0.8196421128296014
accuracy_70pct,0.3,78.05025696337668,0.78,0.7653635570750132
accuracy_60pct,0.3,68.07731840457636,0.68,0.6099221671259207
correlation_70pct,0.3,49.17010048747697,0.49,0.6833094930421428
correlation_60pct,0.3,36.18556417004514,0.36,0.5964840398054084
accuracy_80pct,0.3,87.03092736200924,0.87,0.8690989091862145
accuracy_70pct,0.3,79.04639104346057,0.79,0.7516975723833775
accuracy_60pct,0.3,64.08118432516257,0.64,0.5354160871783208
correlation_70pct,0.3,43.189430088397714,0.43,0.6094781130161098
correlation_60pct,0.3,37.177832329766204,0.37,0.5596455800962188
accuracy_80pct,0.3,84.03092736200924,0.84,0.7529556729183634
accuracy_70pct,0.3,76.04252512309775,0.76,0.6046219427987727
accuracy_60pct,0.3,76.05412288373952,0.76,0.74292707606834
correlation_70pct,0.3,39.17783232931947,0.39,0.552642276164705
correlation_60pct,0.3,44.17783232842602,0.44,0.634577247142718
accuracy_80pct,0.3,83.03092736178587,0.83,0.7594583587305445
accuracy_70pct,0.3,77.03865920362836,0.77,0.7296747200036348
accuracy_60pct,0.3,69.05025696427013,0.69,0.534937879911397
correlation_70pct,0.3,45.154636808482636,0.45,0.6183573784323733
correlation_60pct,0.3,37.204893769625684,0.37,0.6270809003754878
accuracy_80pct,0.3,83.03479328259543,0.83,0.7886173657479824
accuracy_70pct,0.3,78.03479328348888,0.78,0.7183505269893291
accuracy_60pct,0.3,71.05025696404678,0.71,0.5796421373530453
correlation_70pct,0.3,39.18169824945895,0.39,0.6143777578400093
correlation_60pct,0.3,36.17783233021293,0.36,0.506129585653464
accuracy_80pct,0.3,85.03092736200924,0.85,0.7984928543457243
accuracy_70pct,0.3,78.05798880320891,0.78,0.8001190845218072
accuracy_60pct,0.3,64.06185472513528,0.64,0.5308773544520123
correlation_70pct,0.3,44.166234568901054,0.44,0.6373701833124328
correlation_60pct,0.3,36.16623457024124,0.36,0.4679735791606196
accuracy_80pct,0.3,83.04639104256712,0.83,0.8392231543256155
accuracy_70pct,0.3,81.03479328192535,0.81,0.7054734830865865
accuracy_60pct,0.3,67.06572064482803,0.67,0.5657127264892212
correlation_70pct,0.3,38.19716192934675,0.38,0.6201474072366437
correlation_60pct,0.3,30.197161930686917,0.3,0.42121238079178436
accuracy_80pct,0.3,85.02706144209313,0.85,0.7876047791289555
accuracy_70pct,0.3,73.05798880410237,0.73,0.6727748876009266
accuracy_60pct,0.3,70.05798880410237,0.7,0.627024021428272
correlation_70pct,0.3,44.17396640873328,0.44,0.6932072713955006
correlation_60pct,0.3,42.17396640873328,0.42,0.5699374675632444
accuracy_80pct,0.3,83.03479328281881,0.83,0.8522581197577669
accuracy_70pct,0.3,73.057988803879,0.73,0.6897244600178698
accuracy_60pct,0.3,71.03092736379614,0.71,0.4732737176179505
correlation_70pct,0.3,50.15077088767306,0.5,0.6858392235122548
correlation_60pct,0.3,23.201027852389934,0.23,0.46256520686797153
accuracy_80pct,0.3,85.03865920184145,0.85,0.8328317007413782
accuracy_70pct,0.3,77.05412288306943,0.77,0.7687117810085624
accuracy_60pct,0.3,73.06185472401847,0.73,0.7159181010293781
correlation_70pct,0.3,39.18556416915169,0.39,0.6170167944930312
correlation_60pct,0.3,35.21649152915066,0.35,0.6005859435008277
accuracy_80pct,0.3,87.02706144209313,0.87,0.8861054734547484
accuracy_70pct,0.3,71.04639104413067,0.71,0.5354326089895617
accuracy_60pct,0.3,69.07345248466025,0.69,0.689602019028007
correlation_70pct,0.3,47.18169824767203,0.47,0.7373133407999641
correlation_60pct,0.3,42.15850272884548,0.42,0.42540043854948983
accuracy_80pct,0.3,87.02319552150692,0.87,0.8360704874241789
accuracy_70pct,0.3,75.0734524837668,0.75,0.8212855589041324
accuracy_60pct,0.3,69.06185472446519,0.69,0.6707292196790026
correlation_70pct,0.3,44.1701004885938,0.44,0.6970850055109711
correlation_60pct,0.3,33.158502731525836,0.33,0.4646167010355988
accuracy_80pct,0.3,83.03479328192535,0.83,0.7428430249968323
accuracy_70pct,0.3,77.04252512332111,0.77,0.6786921074275047
accuracy_60pct,0.3,69.05025696360005,0.69,0.45598430982410965
correlation_70pct,0.3,41.19329600853719,0.41,0.648863761834568
correlation_60pct,0.3,37.17396640873328,0.37,0.43897605508995746
accuracy_80pct,0.3,87.00386592170301,0.87,0.786295907191126
accuracy_70pct,0.3,73.05412288284609,0.73,0.5751753006132485
accuracy_60pct,0.3,68.05798880499582,0.68,0.639144243687461
correlation_70pct,0.3,42.19329600876055,0.42,0.6933609547578778
correlation_60pct,0.3,32.17783232954283,0.32,0.4679869184992552
accuracy_80pct,0.3,81.03479328237208,0.81,0.7302935846104681
accuracy_70pct,0.3,78.03865920318164,0.78,0.6844047664266316
accuracy_60pct,0.3,69.07345248443688,0.69,0.6368665574471141
correlation_70pct,0.3,41.16623456934778,0.41,0.5922135258221557
correlation_60pct,0.3,32.204893770519135,0.32,0.5566082138054927
accuracy_80pct,0.3,86.0270614416464,0.86,0.7992940289952039
accuracy_70pct,0.3,76.03865920407509,0.76,0.6619596391972786
accuracy_60pct,0.3,73.04639104346057,0.73,0.5680167147100408
correlation_70pct,0.3,36.18556416982179,0.36,0.48352303413994174
correlation_60pct,0.3,42.17783232864938,0.42,0.6170321793495724
accuracy_80pct,0.3,86.0425251215342,0.86,0.8451781459513994
accuracy_70pct,0.3,76.05025696315332,0.76,0.7380006671535483
accuracy_60pct,0.3,68.06185472424184,0.68,0.5897005612129548
correlation_70pct,0.3,38.18556416959842,0.38,0.6156935637769188
correlation_60pct,0.3,33.17783233043629,0.33,0.4844723733147135
accuracy_80pct,0.3,85.01932960248428,0.85,0.8306410113670817
accuracy_70pct,0.3,79.03865920273492,0.79,0.7164484291573932
accuracy_60pct,0.3,72.04639104435404,0.72,0.6288774117111132
correlation_70pct,0.3,49.15463680736582,0.49,0.6773309637703833
correlation_60pct,0.3,38.18169824990567,0.38,0.6291532179054757
accuracy_80pct,0.3,84.03479328259543,0.84,0.8227818501968028
accuracy_70pct,0.3,78.03479328326553,0.78,0.6879062328096146
accuracy_60pct,0.3,71.05798880432573,0.71,0.6280276951305727
correlation_70pct,0.3,42.154636809152734,0.42,0.5815139053426824
correlation_60pct,0.3,36.15850273063238,0.36,0.4119264622780154
accuracy_80pct,0.3,85.0309273622326,0.85,0.7747222157894808
accuracy_70pct,0.3,77.05025696382341,0.77,0.7385868487945209
accuracy_60pct,0.3,66.08118432538592,0.66,0.652536554378379
correlation_70pct,0.3,48.16623456756087,0.48,0.6820428616963649
correlation_60pct,0.3,34.20489377007243,0.34,0.544498071454581
accuracy_80pct,0.3,86.02706144209313,0.86,0.8289080785049725
accuracy_70pct,0.3,74.04639104368394,0.74,0.6565240419935539
accuracy_60pct,0.3,73.06185472379511,0.73,0.7253933490623699
correlation_70pct,0.3,34.193296010547456,0.34,0.6221797111262677
correlation_60pct,0.3,32.18556417071524,0.32,0.545487957858514
accuracy_80pct,0.3,87.02706144209313,0.87,0.8520297428970475
accuracy_70pct,0.3,78.0579888032089,0.78,0.7681662771714732
accuracy_60pct,0.3,70.06572064415795,0.7,0.6234882021895781
correlation_70pct,0.3,41.19716192867666,0.41,0.6701548047271721
correlation_60pct,0.3,37.166234569571145,0.37,0.45791370337885734
accuracy_80pct,0.3,84.0309273622326,0.84,0.8204215760694926
accuracy_70pct,0.3,75.04639104346057,0.75,0.6742668862037013
accuracy_60pct,0.3,64.07345248466025,0.64,0.5551722095850986
correlation_70pct,0.3,43.18556416848161,0.43,0.7104834737252651
correlation_60pct,0.3,37.1778323297662,0.37,0.533722206536657
accuracy_80pct,0.3,83.03479328237208,0.83,0.7759481887836649
accuracy_70pct,0.3,79.03092736312605,0.79,0.7097932051098722
accuracy_60pct,0.3,69.06185472446519,0.69,0.6487842877642261
correlation_70pct,0.3,40.18556416892832,0.4,0.644997794566966
correlation_60pct,0.3,40.15463680959945,0.4,0.4962490461508642
accuracy_80pct,0.3,83.03479328259544,0.83,0.7794725287245248
accuracy_70pct,0.3,79.02706144365666,0.79,0.6640119095451651
accuracy_60pct,0.3,70.05025696494023,0.7,0.5735101032988471
correlation_70pct,0.3,55.15077088677962,0.55,0.6784891961373124
correlation_60pct,0.3,32.201027850379674,0.32,0.47964182775873554
accuracy_80pct,0.3,85.02319552173029,0.85,0.710544199242016
accuracy_70pct,0.3,78.04252512309773,0.78,0.710964358590511
accuracy_60pct,0.3,73.05798880365563,0.73,0.6712607472884294
correlation_70pct,0.3,44.18169824856549,0.44,0.6246991892930345
correlation_60pct,0.3,42.16236864920831,0.42,0.5710139039424119
accuracy_80pct,0.3,85.02706144253986,0.85,0.8414177934237278
accuracy_70pct,0.3,75.03865920407509,0.75,0.7219464671136954
accuracy_60pct,0.3,66.09278208446418,0.66,0.6606648331591322
correlation_70pct,0.3,46.16623456823097,0.46,0.6757945175758971
correlation_60pct,0.3,28.220357451077035,0.28,0.5815702393481647
accuracy_80pct,0.3,86.0270614423165,0.86,0.8211061202536167
accuracy_70pct,0.3,78.03092736312605,0.78,0.653130435394495
accuracy_60pct,0.3,70.05798880477245,0.7,0.612665728288042
correlation_70pct,0.3,45.16623456845433,0.45,0.6244789291052053
correlation_60pct,0.3,31.201027850826392,0.31,0.529692165675364
accuracy_80pct,0.3,81.03092736267931,0.81,0.7319824790436311
accuracy_70pct,0.3,80.05025696292996,0.8,0.8280271352977735
accuracy_60pct,0.3,66.05798880477245,0.66,0.514033328329556
correlation_70pct,0.3,42.14690496909715,0.42,0.5180596432431869
correlation_60pct,0.3,35.15463681071627,0.35,0.4554672219465643
accuracy_80pct,0.3,86.02319552262375,0.86,0.8622392633490277
accuracy_70pct,0.3,80.04252512287438,0.8,0.8065241905367446
accuracy_60pct,0.3,67.0618547244652,0.67,0.5401742275972277
correlation_70pct,0.3,40.19716192912339,0.4,0.7151327241194694
correlation_60pct,0.3,28.208759690881976,0.28,0.5699567752520336
accuracy_80pct,0.3,83.02706144209313,0.83,0.7782015415341428
accuracy_70pct,0.3,76.04252512287438,0.76,0.6259273700961248
accuracy_60pct,0.3,69.05025696449351,0.69,0.5761179021686396
correlation_70pct,0.3,41.181698249012214,0.41,0.6620263676333018
correlation_60pct,0.3,44.150770889013245,0.44,0.6069386665887645
accuracy_80pct,0.3,83.03865920228819,0.83,0.7811759202449091
accuracy_70pct,0.3,76.05412288329279,0.76,0.6399045141014091
accuracy_60pct,0.3,70.05025696427015,0.7,0.5280528715093531
correlation_70pct,0.3,32.220357450183585,0.32,0.560635100530319
correlation_60pct,0.3,44.15077088878989,0.44,0.630456764307803
accuracy_80pct,0.3,85.03092736200924,0.85,0.8156634552079817
accuracy_70pct,0.3,79.03865920295827,0.79,0.7182000306885808
accuracy_60pct,0.3,63.07731840502308,0.63,0.5357393485818425
correlation_70pct,0.3,37.2087596895418,0.37,0.636875970494635
correlation_60pct,0.3,37.18169824968231,0.37,0.5580643186945238
accuracy_80pct,0.3,84.03479328192535,0.84,0.727235670540504
accuracy_70pct,0.3,79.03092736357277,0.79,0.7036830773466304
accuracy_60pct,0.3,72.03865920407509,0.72,0.49412602341978
correlation_70pct,0.3,34.22422336987633,0.34,0.6874051892630658
correlation_60pct,0.3,43.16236864853822,0.43,0.49085371948865236
accuracy_80pct,0.3,89.01932960203754,0.89,0.8766853261801133
accuracy_70pct,0.3,77.05412288306944,0.77,0.7264801159305476
accuracy_60pct,0.3,67.0618547244652,0.67,0.49325027333830573
correlation_70pct,0.3,43.18556416870497,0.43,0.6844526153964317
correlation_60pct,0.3,45.15077088856653,0.45,0.5489588485413563
accuracy_80pct,0.3,83.0270614423165,0.83,0.7304096390657256
accuracy_70pct,0.3,76.05025696315332,0.76,0.6550926277165326
accuracy_60pct,0.3,69.05798880477245,0.69,0.5443620565071982
correlation_70pct,0.3,37.19716192957011,0.37,0.5971538092495485
correlation_60pct,0.3,42.17396640850991,0.42,0.5927786849958752
accuracy_80pct,0.3,87.01159776198196,0.87,0.7519840451477591
accuracy_70pct,0.3,79.0386592027349,0.79,0.6737506995799772
accuracy_60pct,0.3,71.05798880343227,0.71,0.6066065045010987
correlation_70pct,0.3,42.177832329096105,0.42,0.6540247586738052
correlation_60pct,0.3,40.19329600831382,0.4,0.6423760409993428
accuracy_80pct,0.3,82.01159776242869,0.82,0.6293589463740978
accuracy_70pct,0.3,75.03865920385172,0.75,0.6764243453291057
accuracy_60pct,0.3,67.03865920407509,0.67,0.3952151207847051
correlation_70pct,0.3,52.14303904761749,0.52,0.7133615407262363
correlation_60pct,0.3,30.18943009063134,0.3,0.4197273888610568
accuracy_80pct,0.3,86.02706144142303,0.86,0.7718241682443671
accuracy_70pct,0.3,79.05412288329279,0.79,0.8381089742757896
accuracy_60pct,0.3,73.057988803879,0.73,0.6517973666400252
correlation_70pct,0.3,44.1701004885938,0.44,0.6284074126959605
correlation_60pct,0.3,39.14690496909714,0.39,0.48284376971741033
accuracy_80pct,0.3,86.02319552240037,0.86,0.794665162615092
accuracy_70pct,0.3,75.05798880343227,0.75,0.6800809059374929
accuracy_60pct,0.3,68.06572064482803,0.68,0.6228594358952186
correlation_70pct,0.3,46.17783232797929,0.46,0.6720630822520622
correlation_60pct,0.3,36.20489376984906,0.36,0.5969470425479433
accuracy_80pct,0.3,85.02706144253985,0.85,0.8343154622282306
accuracy_70pct,0.3,77.05412288306944,0.77,0.7355177691300189
accuracy_60pct,0.3,69.03865920362836,0.69,0.41265783564240316
correlation_70pct,0.3,40.17783232864939,0.4,0.5415009101466894
correlation_60pct,0.3,37.166234569794504,0.37,0.6315266050488294
accuracy_80pct,0.3,86.02319552195365,0.86,0.8587665902757139
accuracy_70pct,0.3,75.05412288306944,0.75,0.6839818955395728
accuracy_60pct,0.3,67.05412288440962,0.67,0.6391382130469676
correlation_70pct,0.3,42.181698248788855,0.42,0.715732194614806
correlation_60pct,0.3,30.158502731302463,0.3,0.47486403944116745
accuracy_80pct,0.3,86.01932960270763,0.86,0.847502797807915
accuracy_70pct,0.3,79.03865920273492,0.79,0.7194366567590537
accuracy_60pct,0.3,66.06572064572148,0.66,0.6284000208314683
correlation_70pct,0.3,38.18169824945895,0.38,0.6286036981457246
correlation_60pct,0.3,35.16236865054849,0.35,0.4920493010931885
accuracy_80pct,0.3,83.03092736290269,0.83,0.8090186935916159
accuracy_70pct,0.3,76.03865920340499,0.76,0.5693580315933156
accuracy_60pct,0.3,66.06958656496751,0.66,0.5737648378938531
correlation_70pct,0.3,37.173966409850095,0.37,0.5093306180645456
correlation_60pct,0.3,41.15077088923662,0.41,0.4616911324087093
accuracy_80pct,0.3,84.03092736245596,0.84,0.7866572390275749
accuracy_70pct,0.3,78.02319552351719,0.78,0.67359317004249
accuracy_60pct,0.3,67.05798880521918,0.67,0.598812522061587
correlation_70pct,0.3,45.1701004885938,0.45,0.6431492337419452
correlation_60pct,0.3,31.204893770519142,0.31,0.5525654254899232
accuracy_80pct,0.3,83.05025696248323,0.83,0.845788246214466
accuracy_70pct,0.3,77.05025696337668,0.77,0.6663839352991197
accuracy_60pct,0.3,65.09278208535761,0.65,0.5965658255810157
correlation_70pct,0.3,48.17396640783981,0.48,0.684781297127741
correlation_60pct,0.3,39.17396640962672,0.39,0.520717785725909
accuracy_80pct,0.3,84.02706144231648,0.84,0.734565821857929
accuracy_70pct,0.3,75.0463910439073,0.75,0.6948492980354709
accuracy_60pct,0.3,68.05798880432573,0.68,0.536835377033728
correlation_70pct,0.3,44.181698248565496,0.44,0.7051559687915828
correlation_60pct,0.3,39.18556416892832,0.39,0.5993493840696321
accuracy_80pct,0.3,84.00773184206585,0.84,0.6517254986009184
accuracy_70pct,0.3,79.03865920251155,0.79,0.6256440051632033
accuracy_60pct,0.3,66.08505024440859,0.66,0.6221286010087634
correlation_70pct,0.3,49.13917312837147,0.49,0.6415223550316593
correlation_60pct,0.3,37.162368649655036,0.37,0.5177126005768189
accuracy_80pct,0.3,82.02706144209313,0.82,0.6993899901153763
accuracy_70pct,0.3,77.04639104279048,0.77,0.6521087992592741
accuracy_60pct,0.3,68.04252512533137,0.68,0.47301872649343096
correlation_70pct,0.3,43.19329600831382,0.43,0.6855947864591567
correlation_60pct,0.3,35.2048937696257,0.35,0.514859834389225
accuracy_80pct,0.3,85.03479328214871,0.85,0.8525521729215931
accuracy_70pct,0.3,78.0425251228744,0.78,0.7137614214833187
accuracy_60pct,0.3,69.05025696427015,0.69,0.5078831613371817
correlation_70pct,0.3,40.17783232931948,0.4,0.6454364650765254
correlation_60pct,0.3,31.17396641052017,0.31,0.39213787250838933
accuracy_80pct,0.3,90.02319552128357,0.9,0.8661811072008997
accuracy_70pct,0.3,82.03479328214871,0.82,0.7479038475481414
accuracy_60pct,0.3,70.06185472491194,0.7,0.6443241574355436
correlation_70pct,0.3,43.17010048881716,0.43,0.6519154504225514
correlation_60pct,0.3,31.197161930463555,0.31,0.4901138992987194
accuracy_80pct,0.3,86.02319552217702,0.86,0.8423431061174335
accuracy_70pct,0.3,75.0579888032089,0.75,0.7234191748009479
accuracy_60pct,0.3,67.07731840479973,0.67,0.6397755752708905
correlation_70pct,0.3,47.14303904784086,0.47,0.5719282144456342
correlation_60pct,0.3,40.158502729068836,0.4,0.4910701827858424
accuracy_80pct,0.3,87.02319552173029,0.87,0.761695980047037
accuracy_70pct,0.3,77.04252512354446,0.77,0.6925679441337472
accuracy_60pct,0.3,72.07345248421353,0.72,0.7088848418966535
correlation_70pct,0.3,39.189430089067805,0.39,0.552250802483727
correlation_60pct,0.3,42.15463680959946,0.42,0.6258763971979102
accuracy_80pct,0.3,82.03865920251155,0.82,0.7475486220516969
accuracy_70pct,0.3,76.02706144365666,0.76,0.5995579094594617
accuracy_60pct,0.3,73.04252512488465,0.73,0.6624823608745627
correlation_70pct,0.3,43.16623456890106,0.43,0.5476274915914809
correlation_60pct,0.3,37.16623456934778,0.37,0.40339768357041705
accuracy_80pct,0.3,82.02706144253985,0.82,0.7555264913166271
accuracy_70pct,0.3,76.05798880343227,0.76,0.7412272273474753
accuracy_60pct,0.3,68.0618547244652,0.68,0.608816081475428
correlation_70pct,0.3,42.16623456845433,0.42,0.6032853574078391
correlation_60pct,0.3,35.17010048971061,0.35,0.4369989498923475
accuracy_80pct,0.3,87.02706144142304,0.87,0.8129729667176179
accuracy_70pct,0.3,76.038659203405,0.76,0.6128219601969447
accuracy_60pct,0.3,66.06958656519086,0.66,0.5952617959711775
correlation_70pct,0.3,39.17010048993398,0.39,0.6120203650579048
correlation_60pct,0.3,33.18169825079913,0.33,0.4910602395011242
accuracy_80pct,0.3,83.04252512198093,0.83,0.7860104571038216
accuracy_70pct,0.3,79.04639104301384,0.79,0.7620691909454753
accuracy_60pct,0.3,68.06572064415795,0.68,0.5896895887001791
correlation_70pct,0.3,32.18943009107807,0.32,0.5784985616214683
correlation_60pct,0.3,44.11211168851197,0.44,0.4630618874138492
accuracy_80pct,0.3,84.0463910421204,0.84,0.8237356262624455
accuracy_70pct,0.3,72.0579888032089,0.72,0.501551683316476
accuracy_60pct,0.3,70.07731840457637,0.7,0.717143417774514
correlation_70pct,0.3,40.18169824945895,0.4,0.5376681164292284
correlation_60pct,0.3,40.18169824923559,0.4,0.5767727120272482
accuracy_80pct,0.3,84.02706144209313,0.84,0.7795344726980541
accuracy_70pct,0.3,81.04252512265103,0.81,0.7694581824759814
accuracy_60pct,0.3,67.05025696494025,0.67,0.5916988528472931
correlation_70pct,0.3,36.19716193001684,0.36,0.6275945062862124
correlation_60pct,0.3,42.154636808482636,0.42,0.5784046180167615
accuracy_80pct,0.3,87.02319552217702,0.87,0.8631240943715578
accuracy_70pct,0.3,74.04252512376783,0.74,0.5683615452308228
accuracy_60pct,0.3,69.06185472491192,0.69,0.6408493885898306
correlation_70pct,0.3,38.19329600943064,0.38,0.628192890378959
correlation_60pct,0.3,39.18556416937506,0.39,0.5943942898535691
accuracy_80pct,0.3,86.03479328170198,0.86,0.787529591287755
accuracy_70pct,0.3,79.03092736357279,0.79,0.7278249143489273
accuracy_60pct,0.3,70.06572064415795,0.7,0.6081948874891016
correlation_70pct,0.3,36.21649152959739,0.36,0.6579164113567272
correlation_60pct,0.3,36.17396640985008,0.36,0.5149381067953658
accuracy_80pct,0.3,85.03092736178587,0.85,0.7762308886446688
accuracy_70pct,0.3,79.05412288284609,0.79,0.8007186891228302
accuracy_60pct,0.3,69.0657206432645,0.69,0.5418708748344032
correlation_70pct,0.3,41.18556416870496,0.41,0.609894336856566
correlation_60pct,0.3,36.17010048971062,0.36,0.4956877429046248
accuracy_80pct,0.3,85.0309273622326,0.85,0.8329513638962937
accuracy_70pct,0.3,77.03865920295826,0.77,0.6599482331407682
accuracy_60pct,0.3,71.06185472424183,0.71,0.6600088579130344
correlation_70pct,0.3,42.17783232887274,0.42,0.6213404897038048
correlation_60pct,0.3,39.17396640962673,0.39,0.6342671527154838
accuracy_80pct,0.3,83.02319552240037,0.83,0.7680356661863128
accuracy_70pct,0.3,76.04639104279049,0.76,0.6558483528394556
accuracy_60pct,0.3,67.07345248488362,0.67,0.6576605740570087
correlation_70pct,0.3,38.189430089291164,0.38,0.6533012251694922
correlation_60pct,0.3,29.193296010994175,0.29,0.46904412998438766
accuracy_80pct,0.3,86.01932960203754,0.86,0.8232066209699785
accuracy_70pct,0.3,78.04639104256712,0.78,0.6707691115511493
accuracy_60pct,0.3,66.04252512555473,0.66,0.49967924746588144
correlation_70pct,0.3,41.18943008862108,0.41,0.6991114497575749
correlation_60pct,0.3,26.212625611244814,0.26,0.4855699615110906
accuracy_80pct,0.3,82.03479328214871,0.82,0.7457268667217658
accuracy_70pct,0.3,77.05025696270661,0.77,0.6931515850091001
accuracy_60pct,0.3,64.06958656541423,0.64,0.593644734570908
correlation_70pct,0.3,44.173966408509905,0.44,0.6118743985543692
correlation_60pct,0.3,29.201027851273118,0.29,0.5459918557758958
accuracy_80pct,0.3,86.03479328192535,0.86,0.8746457932253021
accuracy_70pct,0.3,75.04639104279049,0.75,0.6129694808504502
accuracy_60pct,0.3,68.06958656519087,0.68,0.7166307752702106
correlation_70pct,0.3,39.19329600898391,0.39,0.6142970951124094
correlation_60pct,0.3,31.19716193024019,0.31,0.48970595649372867
accuracy_80pct,0.3,85.05025696181315,0.85,0.8744046798426731
accuracy_70pct,0.3,76.05412288373952,0.76,0.720613071466314
accuracy_60pct,0.3,73.0309273640195,0.73,0.5124887524542446
correlation_70pct,0.3,46.16236864809148,0.46,0.608412016926087
correlation_60pct,0.3,31.197161930240195,0.31,0.4077271195763764
accuracy_80pct,0.3,84.03479328214871,0.84,0.7798800589562827
accuracy_70pct,0.3,77.0579888032089,0.77,0.757909134286231
accuracy_60pct,0.3,70.06958656385069,0.7,0.5935473247533065
correlation_70pct,0.3,35.208759689765174,0.35,0.6923434607249015
correlation_60pct,0.3,41.17396640873327,0.41,0.5450999301824938
accuracy_80pct,0.3,84.02706144253986,0.84,0.820095913624228
accuracy_70pct,0.3,75.05798880343227,0.75,0.7267722079016996
accuracy_60pct,0.3,69.05798880410237,0.69,0.5436318697893096
correlation_70pct,0.3,42.15850272906883,0.42,0.5933132413500006
correlation_60pct,0.3,36.18169824945895,0.36,0.5276725172395711
accuracy_80pct,0.3,83.02706144276321,0.83,0.8138575874178577
accuracy_70pct,0.3,78.03865920340499,0.78,0.7130548549776649
accuracy_60pct,0.3,69.05798880410237,0.69,0.5855387555011766
correlation_70pct,0.3,36.189430089961256,0.36,0.5878948739075271
correlation_60pct,0.3,41.15850272906883,0.41,0.5898001551925144
accuracy_80pct,0.3,85.03092736245596,0.85,0.8460359938490017
accuracy_70pct,0.3,80.03865920318164,0.8,0.7774754360293114
accuracy_60pct,0.3,72.05412288396288,0.72,0.6318708071024225
correlation_70pct,0.3,42.18943008884443,0.42,0.6728858907525109
correlation_60pct,0.3,40.16623456912442,0.4,0.5878522787815611
accuracy_80pct,0.3,86.02319552150692,0.86,0.7632654783640519
accuracy_70pct,0.3,77.05798880320891,0.77,0.7538568968975186
accuracy_60pct,0.3,67.07731840524644,0.67,0.6932696040556278
correlation_70pct,0.3,40.201027848592766,0.4,0.6014744251456309
correlation_60pct,0.3,37.17396640962673,0.37,0.5172893810317841
accuracy_80pct,0.3,87.01932960159081,0.87,0.7681092911161315
accuracy_70pct,0.3,78.04639104279049,0.78,0.7168302207382571
accuracy_60pct,0.3,72.05025696404678,0.72,0.5775749565984578
correlation_70pct,0.3,40.177832329096105,0.4,0.6163873344477503
correlation_60pct,0.3,35.193296010100724,0.35,0.5357707088088431
accuracy_80pct,0.3,84.03479328214871,0.84,0.7886350991005034
accuracy_70pct,0.3,74.04639104368394,0.74,0.6198891938215687
accuracy_60pct,0.3,68.0695865656376,0.68,0.6654044294204734
correlation_70pct,0.3,46.16236864831485,0.46,0.6343582611244405
correlation_60pct,0.3,37.15077089080016,0.37,0.5341023769329526
accuracy_80pct,0.3,84.0386592027349,0.84,0.8886432710892163
accuracy_70pct,0.3,77.0502569627066,0.77,0.6559264262052786
accuracy_60pct,0.3,73.04252512354446,0.73,0.5676091044669267
correlation_70pct,0.3,40.18169824923558,0.4,0.6214474446682731
correlation_60pct,0.3,55.1121116871718,0.55,0.6161917281437356
accuracy_80pct,0.3,86.0425251222043,0.86,0.8922411927306773
accuracy_70pct,0.3,78.03865920318162,0.78,0.6963026700080638
accuracy_60pct,0.3,68.06572064527475,0.68,0.6338165615790032
correlation_70pct,0.3,33.216491530267476,0.33,0.6114737091505278
correlation_60pct,0.3,32.19716193068692,0.32,0.5113276190264845
accuracy_80pct,0.3,84.02706144253985,0.84,0.8338526895333886
accuracy_70pct,0.3,76.05412288329279,0.76,0.7574906470349292
accuracy_60pct,0.3,65.06185472468857,0.65,0.5398325979745876
correlation_70pct,0.3,46.14303904851094,0.46,0.6288463799982845
correlation_60pct,0.3,34.193296010100724,0.34,0.5289118241616931
accuracy_80pct,0.3,87.03092736178587,0.87,0.8581532859809091
accuracy_70pct,0.3,75.03865920385172,0.75,0.6423805345692807
accuracy_60pct,0.3,72.0657206432645,0.72,0.6103684206638442
correlation_70pct,0.3,44.181698248342116,0.44,0.6866733471417888
correlation_60pct,0.3,38.16236865010176,0.38,0.580638633781138
accuracy_80pct,0.3,83.0463910427905,0.83,0.8622675073263816
accuracy_70pct,0.3,79.04639104323721,0.79,0.6921973891079705
accuracy_60pct,0.3,72.07731840435301,0.72,0.6763080560806912
correlation_70pct,0.3,59.135307205998366,0.59,0.7319409518282023
correlation_60pct,0.3,40.19716192912338,0.4,0.6443275139717082
accuracy_80pct,0.3,86.02319552240039,0.86,0.8623637482466179
accuracy_70pct,0.3,76.05025696292996,0.76,0.7029977587786854
accuracy_60pct,0.3,72.057988803879,0.72,0.6667127612135524
correlation_70pct,0.3,30.208759690435244,0.3,0.5291889191369445
correlation_60pct,0.3,37.19329600920727,0.37,0.6008767715239416
accuracy_80pct,0.3,85.03092736223259,0.85,0.834276750083498
accuracy_70pct,0.3,78.04639104301386,0.78,0.7274059635981918
accuracy_60pct,0.3,72.03479328393561,0.72,0.5689260229160722
correlation_70pct,0.3,31.20489377029578,0.31,0.5056666644113079
correlation_60pct,0.3,32.204893769625684,0.32,0.5129510116338453
accuracy_80pct,0.3,83.03479328237208,0.83,0.7882064337479731
accuracy_70pct,0.3,76.06185472334838,0.76,0.7457689499526935
accuracy_60pct,0.3,72.057988803879,0.72,0.6110259810743064
correlation_70pct,0.3,45.1701004885938,0.45,0.6464762643753397
correlation_60pct,0.3,34.15850273040901,0.34,0.38356744845901797
accuracy_80pct,0.3,87.02706144186976,0.87,0.8143254292023826
accuracy_70pct,0.3,75.06572064371122,0.75,0.7615218338195461
accuracy_60pct,0.3,73.05412288373952,0.73,0.6668938504751449
correlation_70pct,0.3,41.19329600876055,0.41,0.6697241994233993
correlation_60pct,0.3,34.15850273085574,0.34,0.42706605021244204
accuracy_80pct,0.3,83.04639104256714,0.83,0.8751598183158998
accuracy_70pct,0.3,77.05025696360005,0.77,0.741636451164332
accuracy_60pct,0.3,72.05025696360005,0.72,0.5955145336419804
correlation_70pct,0.3,40.19329600920727,0.4,0.6680713657156241
correlation_60pct,0.3,27.201027850826396,0.27,0.3085755483631262
accuracy_80pct,0.3,85.03865920228819,0.85,0.8882415783407366
accuracy_70pct,0.3,76.03092736379614,0.76,0.6469220345264001
accuracy_60pct,0.3,70.077318404353,0.7,0.7127988300027909
correlation_70pct,0.3,45.16623456823096,0.45,0.6344909936124673
correlation_60pct,0.3,37.19329600943064,0.37,0.6315883813785198
accuracy_80pct,0.3,83.03479328214871,0.83,0.7838078679747214
accuracy_70pct,0.3,75.04252512376783,0.75,0.6521618280644125
accuracy_60pct,0.3,69.06958656474413,0.69,0.7042828480611069
correlation_70pct,0.3,45.16623456845433,0.45,0.6641693420251419
correlation_60pct,0.3,36.16623457024124,0.36,0.48498121144500234
accuracy_80pct,0.3,86.04252512198093,0.86,0.8351816915356599
accuracy_70pct,0.3,76.04252512309775,0.76,0.6097213992551428
accuracy_60pct,0.3,71.06185472424183,0.71,0.5686967370099264
correlation_70pct,0.3,37.1894300897379,0.37,0.5557368138266626
correlation_60pct,0.3,34.18943009018462,0.34,0.5578351726460565
accuracy_80pct,0.3,84.03092736267931,0.84,0.837664808788982
accuracy_70pct,0.3,79.03092736312607,0.79,0.6978822096773735
accuracy_60pct,0.3,69.07731840457637,0.69,0.7105795537731908
correlation_70pct,0.3,50.14690496775696,0.5,0.6752798593617261
correlation_60pct,0.3,38.17783232954284,0.38,0.5572187692926641
accuracy_80pct,0.3,82.03092736245597,0.82,0.737948907527543
accuracy_70pct,0.3,77.0425251233211,0.77,0.744585235286786
accuracy_60pct,0.3,69.06958656496751,0.69,0.6896673155681866
correlation_70pct,0.3,43.1701004885938,0.43,0.6125794494454251
correlation_60pct,0.3,36.16623457001787,0.36,0.4959671579904131
accuracy_80pct,0.3,85.01932960203754,0.85,0.7473500170104835
accuracy_70pct,0.3,78.03865920362836,0.78,0.7242758227884231
accuracy_60pct,0.3,67.07731840368291,0.67,0.52238570701881
correlation_70pct,0.3,44.16623456823096,0.44,0.6083394166422619
correlation_60pct,0.3,34.17010049060407,0.34,0.4396949745709701
accuracy_80pct,0.3,87.03865920139472,0.87,0.849400256827389
accuracy_70pct,0.3,72.05025696427015,0.72,0.6284789106692916
accuracy_60pct,0.3,65.06572064482803,0.65,0.4449850115224292
correlation_70pct,0.3,40.19716192890003,0.4,0.6250371278086895
correlation_60pct,0.3,32.19716193046356,0.32,0.42810727235067686
accuracy_80pct,0.3,83.0309273622326,0.83,0.6968562155151837
accuracy_70pct,0.3,76.05412288329279,0.76,0.6958640533499246
accuracy_60pct,0.3,67.05798880499582,0.67,0.5284946860103281
correlation_70pct,0.3,43.1855641684816,0.43,0.6815352637707847
correlation_60pct,0.3,42.154636808482636,0.42,0.47091448586968154
accuracy_80pct,0.3,84.0309273622326,0.84,0.7695615129011446
accuracy_70pct,0.3,82.02319552262375,0.82,0.6563058200161823
accuracy_60pct,0.3,67.08505024485531,0.67,0.6653835538069439
correlation_70pct,0.3,40.20102784903949,0.4,0.6771085071136126
correlation_60pct,0.3,33.20102785015631,0.33,0.5543156871435133
accuracy_80pct,0.3,83.02706144298658,0.83,0.8279073486707743
accuracy_70pct,0.3,79.0579888027622,0.79,0.7728509010914846
accuracy_60pct,0.3,67.07345248399017,0.67,0.546194578894505
correlation_70pct,0.3,42.162368648761586,0.42,0.554525514720425
correlation_60pct,0.3,35.18556417049187,0.35,0.5188053270078808
accuracy_80pct,0.3,81.0347932828188,0.81,0.7661062654180578
accuracy_70pct,0.3,77.03865920340499,0.77,0.7000238332378151
accuracy_60pct,0.3,70.06185472446519,0.7,0.6895447606533327
correlation_70pct,0.3,46.158502728398744,0.46,0.6305885422260741
correlation_60pct,0.3,42.15850272906883,0.42,0.5269470672645274
accuracy_80pct,0.3,86.03092736245597,0.86,0.8608077588847445
accuracy_70pct,0.3,78.05798880320891,0.78,0.805974797399433
accuracy_60pct,0.3,67.0502569651636,0.67,0.5729989413125826
correlation_70pct,0.3,40.1623686498784,0.4,0.5578051815207453
correlation_60pct,0.3,33.20489377029578,0.33,0.5648633632536749
accuracy_80pct,0.3,84.02706144276323,0.84,0.797767529530481
accuracy_70pct,0.3,76.0425251239912,0.76,0.698522208474256
accuracy_60pct,0.3,72.05798880343227,0.72,0.5629271138708287
correlation_70pct,0.3,48.1546368080359,0.48,0.6386524790459936
correlation_60pct,0.3,37.18169824901222,0.37,0.42020821919772616
accuracy_80pct,0.3,85.02319552173029,0.85,0.7377973950862424
accuracy_70pct,0.3,78.04639104323721,0.78,0.7618200287035247
accuracy_60pct,0.3,70.05798880410237,0.7,0.6145845150076888
correlation_70pct,0.3,43.17010048881716,0.43,0.591916966735178
correlation_60pct,0.3,38.18943008973789,0.38,0.551942920590841
accuracy_80pct,0.3,83.02706144276321,0.83,0.7738514292489196
accuracy_70pct,0.3,75.06958656362733,0.75,0.7514096483362175
accuracy_60pct,0.3,69.06185472535864,0.69,0.6801632260411246
correlation_70pct,0.3,38.204893769178966,0.38,0.610146613266361
correlation_60pct,0.3,35.18556416982178,0.35,0.5444425230334506
accuracy_80pct,0.3,81.0309273622326,0.81,0.6797667233410087
accuracy_70pct,0.3,80.03865920251155,0.8,0.7340183136573428
accuracy_60pct,0.3,66.06572064505139,0.66,0.5965065291834536
correlation_70pct,0.3,36.17396641029682,0.36,0.5063855122815484
correlation_60pct,0.3,40.15463680892937,0.4,0.3940242958344861
accuracy_80pct,0.3,85.03865920184145,0.85,0.7981582306339224
accuracy_70pct,0.3,75.05412288306943,0.75,0.5917862858020813
accuracy_60pct,0.3,72.05025696427015,0.72,0.5958338589030833
correlation_70pct,0.3,43.19329600831382,0.43,0.6309903822940464
correlation_60pct,0.3,34.18943009018462,0.34,0.4859598249829147
accuracy_80pct,0.3,81.05025696292996,0.81,0.852444475439754
accuracy_70pct,0.3,77.05025696337668,0.77,0.7342026945840472
accuracy_60pct,0.3,71.0463910439073,0.71,0.6047631777370777
correlation_70pct,0.3,38.193296009654,0.38,0.5974228741222716
correlation_60pct,0.3,31.19716193068692,0.31,0.596906955951192
accuracy_80pct,0.3,84.02319552195365,0.84,0.7305169333060225
accuracy_70pct,0.3,76.05412288351616,0.76,0.7510587281538089
accuracy_60pct,0.3,71.0618547244652,0.71,0.708070311752323
correlation_70pct,0.3,43.19329600831382,0.43,0.7241361149839602
correlation_60pct,0.3,35.18169825012904,0.35,0.542347889562782
accuracy_80pct,0.3,84.03092736245597,0.84,0.7711800500861522
accuracy_70pct,0.3,78.05412288329279,0.78,0.7333452816301175
accuracy_60pct,0.3,67.06185472535866,0.67,0.5893343263005548
correlation_70pct,0.3,37.216491529374025,0.37,0.6905690936425267
correlation_60pct,0.3,35.17783233043629,0.35,0.4354292535205117
accuracy_80pct,0.3,85.01546368212144,0.85,0.7400557152118995
accuracy_70pct,0.3,78.04252512265101,0.78,0.6618456409807845
accuracy_60pct,0.3,71.06572064438132,0.71,0.713809211778733
correlation_70pct,0.3,38.18556416982178,0.38,0.6160079044591247
correlation_60pct,0.3,38.162368649655036,0.38,0.4480803856361447
accuracy_80pct,0.3,82.03479328259544,0.82,0.785727433244136
accuracy_70pct,0.3,77.05025696360005,0.77,0.7653031611378859
accuracy_60pct,0.3,70.05025696382341,0.7,0.5513921110058985
correlation_70pct,0.3,40.201027848816125,0.4,0.6727144389236174
correlation_60pct,0.3,32.20102785082639,0.32,0.5922330089633879
accuracy_80pct,0.3,83.03865920228819,0.83,0.8265239263224333
accuracy_70pct,0.3,76.0463910439073,0.76,0.7320062863252809
accuracy_60pct,0.3,67.06958656474414,0.67,0.6340738110711639
correlation_70pct,0.3,39.19329600943064,0.39,0.6784883556959994
correlation_60pct,0.3,39.15850272996228,0.39,0.5477114035540906
accuracy_80pct,0.3,82.03479328281881,0.82,0.8081237334366338
accuracy_70pct,0.3,78.04639104301386,0.78,0.7132094290644404
accuracy_60pct,0.3,67.0734524837668,0.67,0.49306613369547836
correlation_70pct,0.3,38.18943008973788,0.38,0.6705721209121539
correlation_60pct,0.3,40.185564168704964,0.4,0.6457431165660843
accuracy_80pct,0.3,87.0270614416464,0.87,0.8000169737607074
accuracy_70pct,0.3,75.06572064348785,0.75,0.7071976526691979
accuracy_60pct,0.3,68.05025696516358,0.68,0.4937935249918458
correlation_70pct,0.3,49.154636807812544,0.49,0.6820221495199081
correlation_60pct,0.3,33.19329601010073,0.33,0.4295092740913678
accuracy_80pct,0.3,86.02319552217702,0.86,0.8780165072527172
accuracy_70pct,0.3,75.05025696382341,0.75,0.7663130213747833
accuracy_60pct,0.3,70.06958656429742,0.7,0.7063414413523185
correlation_70pct,0.3,43.15077088923661,0.43,0.6429804151024924
correlation_60pct,0.3,27.18556417138532,0.27,0.4133941673636556
accuracy_80pct,0.3,87.01932960226091,0.87,0.8510246645902075
accuracy_70pct,0.3,73.03479328393563,0.73,0.5941576250467948
accuracy_60pct,0.3,70.04639104413067,0.7,0.5415526181020796
correlation_70pct,0.3,34.20489377029578,0.34,0.6242100859512205
correlation_60pct,0.3,36.17783232998957,0.36,0.5521903366529818
accuracy_80pct,0.3,87.01932960159083,0.87,0.7918874985289452
accuracy_70pct,0.3,77.03479328326551,0.77,0.678101964031193
accuracy_60pct,0.3,69.05798880432573,0.69,0.5915642682581327
correlation_70pct,0.3,44.17396640850991,0.44,0.6358210399303021
correlation_60pct,0.3,42.16236864898495,0.42,0.6131461242969151
accuracy_80pct,0.3,87.02319552217702,0.87,0.874189478830929
accuracy_70pct,0.3,76.04252512354448,0.76,0.7109283029505818
accuracy_60pct,0.3,68.07345248421352,0.68,0.6116768632230563
correlation_70pct,0.3,41.19329600898392,0.41,0.706338298166423
correlation_60pct,0.3,31.19716193001683,0.31,0.479555758794014
accuracy_80pct,0.3,86.04252512198093,0.86,0.8750956856221856
accuracy_70pct,0.3,80.03479328326553,0.8,0.7400850110953456
accuracy_60pct,0.3,68.07731840479973,0.68,0.65502548321897
correlation_70pct,0.3,46.17010048837044,0.46,0.6248787543802024
correlation_60pct,0.3,34.18169825012903,0.34,0.34978029923217907
accuracy_80pct,0.3,85.03092736178587,0.85,0.7894704546009748
accuracy_70pct,0.3,81.0231955228471,0.81,0.6970978319098671
accuracy_60pct,0.3,66.05798880544255,0.66,0.5754268534248824
correlation_70pct,0.3,46.14690496820369,0.46,0.6532415687200753
correlation_60pct,0.3,37.16236865010176,0.37,0.5572792172776939
accuracy_80pct,0.3,83.03865920228819,0.83,0.7755820403890549
accuracy_70pct,0.3,73.05025696427015,0.73,0.6329759824848111
accuracy_60pct,0.3,68.0386592045218,0.68,0.43817163920112384
correlation_70pct,0.3,41.17783232864939,0.41,0.6427593028977246
correlation_60pct,0.3,28.216491531160923,0.28,0.5023052042185872
accuracy_80pct,0.3,85.02319552240039,0.85,0.8013485164368668
accuracy_70pct,0.3,76.04252512354446,0.76,0.6648617379892514
accuracy_60pct,0.3,67.07731840502309,0.67,0.6956776541128491
correlation_70pct,0.3,37.201027849486216,0.37,0.6241602694627861
correlation_60pct,0.3,35.166234570464596,0.35,0.41110679973090375
accuracy_80pct,0.3,87.01159776242869,0.87,0.8201534583215234
accuracy_70pct,0.3,76.04252512376783,0.76,0.6663895389475559
accuracy_60pct,0.3,74.05412288351616,0.74,0.6435436667531538
correlation_70pct,0.3,28.18943009174815,0.28,0.4852327925375395
correlation_60pct,0.3,40.18169824834213,0.4,0.571024905695602
accuracy_80pct,0.3,84.03865920206482,0.84,0.8015868432909006
accuracy_70pct,0.3,78.04252512287438,0.78,0.7184284810763361
accuracy_60pct,0.3,65.08891616477142,0.65,0.6292583740013452
correlation_70pct,0.3,36.19716193001684,0.36,0.6394504122746055
correlation_60pct,0.3,39.177832329096105,0.39,0.5074198276896424
accuracy_80pct,0.3,86.03865920228819,0.86,0.9250543873980732
accuracy_70pct,0.3,78.06185472312502,0.78,0.8302382958958732
accuracy_60pct,0.3,72.05025696337668,0.72,0.5813393982868215
correlation_70pct,0.3,42.18943008862108,0.42,0.6307792834618126
correlation_60pct,0.3,26.208759691328705,0.26,0.47131128241182146
accuracy_80pct,0.3,83.03092736267931,0.83,0.770846779743601
accuracy_70pct,0.3,77.05412288284607,0.77,0.6937160508763003
accuracy_60pct,0.3,70.0579888045491,0.7,0.5836014776063856
correlation_70pct,0.3,40.185564169375056,0.4,0.6267781213208218
correlation_60pct,0.3,44.1585027286221,0.44,0.5222829233176424
accuracy_80pct,0.3,87.0309273622326,0.87,0.880744347973868
accuracy_70pct,0.3,77.05025696292996,0.77,0.656663376514808
accuracy_60pct,0.3,70.06185472468856,0.7,0.7070422919286875
correlation_70pct,0.3,34.19329601032409,0.34,0.4997798351017647
correlation_60pct,0.3,41.18556416892832,0.41,0.6247443720165803
accuracy_80pct,0.3,86.01932960248428,0.86,0.8601004871179869
accuracy_70pct,0.3,78.04639104323721,0.78,0.7817204418127751
accuracy_60pct,0.3,71.04639104435402,0.71,0.6329598643399195
correlation_70pct,0.3,39.18556416937505,0.39,0.6437570655997069
correlation_60pct,0.3,28.19716193068692,0.28,0.49783380786219966
accuracy_80pct,0.3,83.04252512242766,0.83,0.8045843339015638
accuracy_70pct,0.3,72.06572064371122,0.72,0.6309289983565426
accuracy_60pct,0.3,65.07345248488363,0.65,0.5399641128999391
correlation_70pct,0.3,40.204893768732234,0.4,0.6582342145412603
correlation_60pct,0.3,37.18169824968231,0.37,0.4997298647726297
accuracy_80pct,0.3,86.03865920228819,0.86,0.8898750844699796
accuracy_70pct,0.3,74.05412288351617,0.74,0.6528913146605011
accuracy_60pct,0.3,70.06572064527477,0.7,0.7173771064754393
correlation_70pct,0.3,43.166234568901054,0.43,0.6541132733474626
correlation_60pct,0.3,31.193296010770815,0.31,0.5213122894643152
accuracy_80pct,0.3,86.0270614423165,0.86,0.8000305228373593
accuracy_70pct,0.3,75.06958656362733,0.75,0.7554325323320519
accuracy_60pct,0.3,65.05798880544255,0.65,0.5833234738634536
correlation_70pct,0.3,44.20102784814604,0.44,0.6921440344404821
correlation_60pct,0.3,37.18556416959842,0.37,0.60176985606243
accuracy_80pct,0.3,87.02319552195365,0.87,0.8529450892679127
accuracy_70pct,0.3,74.03865920340499,0.74,0.6378334313661181
accuracy_60pct,0.3,74.06185472424184,0.74,0.7927495067916529
correlation_70pct,0.3,33.197161930686924,0.33,0.5897261469962178
correlation_60pct,0.3,35.18169824945894,0.35,0.4678437973341426
accuracy_80pct,0.3,85.0309273622326,0.85,0.8305801516900289
accuracy_70pct,0.3,81.03092736245597,0.81,0.7671846467974869
accuracy_60pct,0.3,68.04639104457739,0.68,0.6083882547447775
correlation_70pct,0.3,43.17783232864938,0.43,0.638089600748901
correlation_60pct,0.3,37.170100489933986,0.37,0.49564050572867907
accuracy_80pct,0.3,86.02319552195365,0.86,0.8449138755617276
accuracy_70pct,0.3,77.04252512287438,0.77,0.6679149012159373
accuracy_60pct,0.3,70.05025696471685,0.7,0.6890437700075878
correlation_70pct,0.3,45.146904968873784,0.45,0.6199192249338263
correlation_60pct,0.3,35.16623456979451,0.35,0.47795925586408555
accuracy_80pct,0.3,88.01546368189807,0.88,0.8392720958828039
accuracy_70pct,0.3,81.04252512287437,0.81,0.7780425477232452
accuracy_60pct,0.3,66.06185472357174,0.66,0.44566969514548715
correlation_70pct,0.3,50.150770887673076,0.5,0.665593845567664
correlation_60pct,0.3,33.18943008996125,0.33,0.4694293592902717
accuracy_80pct,0.3,82.03092736267934,0.82,0.6788569065718276
accuracy_70pct,0.3,82.05412288239935,0.82,0.7990096733853281
accuracy_60pct,0.3,69.06572064482805,0.69,0.6248133179102536
correlation_70pct,0.3,43.166234568901054,0.43,0.5848142656707385
correlation_60pct,0.3,43.17010048904053,0.43,0.519218296831548
accuracy_80pct,0.3,85.02319552195365,0.85,0.8004952154210991
accuracy_70pct,0.3,75.0425251233211,0.75,0.6641005526526434
accuracy_60pct,0.3,70.04639104368395,0.7,0.481451366374258
correlation_70pct,0.3,38.17783232954284,0.38,0.5942461321002327
correlation_60pct,0.3,37.15077088990671,0.37,0.4804626495800451
accuracy_80pct,0.3,89.01546368189807,0.89,0.8467174150877386
accuracy_70pct,0.3,78.05025696337668,0.78,0.7466495340194452
accuracy_60pct,0.3,69.0425251246613,0.69,0.4524420238492645
correlation_70pct,0.3,42.193296008537175,0.42,0.6461847204970268
correlation_60pct,0.3,45.16623456823096,0.45,0.5670826715457674
accuracy_80pct,0.3,83.03092736245597,0.83,0.7438234553349148
accuracy_70pct,0.3,76.06572064348785,0.76,0.7320880346618027
accuracy_60pct,0.3,69.07345248466025,0.69,0.6563837616188783
correlation_70pct,0.3,41.18169824923558,0.41,0.6683284265473594
correlation_60pct,0.3,50.1391731281481,0.5,0.5890901421266418
accuracy_80pct,0.3,86.03479328192535,0.86,0.8651391192633139
accuracy_70pct,0.3,75.03092736334942,0.75,0.6755840007463905
accuracy_60pct,0.3,66.08505024463196,0.66,0.6799518952879172
correlation_70pct,0.3,35.18556417004515,0.35,0.5657809247977198
correlation_60pct,0.3,34.15850273040902,0.34,0.4796836582142199
accuracy_80pct,0.3,86.03092736156252,0.86,0.7736114040097044
accuracy_70pct,0.3,79.0502569627066,0.79,0.7445237867719955
accuracy_60pct,0.3,72.07345248399017,0.72,0.6992973637546696
correlation_70pct,0.3,45.166234568677694,0.45,0.688454908343241
correlation_60pct,0.3,45.158502727505294,0.45,0.5572838430559429
accuracy_80pct,0.3,82.0386592027349,0.82,0.7390491087819028
accuracy_70pct,0.3,79.03865920295829,0.79,0.6733811859867087
accuracy_60pct,0.3,68.06958656474414,0.68,0.5443741052561496
correlation_70pct,0.3,36.197161929793474,0.36,0.5994191560853223
correlation_60pct,0.3,41.1894300890678,0.41,0.5824455372039093
accuracy_80pct,0.3,82.0309273622326,0.82,0.7429592933501467
accuracy_70pct,0.3,79.03865920273492,0.79,0.6709632360127762
accuracy_60pct,0.3,71.04252512376783,0.71,0.5235781589622874
correlation_70pct,0.3,51.13917312792475,0.51,0.6495425305003699
correlation_60pct,0.3,36.18169825012903,0.36,0.512680347887307
accuracy_80pct,0.3,85.03479328192535,0.85,0.7955779963974057
accuracy_70pct,0.3,80.05025696315332,0.8,0.8146733842353041
accuracy_60pct,0.3,63.10437984577604,0.63,0.7246036781009003
correlation_70pct,0.3,38.204893769178966,0.38,0.6445344720542611
correlation_60pct,0.3,37.2048937696257,0.37,0.6219606274739792
accuracy_80pct,0.3,86.03092736200924,0.86,0.8220644996707659
accuracy_70pct,0.3,76.03092736245597,0.76,0.5062802715272631
accuracy_60pct,0.3,73.05412288396289,0.73,0.6289850834906925
correlation_70pct,0.3,50.14690496775697,0.5,0.6667959031294776
correlation_60pct,0.3,44.162368648984945,0.44,0.6311343783178535
accuracy_80pct,0.3,86.02706144209313,0.86,0.8154589637069113
accuracy_70pct,0.3,75.0425251239912,0.75,0.753504398946342
accuracy_60pct,0.3,74.05412288351617,0.74,0.6499499888733126
correlation_70pct,0.3,32.21649153049083,0.32,0.6381714587403662
correlation_60pct,0.3,39.15077088968334,0.39,0.5468401819212184
accuracy_80pct,0.3,85.02319552217702,0.85,0.7744190640546682
accuracy_70pct,0.3,77.03092736357277,0.77,0.6929534820492356
accuracy_60pct,0.3,69.04639104435404,0.69,0.5839602716336194
correlation_70pct,0.3,43.17396640850991,0.43,0.6641293984510664
correlation_60pct,0.3,35.16236865054849,0.35,0.4906063740775919
accuracy_80pct,0.3,84.02706144186976,0.84,0.7271047218474896
accuracy_70pct,0.3,75.06185472379511,0.75,0.7709168366616658
accuracy_60pct,0.3,64.06185472535864,0.64,0.5317752455226871
correlation_70pct,0.3,45.16623456845432,0.45,0.6171344256941312
correlation_60pct,0.3,42.15463680937609,0.42,0.5283260204264038
accuracy_80pct,0.3,87.03479328147861,0.87,0.8601053265369569
accuracy_70pct,0.3,76.038659203405,0.76,0.6408882390898656
accuracy_60pct,0.3,69.0579888045491,0.69,0.5670767824530885
correlation_70pct,0.3,40.18169824923559,0.4,0.633722066894028
correlation_60pct,0.3,34.20102785015631,0.34,0.5320063034244977
accuracy_80pct,0.3,85.01546368189807,0.85,0.6944212972124028
accuracy_70pct,0.3,77.04252512287437,0.77,0.6688110189804566
accuracy_60pct,0.3,70.06958656407406,0.7,0.6303157736029585
correlation_70pct,0.3,35.1932960103241,0.35,0.6345851961580475
correlation_60pct,0.3,40.17783232909611,0.4,0.5713331276533322
accuracy_80pct,0.3,84.02706144253986,0.84,0.8228257622492191
accuracy_70pct,0.3,75.04639104346057,0.75,0.6257062055337538
accuracy_60pct,0.3,73.03479328304216,0.73,0.5109907858514164
correlation_70pct,0.3,38.204893769178966,0.38,0.6533436002669987
correlation_60pct,0.3,35.19716192957011,0.35,0.5208953871453987
accuracy_80pct,0.3,86.0270614423165,0.86,0.8196640933905488
accuracy_70pct,0.3,81.01932960270764,0.81,0.6666232442904179
accuracy_60pct,0.3,69.03865920429845,0.69,0.3643769541155886
correlation_70pct,0.3,30.231955210378636,0.3,0.6504587807825926
correlation_60pct,0.3,34.16623457068796,0.34,0.4315938165096911
accuracy_80pct,0.3,84.02706144253986,0.84,0.8211423299981107
accuracy_70pct,0.3,79.03865920318162,0.79,0.7142466371854026
accuracy_60pct,0.3,70.05412288373952,0.7,0.5346399230265745
correlation_70pct,0.3,41.17396640895664,0.41,0.5910391987141128
correlation_60pct,0.3,41.15463680892936,0.41,0.49823760133828765
accuracy_80pct,0.3,84.02319552217702,0.84,0.6992797272358372
accuracy_70pct,0.3,78.04252512287438,0.78,0.6902330844204769
accuracy_60pct,0.3,67.0734524837668,0.67,0.575921606028174
correlation_70pct,0.3,46.17010048792371,0.46,0.6010818817481828
correlation_60pct,0.3,35.18169825012904,0.35,0.4748405421204719
accuracy_80pct,0.3,85.0270614423165,0.85,0.8180283977004784
accuracy_70pct,0.3,78.0386592027349,0.78,0.6356472164590281
accuracy_60pct,0.3,70.08505024440858,0.7,0.7511972258959996
correlation_70pct,0.3,36.185564170268506,0.36,0.6136478323492329
correlation_60pct,0.3,34.20102785015632,0.34,0.5220427046360223
accuracy_80pct,0.3,82.04639104256712,0.82,0.8156468189040692
accuracy_70pct,0.3,73.05798880343227,0.73,0.6017497804744106
accuracy_60pct,0.3,72.06185472379511,0.72,0.631508915660158
correlation_70pct,0.3,40.177832329096105,0.4,0.6186316447037125
correlation_60pct,0.3,40.17396640918,0.4,0.5974978578892287
accuracy_80pct,0.3,88.01546368189807,0.88,0.796644322073682
accuracy_70pct,0.3,79.05025696315332,0.79,0.7547091477020565
accuracy_60pct,0.3,68.05798880499582,0.68,0.5765230078575803
correlation_70pct,0.3,40.19329600920727,0.4,0.6823866525693174
correlation_60pct,0.3,39.19716192912338,0.39,0.5458216080620865
accuracy_80pct,0.3,85.03865920184145,0.85,0.8239516456443149
accuracy_70pct,0.3,80.03092736245597,0.8,0.6945095775289488
accuracy_60pct,0.3,66.07731840412964,0.66,0.5990190101714948
correlation_70pct,0.3,38.18943008973789,0.38,0.6596604337164604
correlation_60pct,0.3,36.17396641029682,0.36,0.5307231791725886
accuracy_80pct,0.3,84.02706144253986,0.84,0.8070347157808844
accuracy_70pct,0.3,73.05025696315332,0.73,0.6065160115801104
accuracy_60pct,0.3,68.057988803879,0.68,0.510894602043996
correlation_70pct,0.3,43.15463680892936,0.43,0.5686508023761412
correlation_60pct,0.3,41.16236864943167,0.41,0.5788397231788924
accuracy_80pct,0.3,85.0270614423165,0.85,0.8384034709932277
accuracy_70pct,0.3,79.03865920295826,0.79,0.7762135371613559
accuracy_60pct,0.3,70.06958656429742,0.7,0.7023809034790561
correlation_70pct,0.3,40.17783232909611,0.4,0.644198290979719
correlation_60pct,0.3,42.15077088945998,0.42,0.5716234674151917
accuracy_80pct,0.3,83.02706144209313,0.83,0.7576315907765699
accuracy_70pct,0.3,78.03479328304216,0.78,0.6915293885432029
accuracy_60pct,0.3,70.06958656496751,0.7,0.7360054678392618
correlation_70pct,0.3,36.17396641052018,0.36,0.6696434345841595
correlation_60pct,0.3,36.13917312971165,0.36,0.4087311869719137
accuracy_80pct,0.3,86.02706144186976,0.86,0.8076787965808607
accuracy_70pct,0.3,78.04639104279049,0.78,0.749222808676398
accuracy_60pct,0.3,69.06572064460467,0.69,0.615763286235754
correlation_70pct,0.3,42.189430088397714,0.42,0.7036439738720951
correlation_60pct,0.3,38.173966409850095,0.38,0.5964644962060961
accuracy_80pct,0.3,87.00773184161912,0.87,0.7196664339286647
accuracy_70pct,0.3,75.04639104323721,0.75,0.6519248885350711
accuracy_60pct,0.3,70.06185472424184,0.7,0.6582342619116875
correlation_70pct,0.3,36.20489376940233,0.36,0.6318222997360691
correlation_60pct,0.3,33.193296010547456,0.33,0.5504503475206313
accuracy_80pct,0.3,84.04252512242765,0.84,0.8880782684220434
accuracy_70pct,0.3,74.05412288329279,0.74,0.6686377804151902
accuracy_60pct,0.3,68.05798880477245,0.68,0.6114804446162864
correlation_70pct,0.3,38.16623457001787,0.38,0.5698736736244221
correlation_60pct,0.3,38.18169824923558,0.38,0.6201275464720413
accuracy_80pct,0.3,85.03479328170198,0.85,0.793243227504202
accuracy_70pct,0.3,75.05025696315333,0.75,0.6628658221813096
accuracy_60pct,0.3,72.04639104346057,0.72,0.5196032359059779
correlation_70pct,0.3,43.17783232842602,0.43,0.6486905446681972
correlation_60pct,0.3,38.185564169375056,0.38,0.551473401756644
accuracy_80pct,0.3,88.02319552173029,0.88,0.8293424548642686
accuracy_70pct,0.3,83.01546368212144,0.83,0.6732242501967859
accuracy_60pct,0.3,77.05412288306944,0.77,0.7646774673948308
correlation_70pct,0.3,46.17783232797929,0.46,0.6591451598846471
correlation_60pct,0.3,38.185564169375056,0.38,0.518922356875631
accuracy_80pct,0.3,83.05025696270661,0.83,0.883873376880575
accuracy_70pct,0.3,78.04639104323721,0.78,0.6748838980756428
accuracy_60pct,0.3,70.05025696382341,0.7,0.4991759644716261
correlation_70pct,0.3,38.18556416982178,0.38,0.6510152977566176
correlation_60pct,0.3,39.177832328872746,0.39,0.48452476216118995
accuracy_80pct,0.3,86.0309273615625,0.86,0.8274183503740985
accuracy_70pct,0.3,80.02319552329382,0.8,0.7085897506406748
accuracy_60pct,0.3,70.05025696427015,0.7,0.6276908827421294
correlation_70pct,0.3,41.16623456912443,0.41,0.5940522072168372
correlation_60pct,0.3,41.17396640918,0.41,0.6172205303411884
accuracy_80pct,0.3,81.0347932828188,0.81,0.7587431159820329
accuracy_70pct,0.3,75.03092736267934,0.75,0.4349070827386455
accuracy_60pct,0.3,69.07345248466025,0.69,0.6961373694922237
correlation_70pct,0.3,43.166234568901054,0.43,0.6361947583099281
correlation_60pct,0.3,38.17396640962673,0.38,0.5445714646283689
accuracy_80pct,0.3,85.03479328214871,0.85,0.8747472397481704
accuracy_70pct,0.3,78.05412288306943,0.78,0.7965595077416439
accuracy_60pct,0.3,70.04252512421456,0.7,0.5590951187421891
correlation_70pct,0.3,31.189430090184608,0.31,0.46003881148111997
correlation_60pct,0.3,27.18943009130143,0.27,0.48497290260864734
accuracy_80pct,0.3,83.02706144276321,0.83,0.7831989244349001
accuracy_70pct,0.3,79.03479328304218,0.79,0.7162616690647335
accuracy_60pct,0.3,72.04252512376783,0.72,0.6003814625882864
correlation_70pct,0.3,34.17010049082744,0.34,0.5271612939445397
correlation_60pct,0.3,30.185564170491865,0.3,0.44005827631232053
accuracy_80pct,0.3,82.04252512242766,0.82,0.7558166703194671
accuracy_70pct,0.3,81.03865920273492,0.81,0.7873302829410749
accuracy_60pct,0.3,65.07731840502309,0.65,0.5380013469095831
correlation_70pct,0.3,48.166234567784244,0.48,0.6992590305993726
correlation_60pct,0.3,45.131441289209334,0.45,0.6088534032903997
accuracy_80pct,0.3,86.02319552195365,0.86,0.7861748998995658
accuracy_70pct,0.3,79.03479328304216,0.79,0.7090597902668834
accuracy_60pct,0.3,70.05025696494023,0.7,0.5582626892427409
correlation_70pct,0.3,40.19329600898391,0.4,0.6627474636936092
correlation_60pct,0.3,43.162368649208304,0.43,0.5729069109134259
accuracy_80pct,0.3,88.0115977617586,0.88,0.8108707969226345
accuracy_70pct,0.3,77.05412288329279,0.77,0.7598078132528024
accuracy_60pct,0.3,73.05798880343227,0.73,0.6334557998532382
correlation_70pct,0.3,46.177832328202655,0.46,0.7012256103758314
correlation_60pct,0.3,42.18556416803487,0.42,0.5896565581944962
accuracy_80pct,0.3,84.01932960203754,0.84,0.7186965910780829
accuracy_70pct,0.3,74.05025696404678,0.74,0.7151599012095872
accuracy_60pct,0.3,70.04639104435404,0.7,0.5583443783513184
correlation_70pct,0.3,46.15850272772866,0.46,0.6188415980102684
correlation_60pct,0.3,35.18556416982179,0.35,0.5371001557069832
accuracy_80pct,0.3,86.01932960181418,0.86,0.7623035188121872
accuracy_70pct,0.3,79.0347932834889,0.79,0.7396629416614255
accuracy_60pct,0.3,69.05798880477245,0.69,0.5632506873636008
correlation_70pct,0.3,36.20102784926286,0.36,0.6052267749813326
correlation_60pct,0.3,39.166234569571145,0.39,0.5111544159973948
accuracy_80pct,0.3,82.03092736290269,0.82,0.725997951410081
accuracy_70pct,0.3,78.05412288306943,0.78,0.7331942549543388
accuracy_60pct,0.3,67.06572064482803,0.67,0.5851882520314414
correlation_70pct,0.3,36.16623457024124,0.36,0.5827805093787253
correlation_60pct,0.3,31.189430090631337,0.31,0.4877324471346018
accuracy_80pct,0.3,88.02706144186976,0.88,0.8401989484565622
accuracy_70pct,0.3,76.05412288396289,0.76,0.7392236897879114
accuracy_60pct,0.3,69.0618547244652,0.69,0.56552492124711
correlation_70pct,0.3,46.16623456845432,0.46,0.7106795609012895
correlation_60pct,0.3,35.17396641074354,0.35,0.48872555717871685
accuracy_80pct,0.3,86.03479328192535,0.86,0.8339598203244059
accuracy_70pct,0.3,76.05798880343227,0.76,0.7128638433891598
accuracy_60pct,0.3,73.06185472401847,0.73,0.6521534389932341
correlation_70pct,0.3,48.17396640783981,0.48,0.6827235324412492
correlation_60pct,0.3,37.17010048971062,0.37,0.4931855996975499
accuracy_80pct,0.3,84.03092736245597,0.84,0.8182656056625539
accuracy_70pct,0.3,72.0541228832928,0.72,0.6133273315274925
accuracy_60pct,0.3,72.05025696360005,0.72,0.6425659481303184
correlation_70pct,0.3,37.18943008929117,0.37,0.561969451686941
correlation_60pct,0.3,37.15077089035343,0.37,0.5606638276901611
accuracy_80pct,0.3,86.03479328192535,0.86,0.8422145740510945
accuracy_70pct,0.3,81.02706144253986,0.81,0.7083552618188637
accuracy_60pct,0.3,67.07345248399017,0.67,0.5768907632112785
correlation_70pct,0.3,41.166234568677694,0.41,0.49894014810482606
correlation_60pct,0.3,42.13144128898598,0.42,0.48666745319549565
accuracy_80pct,0.3,86.01932960203754,0.86,0.8057074598793542
accuracy_70pct,0.3,75.05412288373952,0.75,0.7139428886823098
accuracy_60pct,0.3,66.06572064527477,0.66,0.5679171537635762
correlation_70pct,0.3,49.15463680781255,0.49,0.6827011745637496
correlation_60pct,0.3,33.204893769849065,0.33,0.60702854425179
accuracy_80pct,0.3,83.03092736200924,0.83,0.7531554280406029
accuracy_70pct,0.3,75.04252512354446,0.75,0.6768727846148705
accuracy_60pct,0.3,68.06185472446519,0.68,0.6564539903753116
correlation_70pct,0.3,37.19329600920727,0.37,0.6066135852982032
correlation_60pct,0.3,29.201027850826392,0.29,0.49252316412404323
accuracy_80pct,0.3,84.04252512242766,0.84,0.8578432557143171
accuracy_70pct,0.3,76.0425251233211,0.76,0.6605360254496927
accuracy_60pct,0.3,67.05025696404678,0.67,0.38436671336191286
correlation_70pct,0.3,54.14303904717076,0.54,0.7458875473101074
correlation_60pct,0.3,36.16236865010177,0.36,0.5099392670491095
accuracy_80pct,0.3,86.02319552150692,0.86,0.7383939479297602
accuracy_70pct,0.3,79.04639104301384,0.79,0.7102586156721462
accuracy_60pct,0.3,70.06958656452079,0.7,0.59478445624792
correlation_70pct,0.3,44.15850272862211,0.44,0.5620049781128028
correlation_60pct,0.3,38.189430089514524,0.38,0.5713600211039467
accuracy_80pct,0.3,88.0309273615625,0.88,0.8104691414893286
accuracy_70pct,0.3,77.03479328393561,0.77,0.6719601834497301
accuracy_60pct,0.3,72.05025696404678,0.72,0.5916686918249024
correlation_70pct,0.3,44.18556416825824,0.44,0.61278473846327
correlation_60pct,0.3,32.20102785060304,0.32,0.5137018105534953
accuracy_80pct,0.3,86.03479328192535,0.86,0.8347114155264388
accuracy_70pct,0.3,80.03479328304216,0.8,0.7598460384022062
accuracy_60pct,0.3,73.03865920362836,0.73,0.548005411599796
correlation_70pct,0.3,40.18169824901223,0.4,0.578585650870796
correlation_60pct,0.3,36.2048937696257,0.36,0.5737944251683055
accuracy_80pct,0.3,82.0463910427905,0.82,0.8306974327543442
accuracy_70pct,0.3,76.0579888032089,0.76,0.7581265806049078
accuracy_60pct,0.3,70.07731840345954,0.7,0.6105927273317293
correlation_70pct,0.3,38.185564169598415,0.38,0.6412489432819725
correlation_60pct,0.3,40.18169824945895,0.4,0.6350781763519172
accuracy_80pct,0.3,84.01546368279152,0.84,0.7532713035572466
accuracy_70pct,0.3,77.0347932828188,0.77,0.5708626853232158
accuracy_60pct,0.3,73.06572064371122,0.73,0.6885157976666632
correlation_70pct,0.3,43.18943008862108,0.43,0.7281677020404882
correlation_60pct,0.3,38.16623457001788,0.38,0.540458597116956
accuracy_80pct,0.3,85.01932960203754,0.85,0.7366831232128045
accuracy_70pct,0.3,79.03865920273492,0.79,0.6772410977230037
accuracy_60pct,0.3,68.05798880499582,0.68,0.5906147702605178
correlation_70pct,0.3,39.189430089067805,0.39,0.5467884201844655
correlation_60pct,0.3,36.17010048971062,0.36,0.4136092083354264
accuracy_80pct,0.3,84.03092736245596,0.84,0.8054171307466541
accuracy_70pct,0.3,78.05798880276218,0.78,0.7188313432859895
accuracy_60pct,0.3,68.07345248466025,0.68,0.5833755115604652
correlation_70pct,0.3,40.1894300890678,0.4,0.6458246542435051
correlation_60pct,0.3,35.19716193001684,0.35,0.46721339814735974
accuracy_80pct,0.3,86.0309273622326,0.86,0.855319598956335
accuracy_70pct,0.3,75.03865920273492,0.75,0.613232435727557
accuracy_60pct,0.3,67.05025696471687,0.67,0.5734043214129642
correlation_70pct,0.3,38.17783232954284,0.38,0.6080175434275336
correlation_60pct,0.3,39.16236864920831,0.39,0.5523548480580056
accuracy_80pct,0.3,83.0347932821487,0.83,0.7784393735285663
accuracy_70pct,0.3,76.05025696337668,0.76,0.729837170169289
accuracy_60pct,0.3,71.04252512421456,0.71,0.5898150933405689
correlation_70pct,0.3,35.18556417026851,0.35,0.5932127632531236
correlation_60pct,0.3,34.20102784993295,0.34,0.6078928863296671
accuracy_80pct,0.3,86.03865920206482,0.86,0.8756307031314599
accuracy_70pct,0.3,79.05025696315332,0.79,0.7717854661653516
accuracy_60pct,0.3,69.05798880432573,0.69,0.5429028592688876
correlation_70pct,0.3,50.16236864764476,0.5,0.6712041727883122
correlation_60pct,0.3,44.16623456845432,0.44,0.590764904437541
accuracy_80pct,0.3,83.02319552240039,0.83,0.7867242757340857
accuracy_70pct,0.3,77.02706144276323,0.77,0.5908294200285761
accuracy_60pct,0.3,75.05412288373952,0.75,0.7384156132193421
correlation_70pct,0.3,46.18556416803487,0.46,0.7508286651818931
correlation_60pct,0.3,44.15850272884548,0.44,0.6281095045630574
accuracy_80pct,0.3,84.04252512198093,0.84,0.7895066528924776
accuracy_70pct,0.3,78.05798880343227,0.78,0.789364926024203
accuracy_60pct,0.3,65.07731840479971,0.65,0.49121382358118587
correlation_70pct,0.3,49.1546368080359,0.49,0.6476436369678231
correlation_60pct,0.3,43.15077088923662,0.43,0.5637304444349143
accuracy_80pct,0.3,85.04639104189704,0.85,0.8802510432206239
accuracy_70pct,0.3,81.04639104301386,0.81,0.7903512533668352
accuracy_60pct,0.3,66.08118432449248,0.66,0.5387028653380451
correlation_70pct,0.3,50.14690496798032,0.5,0.6926838905225638
correlation_60pct,0.3,39.18169824945895,0.39,0.5768879721145971
accuracy_80pct,0.3,86.02319552173029,0.86,0.7603349046629921
accuracy_70pct,0.3,80.03479328281881,0.8,0.7464665052766418
accuracy_60pct,0.3,68.07345248466025,0.68,0.636679578727754
correlation_70pct,0.3,51.16236864742141,0.51,0.7606618531642333
correlation_60pct,0.3,40.16623456934778,0.4,0.5544355638547432
accuracy_80pct,0.3,81.0425251228744,0.81,0.8253433110347982
accuracy_70pct,0.3,77.03479328281881,0.77,0.6560629501182749
accuracy_60pct,0.3,71.05025696449351,0.71,0.6724020716378696
correlation_70pct,0.3,43.17783232887274,0.43,0.6375257052830738
correlation_60pct,0.3,32.19329601010073,0.32,0.46310694430333177
accuracy_80pct,0.3,83.0386592027349,0.83,0.8266760806803773
accuracy_70pct,0.3,75.04252512376783,0.75,0.653176614883509
accuracy_60pct,0.3,76.05025696360005,0.76,0.7297102608808762
correlation_70pct,0.3,33.18943009018462,0.33,0.4657951324347148
correlation_60pct,0.3,37.181698249682306,0.37,0.5706757263995779
accuracy_80pct,0.3,84.04639104234377,0.84,0.8933736013205494
accuracy_70pct,0.3,79.05412288284609,0.79,0.7993222631767589
accuracy_60pct,0.3,70.06185472379511,0.7,0.6390462800895687
correlation_70pct,0.3,39.170100489487254,0.39,0.5727888824228846
correlation_60pct,0.3,31.189430090631337,0.31,0.4842007721280732
accuracy_80pct,0.3,85.0425251215342,0.85,0.8326770557625695
accuracy_70pct,0.3,75.0425251233211,0.75,0.6116378423847693
accuracy_60pct,0.3,73.04252512309775,0.73,0.5113407701639715
correlation_70pct,0.3,47.16623456823096,0.47,0.6745032331909325
correlation_60pct,0.3,29.20102785104975,0.29,0.4540778455716944
accuracy_80pct,0.3,86.04639104189704,0.86,0.8975209893066657
accuracy_70pct,0.3,74.06958656362733,0.74,0.7175891331122651
accuracy_60pct,0.3,70.05798880477246,0.7,0.6064484827031253
correlation_70pct,0.3,40.19329600898391,0.4,0.621090145437799
correlation_60pct,0.3,37.170100489933986,0.37,0.4678720379211361
accuracy_80pct,0.3,87.0309273615625,0.87,0.7982110149415407
accuracy_70pct,0.3,76.06958656295724,0.76,0.7068039567900636
accuracy_60pct,0.3,70.04639104346057,0.7,0.44235688532096423
correlation_70pct,0.3,36.20489376984906,0.36,0.6133492192366173
correlation_60pct,0.3,34.197161929793474,0.34,0.5007316652647854
accuracy_80pct,0.3,87.01159776198196,0.87,0.7429529040367165
accuracy_70pct,0.3,79.02319552262375,0.79,0.6347535370523053
accuracy_60pct,0.3,72.0425251233211,0.72,0.49282550170404915
correlation_70pct,0.3,37.17783232998956,0.37,0.6077555441779794
correlation_60pct,0.3,46.13917312881819,0.46,0.5680371114522802
accuracy_80pct,0.3,85.02706144253986,0.85,0.83517012809313
accuracy_70pct,0.3,77.04252512265101,0.77,0.6453134019876294
accuracy_60pct,0.3,71.05798880410237,0.71,0.6325859904963698
correlation_70pct,0.3,37.1894300897379,0.37,0.6193531759228745
correlation_60pct,0.3,39.17396640940336,0.39,0.5632309614748182
accuracy_80pct,0.3,85.02706144186976,0.85,0.7748069483567143
accuracy_70pct,0.3,75.04639104368394,0.75,0.6946500948334493
accuracy_60pct,0.3,71.04252512376783,0.71,0.5531089906969459
correlation_70pct,0.3,44.17783232842602,0.44,0.6551103310795962
correlation_60pct,0.3,36.20102784970958,0.36,0.6113975121969094
accuracy_80pct,0.3,83.03865920251154,0.83,0.8337868019240758
accuracy_70pct,0.3,77.0309273633494,0.77,0.669038171910104
accuracy_60pct,0.3,66.06958656429742,0.66,0.5782675187704213
correlation_70pct,0.3,48.1430390476175,0.48,0.5247475836814471
correlation_60pct,0.3,29.208759690658614,0.29,0.4929994602603791
accuracy_80pct,0.3,85.02319552195365,0.85,0.7745313441245052
accuracy_70pct,0.3,78.05025696315332,0.78,0.7815556617361491
accuracy_60pct,0.3,66.042525125108,0.66,0.4564217200067034
correlation_70pct,0.3,41.17010048926389,0.41,0.6733741718767782
correlation_60pct,0.3,33.18556417004515,0.33,0.49938837127928337
accuracy_80pct,0.3,88.02706144209313,0.88,0.892834614621597
accuracy_70pct,0.3,77.04639104346059,0.77,0.7001097612598058
accuracy_60pct,0.3,69.06958656474414,0.69,0.5893300131297743
correlation_70pct,0.3,37.18943008951453,0.37,0.48096443661516786
correlation_60pct,0.3,40.17010048881717,0.4,0.48197521591774123
accuracy_80pct,0.3,82.02706144320993,0.82,0.811441825909274
accuracy_70pct,0.3,78.03865920273492,0.78,0.7244025120864274
accuracy_60pct,0.3,69.06185472379511,0.69,0.5606849257940522
correlation_70pct,0.3,41.166234569571145,0.41,0.667262464660164
correlation_60pct,0.3,37.18169824990567,0.37,0.6164605333388593
accuracy_80pct,0.3,86.03092736200924,0.86,0.8100814978137042
accuracy_70pct,0.3,77.04639104323721,0.77,0.7224932200926567
accuracy_60pct,0.3,65.08891616499477,0.65,0.6291337840560445
correlation_70pct,0.3,40.18169824945895,0.4,0.6147217028429317
correlation_60pct,0.3,41.18556416870497,0.41,0.5714978005123074
accuracy_80pct,0.3,83.05025696248325,0.83,0.8460755088357407
accuracy_70pct,0.3,76.05412288373952,0.76,0.7235370707465226
accuracy_60pct,0.3,73.07345248354343,0.73,0.6951499649346048
correlation_70pct,0.3,43.185564168704964,0.43,0.6839683758503405
correlation_60pct,0.3,39.17396640985008,0.39,0.5263643013870688
accuracy_80pct,0.3,84.02319552240039,0.84,0.7578996554700632
accuracy_70pct,0.3,77.06572064348785,0.77,0.8140984894215112
accuracy_60pct,0.3,68.06185472468857,0.68,0.6134693944467892
correlation_70pct,0.3,39.19716192890002,0.39,0.6082565123477184
correlation_60pct,0.3,44.17010048814708,0.44,0.6364940784724323
accuracy_80pct,0.3,84.01932960181418,0.84,0.7146087965011616
accuracy_70pct,0.3,77.0579888032089,0.77,0.7777871992608545
accuracy_60pct,0.3,74.04639104368394,0.74,0.6658954979661377
correlation_70pct,0.3,38.20489376940233,0.38,0.6917931786772232
correlation_60pct,0.3,33.16623457091132,0.33,0.4325104113084747
accuracy_80pct,0.3,82.03092736267932,0.82,0.7615730007577738
accuracy_70pct,0.3,79.03479328192535,0.79,0.5981151852754664
accuracy_60pct,0.3,68.04639104480077,0.68,0.5399925895988245
correlation_70pct,0.3,42.170100489263895,0.42,0.6551097622602804
correlation_60pct,0.3,36.193296009654,0.36,0.5766437146006466
accuracy_80pct,0.3,84.03479328237208,0.84,0.8466309143067321
accuracy_70pct,0.3,78.05025696292996,0.78,0.7767287854135382
accuracy_60pct,0.3,69.05412288396289,0.69,0.5410727813631127
correlation_70pct,0.3,40.18556416892832,0.4,0.6328056723707529
correlation_60pct,0.3,37.19329600920727,0.37,0.5816702150706957
accuracy_80pct,0.3,83.03479328259544,0.83,0.7658958740885087
accuracy_70pct,0.3,73.03092736379614,0.73,0.5273928990071509
accuracy_60pct,0.3,70.0425251233211,0.7,0.41056050945069733
correlation_70pct,0.3,51.1469049675336,0.51,0.6575153940863738
correlation_60pct,0.3,47.13917312814811,0.47,0.5688805160879811
accuracy_80pct,0.3,84.05025696225988,0.84,0.8779816030402214
accuracy_70pct,0.3,79.04252512309775,0.79,0.7270112680112573
accuracy_60pct,0.3,68.08118432449247,0.68,0.6103197108594739
correlation_70pct,0.3,35.201027850156315,0.35,0.5922734684003168
correlation_60pct,0.3,32.19716193046357,0.32,0.5135005755456692
accuracy_80pct,0.3,84.03092736245597,0.84,0.8112235570963401
accuracy_70pct,0.3,77.03092736267932,0.77,0.540809793040719
accuracy_60pct,0.3,70.06958656429742,0.7,0.6577727541581709
correlation_70pct,0.3,32.212625610574726,0.32,0.6013433067823286
correlation_60pct,0.3,34.18169824945895,0.34,0.43429378462694473
accuracy_80pct,0.3,85.0270614423165,0.85,0.8096998027456596
accuracy_70pct,0.3,75.05412288396289,0.75,0.7356587734166241
accuracy_60pct,0.3,71.06185472379511,0.71,0.6100005874882629
correlation_70pct,0.3,41.17396640918,0.41,0.6338419521205925
correlation_60pct,0.3,33.197161930463565,0.33,0.5609075225632115
accuracy_80pct,0.3,88.0309273615625,0.88,0.8824025698977424
accuracy_70pct,0.3,79.02706144276321,0.79,0.6212305659345212
accuracy_60pct,0.3,64.06572064482803,0.64,0.41974831789983025
correlation_70pct,0.3,42.181698249012214,0.42,0.646384010724557
correlation_60pct,0.3,33.18943009063135,0.33,0.4419209247276045
accuracy_80pct,0.3,87.02706144209313,0.87,0.8305884275995487
accuracy_70pct,0.3,77.05025696292995,0.77,0.6494579847704671
accuracy_60pct,0.3,73.05025696382341,0.73,0.6143599855734111
correlation_70pct,0.3,43.20102784836941,0.43,0.6609182435824603
correlation_60pct,0.3,40.177832328872746,0.4,0.4868339417128701
accuracy_80pct,0.3,85.01546368279152,0.85,0.7428898190923837
accuracy_70pct,0.3,76.05025696404678,0.76,0.7067397563842006
accuracy_60pct,0.3,65.06572064460467,0.65,0.386706918454496
correlation_70pct,0.3,40.18169824923557,0.4,0.6416513648070498
correlation_60pct,0.3,37.18169824945895,0.37,0.40823544602234885
accuracy_80pct,0.3,83.03479328281878,0.83,0.830966330333137
accuracy_70pct,0.3,75.0463910439073,0.75,0.6714520732120155
accuracy_60pct,0.3,69.06572064482803,0.69,0.6201470434947933
correlation_70pct,0.3,47.16623456823096,0.47,0.667632759930917
correlation_60pct,0.3,42.16236864943167,0.42,0.5494119908937244
accuracy_80pct,0.3,84.03092736267932,0.84,0.8205124022906206
accuracy_70pct,0.3,80.02319552329382,0.8,0.747252779350129
accuracy_60pct,0.3,64.07731840546982,0.64,0.5688692474004344
correlation_70pct,0.3,43.16236864898495,0.43,0.6389687608629531
correlation_60pct,0.3,36.19716192934675,0.36,0.5511402228257296
accuracy_80pct,0.3,84.03479328259544,0.84,0.8427636919961555
accuracy_70pct,0.3,79.05412288284609,0.79,0.7851599769484526
accuracy_60pct,0.3,73.03865920362836,0.73,0.5784944285224742
correlation_70pct,0.3,49.16623456778424,0.49,0.7023599221429759
correlation_60pct,0.3,28.208759691105335,0.28,0.5378920800096496
accuracy_80pct,0.3,86.02706144231648,0.86,0.7931484499860519
accuracy_70pct,0.3,79.03865920295829,0.79,0.6645829930436945
accuracy_60pct,0.3,65.06572064482803,0.65,0.44170779641437463
correlation_70pct,0.3,41.1971619284533,0.41,0.5849163397687651
correlation_60pct,0.3,42.1701004885938,0.42,0.44299643544892037
accuracy_80pct,0.3,85.02319552240039,0.85,0.7652054643601116
accuracy_70pct,0.3,76.05025696360006,0.76,0.6831860238657039
accuracy_60pct,0.3,70.08505024418523,0.7,0.6398752379134456
correlation_70pct,0.3,43.193296008313816,0.43,0.6203358635362536
correlation_60pct,0.3,31.204893770519142,0.31,0.4670629753805044
accuracy_80pct,0.3,84.04639104234377,0.84,0.8426957884644822
accuracy_70pct,0.3,75.04252512421456,0.75,0.6544357321621334
accuracy_60pct,0.3,73.05025696404678,0.73,0.5690915335330593
correlation_70pct,0.3,43.17010048904052,0.43,0.6507569282157437
correlation_60pct,0.3,44.15077088923661,0.44,0.5426856131550546
accuracy_80pct,0.3,87.0270614416464,0.87,0.7760099215273509
accuracy_70pct,0.3,77.0541228832928,0.77,0.7193240284684304
accuracy_60pct,0.3,67.06958656452079,0.67,0.5627857524352116
correlation_70pct,0.3,49.150770887673076,0.49,0.582997370374977
correlation_60pct,0.3,30.201027850826392,0.3,0.4104910044694501
accuracy_80pct,0.3,85.03092736178587,0.85,0.808990879157474
accuracy_70pct,0.3,73.05798880365563,0.73,0.657781235129366
accuracy_60pct,0.3,72.05025696382341,0.72,0.6031316427584039
correlation_70pct,0.3,45.173966408286546,0.45,0.6783828098043699
correlation_60pct,0.3,33.181698250575764,0.33,0.46854729790413874
accuracy_80pct,0.3,82.02706144298658,0.82,0.8038688970334329
accuracy_70pct,0.3,80.04252512309775,0.8,0.7569338695162158
accuracy_60pct,0.3,69.0502569644935,0.69,0.5679446666033293
correlation_70pct,0.3,35.20102784993294,0.35,0.5416207478141217
correlation_60pct,0.3,46.146904967533594,0.46,0.5787284779988469
accuracy_80pct,0.3,86.02706144186976,0.86,0.8310443469504235
accuracy_70pct,0.3,76.03092736312604,0.76,0.6051510573616555
accuracy_60pct,0.3,71.06958656429742,0.71,0.6593153891857998
correlation_70pct,0.3,34.193296009877365,0.34,0.4844240033695986
correlation_60pct,0.3,36.204893768732234,0.36,0.5421914736288198
accuracy_80pct,0.3,82.03479328281878,0.82,0.7735916074886381
accuracy_70pct,0.3,77.04639104256712,0.77,0.6096204221938325
accuracy_60pct,0.3,68.05025696404678,0.68,0.442914557672245
correlation_70pct,0.3,40.18556416915169,0.4,0.6191551680976022
correlation_60pct,0.3,25.216491531384285,0.25,0.5427717761681327
accuracy_80pct,0.3,86.03092736200924,0.86,0.8632628530808554
accuracy_70pct,0.3,77.05025696360005,0.77,0.7938147516079479
accuracy_60pct,0.3,72.05025696449351,0.72,0.6220294359703498
correlation_70pct,0.3,40.18169824945895,0.4,0.6572522774858364
correlation_60pct,0.3,33.17396641029681,0.33,0.45781103194114886
accuracy_80pct,0.3,87.03479328170198,0.87,0.8397860235359466
accuracy_70pct,0.3,77.04252512354446,0.77,0.6843681440270756
accuracy_60pct,0.3,67.06958656541424,0.67,0.6047760688619294
correlation_70pct,0.3,52.146904967310235,0.52,0.6567732176361571
correlation_60pct,0.3,38.18169824990568,0.38,0.5704636211504991
accuracy_80pct,0.3,84.04639104234376,0.84,0.8574285094377935
accuracy_70pct,0.3,71.03865920496854,0.71,0.6609686728694784
accuracy_60pct,0.3,73.05025696382341,0.73,0.6106849308667176
correlation_70pct,0.3,46.16623456823096,0.46,0.5912193543782908
correlation_60pct,0.3,36.18943008973789,0.36,0.5192078881079428
accuracy_80pct,0.3,84.02706144186976,0.84,0.7474384031262021
accuracy_70pct,0.3,78.03479328326553,0.78,0.737404789376331
accuracy_60pct,0.3,66.05798880477245,0.66,0.5246974894967382
correlation_70pct,0.3,48.14690496775696,0.48,0.6128750129452372
correlation_60pct,0.3,37.166234570241244,0.37,0.5426680491842163
accuracy_80pct,0.3,86.02319552173029,0.86,0.7978033791768484
accuracy_70pct,0.3,73.0309273633494,0.73,0.5444761398693934
accuracy_60pct,0.3,67.07345248466025,0.67,0.6086563991207723
correlation_70pct,0.3,39.16623456979451,0.39,0.5974008172024317
correlation_60pct,0.3,37.15850272973893,0.37,0.4597408997556008
accuracy_80pct,0.3,80.05412288284606,0.8,0.7695331133208886
accuracy_70pct,0.3,78.04252512309775,0.78,0.638068209323813
accuracy_60pct,0.3,68.06958656474416,0.68,0.49743233815201
correlation_70pct,0.3,46.166234568454335,0.46,0.6136632599069399
correlation_60pct,0.3,42.177832329096105,0.42,0.6173871902894669
accuracy_80pct,0.3,87.02706144186976,0.87,0.826512693690143
accuracy_70pct,0.3,80.03865920295827,0.8,0.7451143094400399
accuracy_60pct,0.3,69.07731840435301,0.69,0.6605741117297086
correlation_70pct,0.3,44.166234568677694,0.44,0.6374320388167324
correlation_60pct,0.3,36.18169824923559,0.36,0.44243546326134675
accuracy_80pct,0.3,83.0425251222043,0.83,0.8053734393749329
accuracy_70pct,0.3,79.03865920362836,0.79,0.752947579425334
accuracy_60pct,0.3,77.06185472312504,0.77,0.7804731908280015
correlation_70pct,0.3,38.185564169375056,0.38,0.5049843489979814
correlation_60pct,0.3,44.15850272884548,0.44,0.6060231902184416
accuracy_80pct,0.3,84.0270614423165,0.84,0.7214629062194862
accuracy_70pct,0.3,77.05412288239935,0.77,0.6406755749875327
accuracy_60pct,0.3,72.07345248332007,0.72,0.644554137892827
correlation_70pct,0.3,47.17010048814707,0.47,0.6774209921154264
correlation_60pct,0.3,46.170100487923705,0.46,0.5945784913661537
accuracy_80pct,0.3,85.04252512175756,0.85,0.8417056515059361
accuracy_70pct,0.3,78.04252512354446,0.78,0.7882416999985078
accuracy_60pct,0.3,71.06185472357174,0.71,0.5928173093515117
correlation_70pct,0.3,37.193296008760555,0.37,0.5551769695580199
correlation_60pct,0.3,40.181698248565496,0.4,0.5636452555006344
accuracy_80pct,0.3,84.03479328259544,0.84,0.850320856535726
accuracy_70pct,0.3,74.05412288418626,0.74,0.7072369451550694
accuracy_60pct,0.3,67.06572064482803,0.67,0.6261697157016256
correlation_70pct,0.3,35.201027849932956,0.35,0.6348696228607644
correlation_60pct,0.3,41.1469049699906,0.41,0.577429634241446
accuracy_80pct,0.3,84.03479328237208,0.84,0.7620811879813273
accuracy_70pct,0.3,76.05025696337668,0.76,0.6969982649612021
accuracy_60pct,0.3,69.0734524844369,0.69,0.6258090214521421
correlation_70pct,0.3,38.17783232998957,0.38,0.5554516206234195
correlation_60pct,0.3,43.177832328426014,0.43,0.5755590104263636
accuracy_80pct,0.3,83.03865920206482,0.83,0.7582393091673856
accuracy_70pct,0.3,77.0425251233211,0.77,0.7471742094165289
accuracy_60pct,0.3,68.08505024485531,0.68,0.7016440862616787
correlation_70pct,0.3,38.177832329766204,0.38,0.6017817044953778
correlation_60pct,0.3,36.17396641052018,0.36,0.5293755232928806
accuracy_80pct,0.3,83.03479328304216,0.83,0.828973337022358
accuracy_70pct,0.3,75.04639104413067,0.75,0.6818210334852931
accuracy_60pct,0.3,71.05412288463299,0.71,0.6727586016817393
correlation_70pct,0.3,35.19716193024021,0.35,0.5821379056324237
correlation_60pct,0.3,30.189430091078066,0.3,0.43924443766507487
accuracy_80pct,0.3,83.03865920295827,0.83,0.8408094587938758
accuracy_70pct,0.3,78.06185472312501,0.78,0.7792211346910737
accuracy_60pct,0.3,71.05798880410237,0.71,0.5991957740398524
correlation_70pct,0.3,31.197161930910287,0.31,0.524616941146534
correlation_60pct,0.3,38.17783232954284,0.38,0.5482219170690387
accuracy_80pct,0.3,85.0270614423165,0.85,0.8241538138894134
accuracy_70pct,0.3,77.04639104346057,0.77,0.7465617772134929
accuracy_60pct,0.3,73.05412288396289,0.73,0.6287853298241782
correlation_70pct,0.3,36.193296009877365,0.36,0.5360504672201075
correlation_60pct,0.3,35.19716193001685,0.35,0.5702720245417109
accuracy_80pct,0.3,83.0309273622326,0.83,0.7558788574719003
accuracy_70pct,0.3,81.03865920318162,0.81,0.7971304866397301
accuracy_60pct,0.3,66.06958656429742,0.66,0.5628061996437098
correlation_70pct,0.3,42.16623456890105,0.42,0.7122914021031926
correlation_60pct,0.3,39.15850272973892,0.39,0.556282767868228
accuracy_80pct,0.3,84.04252512242766,0.84,0.8151118201258672
accuracy_70pct,0.3,79.05025696292996,0.79,0.7671284184976139
accuracy_60pct,0.3,72.06185472401847,0.72,0.6259073866571234
correlation_70pct,0.3,41.1855641691517,0.41,0.5681422723238178
correlation_60pct,0.3,30.189430091078066,0.3,0.4543790978607653
accuracy_80pct,0.3,86.02319552217702,0.86,0.7737783685066593
accuracy_70pct,0.3,76.0425251233211,0.76,0.6251717269734943
accuracy_60pct,0.3,68.09278208401744,0.68,0.6620010013832838
correlation_70pct,0.3,49.1623686474214,0.49,0.6616917518472906
correlation_60pct,0.3,49.15463680781254,0.49,0.6409586949004182
accuracy_80pct,0.3,85.02706144186976,0.85,0.7549151698354224
accuracy_70pct,0.3,80.03479328304216,0.8,0.727245039362559
accuracy_60pct,0.3,68.05798880454908,0.68,0.5086187481913743
correlation_70pct,0.3,40.1894300890678,0.4,0.6350333315215323
correlation_60pct,0.3,33.185564170268506,0.33,0.4355093717668187
accuracy_80pct,0.3,85.0270614423165,0.85,0.7691161617249147
accuracy_70pct,0.3,75.04252512376783,0.75,0.591184342889874
accuracy_60pct,0.3,71.05798880365565,0.71,0.5189370493127762
correlation_70pct,0.3,40.20489376873224,0.4,0.6234561665514943
correlation_60pct,0.3,36.17783232998957,0.36,0.4700781510624592
accuracy_80pct,0.3,87.02706144186976,0.87,0.7766318840215056
accuracy_70pct,0.3,80.03865920318162,0.8,0.7103106311321348
accuracy_60pct,0.3,72.06572064415795,0.72,0.5982527615741697
correlation_70pct,0.3,43.20102784836941,0.43,0.7405590723843389
correlation_60pct,0.3,40.17783232909611,0.4,0.47656701079225205
accuracy_80pct,0.3,82.03479328192535,0.82,0.639149393905346
accuracy_70pct,0.3,79.02706144343331,0.79,0.6590558809038095
accuracy_60pct,0.3,68.04639104591757,0.68,0.617219665945937
correlation_70pct,0.3,38.197161929570115,0.38,0.6461572302617079
correlation_60pct,0.3,36.177832329766204,0.36,0.5089702174230185
accuracy_80pct,0.3,86.02706144209313,0.86,0.8526995151736693
accuracy_70pct,0.3,78.0579888027622,0.78,0.7550893150546124
accuracy_60pct,0.3,69.06572064460467,0.69,0.6638328027658603
correlation_70pct,0.3,37.19716192934675,0.37,0.6765347348693742
correlation_60pct,0.3,47.123709448483666,0.47,0.5477657719113361
accuracy_80pct,0.3,84.02319552217702,0.84,0.8067880908913018
accuracy_70pct,0.3,76.05025696337668,0.76,0.7076237971163111
accuracy_60pct,0.3,70.07345248399017,0.7,0.6030449310059961
correlation_70pct,0.3,42.162368649208304,0.42,0.5615808864042318
correlation_60pct,0.3,34.17783233021292,0.34,0.4818327345766628
accuracy_80pct,0.3,89.03092736178587,0.89,0.8944393931623119
accuracy_70pct,0.3,80.0579888027622,0.8,0.8075178453125528
accuracy_60pct,0.3,69.06572064415795,0.69,0.6374415049643805
correlation_70pct,0.3,48.14303904851094,0.48,0.5994021032126234
correlation_60pct,0.3,43.143039049181034,0.43,0.4869581090297587
accuracy_80pct,0.3,88.02319552195365,0.88,0.8639843652253822
accuracy_70pct,0.3,81.03479328259544,0.81,0.7480150547111921
accuracy_60pct,0.3,68.06958656429741,0.68,0.6024684859203506
correlation_70pct,0.3,44.18943008817435,0.44,0.7242457945741373
correlation_60pct,0.3,41.158502729068836,0.41,0.489257346025682
accuracy_80pct,0.3,85.03479328170198,0.85,0.7905288783677518
accuracy_70pct,0.3,76.05412288351616,0.76,0.6864264066078448
accuracy_60pct,0.3,74.05412288329279,0.74,0.5802049037806178
correlation_70pct,0.3,40.181698249012214,0.4,0.587410244642816
correlation_60pct,0.3,46.17010048814708,0.46,0.6674222410241613
accuracy_80pct,0.3,82.03092736267934,0.82,0.7118945766732496
accuracy_70pct,0.3,73.05025696404678,0.73,0.6276201208766182
accuracy_60pct,0.3,70.05025696494023,0.7,0.5624215244243742
correlation_70pct,0.3,41.16623456934778,0.41,0.542757413861342
correlation_60pct,0.3,42.16623456912443,0.42,0.5677231559681924
accuracy_80pct,0.3,85.0309273622326,0.85,0.81926824564635
accuracy_70pct,0.3,77.03865920385172,0.77,0.675476074168481
accuracy_60pct,0.3,73.05412288329279,0.73,0.5513868728760126
correlation_70pct,0.3,39.204893769178966,0.39,0.6670485446853803
correlation_60pct,0.3,31.173966410520173,0.31,0.34891948433376035
accuracy_80pct,0.3,87.02319552173029,0.87,0.8254925566587051
accuracy_70pct,0.3,76.03865920362837,0.76,0.7108467176527224
accuracy_60pct,0.3,72.0541228832928,0.72,0.5659986471591336
correlation_70pct,0.3,42.17010048859379,0.42,0.6044349175056539
correlation_60pct,0.3,36.197161929793474,0.36,0.6391006569038189
accuracy_80pct,0.3,85.02319552240039,0.85,0.7748680981005432
accuracy_70pct,0.3,75.05025696360005,0.75,0.6644403261118961
accuracy_60pct,0.3,73.05412288440962,0.73,0.6943736896265892
correlation_70pct,0.3,33.22422337009969,0.33,0.6288843910046218
correlation_60pct,0.3,42.166234568901054,0.42,0.5669450966472025
accuracy_80pct,0.3,85.02706144186976,0.85,0.7878301144079911
accuracy_70pct,0.3,81.02706144276321,0.81,0.7182624743339621
accuracy_60pct,0.3,65.06572064460467,0.65,0.4877856103166489
correlation_70pct,0.3,47.1816982478954,0.47,0.720482818126907
correlation_60pct,0.3,39.15850272906883,0.39,0.4098066200599803
accuracy_80pct,0.3,82.03479328237208,0.82,0.7223270491561566
accuracy_70pct,0.3,75.05412288373952,0.75,0.7124147921035402
accuracy_60pct,0.3,71.06185472401847,0.71,0.6516675028695292
correlation_70pct,0.3,36.220357449290134,0.36,0.6316382978902286
correlation_60pct,0.3,35.19329601010074,0.35,0.5259003319463037
accuracy_80pct,0.3,84.02706144186976,0.84,0.7686511166175092
accuracy_70pct,0.3,79.04252512265103,0.79,0.7453026736907356
accuracy_60pct,0.3,64.05798880499582,0.64,0.49015369903292483
correlation_70pct,0.3,34.19716193001684,0.34,0.5800260789302465
correlation_60pct,0.3,40.14303904940439,0.4,0.4790017583619749
accuracy_80pct,0.3,83.02706144253986,0.83,0.7330103768911662
accuracy_70pct,0.3,74.04639104323721,0.74,0.5501919313825829
accuracy_60pct,0.3,73.06958656385069,0.73,0.7273554279765515
correlation_70pct,0.3,49.154636807812544,0.49,0.6383049172692523
correlation_60pct,0.3,32.201027850603026,0.32,0.564896881427215
accuracy_80pct,0.3,85.01932960226091,0.85,0.759409575503384
accuracy_70pct,0.3,76.05412288351616,0.76,0.6616130534817408
accuracy_60pct,0.3,67.09664800505035,0.67,0.6914344607270616
correlation_70pct,0.3,37.21649152915066,0.37,0.5587774253446035
correlation_60pct,0.3,38.158502729962294,0.38,0.5066700571982531
accuracy_80pct,0.3,86.03092736200924,0.86,0.8247610673802955
accuracy_70pct,0.3,75.0463910427905,0.75,0.6093897912559423
accuracy_60pct,0.3,65.06185472535864,0.65,0.5083411367602118
correlation_70pct,0.3,44.17010048814707,0.44,0.5858552315603827
correlation_60pct,0.3,31.201027850603033,0.31,0.5555190034845935
accuracy_80pct,0.3,84.03092736200924,0.84,0.7805854550874235
accuracy_70pct,0.3,78.04639104346057,0.78,0.7653215147423617
accuracy_60pct,0.3,74.05025696315332,0.74,0.676441900734151
correlation_70pct,0.3,42.16623456912442,0.42,0.6247283986507519
correlation_60pct,0.3,42.17010048814707,0.42,0.5848787842502658
accuracy_80pct,0.3,83.03092736267932,0.83,0.811165816349305
accuracy_70pct,0.3,74.05025696404678,0.74,0.7582626785340847
accuracy_60pct,0.3,68.05412288351617,0.68,0.5444478231265494
correlation_70pct,0.3,35.20102785015631,0.35,0.6688020552897466
correlation_60pct,0.3,38.19716192934675,0.38,0.6104913034983305
accuracy_80pct,0.3,84.0270614423165,0.84,0.7622949822803127
accuracy_70pct,0.3,76.03865920407509,0.76,0.7047640337014583
accuracy_60pct,0.3,66.06572064438132,0.66,0.4846803569374656
correlation_70pct,0.3,37.1894300897379,0.37,0.635916090172785
correlation_60pct,0.3,34.17010049060407,0.34,0.4127541807288051
accuracy_80pct,0.3,81.04252512242766,0.81,0.750788564906999
accuracy_70pct,0.3,75.0425251239912,0.75,0.7235633547201842
accuracy_60pct,0.3,71.05025696449351,0.71,0.6519781748342443
correlation_70pct,0.3,51.1469049675336,0.51,0.7088051646133119
correlation_60pct,0.3,35.170100490157346,0.35,0.5264155048708955
accuracy_80pct,0.3,86.0309273615625,0.86,0.7937489043776901
accuracy_70pct,0.3,79.04252512242765,0.79,0.6431529942482309
accuracy_60pct,0.3,72.05025696382341,0.72,0.5295227459534624
correlation_70pct,0.3,44.15850272884548,0.44,0.6031025393200597
correlation_60pct,0.3,34.19716193046357,0.34,0.5595990439205463
accuracy_80pct,0.3,85.0231955228471,0.85,0.8352956150496711
accuracy_70pct,0.3,77.04252512354446,0.77,0.6542370847860063
accuracy_60pct,0.3,70.06185472424183,0.7,0.5907805212327665
correlation_70pct,0.3,40.17783232931948,0.4,0.6292606243657004
correlation_60pct,0.3,35.18556416982179,0.35,0.5311026227686434
accuracy_80pct,0.3,85.0309273615625,0.85,0.8057241988601325
accuracy_70pct,0.3,79.0347932828188,0.79,0.6743876753601913
accuracy_60pct,0.3,67.06185472535866,0.67,0.6405283370512284
correlation_70pct,0.3,35.2048937696257,0.35,0.61890469068569
correlation_60pct,0.3,40.170100489487254,0.4,0.594471958956947
accuracy_80pct,0.3,83.0425251222043,0.83,0.7870608220455105
accuracy_70pct,0.3,79.06572064326448,0.79,0.849739101929816
accuracy_60pct,0.3,68.07731840502308,0.68,0.6573538072947931
correlation_70pct,0.3,48.17010048770034,0.48,0.6946620809504473
correlation_60pct,0.3,51.12757536772969,0.51,0.5448288844422458
accuracy_80pct,0.3,87.03479328192535,0.87,0.8799411244845017
accuracy_70pct,0.3,77.04639104323721,0.77,0.749609071365269
accuracy_60pct,0.3,71.05798880432573,0.71,0.6876727028501515
correlation_70pct,0.3,39.189430089291164,0.39,0.6240139864064006
correlation_60pct,0.3,32.166234570911314,0.32,0.4304292199740895
accuracy_80pct,0.3,88.02319552173029,0.88,0.8272710933374857
accuracy_70pct,0.3,77.0463910439073,0.77,0.7452512188710166
accuracy_60pct,0.3,69.05412288440961,0.69,0.5850812297360225
correlation_70pct,0.3,48.150770888119794,0.48,0.699817443719319
correlation_60pct,0.3,35.17783233021292,0.35,0.5720963680144348
accuracy_80pct,0.3,83.0425251222043,0.83,0.7595449811249972
accuracy_70pct,0.3,77.0425251233211,0.77,0.6402510973424563
accuracy_60pct,0.3,66.06185472513529,0.66,0.5526905175326721
correlation_70pct,0.3,42.18169824878886,0.42,0.620877106246949
correlation_60pct,0.3,40.19329600898391,0.4,0.6231723513459125
accuracy_80pct,0.3,87.04252512175756,0.87,0.9102909193056224
accuracy_70pct,0.3,78.04639104234377,0.78,0.593779791935656
accuracy_60pct,0.3,71.06572064393458,0.71,0.6197111670492718
correlation_70pct,0.3,42.18556416892832,0.42,0.6019188528789948
correlation_60pct,0.3,41.17010048881716,0.41,0.5066375505596534
accuracy_80pct,0.3,85.03479328259544,0.85,0.8651833951022706
accuracy_70pct,0.3,77.04252512354446,0.77,0.7380005189108952
accuracy_60pct,0.3,69.06958656429742,0.69,0.6654314412776973
correlation_70pct,0.3,34.20102785015631,0.34,0.5963853554461278
correlation_60pct,0.3,40.13530721001891,0.4,0.5189625742971875
accuracy_80pct,0.3,81.03865920251155,0.81,0.7399957497661729
accuracy_70pct,0.3,79.03865920295827,0.79,0.6736597264232298
accuracy_60pct,0.3,68.07345248466024,0.68,0.6208514423759706
correlation_70pct,0.3,40.189430089291164,0.4,0.6416439302546636
correlation_60pct,0.3,39.16236865010176,0.39,0.5173146986036279
accuracy_80pct,0.3,86.01932960226091,0.86,0.7766712090558568
accuracy_70pct,0.3,80.05025696248323,0.8,0.7372293379852524
accuracy_60pct,0.3,73.05025696315332,0.73,0.6008016311802388
correlation_70pct,0.3,35.189430090184615,0.35,0.561798821057479
correlation_60pct,0.3,41.16623456912442,0.41,0.5540554125188648
accuracy_80pct,0.3,86.03092736200924,0.86,0.8052740900877586
accuracy_70pct,0.3,75.05798880343227,0.75,0.6682677269236726
accuracy_60pct,0.3,68.06185472424184,0.68,0.4670743855871881
correlation_70pct,0.3,47.158502727952026,0.47,0.5594667713360233
correlation_60pct,0.3,46.1662345680076,0.46,0.6015349767158122
accuracy_80pct,0.3,82.05025696225988,0.82,0.7927820140433609
accuracy_70pct,0.3,74.0502569633767,0.74,0.5710826115598373
accuracy_60pct,0.3,69.06185472424184,0.69,0.583420286044801
correlation_70pct,0.3,50.1623686474214,0.5,0.6998683078858197
correlation_60pct,0.3,43.16623456912441,0.43,0.6035211438366017
accuracy_80pct,0.3,84.03092736178587,0.84,0.7550096296723181
accuracy_70pct,0.3,76.05025696337668,0.76,0.6688833388096475
accuracy_60pct,0.3,71.07345248399017,0.71,0.6449724515494227
correlation_70pct,0.3,40.1894300890678,0.4,0.6307628099394577
correlation_60pct,0.3,37.170100489933986,0.37,0.4581273379214665
accuracy_80pct,0.3,87.03092736178587,0.87,0.8570206919106176
accuracy_70pct,0.3,75.05412288306943,0.75,0.6436340246408829
accuracy_60pct,0.3,71.08118432404575,0.71,0.7324039224402177
correlation_70pct,0.3,38.20102784948622,0.38,0.6032767839136267
correlation_60pct,0.3,33.20102785015631,0.33,0.5178146415485614
accuracy_80pct,0.3,85.02706144186976,0.85,0.7936408773705537
accuracy_70pct,0.3,75.05798880343228,0.75,0.7007665681664471
accuracy_60pct,0.3,67.06958656541424,0.67,0.6754712479457607
correlation_70pct,0.3,44.15463680892937,0.44,0.6087180392539918
correlation_60pct,0.3,46.13917312859484,0.46,0.5990912520372544
accuracy_80pct,0.3,83.03092736200924,0.83,0.7006939763892035
accuracy_70pct,0.3,75.03865920385172,0.75,0.6165343866594934
accuracy_60pct,0.3,66.06572064549813,0.66,0.5625774405865306
correlation_70pct,0.3,43.185564168704964,0.43,0.6694188737276178
correlation_60pct,0.3,35.18169825012904,0.35,0.5455726069840962
accuracy_80pct,0.3,87.04639104189704,0.87,0.9274457137580918
accuracy_70pct,0.3,74.0502569633767,0.74,0.6317871409649455
accuracy_60pct,0.3,69.06185472468857,0.69,0.6380054683812697
correlation_70pct,0.3,51.154636807589185,0.51,0.6947140963859887
correlation_60pct,0.3,44.16236864831487,0.44,0.5948889428503198
accuracy_80pct,0.3,83.0270614423165,0.83,0.6518457224678899
accuracy_70pct,0.3,80.03092736357277,0.8,0.7443682497059565
accuracy_60pct,0.3,64.08505024530204,0.64,0.5083583651027122
correlation_70pct,0.3,44.17783232864939,0.44,0.5534176266348363
correlation_60pct,0.3,38.17783232931947,0.38,0.48178744755129466
accuracy_80pct,0.3,84.01159776287541,0.84,0.6839000974107969
accuracy_70pct,0.3,78.06572064304112,0.78,0.7682945624336476
accuracy_60pct,0.3,68.06958656452079,0.68,0.5042556753215548
correlation_70pct,0.3,53.14690496708687,0.53,0.7031314875085811
correlation_60pct,0.3,41.154636809376086,0.41,0.46757331529765955
accuracy_80pct,0.3,85.0309273622326,0.85,0.8299883989879407
accuracy_70pct,0.3,78.03865920228819,0.78,0.640501588589508
accuracy_60pct,0.3,68.05025696494025,0.68,0.6160941202696139
correlation_70pct,0.3,41.173966408956645,0.41,0.597694961288994
correlation_60pct,0.3,43.12370944870703,0.43,0.44124263701102223
accuracy_80pct,0.3,86.01932960226091,0.86,0.7922234565646966
accuracy_70pct,0.3,79.0309273633494,0.79,0.6927923768402482
accuracy_60pct,0.3,68.06185472491192,0.68,0.5309629231638671
correlation_70pct,0.3,43.19329600853719,0.43,0.701667252555928
correlation_60pct,0.3,33.18169825102249,0.33,0.4430191374072635
accuracy_80pct,0.3,83.03479328259544,0.83,0.7951047315286464
accuracy_70pct,0.3,79.04252512309776,0.79,0.774835667107648
accuracy_60pct,0.3,75.06185472290166,0.75,0.6866699570506296
correlation_70pct,0.3,43.170100488593796,0.43,0.5540769335992786
correlation_60pct,0.3,32.19329601032409,0.32,0.47508149385802545
accuracy_80pct,0.3,86.02706144186976,0.86,0.793818606006977
accuracy_70pct,0.3,77.0502569627066,0.77,0.7109932689598207
accuracy_60pct,0.3,69.05798880432572,0.69,0.6184386398511984
correlation_70pct,0.3,44.1430390487343,0.44,0.5460116078979229
correlation_60pct,0.3,38.17396640918,0.38,0.4791332166390393
accuracy_80pct,0.3,84.03092736245596,0.84,0.7860772198743508
accuracy_70pct,0.3,78.04252512354446,0.78,0.6851586264520024
accuracy_60pct,0.3,66.07345248510698,0.66,0.6108844198322485
correlation_70pct,0.3,41.1855641691517,0.41,0.6118652596647648
correlation_60pct,0.3,32.19329601077081,0.32,0.49888829629747644
accuracy_80pct,0.3,83.03092736245597,0.83,0.7383296511853091
accuracy_70pct,0.3,78.0502569633767,0.78,0.7111775590460365
accuracy_60pct,0.3,72.05412288440962,0.72,0.6387080660233571
correlation_70pct,0.3,43.18943008839771,0.43,0.6845207883298549
correlation_60pct,0.3,32.20489377051915,0.32,0.46209964464215947
accuracy_80pct,0.3,84.03479328237208,0.84,0.800323367870029
accuracy_70pct,0.3,75.04639104413067,0.75,0.6821192830018223
accuracy_60pct,0.3,66.05412288574979,0.66,0.5634385285689079
correlation_70pct,0.3,43.15077088901325,0.43,0.5458253697490638
correlation_60pct,0.3,42.16623456912442,0.42,0.6329127230524693
accuracy_80pct,0.3,84.0386592027349,0.84,0.8799461075897136
accuracy_70pct,0.3,77.05412288284607,0.77,0.7047913370950565
accuracy_60pct,0.3,68.05798880454908,0.68,0.5973467840543206
correlation_70pct,0.3,44.166234568677694,0.44,0.6683543920095717
correlation_60pct,0.3,34.193296010100724,0.34,0.5713184249781978
accuracy_80pct,0.3,89.01932960136745,0.89,0.8471290359040415
accuracy_70pct,0.3,76.05798880320891,0.76,0.6993506654481855
accuracy_60pct,0.3,71.05412288485635,0.71,0.6693984886931111
correlation_70pct,0.3,36.20875968931844,0.36,0.6097422291920075
correlation_60pct,0.3,37.135307210242274,0.37,0.45591221740384325
accuracy_80pct,0.3,88.02706144186976,0.88,0.8408490745863777
accuracy_70pct,0.3,76.05798880343228,0.76,0.7306018641500912
accuracy_60pct,0.3,67.06572064393458,0.67,0.47085846286368654
correlation_70pct,0.3,48.154636807812544,0.48,0.658698763586991
correlation_60pct,0.3,34.19716193001684,0.34,0.5717281702738747
accuracy_80pct,0.3,85.0309273615625,0.85,0.7758506717771348
accuracy_70pct,0.3,73.05025696315334,0.73,0.565698025900806
accuracy_60pct,0.3,71.06185472424184,0.71,0.6727537322223713
correlation_70pct,0.3,40.170100489487254,0.4,0.6209506872053897
correlation_60pct,0.3,41.17783232864939,0.41,0.5709773102742106
accuracy_80pct,0.3,83.03865920228819,0.83,0.798325416285167
accuracy_70pct,0.3,75.06185472357176,0.75,0.6881669930329486
accuracy_60pct,0.3,71.06185472446519,0.71,0.6857731925927774
correlation_70pct,0.3,42.19329600876055,0.42,0.6712373322775735
correlation_60pct,0.3,40.17783232909611,0.4,0.5708539399885741
accuracy_80pct,0.3,87.02706144186976,0.87,0.8042990243322267
accuracy_70pct,0.3,78.0425251228744,0.78,0.7006335844124509
accuracy_60pct,0.3,73.06958656385069,0.73,0.6799324876507437
correlation_70pct,0.3,44.17396640850991,0.44,0.6254814259429351
correlation_60pct,0.3,42.173966408733264,0.42,0.5517964895464929
accuracy_80pct,0.3,84.0309273622326,0.84,0.7788149859443434
accuracy_70pct,0.3,73.06958656407406,0.73,0.7192741287722686
accuracy_60pct,0.3,65.05412288485634,0.65,0.40985735655054756
correlation_70pct,0.3,45.1701004885938,0.45,0.6651335787925041
correlation_60pct,0.3,43.154636809152734,0.43,0.5494127393990763
accuracy_80pct,0.3,83.03479328259544,0.83,0.7568310447519044
accuracy_70pct,0.3,76.05412288396289,0.76,0.7263143595215682
accuracy_60pct,0.3,71.05025696337668,0.71,0.5163970560671924
correlation_70pct,0.3,41.19329600853719,0.41,0.5974783691099919
correlation_60pct,0.3,36.20875968954181,0.36,0.6201897217047375
accuracy_80pct,0.3,83.03479328214871,0.83,0.8008766555767548
accuracy_70pct,0.3,75.03479328304216,0.75,0.6317148022365708
accuracy_60pct,0.3,72.05025696360005,0.72,0.6507162539239727
correlation_70pct,0.3,42.1469049693205,0.42,0.6793478072158143
correlation_60pct,0.3,43.14690496887378,0.43,0.6322349548304812
accuracy_80pct,0.3,85.03479328214871,0.85,0.8526685375481092
accuracy_70pct,0.3,80.04639104323721,0.8,0.7961651620650001
accuracy_60pct,0.3,71.03865920429845,0.71,0.5317234366673956
correlation_70pct,0.3,44.181698248565496,0.44,0.6723397841443934
correlation_60pct,0.3,27.22422337099314,0.27,0.4879528456321343
accuracy_80pct,0.3,86.02706144209313,0.86,0.8508429666953984
accuracy_70pct,0.3,78.0231955228471,0.78,0.6017170542687016
accuracy_60pct,0.3,68.06958656407406,0.68,0.500325481759654
correlation_70pct,0.3,51.150770887226344,0.51,0.6443556545704169
correlation_60pct,0.3,39.17010048926389,0.39,0.5415523599605253
accuracy_80pct,0.3,85.03479328214871,0.85,0.8160486867524013
accuracy_70pct,0.3,78.03092736334942,0.78,0.6153798531418857
accuracy_60pct,0.3,72.05412288440962,0.72,0.6451611707599856
correlation_70pct,0.3,42.18556416870497,0.42,0.6457873917434562
correlation_60pct,0.3,42.17783232887275,0.42,0.5868272294004132
accuracy_80pct,0.3,84.02319552195365,0.84,0.6971228793764113
accuracy_70pct,0.3,77.03479328348888,0.77,0.6926904523616763
accuracy_60pct,0.3,73.06185472379511,0.73,0.691950392084164
correlation_70pct,0.3,46.154636808482636,0.46,0.6382185738198103
correlation_60pct,0.3,41.162368649655036,0.41,0.5965328251736183
accuracy_80pct,0.3,89.02319552150692,0.89,0.8573820731400166
accuracy_70pct,0.3,82.03479328326553,0.82,0.8267597241556115
accuracy_60pct,0.3,68.05798880499582,0.68,0.5757484777177041
correlation_70pct,0.3,45.18556416825824,0.45,0.7152876188886366
correlation_60pct,0.3,30.181698251469207,0.3,0.4511302092645117
accuracy_80pct,0.3,84.03865920228819,0.84,0.8266213001441575
accuracy_70pct,0.3,75.05025696382341,0.75,0.6693966027438198
accuracy_60pct,0.3,73.04639104435404,0.73,0.6494163193156816
correlation_70pct,0.3,41.17783232931947,0.41,0.6551278796689634
correlation_60pct,0.3,32.18169825012904,0.32,0.3910177507151912
accuracy_80pct,0.3,84.03092736200924,0.84,0.7352397513242815
accuracy_70pct,0.3,77.04639104368394,0.77,0.7066590317067424
accuracy_60pct,0.3,70.08118432426912,0.7,0.6934179077694775
correlation_70pct,0.3,43.17010048837044,0.43,0.5719846060766144
correlation_60pct,0.3,40.197161928900016,0.4,0.6463201489503299
accuracy_80pct,0.3,86.03479328192535,0.86,0.8203308619317311
accuracy_70pct,0.3,78.03092736267932,0.78,0.608288975230478
accuracy_60pct,0.3,72.05798880365563,0.72,0.6165159938160435
correlation_70pct,0.3,52.13917312770138,0.52,0.7468815087157956
correlation_60pct,0.3,41.17010048904052,0.41,0.5751228211020938
accuracy_80pct,0.3,83.03865920206482,0.83,0.7042870951004604
accuracy_70pct,0.3,79.05412288284607,0.79,0.7687307579364248
accuracy_60pct,0.3,72.05412288396289,0.72,0.5809501324823482
correlation_70pct,0.3,44.17396640850991,0.44,0.6328253624570281
correlation_60pct,0.3,40.158502729292195,0.4,0.5358805900704964
accuracy_80pct,0.3,85.02319552195365,0.85,0.7326651606921025
accuracy_70pct,0.3,77.04639104301386,0.77,0.6296746267250607
accuracy_60pct,0.3,74.06572064393458,0.74,0.7100481554779232
correlation_70pct,0.3,45.189430088174355,0.45,0.7020462285341583
correlation_60pct,0.3,28.212625611021444,0.28,0.47303566686321225
accuracy_80pct,0.3,84.02319552240037,0.84,0.7740713313603242
accuracy_70pct,0.3,76.0425251239912,0.76,0.6963675973848222
accuracy_60pct,0.3,65.06572064460468,0.65,0.46557933803449647
correlation_70pct,0.3,40.18943008884444,0.4,0.6836715799462678
correlation_60pct,0.3,27.22035745085367,0.27,0.5135305775854277
accuracy_80pct,0.3,86.03092736200924,0.86,0.8154666500148383
accuracy_70pct,0.3,79.03865920295827,0.79,0.7186640671060165
accuracy_60pct,0.3,73.0463910427905,0.73,0.5163208343558414
correlation_70pct,0.3,49.166234567784244,0.49,0.7002455877010005
correlation_60pct,0.3,44.15077088901325,0.44,0.5710680841688366
accuracy_80pct,0.3,83.05025696248325,0.83,0.8800718094550443
accuracy_70pct,0.3,80.05025696225988,0.8,0.6789864016923572
accuracy_60pct,0.3,70.05412288440962,0.7,0.6022876551113591
correlation_70pct,0.3,36.193296009654,0.36,0.6237196207062459
correlation_60pct,0.3,35.16236865077185,0.35,0.4746392394344014
accuracy_80pct,0.3,82.0309273622326,0.82,0.7081791958734299
accuracy_70pct,0.3,73.04639104346059,0.73,0.5700589903836076
accuracy_60pct,0.3,71.08118432404575,0.71,0.7255463771499583
correlation_70pct,0.3,50.139173128148116,0.5,0.6778679253985626
correlation_60pct,0.3,36.17783232998956,0.36,0.5355926330301792
accuracy_80pct,0.3,85.03092736200924,0.85,0.7400073092056116
accuracy_70pct,0.3,81.03865920295827,0.81,0.699823810795262
accuracy_60pct,0.3,68.07731840412963,0.68,0.551451364474086
correlation_70pct,0.3,33.21262561035137,0.33,0.6585577405721735
correlation_60pct,0.3,38.177832329989556,0.38,0.5827617428760853
accuracy_80pct,0.3,85.03092736245597,0.85,0.8430155378808665
accuracy_70pct,0.3,75.04639104435404,0.75,0.769539745873807
accuracy_60pct,0.3,65.0734524848836,0.65,0.5134896012552329
correlation_70pct,0.3,36.2203574495135,0.36,0.7014118538207592
correlation_60pct,0.3,34.185564170268506,0.34,0.5731935122642884
accuracy_80pct,0.3,89.0309273615625,0.89,0.914248354168233
accuracy_70pct,0.3,74.05412288329279,0.74,0.6921034987472843
accuracy_60pct,0.3,64.07731840457637,0.64,0.5232031637403306
correlation_70pct,0.3,43.17396640850991,0.43,0.6201879563813562
correlation_60pct,0.3,24.23968705065758,0.24,0.49997383413643764
accuracy_80pct,0.3,82.03092736245597,0.82,0.7051860243737026
accuracy_70pct,0.3,79.04252512309775,0.79,0.6954791533480116
accuracy_60pct,0.3,70.06958656452078,0.7,0.6502366968789421
correlation_70pct,0.3,45.16236864853822,0.45,0.5574824612530257
correlation_60pct,0.3,37.20102784926286,0.37,0.5174764574202263
accuracy_80pct,0.3,85.01159776242869,0.85,0.7220764550586217
accuracy_70pct,0.3,75.0579888032089,0.75,0.6564292111539693
accuracy_60pct,0.3,73.05412288418626,0.73,0.6491205385419048
correlation_70pct,0.3,48.143039048064225,0.48,0.6630194984626908
correlation_60pct,0.3,38.17783232954284,0.38,0.4962607940935217
accuracy_80pct,0.3,84.03865920184145,0.84,0.7814449679686116
accuracy_70pct,0.3,80.03865920295827,0.8,0.7096738053558682
accuracy_60pct,0.3,74.06572064371122,0.74,0.671607361798212
correlation_70pct,0.3,51.13917312792475,0.51,0.6633165873180441
correlation_60pct,0.3,42.1701004885938,0.42,0.5517613809351537
accuracy_80pct,0.3,83.019329602931,0.83,0.7761435036090504
accuracy_70pct,0.3,79.04252512265103,0.79,0.7385036979856502
accuracy_60pct,0.3,68.06958656452079,0.68,0.6432739070830729
correlation_70pct,0.3,41.15463680982282,0.41,0.6127125829254966
correlation_60pct,0.3,33.21649153004411,0.33,0.6278779936222328
accuracy_80pct,0.3,88.01932960159081,0.88,0.8208508002470021
accuracy_70pct,0.3,80.05798880276218,0.8,0.8021420706151293
accuracy_60pct,0.3,72.04252512354446,0.72,0.5154626148041227
correlation_70pct,0.3,43.19329600831382,0.43,0.6974872506789324
correlation_60pct,0.3,32.21262561035136,0.32,0.5681666681059783
accuracy_80pct,0.3,84.02319552262375,0.84,0.7840617204671638
accuracy_70pct,0.3,73.0425251239912,0.73,0.581067159246127
accuracy_60pct,0.3,66.0463910452475,0.66,0.5110226299525709
correlation_70pct,0.3,43.19329600853719,0.43,0.6777045268353018
correlation_60pct,0.3,38.18169824923558,0.38,0.5055403614194307
accuracy_80pct,0.3,84.0270614423165,0.84,0.7999883647503907
accuracy_70pct,0.3,75.05798880365563,0.75,0.7606270298641199
accuracy_60pct,0.3,68.04252512533137,0.68,0.5910717087543137
correlation_70pct,0.3,39.16236864943167,0.39,0.4927085430998328
correlation_60pct,0.3,37.16623457001787,0.37,0.5798334917024404
accuracy_80pct,0.3,89.03092736178587,0.89,0.8894171451601632
accuracy_70pct,0.3,78.03865920340499,0.78,0.7186862426087799
accuracy_60pct,0.3,66.06185472468857,0.66,0.48690215508121426
correlation_70pct,0.3,45.17396640806319,0.45,0.6886003531188728
correlation_60pct,0.3,39.166234569571145,0.39,0.49769164341553596
accuracy_80pct,0.3,85.0309273615625,0.85,0.8180879033998801
accuracy_70pct,0.3,80.03092736290269,0.8,0.7154639766160346
accuracy_60pct,0.3,67.06572064460467,0.67,0.5818027208906322
correlation_70pct,0.3,51.166234566890786,0.51,0.7493188450656402
correlation_60pct,0.3,30.201027850603026,0.3,0.5121532549950559
accuracy_80pct,0.3,84.03865920206482,0.84,0.7963733159916305
accuracy_70pct,0.3,74.0463910439073,0.74,0.648466611620381
accuracy_60pct,0.3,72.05412288329279,0.72,0.533680514660632
correlation_70pct,0.3,44.185564168481605,0.44,0.6711005509217743
correlation_60pct,0.3,37.17010049015735,0.37,0.5299842514652464
accuracy_80pct,0.3,83.03865920206482,0.83,0.7358773456170857
accuracy_70pct,0.3,78.05025696360005,0.78,0.7187648195281635
accuracy_60pct,0.3,68.0657206450514,0.68,0.558627009577929
correlation_70pct,0.3,45.1701004885938,0.45,0.6358130642893614
correlation_60pct,0.3,44.16236864831485,0.44,0.5850122066987543
accuracy_80pct,0.3,90.02319552128355,0.9,0.8752814232212356
accuracy_70pct,0.3,77.03865920362836,0.77,0.6832453696742335
accuracy_60pct,0.3,70.06185472468856,0.7,0.6513252676678623
correlation_70pct,0.3,47.14303904873431,0.47,0.5795585232627158
correlation_60pct,0.3,33.20489376984906,0.33,0.528358055232946
accuracy_80pct,0.3,86.02706144186976,0.86,0.8593530393887328
accuracy_70pct,0.3,76.05412288329279,0.76,0.7769994223888601
accuracy_60pct,0.3,69.04252512421456,0.69,0.592689637223868
correlation_70pct,0.3,25.20102785194321,0.25,0.5415360287250031
correlation_60pct,0.3,31.181698250799123,0.31,0.560215567631205
accuracy_80pct,0.3,86.03479328214871,0.86,0.8611922966044155
accuracy_70pct,0.3,74.0463910439073,0.74,0.6638327885869857
accuracy_60pct,0.3,70.05025696337668,0.7,0.48694327866229475
correlation_70pct,0.3,44.17396640828654,0.44,0.6584719173499134
correlation_60pct,0.3,34.19329601032409,0.34,0.5367489413321275
accuracy_80pct,0.3,83.04252512265101,0.83,0.8654852088123662
accuracy_70pct,0.3,76.04639104323722,0.76,0.6812856694831415
accuracy_60pct,0.3,68.05025696427015,0.68,0.5501882036336144
correlation_70pct,0.3,37.20102784970958,0.37,0.690547375718694
correlation_60pct,0.3,38.166234569571145,0.38,0.49359514116878633
accuracy_80pct,0.3,88.03479328147861,0.88,0.8732295990968912
accuracy_70pct,0.3,79.04252512309775,0.79,0.7227845266814219
accuracy_60pct,0.3,66.0850502448553,0.66,0.6493323216303013
correlation_70pct,0.3,39.19329600898391,0.39,0.5954815250660977
correlation_60pct,0.3,34.20489376984906,0.34,0.5073631719138538
accuracy_80pct,0.3,85.03092736223259,0.85,0.778220049257379
accuracy_70pct,0.3,77.05412288306944,0.77,0.6634351219450496
accuracy_60pct,0.3,68.05798880544253,0.68,0.58923451034601
correlation_70pct,0.3,42.185564168704964,0.42,0.6254831520663747
correlation_60pct,0.3,42.17783232864939,0.42,0.48527066582900835
accuracy_80pct,0.3,82.03092736245596,0.82,0.7052867839574152
accuracy_70pct,0.3,79.05412288306944,0.79,0.7834698191176525
accuracy_60pct,0.3,66.07731840479973,0.66,0.5920152748425469
correlation_70pct,0.3,44.177832328202655,0.44,0.6017291520819908
correlation_60pct,0.3,42.15463680892937,0.42,0.5244029399504766
accuracy_80pct,0.3,83.0425251222043,0.83,0.7438188966661954
accuracy_70pct,0.3,77.04639104346059,0.77,0.623180993705498
accuracy_60pct,0.3,73.05412288440962,0.73,0.6426417422336338
correlation_70pct,0.3,37.20102784926286,0.37,0.5397516875796221
correlation_60pct,0.3,40.18169824923558,0.4,0.5464997687944859
accuracy_80pct,0.3,84.01932960226091,0.84,0.7080373897750568
accuracy_70pct,0.3,77.04639104346057,0.77,0.7964561198130135
accuracy_60pct,0.3,68.06572064482805,0.68,0.6001885291638975
correlation_70pct,0.3,37.177832329989556,0.37,0.6362241394552919
correlation_60pct,0.3,27.197161931580368,0.27,0.4794418659699464
accuracy_80pct,0.3,87.02319552173029,0.87,0.8210143271265644
accuracy_70pct,0.3,79.04252512354446,0.79,0.7867552150063372
accuracy_60pct,0.3,69.0618547244652,0.69,0.6271359944780219
correlation_70pct,0.3,36.2087596895418,0.36,0.6587734689612869
correlation_60pct,0.3,38.177832329766204,0.38,0.5312652823510022
accuracy_80pct,0.3,83.03092736200924,0.83,0.7557572288021298
accuracy_70pct,0.3,74.06572064393458,0.74,0.7587042034776672
accuracy_60pct,0.3,72.06572064348785,0.72,0.6234138426270617
correlation_70pct,0.3,44.15850272884547,0.44,0.6535268562432757
correlation_60pct,0.3,28.20875969043525,0.28,0.555647607544142
accuracy_80pct,0.3,82.03865920228819,0.82,0.7940571444979302
accuracy_70pct,0.3,78.0347932828188,0.78,0.6805783599507159
accuracy_60pct,0.3,71.06185472379511,0.71,0.668699529638127
correlation_70pct,0.3,27.239687051104298,0.27,0.619973370892501
correlation_60pct,0.3,27.189430090184615,0.27,0.3231057623154926
accuracy_80pct,0.3,84.0386592027349,0.84,0.8837021020004158
accuracy_70pct,0.3,76.04639104323722,0.76,0.6565294702630418
accuracy_60pct,0.3,68.08505024507866,0.68,0.7316189852272504
correlation_70pct,0.3,41.18556416870497,0.41,0.6419217028338994
correlation_60pct,0.3,46.15077088834316,0.46,0.5892915534306373
accuracy_80pct,0.3,88.01546368145134,0.88,0.7337636816818698
accuracy_70pct,0.3,76.05412288306944,0.76,0.6928873102424237
accuracy_60pct,0.3,66.07345248466025,0.66,0.5771161708581583
correlation_70pct,0.3,45.16623456845432,0.45,0.6722844776816828
correlation_60pct,0.3,36.17396641029683,0.36,0.5686013605681943
accuracy_80pct,0.3,83.03865920251155,0.83,0.7938781452187789
accuracy_70pct,0.3,76.05025696360005,0.76,0.7061852770149456
accuracy_60pct,0.3,71.06185472468856,0.71,0.6850598380075105
correlation_70pct,0.3,41.20102784881613,0.41,0.5806822664795207
correlation_60pct,0.3,43.15463680892937,0.43,0.5097872439030898
accuracy_80pct,0.3,86.04639104189704,0.86,0.9132417210802399
accuracy_70pct,0.3,76.05412288329279,0.76,0.7485099686320991
accuracy_60pct,0.3,74.04252512376783,0.74,0.6620509142173676
correlation_70pct,0.3,36.18556416959842,0.36,0.5842227375726919
correlation_60pct,0.3,41.17010048926389,0.41,0.6234017339792602
accuracy_80pct,0.3,84.01932960226091,0.84,0.7689828313415434
accuracy_70pct,0.3,75.05798880343227,0.75,0.731835824091694
accuracy_60pct,0.3,70.04639104435404,0.7,0.5554636749161761
correlation_70pct,0.3,45.1701004885938,0.45,0.7226984587600817
correlation_60pct,0.3,24.208759691775423,0.24,0.439518358836775
accuracy_80pct,0.3,85.04252512242766,0.85,0.8718598095569229
accuracy_70pct,0.3,79.02319552307047,0.79,0.6452297841062241
accuracy_60pct,0.3,70.0657206443813,0.7,0.6198191293919721
correlation_70pct,0.3,42.17396640918,0.42,0.5750943396601838
correlation_60pct,0.3,41.17396640918,0.41,0.552766441714462
accuracy_80pct,0.3,86.03479328192535,0.86,0.8360875254721986
accuracy_70pct,0.3,77.05798880320891,0.77,0.7082340300624751
accuracy_60pct,0.3,70.05798880432572,0.7,0.6178783737649202
correlation_70pct,0.3,38.17396640962673,0.38,0.548376625425442
correlation_60pct,0.3,43.15463680892936,0.43,0.6436674541306944
accuracy_80pct,0.3,86.01932960226091,0.86,0.7802726639202884
accuracy_70pct,0.3,79.04639104256714,0.79,0.6892850353666343
accuracy_60pct,0.3,68.05412288485634,0.68,0.5441700975897578
correlation_70pct,0.3,45.162368647868135,0.45,0.6044913703671927
correlation_60pct,0.3,41.17010048881717,0.41,0.514594814833875
accuracy_80pct,0.3,85.0386592016181,0.85,0.8295745461628152
accuracy_70pct,0.3,77.04252512354446,0.77,0.7484228323026579
accuracy_60pct,0.3,65.06572064572148,0.65,0.6615298056829982
correlation_70pct,0.3,36.17783232998956,0.36,0.5478768628455619
correlation_60pct,0.3,35.16623457024124,0.35,0.5689725145801953
accuracy_80pct,0.3,84.02319552217702,0.84,0.7452133169572936
accuracy_70pct,0.3,75.05025696360005,0.75,0.6864210153577786
accuracy_60pct,0.3,70.06185472424184,0.7,0.6451635990184428
correlation_70pct,0.3,39.177832329766204,0.39,0.6301031179308625
correlation_60pct,0.3,34.15463681071626,0.34,0.449819530087058
accuracy_80pct,0.3,84.03865920206482,0.84,0.7856492556065541
accuracy_70pct,0.3,75.05025696382341,0.75,0.6838872170437235
accuracy_60pct,0.3,72.02706144388003,0.72,0.4965363165695996
correlation_70pct,0.3,47.16623456823096,0.47,0.6702110610973836
correlation_60pct,0.3,37.15850273040902,0.37,0.5120025216316598
accuracy_80pct,0.3,86.03092736178587,0.86,0.8351136070270557
accuracy_70pct,0.3,76.03865920318164,0.76,0.6586944294822119
accuracy_60pct,0.3,72.05412288463299,0.72,0.6754096658590236
correlation_70pct,0.3,26.197161931803738,0.26,0.5274104964375629
correlation_60pct,0.3,37.18169824990568,0.37,0.5786347137304342
accuracy_80pct,0.3,87.01159776153523,0.87,0.7918573813459244
accuracy_70pct,0.3,75.05025696382341,0.75,0.7165053969593034
accuracy_60pct,0.3,68.06185472401847,0.68,0.49314571467642726
correlation_70pct,0.3,45.18556416825824,0.45,0.6590650084793036
correlation_60pct,0.3,33.20102784993294,0.33,0.5779674388215857
accuracy_80pct,0.3,83.04639104279049,0.83,0.8430312000947298
accuracy_70pct,0.3,81.02319552307047,0.81,0.6647449392813298
accuracy_60pct,0.3,72.08118432404575,0.72,0.7432608972946046
correlation_70pct,0.3,52.15850272728193,0.52,0.7278320651394488
correlation_60pct,0.3,40.15077088968335,0.4,0.46796100367687005
accuracy_80pct,0.3,84.03479328214871,0.84,0.7969322107913674
accuracy_70pct,0.3,74.06958656385069,0.74,0.7969920967633679
accuracy_60pct,0.3,66.05798880544255,0.66,0.5582565389656804
correlation_70pct,0.3,38.170100489933986,0.38,0.5070007902443344
correlation_60pct,0.3,39.1894300890678,0.39,0.603142012248185
accuracy_80pct,0.3,86.04639104189704,0.86,0.8850236273935446
accuracy_70pct,0.3,75.03865920318162,0.75,0.5991523873874851
accuracy_60pct,0.3,68.08505024485531,0.68,0.6342484668663094
correlation_70pct,0.3,48.16236864764477,0.48,0.6245452390123896
correlation_60pct,0.3,37.19716192912338,0.37,0.49211144139761603
accuracy_80pct,0.3,85.0425251222043,0.85,0.8680950653108704
accuracy_70pct,0.3,76.05412288306943,0.76,0.6992221796629465
accuracy_60pct,0.3,72.0579888045491,0.72,0.7171294755994835
correlation_70pct,0.3,42.20102784859277,0.42,0.6947131537126284
correlation_60pct,0.3,39.189430089067805,0.39,0.589373751827902
accuracy_80pct,0.3,85.03479328192535,0.85,0.788724883748464
accuracy_70pct,0.3,77.05412288329279,0.77,0.6959980339023902
accuracy_60pct,0.3,74.05025696382341,0.74,0.6806731226298839
correlation_70pct,0.3,41.20102784859277,0.41,0.6515343078017256
correlation_60pct,0.3,35.18556416982178,0.35,0.5407504011114074
accuracy_80pct,0.3,84.0309273622326,0.84,0.8172438029478387
accuracy_70pct,0.3,75.04252512376783,0.75,0.7055516803547093
accuracy_60pct,0.3,66.05025696471688,0.66,0.5373301670698343
correlation_70pct,0.3,42.17396640895663,0.42,0.6984582002068245
correlation_60pct,0.3,28.197161930910276,0.28,0.458960050592586
accuracy_80pct,0.3,82.03865920228819,0.82,0.7810082876558286
accuracy_70pct,0.3,79.03479328214871,0.79,0.664559668342574
accuracy_60pct,0.3,70.06958656429742,0.7,0.6186351926716145
correlation_70pct,0.3,42.15850272951556,0.42,0.5536327063591161
correlation_60pct,0.3,43.15077088856653,0.43,0.5297163294379376
accuracy_80pct,0.3,86.01932960226091,0.86,0.7629435479416665
accuracy_70pct,0.3,72.03092736491296,0.72,0.5716855786170697
accuracy_60pct,0.3,70.06572064438132,0.7,0.6257385825958113
correlation_70pct,0.3,50.15850272772866,0.5,0.6996346142166462
correlation_60pct,0.3,39.17396640940338,0.39,0.5411113637399899
accuracy_80pct,0.3,83.03479328237208,0.83,0.7774130617051571
accuracy_70pct,0.3,82.03479328304216,0.82,0.7823928483943589
accuracy_60pct,0.3,70.05798880432573,0.7,0.6172231011885465
correlation_70pct,0.3,38.18556416959842,0.38,0.5250395598349696
correlation_60pct,0.3,43.1585027292922,0.43,0.6227826326526216
accuracy_80pct,0.3,86.0309273622326,0.86,0.8333339237671328
accuracy_70pct,0.3,77.05412288351616,0.77,0.7095380185254071
accuracy_60pct,0.3,69.06572064438132,0.69,0.623460368627052
correlation_70pct,0.3,40.18556416892832,0.4,0.6014929025931987
correlation_60pct,0.3,41.18943008817435,0.41,0.5978556529174236
accuracy_80pct,0.3,83.0154636823448,0.83,0.720943765548074
accuracy_70pct,0.3,82.03092736245596,0.82,0.758382188285959
accuracy_60pct,0.3,70.04639104435404,0.7,0.5838510924083948
correlation_70pct,0.3,41.18169824901223,0.41,0.6423319894127353
correlation_60pct,0.3,36.16236864943167,0.36,0.4281646224899353
accuracy_80pct,0.3,84.03479328214871,0.84,0.7457466949306084
accuracy_70pct,0.3,75.05412288329279,0.75,0.6171524555887328
accuracy_60pct,0.3,77.05412288306943,0.77,0.6825138937105204
correlation_70pct,0.3,42.173966408509905,0.42,0.5844146336403174
correlation_60pct,0.3,35.189430089514524,0.35,0.5131188304866863
accuracy_80pct,0.3,85.03479328192535,0.85,0.7592669073620134
accuracy_70pct,0.3,74.057988803879,0.74,0.60759890204701
accuracy_60pct,0.3,70.05412288440962,0.7,0.5096257550637181
correlation_70pct,0.3,34.21262560968128,0.34,0.5313470861458922
correlation_60pct,0.3,36.170100490380705,0.36,0.5320138876312438
accuracy_80pct,0.3,88.02706144142303,0.88,0.8284031854341556
accuracy_70pct,0.3,83.05025696248325,0.83,0.8775319692442644
accuracy_60pct,0.3,67.08118432404575,0.67,0.5523839255966922
correlation_70pct,0.3,33.20875969043526,0.33,0.5904365494795317
correlation_60pct,0.3,36.170100490380705,0.36,0.4530973892578516
accuracy_80pct,0.3,85.02706144186976,0.85,0.7426711135296916
accuracy_70pct,0.3,77.04252512354446,0.77,0.6948358899378755
accuracy_60pct,0.3,67.0618547244652,0.67,0.5157970469300548
correlation_70pct,0.3,44.18943008817435,0.44,0.6856129353212578
correlation_60pct,0.3,32.19329601099418,0.32,0.4626402971494305
accuracy_80pct,0.3,82.02706144276323,0.82,0.7545057346991849
accuracy_70pct,0.3,72.07345248421353,0.72,0.7136809014236085
accuracy_60pct,0.3,69.04639104413067,0.69,0.47810818604036753
correlation_70pct,0.3,44.162368648761586,0.44,0.6108315422759945
correlation_60pct,0.3,39.17010048904053,0.39,0.477458636069597
accuracy_80pct,0.3,86.01546368212144,0.86,0.76290286374376
accuracy_70pct,0.3,77.04252512309775,0.77,0.6792095914930253
accuracy_60pct,0.3,67.06572064438132,0.67,0.5484351661200295
correlation_70pct,0.3,43.16623456890105,0.43,0.5977657158263375
correlation_60pct,0.3,34.170100490380705,0.34,0.512203321561353
accuracy_80pct,0.3,86.02319552195365,0.86,0.8067682565758634
accuracy_70pct,0.3,74.05025696337668,0.74,0.6381963109880847
accuracy_60pct,0.3,71.05412288418626,0.71,0.5658341314774082
correlation_70pct,0.3,40.19329600920727,0.4,0.6457690747252741
correlation_60pct,0.3,31.17783233132974,0.31,0.5291751119129852
accuracy_80pct,0.3,86.03092736200924,0.86,0.7800664269532073
accuracy_70pct,0.3,81.03479328237206,0.81,0.70028075435218
accuracy_60pct,0.3,68.06185472513529,0.68,0.567377615463437
correlation_70pct,0.3,35.19716192979348,0.35,0.5484130807444332
correlation_60pct,0.3,30.201027850379663,0.3,0.48598563020417124
accuracy_80pct,0.3,83.0270614423165,0.83,0.7378340690583862
accuracy_70pct,0.3,76.05412288306944,0.76,0.6679071743807157
accuracy_60pct,0.3,72.06185472379511,0.72,0.6306543393889793
correlation_70pct,0.3,43.185564168481605,0.43,0.6741309655857989
correlation_60pct,0.3,36.18943009018462,0.36,0.4577805179951962
accuracy_80pct,0.3,87.03479328214871,0.87,0.9050852563919137
accuracy_70pct,0.3,75.06185472357174,0.75,0.7294475235630034
accuracy_60pct,0.3,69.04639104435404,0.69,0.47411441604944715
correlation_70pct,0.3,40.18169824923558,0.4,0.6029721304542572
correlation_60pct,0.3,30.181698251469207,0.3,0.49270778250126757
accuracy_80pct,0.3,84.03479328237208,0.84,0.8193609119061361
accuracy_70pct,0.3,75.06185472290164,0.75,0.6610141988106963
accuracy_60pct,0.3,64.07731840569318,0.64,0.5685176769611109
correlation_70pct,0.3,43.16236864898494,0.43,0.6032848766934753
correlation_60pct,0.3,38.18556416915169,0.38,0.5845510388580794
accuracy_80pct,0.3,83.02319552217702,0.83,0.760563400249824
accuracy_70pct,0.3,78.04252512265103,0.78,0.7459652400443963
accuracy_60pct,0.3,69.05412288396289,0.69,0.6018419864749637
correlation_70pct,0.3,39.15077088968334,0.39,0.5867653148146428
correlation_60pct,0.3,39.15077088990671,0.39,0.5414891413145994
accuracy_80pct,0.3,86.0309273622326,0.86,0.8640630004000388
accuracy_70pct,0.3,79.03092736334942,0.79,0.7444420345500996
accuracy_60pct,0.3,70.07345248421353,0.7,0.7029986729218768
correlation_70pct,0.3,37.17010048993398,0.37,0.5781884528759558
correlation_60pct,0.3,30.204893770072413,0.3,0.5414181530905682
accuracy_80pct,0.3,86.03479328192535,0.86,0.864980468567021
accuracy_70pct,0.3,79.0425251228744,0.79,0.7313791225996673
accuracy_60pct,0.3,73.05798880365563,0.73,0.7260546427887752
correlation_70pct,0.3,41.17010048926389,0.41,0.6029037206404093
correlation_60pct,0.3,42.17010048881717,0.42,0.5497761630529909
accuracy_80pct,0.3,85.0425251222043,0.85,0.858317353726526
accuracy_70pct,0.3,78.04639104323721,0.78,0.7152971810132719
accuracy_60pct,0.3,68.06185472491192,0.68,0.5822549052051447
correlation_70pct,0.3,38.197161929570115,0.38,0.6391795473404018
correlation_60pct,0.3,42.16236864898495,0.42,0.5440480821350032
accuracy_80pct,0.3,83.0541228826227,0.83,0.9031968890043162
accuracy_70pct,0.3,76.03479328348888,0.76,0.6259262358438046
accuracy_60pct,0.3,71.06958656429742,0.71,0.6947433906653666
correlation_70pct,0.3,37.2048937696257,0.37,0.656148652070606
correlation_60pct,0.3,28.189430091301425,0.28,0.429552181839504
accuracy_80pct,0.3,83.02706144298658,0.83,0.8097265759629276
accuracy_70pct,0.3,76.03479328304215,0.76,0.6357008611516788
accuracy_60pct,0.3,69.06958656474414,0.69,0.7075805831236629
correlation_70pct,0.3,35.21262560990464,0.35,0.6550054505159032
correlation_60pct,0.3,36.18943008951453,0.36,0.5855412218731554
accuracy_80pct,0.3,81.03479328237208,0.81,0.7520764915752112
accuracy_70pct,0.3,74.05025696337668,0.74,0.6394118169447479
accuracy_60pct,0.3,67.05412288507969,0.67,0.5664214214767173
correlation_70pct,0.3,33.185564170268506,0.33,0.5601668929749429
correlation_60pct,0.3,33.17010049060407,0.33,0.4654422866700927
accuracy_80pct,0.3,83.03092736267932,0.83,0.7891121247979809
accuracy_70pct,0.3,76.03865920362837,0.76,0.6980155282414748
accuracy_60pct,0.3,71.03479328371225,0.71,0.45980921312300915
correlation_70pct,0.3,47.14303904806422,0.47,0.623329218920177
correlation_60pct,0.3,44.17010048837044,0.44,0.6483488991706451
accuracy_80pct,0.3,88.03479328147861,0.88,0.8308401353905467
accuracy_70pct,0.3,73.06958656362733,0.73,0.6736725351978442
accuracy_60pct,0.3,74.05798880365563,0.74,0.6347523358848449
correlation_70pct,0.3,38.21262560923455,0.38,0.7043004879007385
correlation_60pct,0.3,34.22035744996022,0.34,0.5602538302917393
accuracy_80pct,0.3,83.03865920228819,0.83,0.7760965431389653
accuracy_70pct,0.3,82.04639104256712,0.82,0.8038673447421542
accuracy_60pct,0.3,70.0811843242691,0.7,0.6571400158340605
correlation_70pct,0.3,51.150770887673076,0.51,0.6927969644963458
correlation_60pct,0.3,40.17783232931947,0.4,0.5936607956465467
accuracy_80pct,0.3,86.0309273622326,0.86,0.8593520564262803
accuracy_70pct,0.3,80.03479328304216,0.8,0.7476309582575517
accuracy_60pct,0.3,70.06572064393457,0.7,0.5828992336600134
correlation_70pct,0.3,41.18556416892833,0.41,0.6548659737103762
correlation_60pct,0.3,33.166234570687955,0.33,0.41295553184428535
accuracy_80pct,0.3,82.04639104256712,0.82,0.8182761963717046
accuracy_70pct,0.3,76.04639104323721,0.76,0.7008967139594608
accuracy_60pct,0.3,65.08891616499477,0.65,0.6139896312388915
correlation_70pct,0.3,50.14690496798032,0.5,0.6634807828530116
correlation_60pct,0.3,37.17010048993398,0.37,0.5335842003279624
accuracy_80pct,0.3,87.03479328170198,0.87,0.8833215962900189
accuracy_70pct,0.3,77.04252512332111,0.77,0.7032324792377972
accuracy_60pct,0.3,68.0425251246613,0.68,0.4571330814923986
correlation_70pct,0.3,43.17396640850991,0.43,0.607637086162827
correlation_60pct,0.3,35.18943008996125,0.35,0.5275284217932746
accuracy_80pct,0.3,85.03479328237208,0.85,0.8496539836047028
accuracy_70pct,0.3,75.04252512354446,0.75,0.6408680497200484
accuracy_60pct,0.3,70.03479328415898,0.7,0.4297581041616467
correlation_70pct,0.3,50.150770887673076,0.5,0.6720463503019475
correlation_60pct,0.3,38.14690497043732,0.38,0.4566932840454078
accuracy_80pct,0.3,86.03092736200924,0.86,0.8099165936318832
accuracy_70pct,0.3,80.04639104234376,0.8,0.7181060440743072
accuracy_60pct,0.3,68.06572064460468,0.68,0.5733670541647105
correlation_70pct,0.3,49.17396640761646,0.49,0.7062175657294265
correlation_60pct,0.3,41.181698248565496,0.41,0.587844266206012
accuracy_80pct,0.3,86.0270614423165,0.86,0.845074638245596
accuracy_70pct,0.3,79.04252512242766,0.79,0.7198944345345859
accuracy_60pct,0.3,66.06572064482803,0.66,0.5659250760867645
correlation_70pct,0.3,43.1469049693205,0.43,0.5903278279114117
correlation_60pct,0.3,33.18169825012904,0.33,0.46015732010204907
accuracy_80pct,0.3,85.03092736178587,0.85,0.7632533683910009
accuracy_70pct,0.3,78.0386592027349,0.78,0.6161110367372021
accuracy_60pct,0.3,64.0734524855537,0.64,0.546475552789957
correlation_70pct,0.3,38.17783232998956,0.38,0.5882415294830505
correlation_60pct,0.3,34.193296009877365,0.34,0.46380598707379045
accuracy_80pct,0.3,81.03092736312604,0.81,0.7830634120299043
accuracy_70pct,0.3,75.06185472379511,0.75,0.7312808662454047
accuracy_60pct,0.3,71.06572064393458,0.71,0.6480451494572226
correlation_70pct,0.3,46.14303904873431,0.46,0.6029633868080814
correlation_60pct,0.3,37.1894300897379,0.37,0.5423049929789665
accuracy_80pct,0.3,86.03479328192535,0.86,0.8938012709387967
accuracy_70pct,0.3,75.04252512309773,0.75,0.6660979456617466
accuracy_60pct,0.3,70.0579888045491,0.7,0.6327120199471199
correlation_70pct,0.3,45.17010048837044,0.45,0.7066801991068435
correlation_60pct,0.3,27.21262561079809,0.27,0.4713837515584143
accuracy_80pct,0.3,84.01932960181418,0.84,0.6990129032187336
accuracy_70pct,0.3,77.0425251233211,0.77,0.6963740969383537
accuracy_60pct,0.3,66.06185472468857,0.66,0.5403441820511943
correlation_70pct,0.3,36.216491529597384,0.36,0.6761937317239438
correlation_60pct,0.3,38.170100489040536,0.38,0.5392686897226835
accuracy_80pct,0.3,82.03865920295827,0.82,0.8363740831786742
accuracy_70pct,0.3,76.03865920340499,0.76,0.6712957843467832
accuracy_60pct,0.3,69.06958656474416,0.69,0.7098527298191025
correlation_70pct,0.3,43.181698248788855,0.43,0.7068113638522041
correlation_60pct,0.3,36.20102784970959,0.36,0.6228631673033358
accuracy_80pct,0.3,83.03092736245597,0.83,0.7840314799346997
accuracy_70pct,0.3,77.05412288329279,0.77,0.7659676235767017
accuracy_60pct,0.3,71.05412288329279,0.71,0.5592584700628912
correlation_70pct,0.3,42.16623456912442,0.42,0.6317319197367958
correlation_60pct,0.3,41.17396640873327,0.41,0.5961726305012635
accuracy_80pct,0.3,83.04252512198093,0.83,0.7518743279956562
accuracy_70pct,0.3,82.03865920295827,0.82,0.773445574462181
accuracy_60pct,0.3,68.06185472446519,0.68,0.5476524354322257
correlation_70pct,0.3,47.181698247895405,0.47,0.7225555985898267
correlation_60pct,0.3,31.212625610351356,0.31,0.5693114764523945
accuracy_80pct,0.3,87.02319552195365,0.87,0.833687539698689
accuracy_70pct,0.3,77.0463910439073,0.77,0.7413165627408176
accuracy_60pct,0.3,73.06185472357174,0.73,0.6186053822309175
correlation_70pct,0.3,42.20102784836941,0.42,0.6501516893406384
correlation_60pct,0.3,39.16623456890105,0.39,0.4566388547326632
accuracy_80pct,0.3,85.02319552217702,0.85,0.8192663474868813
accuracy_70pct,0.3,76.05025696292996,0.76,0.6892750615595102
accuracy_60pct,0.3,73.04639104301386,0.73,0.59284132664559
correlation_70pct,0.3,39.166234569571145,0.39,0.6065750870037553
correlation_60pct,0.3,34.170100490380705,0.34,0.5079630132564247
accuracy_80pct,0.3,83.0347932828188,0.83,0.8450445128003355
accuracy_70pct,0.3,77.03865920318162,0.77,0.6460172180506927
accuracy_60pct,0.3,68.06185472334838,0.68,0.5087860137365088
correlation_70pct,0.3,43.17010048881717,0.43,0.6354142191344639
correlation_60pct,0.3,39.17783232954284,0.39,0.6212954759267131
accuracy_80pct,0.3,84.0309273622326,0.84,0.7858733539659011
accuracy_70pct,0.3,76.05412288284606,0.76,0.690316737731436
accuracy_60pct,0.3,70.06185472357174,0.7,0.5667485184996837
correlation_70pct,0.3,38.19329600943063,0.38,0.6601646336152616
correlation_60pct,0.3,34.16623457091133,0.34,0.5279899558601125
accuracy_80pct,0.3,82.02706144209313,0.82,0.6901337226611256
accuracy_70pct,0.3,78.05412288306943,0.78,0.7446210942814442
accuracy_60pct,0.3,63.06572064527476,0.63,0.4896359474053898
correlation_70pct,0.3,39.17783232954284,0.39,0.717202697941917
correlation_60pct,0.3,44.14303904828758,0.44,0.5437725810770584
accuracy_80pct,0.3,82.03479328237208,0.82,0.7261559200479684
accuracy_70pct,0.3,78.0502569633767,0.78,0.7852354391792926
accuracy_60pct,0.3,64.06958656474414,0.64,0.4818827536415127
correlation_70pct,0.3,36.20489376984905,0.36,0.6465325234242458
correlation_60pct,0.3,31.189430091078062,0.31,0.5223344743837838
accuracy_80pct,0.3,84.03865920206482,0.84,0.8199624454231415
accuracy_70pct,0.3,73.02706144320994,0.73,0.5182919864333668
accuracy_60pct,0.3,70.05025696494023,0.7,0.6575335122690222
correlation_70pct,0.3,39.18169824901222,0.39,0.6216076541481632
correlation_60pct,0.3,43.181698248118764,0.43,0.6622442577530369
accuracy_80pct,0.3,88.02706144142303,0.88,0.8138877301964375
accuracy_70pct,0.3,76.02706144320994,0.76,0.5651041662374389
accuracy_60pct,0.3,69.07731840345956,0.69,0.5376946711438759
correlation_70pct,0.3,44.17396640873328,0.44,0.6405834283591277
correlation_60pct,0.3,38.197161929570115,0.38,0.5674521606951725
accuracy_80pct,0.3,83.02319552195365,0.83,0.7424649117816019
accuracy_70pct,0.3,80.04639104279049,0.8,0.830726435833746
accuracy_60pct,0.3,63.07731840546981,0.63,0.6119692093388632
correlation_70pct,0.3,40.16623456912441,0.4,0.6203007424372757
correlation_60pct,0.3,38.162368649655036,0.38,0.5441790118189217
accuracy_80pct,0.5,86.08435959426241,0.85,0.8231733555261229
accuracy_70pct,0.5,77.89637132414205,0.76,0.6450891568516467
accuracy_60pct,0.5,68.84405378465624,0.66,0.5246485583821344
correlation_70pct,0.5,48.634112594847224,0.42,0.6926576512533124
correlation_60pct,0.5,49.95743620912414,0.44,0.6010240271460149
accuracy_80pct,0.5,86.49002996611435,0.85,0.9052152143497253
accuracy_70pct,0.5,74.49271371282752,0.73,0.6592376177169222
accuracy_60pct,0.5,71.62771357912618,0.7,0.5973332285855654
correlation_70pct,0.5,49.36411293839983,0.43,0.7010569979114296
correlation_60pct,0.5,43.284449881848,0.38,0.4674188551011601
accuracy_80pct,0.5,87.2186885048453,0.86,0.8402909341183156
accuracy_70pct,0.5,80.4893591474684,0.79,0.6655108975940824
accuracy_60pct,0.5,71.62771357912617,0.7,0.5252760734079873
correlation_70pct,0.5,43.36579026676931,0.37,0.6034123351290159
correlation_60pct,0.5,40.04213122032448,0.33,0.5834440216547262
accuracy_80pct,0.5,84.49002999657431,0.83,0.8460974755899274
accuracy_70pct,0.5,77.62670714555253,0.76,0.6884643983183402
accuracy_60pct,0.5,71.89838413036941,0.7,0.6510227333583671
correlation_70pct,0.5,39.63713175849834,0.33,0.5449826286355195
correlation_60pct,0.5,46.23011950567482,0.4,0.5825433743023005
accuracy_80pct,0.5,87.62402342929931,0.86,0.8671972127615665
accuracy_70pct,0.5,79.81436005965483,0.79,0.6293184218066626
accuracy_60pct,0.5,72.89838411513942,0.71,0.5940752713349857
correlation_70pct,0.5,51.76844147497015,0.45,0.6857589312035114
correlation_60pct,0.5,39.50112559569587,0.33,0.45734085783558753
accuracy_80pct,0.5,86.08435960949237,0.85,0.8168785929534815
accuracy_70pct,0.5,81.62603620506673,0.8,0.7990832142520289
accuracy_60pct,0.5,72.76338429453071,0.71,0.6671783605348313
correlation_70pct,0.5,49.633106237423476,0.43,0.6454315488533181
correlation_60pct,0.5,42.095455193383955,0.36,0.501518005779966
accuracy_80pct,0.5,86.94868887885784,0.86,0.8200390957205042
accuracy_70pct,0.5,81.35536562336357,0.8,0.7045687315855087
accuracy_60pct,0.5,74.03271299526237,0.72,0.6279628696571832
correlation_70pct,0.5,49.82377819333708,0.44,0.6799569632079157
correlation_60pct,0.5,43.22978408873687,0.37,0.5084018656499633
accuracy_80pct,0.5,85.48902360869062,0.84,0.7390821157987466
accuracy_70pct,0.5,80.62637166769463,0.79,0.7374305906389086
accuracy_60pct,0.5,72.89771322034358,0.71,0.5442909301204761
correlation_70pct,0.5,56.68643013433305,0.51,0.733374439653109
correlation_60pct,0.5,41.63612538584462,0.35,0.5806793791457635
accuracy_80pct,0.5,88.67801829715465,0.88,0.7950845714015995
accuracy_70pct,0.5,77.62670714555252,0.76,0.6724441982013805
accuracy_60pct,0.5,70.35939119012835,0.69,0.5663052868270014
correlation_70pct,0.5,51.958107088689985,0.46,0.7109130223233024
correlation_60pct,0.5,45.50045460952014,0.39,0.6018844471342666
accuracy_80pct,0.5,86.08503050428823,0.85,0.8417921866085923
accuracy_70pct,0.5,80.95070165462525,0.8,0.7126361708420664
accuracy_60pct,0.5,68.89871954730744,0.67,0.43954351298809957
correlation_70pct,0.5,53.282101612992705,0.48,0.5779776941878814
correlation_60pct,0.5,40.906460489689934,0.34,0.4970918574035724
accuracy_80pct,0.5,86.08368869946656,0.85,0.8029512913118783
accuracy_70pct,0.5,80.49036548966218,0.79,0.7367532263015235
accuracy_60pct,0.5,73.62637174384454,0.72,0.5674743130555898
correlation_70pct,0.5,43.176124653049484,0.36,0.6725229844482219
correlation_60pct,0.5,46.878444016908176,0.42,0.49608354048624304
accuracy_80pct,0.5,88.54268302914802,0.88,0.7783212753733598
accuracy_70pct,0.5,76.62704260818043,0.75,0.6953237156234405
accuracy_60pct,0.5,69.22372047472382,0.68,0.5509693327514814
correlation_70pct,0.5,44.82512005907867,0.39,0.5850985572593028
correlation_60pct,0.5,48.74310873367155,0.44,0.5676991555575829
accuracy_80pct,0.5,87.81234722296752,0.87,0.7429142513569629
accuracy_70pct,0.5,77.168048248039,0.75,0.7777107268331956
accuracy_60pct,0.5,69.5740541434388,0.67,0.5414601805455603
correlation_70pct,0.5,43.36579026676932,0.37,0.6086926369183951
correlation_60pct,0.5,44.44545338424108,0.37,0.6408975130654302
accuracy_80pct,0.5,85.94935978888367,0.85,0.8470637032335284
accuracy_70pct,0.5,80.4900300270343,0.79,0.7242005016168599
accuracy_60pct,0.5,75.03204210046651,0.73,0.6847003156535245
correlation_70pct,0.5,47.22911314825108,0.41,0.6605918403620434
correlation_60pct,0.5,40.82478467260067,0.35,0.5012637859486271
accuracy_80pct,0.5,87.21835305744737,0.86,0.816450847253026
accuracy_70pct,0.5,79.35603659430927,0.78,0.7308331349343148
accuracy_60pct,0.5,68.43905435329005,0.66,0.5436014004208407
correlation_70pct,0.5,42.04078940027283,0.35,0.5433798954743435
correlation_60pct,0.5,42.365790281999296,0.36,0.5365662042564153
accuracy_80pct,0.5,84.9500306989095,0.84,0.7824171320728553
accuracy_70pct,0.5,78.89570041411623,0.77,0.6994139368144476
accuracy_60pct,0.5,70.3577139226788,0.69,0.458139597056105
correlation_70pct,0.5,48.3641129536298,0.42,0.6788728213284951
correlation_60pct,0.5,41.90646047445996,0.35,0.5658055871484531
accuracy_80pct,0.5,85.21969487749901,0.84,0.8184915485402378
accuracy_70pct,0.5,78.4907009522901,0.77,0.6685143264915742
accuracy_60pct,0.5,70.89804866774153,0.69,0.5626419934999168
correlation_70pct,0.5,54.14676632975609,0.49,0.6682932291594705
correlation_60pct,0.5,38.2321323119022,0.32,0.5425701015444946
accuracy_80pct,0.5,83.81368907347914,0.83,0.6952961139329186
accuracy_70pct,0.5,79.62670713032253,0.78,0.771493342958246
accuracy_60pct,0.5,72.03304848835023,0.7,0.6280380692046408
correlation_70pct,0.5,46.68911386581623,0.41,0.566546756126276
correlation_60pct,0.5,36.96179720805689,0.31,0.35779545913167865
accuracy_80pct,0.5,84.219694892729,0.83,0.7637949602838843
accuracy_70pct,0.5,77.16737735324315,0.75,0.7654218168235009
accuracy_60pct,0.5,72.8973777577157,0.71,0.5450029407246665
correlation_70pct,0.5,51.2284421925353,0.45,0.7047901656710773
correlation_60pct,0.5,52.607437957347074,0.48,0.6373507981150807
accuracy_80pct,0.5,84.94969525151156,0.84,0.8200173529924976
accuracy_70pct,0.5,79.7610360561354,0.78,0.7710086708562918
accuracy_60pct,0.5,72.7620424744791,0.71,0.5721818067672195
correlation_70pct,0.5,44.50079007214805,0.38,0.610942313350652
correlation_60pct,0.5,38.285456315421634,0.33,0.39898414781399205
accuracy_80pct,0.5,83.35536562336354,0.82,0.7674197657502998
accuracy_70pct,0.5,77.76271332358496,0.76,0.7484272170568723
accuracy_60pct,0.5,71.30405448699139,0.69,0.5708588877428212
correlation_70pct,0.5,49.49877731161061,0.43,0.6465397385509422
correlation_60pct,0.5,44.36579025153934,0.38,0.5357996642333999
accuracy_80pct,0.5,86.219694877499,0.85,0.8418630878937716
accuracy_70pct,0.5,80.08603693786186,0.79,0.6830327632704143
accuracy_60pct,0.5,73.30371900913352,0.71,0.6043914104416204
correlation_70pct,0.5,51.55243673206801,0.46,0.579608667943128
correlation_60pct,0.5,44.49978372995428,0.38,0.4441765740907238
accuracy_80pct,0.5,84.08469508735025,0.83,0.7525268168706434
accuracy_70pct,0.5,79.76204239832916,0.78,0.7873914683523078
accuracy_60pct,0.5,73.30304812956763,0.71,0.6110674075176696
correlation_70pct,0.5,49.55377855211966,0.44,0.5988479969027016
correlation_60pct,0.5,42.636125370614636,0.36,0.6101228256818547
accuracy_80pct,0.5,88.21868850484528,0.87,0.8570297363914268
accuracy_70pct,0.5,79.89570041411622,0.78,0.7314012736722038
accuracy_60pct,0.5,70.5747250534646,0.68,0.6641795188133204
correlation_70pct,0.5,47.6341126100772,0.41,0.6324182218569678
correlation_60pct,0.5,48.283108031336376,0.43,0.5328884979015296
accuracy_80pct,0.5,84.48935910177846,0.83,0.7835691974540394
accuracy_70pct,0.5,78.35670748910513,0.77,0.6686361130629076
accuracy_60pct,0.5,67.76271341496489,0.66,0.4420123520105743
correlation_70pct,0.5,42.63578992321672,0.36,0.601906579752822
correlation_60pct,0.5,45.095119700296095,0.39,0.6015924567582268
accuracy_80pct,0.5,85.94902432625578,0.85,0.8066484437760507
accuracy_70pct,0.5,79.4913718623159,0.78,0.7721275761849182
accuracy_60pct,0.5,72.439389754998,0.7,0.7363957871749842
correlation_70pct,0.5,54.1467663297561,0.49,0.646111550340539
correlation_60pct,0.5,39.44713069738059,0.32,0.6162652076358078
accuracy_80pct,0.5,87.35402378808189,0.86,0.8803450977627316
accuracy_70pct,0.5,76.76304878621286,0.75,0.7958344549208408
accuracy_60pct,0.5,71.62838447392201,0.7,0.6048551335623342
correlation_70pct,0.5,50.63344166959142,0.44,0.6962252881580789
correlation_60pct,0.5,45.82411370165492,0.4,0.536336144185572
accuracy_80pct,0.5,86.94902432625577,0.86,0.8126612877519518
accuracy_70pct,0.5,76.49170734017379,0.75,0.6051204919149586
accuracy_60pct,0.5,73.03170662260868,0.71,0.5052287122928183
correlation_70pct,0.5,47.36478386365563,0.41,0.6396146302617142
correlation_60pct,0.5,47.148443673355565,0.42,0.5475419643748375
accuracy_80pct,0.5,89.81301810253338,0.89,0.8542830034756735
accuracy_70pct,0.5,76.49204280280169,0.75,0.7117005372934814
accuracy_60pct,0.5,70.16838377158685,0.68,0.5697597151113326
correlation_70pct,0.5,52.95777162606208,0.47,0.7220011315438556
correlation_60pct,0.5,41.825790999564454,0.36,0.5198713231687527
accuracy_80pct,0.5,86.67835375978257,0.86,0.7587091898237994
accuracy_70pct,0.5,76.35670751956509,0.75,0.6831565226799672
accuracy_60pct,0.5,74.16670644321738,0.72,0.5738859813161161
correlation_70pct,0.5,46.82444913382287,0.41,0.6805013733973377
correlation_60pct,0.5,44.23079043093063,0.38,0.625207061899934
accuracy_80pct,0.5,86.94935975842372,0.86,0.8146016265604288
accuracy_70pct,0.5,82.67969564075409,0.82,0.6847497912739023
accuracy_60pct,0.5,72.43938975499802,0.7,0.6742282317241202
correlation_70pct,0.5,59.28008883722529,0.54,0.6944838070686077
correlation_60pct,0.5,41.58179504013141,0.34,0.6196835860561565
accuracy_80pct,0.5,82.95036617676737,0.82,0.7847129131116546
accuracy_70pct,0.5,79.8970422037079,0.78,0.7710859765384944
accuracy_60pct,0.5,70.76304886236278,0.69,0.5831254162443243
correlation_70pct,0.5,46.82444913382286,0.41,0.6426435228404073
correlation_60pct,0.5,38.095790701701794,0.32,0.46851962308165984
accuracy_80pct,0.5,85.3543592507098,0.84,0.8042983653593557
accuracy_70pct,0.5,81.4907009370601,0.8,0.7538254490786394
accuracy_60pct,0.5,73.30304811433766,0.71,0.649695676595014
correlation_70pct,0.5,46.22978405827689,0.4,0.5671109847442328
correlation_60pct,0.5,44.55478497046333,0.39,0.554919194000962
accuracy_80pct,0.5,86.08402416209445,0.85,0.7871320961219805
accuracy_70pct,0.5,81.0320420243166,0.79,0.8283254353770767
accuracy_60pct,0.5,68.57506053132249,0.66,0.6253662324141792
correlation_70pct,0.5,45.63511898273093,0.39,0.5430159436295527
correlation_60pct,0.5,41.36612572939724,0.35,0.44716156145545527
accuracy_80pct,0.5,85.35536560813354,0.84,0.8723789934733049
accuracy_70pct,0.5,80.76070056304756,0.79,0.7278682984865876
accuracy_60pct,0.5,72.16737742939306,0.7,0.6367274451052755
correlation_70pct,0.5,42.23112589355854,0.36,0.5882233072131948
correlation_60pct,0.5,42.36511938720345,0.36,0.5450663636242952
accuracy_80pct,0.5,85.08335326729862,0.84,0.722391007687189
accuracy_70pct,0.5,77.49003008795421,0.76,0.6091626776885293
accuracy_60pct,0.5,75.62637172861457,0.74,0.6314512176957902
correlation_70pct,0.5,51.55243673206801,0.46,0.6243700600529967
correlation_60pct,0.5,39.771796116479166,0.33,0.46095168234446743
accuracy_80pct,0.5,85.8130181634533,0.85,0.7276891641276471
accuracy_70pct,0.5,76.76237789141703,0.75,0.7246009047910578
accuracy_60pct,0.5,67.8990550708552,0.66,0.5201976582469031
correlation_70pct,0.5,47.824113671194965,0.42,0.6291955830889575
correlation_60pct,0.5,44.95911353749362,0.39,0.5273108726148787
accuracy_80pct,0.5,85.62536524935095,0.84,0.8710191316822363
accuracy_70pct,0.5,77.22170768372638,0.76,0.6150619094959513
accuracy_60pct,0.5,71.16905468161265,0.69,0.641906069915904
correlation_70pct,0.5,46.50011914689224,0.4,0.6863819048219045
correlation_60pct,0.5,53.011431076979434,0.48,0.5620178786984379
accuracy_80pct,0.5,84.21902398270319,0.83,0.7366499697839262
accuracy_70pct,0.5,78.35704295173302,0.77,0.6898137729796894
accuracy_60pct,0.5,75.30271265170974,0.73,0.6977505564189899
correlation_70pct,0.5,47.04011842932708,0.4,0.7172093717900371
correlation_60pct,0.5,49.01176658529728,0.44,0.4827404205461676
accuracy_80pct,0.5,83.94969525151159,0.83,0.7672987914342949
accuracy_70pct,0.5,74.89804862205158,0.73,0.6815288256188734
accuracy_60pct,0.5,70.628384489152,0.69,0.5895442252459981
correlation_70pct,0.5,41.58213048752934,0.34,0.614092642640277
correlation_60pct,0.5,48.55344311995172,0.43,0.5432624946526676
accuracy_80pct,0.5,87.6776828649867,0.87,0.7048748087727733
accuracy_70pct,0.5,79.89670675630998,0.78,0.7236010602925002
accuracy_60pct,0.5,66.44039618857167,0.64,0.5474666263428739
correlation_70pct,0.5,50.76877693759805,0.44,0.6587590603622775
correlation_60pct,0.5,43.17646010044741,0.36,0.5890044461430742
accuracy_80pct,0.5,82.6796956407541,0.82,0.721183462883319
accuracy_70pct,0.5,76.35670748910515,0.75,0.6055072959437016
accuracy_60pct,0.5,71.43938973976806,0.69,0.624617969815898
correlation_70pct,0.5,53.95710071603626,0.48,0.6779614824152113
correlation_60pct,0.5,41.82545555216653,0.36,0.5164939538266686
accuracy_80pct,0.5,85.08469507212027,0.84,0.8256468718336321
accuracy_70pct,0.5,81.22003038581686,0.8,0.7097915565611856
accuracy_60pct,0.5,75.4377124570885,0.73,0.6866345974892123
correlation_70pct,0.5,42.1767955630753,0.35,0.6200364980471356
correlation_60pct,0.5,43.28478534447588,0.38,0.5184673713043887
accuracy_80pct,0.5,81.89603584628415,0.8,0.8064606775570492
accuracy_70pct,0.5,79.62637166769464,0.78,0.7306858129245388
accuracy_60pct,0.5,73.76304880144286,0.72,0.6239698752631732
correlation_70pct,0.5,50.0937778345545,0.44,0.6717486903251274
correlation_60pct,0.5,41.44645975689482,0.34,0.4908140674538707
accuracy_80pct,0.5,82.94902435671574,0.82,0.741480053943431
accuracy_70pct,0.5,80.35503016073568,0.79,0.6469221772673517
accuracy_60pct,0.5,72.03371935268613,0.7,0.599483304330376
correlation_70pct,0.5,45.36478389411559,0.39,0.5717604852028195
correlation_60pct,0.5,45.41978513462463,0.4,0.5732044569637946
accuracy_80pct,0.5,85.94935978888367,0.85,0.8060067142442134
accuracy_70pct,0.5,76.22036589413473,0.75,0.5758950736764756
accuracy_60pct,0.5,69.70972488930329,0.67,0.6449901669347451
correlation_70pct,0.5,47.09411332764236,0.41,0.6199719150589904
correlation_60pct,0.5,41.635454491048776,0.35,0.5118106435519624
accuracy_80pct,0.5,84.22003034012691,0.83,0.800283188350471
accuracy_70pct,0.5,77.49103643014797,0.76,0.6806688384212798
accuracy_60pct,0.5,69.03338398143808,0.67,0.5452805368796062
correlation_70pct,0.5,43.23045499876268,0.37,0.5769440801209468
correlation_60pct,0.5,47.01344385274686,0.42,0.5029353099904207
accuracy_80pct,0.5,87.0843595942624,0.86,0.8098872716116683
accuracy_70pct,0.5,79.62603623552668,0.78,0.681041554806208
accuracy_60pct,0.5,73.70905393358754,0.71,0.7005446152048554
correlation_70pct,0.5,51.68810744747256,0.46,0.5756339093074987
correlation_60pct,0.5,50.09344238715658,0.44,0.5315535953416346
accuracy_80pct,0.5,84.48969453394642,0.83,0.7822793942666859
accuracy_70pct,0.5,78.21969493841898,0.77,0.5644523084793043
accuracy_60pct,0.5,68.16972560686847,0.66,0.5053032051334915
correlation_70pct,0.5,46.365119326283526,0.4,0.5872218672292346
correlation_60pct,0.5,48.68844294056043,0.43,0.6419689050243512
accuracy_80pct,0.5,83.94902432625581,0.83,0.7020229394518518
accuracy_70pct,0.5,76.62704260818043,0.75,0.7023430807093675
accuracy_60pct,0.5,74.03271301049233,0.72,0.6462373442242392
correlation_70pct,0.5,42.151127328688844,0.37,0.5559140449717057
correlation_60pct,0.5,48.41844329934301,0.43,0.5985881405832246
accuracy_80pct,0.5,82.94935983457361,0.82,0.7693704055104218
accuracy_70pct,0.5,80.49170729448385,0.79,0.8325320238039349
accuracy_60pct,0.5,70.3037190700534,0.68,0.6483419821725139
correlation_70pct,0.5,43.82512007430865,0.38,0.5928906829694299
correlation_60pct,0.5,35.2331386997859,0.29,0.473107768509399
accuracy_80pct,0.5,86.94902432625577,0.86,0.8060387727924766
accuracy_70pct,0.5,78.95170802727898,0.78,0.706500976188629
accuracy_60pct,0.5,70.30405450222136,0.68,0.607067258248652
correlation_70pct,0.5,53.41743688099934,0.48,0.6496288582977728
correlation_60pct,0.5,53.87609579374283,0.49,0.6184647035078034
accuracy_80pct,0.5,83.08503053474819,0.82,0.7836794603167563
accuracy_70pct,0.5,79.03204205477657,0.77,0.7876963132055804
accuracy_60pct,0.5,72.3030481447976,0.7,0.6372580141767167
correlation_70pct,0.5,45.554784955233345,0.4,0.5612071187426632
correlation_60pct,0.5,41.36545484983135,0.35,0.5372476055894692
accuracy_80pct,0.5,85.54301850700591,0.85,0.6721838807622753
accuracy_70pct,0.5,81.35603654861933,0.8,0.7123440595309022
accuracy_60pct,0.5,70.89905504039523,0.69,0.6101230151243827
correlation_70pct,0.5,57.01076012126367,0.52,0.6547058219491724
correlation_60pct,0.5,44.68944934367411,0.39,0.4897892733845743
accuracy_80pct,0.5,86.08368869946655,0.85,0.8055023604803038
accuracy_70pct,0.5,80.81402458179697,0.8,0.6472163084315765
accuracy_60pct,0.5,71.30438993438932,0.69,0.6826645026813365
correlation_70pct,0.5,46.63511896750095,0.4,0.6573262991941843
correlation_60pct,0.5,36.042131281244394,0.29,0.45787805833452366
accuracy_80pct,0.5,84.94801799929198,0.84,0.6406757834407288
accuracy_70pct,0.5,78.89570042934619,0.77,0.6819807637394407
accuracy_60pct,0.5,74.76237792187698,0.73,0.602111468392695
correlation_70pct,0.5,41.71679486074012,0.34,0.5478964240284317
correlation_60pct,0.5,48.09411331241238,0.42,0.5813470147504418
accuracy_80pct,0.5,84.49002998134434,0.83,0.8126413364069479
accuracy_70pct,0.5,76.49237825019961,0.75,0.7110247404585013
accuracy_60pct,0.5,71.62771359435614,0.7,0.5275998176008985
correlation_70pct,0.5,45.040789354582884,0.38,0.6462089168769515
correlation_60pct,0.5,39.90679595231784,0.33,0.5472897082196382
accuracy_80pct,0.5,87.94902431102578,0.87,0.8806584776786532
accuracy_70pct,0.5,78.76070060873748,0.77,0.6926307221628273
accuracy_60pct,0.5,72.57338320295301,0.7,0.6783356308647633
correlation_70pct,0.5,46.094113327642376,0.4,0.5703853702370132
correlation_60pct,0.5,46.41944967199674,0.41,0.5535248646795656
accuracy_80pct,0.5,87.81368904301914,0.87,0.8804606425330617
accuracy_70pct,0.5,77.16637098058945,0.75,0.7363333818792643
accuracy_60pct,0.5,74.62670720647243,0.73,0.6790644080771329
correlation_70pct,0.5,55.470425406660894,0.51,0.6415049141593705
correlation_60pct,0.5,37.63713178895831,0.31,0.5594306301570738
accuracy_80pct,0.5,86.35469468287775,0.85,0.8422267634295927
accuracy_70pct,0.5,80.49103639968799,0.79,0.7236553370908684
accuracy_60pct,0.5,77.89670678676995,0.76,0.7068564392707661
correlation_70pct,0.5,51.22844219253531,0.45,0.6311544825524817
correlation_60pct,0.5,42.50079010260801,0.36,0.4832331799864046
accuracy_80pct,0.5,84.94969525151157,0.84,0.794679624375382
accuracy_70pct,0.5,79.22036586367474,0.78,0.6183781008645154
accuracy_60pct,0.5,70.7090539640475,0.68,0.6568837233601367
correlation_70pct,0.5,52.01143109220942,0.47,0.5377858051322978
correlation_60pct,0.5,44.230790430930625,0.38,0.6034280788134456
accuracy_80pct,0.5,83.62536527981092,0.82,0.8217663716204265
accuracy_70pct,0.5,77.16771280064108,0.75,0.7750212601868407
accuracy_60pct,0.5,69.7633843249907,0.68,0.5300866146105715
correlation_70pct,0.5,50.633777116989336,0.44,0.6859014751163489
correlation_60pct,0.5,44.95978443228946,0.39,0.5244023687024383
accuracy_80pct,0.5,84.22003035535688,0.83,0.8503252505270498
accuracy_70pct,0.5,80.0310356516629,0.78,0.7255290216150332
accuracy_60pct,0.5,74.35670755002504,0.73,0.5960431368250556
correlation_70pct,0.5,45.82478459645077,0.4,0.6265856593287101
correlation_60pct,0.5,38.23146141710635,0.32,0.4227698205895337
accuracy_80pct,0.5,84.62502981718302,0.83,0.8539374647280016
accuracy_70pct,0.5,77.03271298003237,0.75,0.7879029163495216
accuracy_60pct,0.5,70.43871887543216,0.68,0.6230158508823262
correlation_70pct,0.5,46.31045353317241,0.39,0.6955029223750037
correlation_60pct,0.5,37.90746687757365,0.31,0.46758304209787505
accuracy_80pct,0.5,89.40768320853928,0.89,0.7863120205557809
accuracy_70pct,0.5,77.76204241355916,0.76,0.6900245837638568
accuracy_60pct,0.5,69.11438891896148,0.66,0.6009195239764898
correlation_70pct,0.5,45.23045496830272,0.39,0.6243822134422993
correlation_60pct,0.5,42.77112519122335,0.36,0.6223454542476969
accuracy_80pct,0.5,87.21902393701325,0.86,0.8168457801648673
accuracy_70pct,0.5,76.76170699662117,0.75,0.6778950306121023
accuracy_60pct,0.5,72.30304812956764,0.7,0.6355763072889158
correlation_70pct,0.5,36.58380780066885,0.29,0.5043821828066939
correlation_60pct,0.5,47.14844367335556,0.42,0.5275479144972527
accuracy_80pct,0.5,86.94868887885784,0.86,0.814205113686272
accuracy_70pct,0.5,78.35570116214133,0.77,0.6833540422419875
accuracy_60pct,0.5,72.16804830895893,0.7,0.6280678104155907
correlation_70pct,0.5,39.85280105400257,0.32,0.5781134817957126
correlation_60pct,0.5,43.23045499876268,0.37,0.5460431139208346
accuracy_80pct,0.5,87.8136890277892,0.87,0.783616070133735
accuracy_70pct,0.5,79.89637130891205,0.78,0.6943360871821092
accuracy_60pct,0.5,70.25039506653397,0.67,0.6989245568204507
correlation_70pct,0.5,49.63377713221932,0.43,0.6465834891636952
correlation_60pct,0.5,41.23045502922265,0.35,0.4784054443016958
accuracy_80pct,0.5,85.08469507212027,0.84,0.8109858961819368
accuracy_70pct,0.5,85.21902398270316,0.84,0.7745337598108686
accuracy_60pct,0.5,73.03271301049236,0.71,0.5945742206192511
correlation_70pct,0.5,51.55310762686386,0.46,0.6478244840478083
correlation_60pct,0.5,43.365454819371394,0.37,0.5504668759585688
accuracy_80pct,0.5,84.40835414902512,0.84,0.6662975537542515
accuracy_70pct,0.5,78.7613715187633,0.77,0.7693869345125544
accuracy_60pct,0.5,71.03371939837605,0.69,0.6284086188391773
correlation_70pct,0.5,48.22944858041902,0.42,0.6876316814204392
correlation_60pct,0.5,36.636125461994524,0.3,0.42831707728429463
accuracy_80pct,0.5,85.67801834284458,0.85,0.7624667874424836
accuracy_70pct,0.5,79.49137184708594,0.78,0.744237103175472
accuracy_60pct,0.5,70.7090539640475,0.68,0.6618152743785678
correlation_70pct,0.5,46.68978476061208,0.41,0.6257714955258558
correlation_60pct,0.5,39.771460684311215,0.33,0.5536081414653656
accuracy_80pct,0.5,86.81402450564705,0.86,0.7834259369391129
accuracy_70pct,0.5,79.76103604090544,0.78,0.6578497699207503
accuracy_60pct,0.5,71.30405450222135,0.69,0.5607492562546849
correlation_70pct,0.5,54.41710141837144,0.49,0.7054058873348942
correlation_60pct,0.5,39.77179613170914,0.33,0.46936197385766226
accuracy_80pct,0.5,85.3546947133377,0.84,0.8384756033980238
accuracy_70pct,0.5,78.22036587890472,0.77,0.5840680653858473
accuracy_60pct,0.5,72.62737811649826,0.71,0.5339832116464266
correlation_70pct,0.5,48.498777311610624,0.42,0.6458229667419774
correlation_60pct,0.5,53.55243670160805,0.48,0.6956115602963582
accuracy_80pct,0.5,83.35536563859351,0.82,0.7880214970490472
accuracy_70pct,0.5,77.89670680199993,0.76,0.7183767742062573
accuracy_60pct,0.5,73.22137228201842,0.72,0.4442433214984389
correlation_70pct,0.5,49.3094471452887,0.42,0.7283804775075664
correlation_60pct,0.5,53.87676668853868,0.49,0.5783399544230134
accuracy_80pct,0.5,83.81469543090286,0.83,0.7582552519917333
accuracy_70pct,0.5,74.49271371282752,0.73,0.695689581492221
accuracy_60pct,0.5,71.03304851881018,0.69,0.5741529263528005
correlation_70pct,0.5,45.95978441705948,0.4,0.538847855900179
correlation_60pct,0.5,42.500454655210085,0.36,0.5229083820540387
accuracy_80pct,0.5,87.81335358039127,0.87,0.7636841936557679
accuracy_70pct,0.5,80.491036399688,0.79,0.752757655386268
accuracy_60pct,0.5,69.43938980068796,0.67,0.5711692967415248
correlation_70pct,0.5,44.77078971336546,0.38,0.663138564803834
correlation_60pct,0.5,46.36344208929391,0.4,0.5632899442554705
accuracy_80pct,0.5,84.94868889408782,0.84,0.7458939603869918
accuracy_70pct,0.5,82.8963712784521,0.81,0.8740454523680846
accuracy_60pct,0.5,66.16905468161272,0.64,0.4785845536477967
correlation_70pct,0.5,49.36411293839982,0.43,0.7275882766988899
correlation_60pct,0.5,40.501796475261735,0.34,0.5536454277737575
accuracy_80pct,0.5,88.6786891919505,0.88,0.853623564241704
accuracy_70pct,0.5,75.89670680199994,0.74,0.6155371524937602
accuracy_60pct,0.5,70.30338360742553,0.68,0.5086133757286871
correlation_70pct,0.5,53.68643018002299,0.48,0.6329307943795732
correlation_60pct,0.5,51.01243744963317,0.46,0.5715418073532675
accuracy_80pct,0.5,82.21935946056107,0.81,0.7457523736033059
accuracy_70pct,0.5,76.62637168292464,0.75,0.6753844322820739
accuracy_60pct,0.5,72.16771284633103,0.7,0.6701068307527832
correlation_70pct,0.5,44.824784611680755,0.39,0.6147303436487805
correlation_60pct,0.5,40.15045646435296,0.35,0.4620051717470015
accuracy_80pct,0.5,84.35469471333771,0.83,0.7686984617731523
accuracy_70pct,0.5,80.89637127845211,0.79,0.7697847440859732
accuracy_60pct,0.5,70.03405486100395,0.68,0.49904405747563246
correlation_70pct,0.5,54.821765432799644,0.49,0.7229431064445754
correlation_60pct,0.5,48.01310839011896,0.43,0.5041544761159231
accuracy_80pct,0.5,85.48935907131852,0.84,0.8112034039851295
accuracy_70pct,0.5,77.16737733801318,0.75,0.7208139635404175
accuracy_60pct,0.5,73.24905321602238,0.7,0.7598021498475599
correlation_70pct,0.5,50.093106939758655,0.44,0.6473671477266819
correlation_60pct,0.5,46.09411334287235,0.4,0.5400434104328985
accuracy_80pct,0.5,84.94902435671573,0.84,0.8208014089050725
accuracy_70pct,0.5,78.03170662260862,0.76,0.7902313332455495
accuracy_60pct,0.5,74.43838338234428,0.72,0.7788557253040083
correlation_70pct,0.5,50.28310800087641,0.45,0.6494489671969
correlation_60pct,0.5,46.743444211529436,0.42,0.4940996848027173
accuracy_80pct,0.5,86.35469468287775,0.85,0.829998825870936
accuracy_70pct,0.5,81.03137112952075,0.79,0.7968635407911879
accuracy_60pct,0.5,75.76237789141705,0.74,0.6571026010219576
correlation_70pct,0.5,45.04045390718496,0.38,0.6151208276014953
correlation_60pct,0.5,39.36579032768924,0.33,0.41481113221653526
accuracy_80pct,0.5,82.22036578752487,0.81,0.74669840708997
accuracy_70pct,0.5,78.680031118612,0.78,0.547454490960983
accuracy_60pct,0.5,67.49372014640117,0.66,0.4554085390502355
correlation_70pct,0.5,42.8804567774456,0.38,0.5596543856901383
correlation_60pct,0.5,46.55344315041168,0.41,0.524387701320037
accuracy_80pct,0.5,85.21935943010111,0.84,0.7781706121206857
accuracy_70pct,0.5,77.49137187754589,0.76,0.6378767540506158
accuracy_60pct,0.5,69.89871957776735,0.68,0.527509083370201
correlation_70pct,0.5,45.77045425073757,0.39,0.7138257027857717
correlation_60pct,0.5,45.4997837147243,0.39,0.5742697233137692
accuracy_80pct,0.5,82.81435999873493,0.82,0.6756722800255962
accuracy_70pct,0.5,78.2200304315068,0.77,0.585655296731032
accuracy_60pct,0.5,74.57304774032511,0.72,0.7218728597484992
correlation_70pct,0.5,51.958107088689985,0.46,0.6300409134640168
correlation_60pct,0.5,39.502131937889644,0.33,0.5109366707203624
accuracy_80pct,0.5,84.08402414686452,0.83,0.7030648147553767
accuracy_70pct,0.5,78.76103604090544,0.77,0.6659371766566099
accuracy_60pct,0.5,75.30271265170975,0.73,0.6646157257616695
correlation_70pct,0.5,42.176124668279456,0.35,0.6073966113018916
correlation_60pct,0.5,42.635119028420874,0.36,0.49648601944916143
accuracy_80pct,0.5,85.08469507212027,0.84,0.7928525147348361
accuracy_70pct,0.5,79.4913718623159,0.78,0.7225884417620979
accuracy_60pct,0.5,69.3040545326813,0.67,0.5545536387911706
correlation_70pct,0.5,45.634448087935084,0.39,0.5999762072362688
correlation_60pct,0.5,44.500454624750134,0.38,0.5447114547458556
accuracy_80pct,0.5,86.08402413163451,0.85,0.7799103919396384
accuracy_70pct,0.5,77.49137187754589,0.76,0.6419792929259693
accuracy_60pct,0.5,69.62972630920363,0.68,0.5767787776641666
correlation_70pct,0.5,49.76911240022596,0.43,0.706800389577536
correlation_60pct,0.5,40.17679559353527,0.33,0.46050988761414285
accuracy_80pct,0.5,87.08368868423658,0.86,0.8132868304235006
accuracy_70pct,0.5,80.22170765326644,0.79,0.7546324315409426
accuracy_60pct,0.5,71.76371975715861,0.7,0.653231430446644
correlation_70pct,0.5,43.446459741664825,0.36,0.6086007101115603
correlation_60pct,0.5,43.63511901319089,0.37,0.6363554153719508
accuracy_80pct,0.5,83.67936016289623,0.83,0.7432999907345904
accuracy_70pct,0.5,77.30204171122398,0.75,0.7775683374475468
accuracy_60pct,0.5,71.03338395097813,0.69,0.6474196793231355
correlation_70pct,0.5,49.95844256654787,0.44,0.6771313907581824
correlation_60pct,0.5,42.95978444751945,0.37,0.5185624738090076
accuracy_80pct,0.5,85.22003034012691,0.84,0.8376932860946749
accuracy_70pct,0.5,75.76237789141705,0.74,0.5960069342097984
accuracy_60pct,0.5,71.76271341496485,0.7,0.4517389314728797
correlation_70pct,0.5,52.36310655051612,0.46,0.6734457847089573
correlation_60pct,0.5,47.63377716267928,0.41,0.5661874629934033
accuracy_80pct,0.5,83.81435999873491,0.83,0.7233375672041427
accuracy_70pct,0.5,78.76137150353334,0.77,0.7278369789011658
accuracy_60pct,0.5,73.84338282894046,0.71,0.6570790836335481
correlation_70pct,0.5,44.23011953613478,0.38,0.4909481092810556
correlation_60pct,0.5,41.50146101263383,0.35,0.511202302842631
accuracy_80pct,0.5,85.81368905824914,0.85,0.7598097160548195
accuracy_70pct,0.5,75.76271333881496,0.74,0.6672739102451389
accuracy_60pct,0.5,70.4930492059154,0.69,0.47653337519759065
correlation_70pct,0.5,45.95944896966155,0.4,0.5867650157051577
correlation_60pct,0.5,46.498106447274736,0.4,0.5307808221026538
accuracy_80pct,0.5,85.08536596691613,0.84,0.8603196521848139
accuracy_70pct,0.5,78.49204275711176,0.77,0.7630254898412782
accuracy_60pct,0.5,73.8977132051136,0.72,0.659419005119975
correlation_70pct,0.5,47.22978404304692,0.41,0.6388174938122302
correlation_60pct,0.5,47.22911314825107,0.41,0.6460918728344124
accuracy_80pct,0.5,83.81335365654115,0.83,0.6619812812458146
accuracy_70pct,0.5,81.62603620506671,0.8,0.7480986465559881
accuracy_60pct,0.5,75.62704263864038,0.74,0.5674432826427244
correlation_70pct,0.5,50.553107642093835,0.45,0.5549495407266143
correlation_60pct,0.5,42.77112519122335,0.36,0.4790242941515174
accuracy_80pct,0.5,87.21902396747318,0.86,0.8498685452988881
accuracy_70pct,0.5,75.62737807080833,0.74,0.6671465789964175
accuracy_60pct,0.5,69.1700610390364,0.67,0.6206845113190629
correlation_70pct,0.5,53.227100372483655,0.47,0.7084570889312454
correlation_60pct,0.5,50.28277255347848,0.45,0.5685793058422037
accuracy_80pct,0.5,85.2193594301011,0.84,0.8021924298643769
accuracy_70pct,0.5,79.22036587890472,0.78,0.6578559432672254
accuracy_60pct,0.5,69.89838416082937,0.68,0.47756134300524355
correlation_70pct,0.5,49.63411257961724,0.43,0.7052462836469715
correlation_60pct,0.5,51.877102166396554,0.47,0.5508314461513643
accuracy_80pct,0.5,89.67801828192466,0.89,0.8449299521461098
accuracy_70pct,0.5,80.03103568212285,0.78,0.753970909885665
accuracy_60pct,0.5,68.1690547273026,0.66,0.5861539842122788
correlation_70pct,0.5,54.2817661503648,0.49,0.6621780298532123
correlation_60pct,0.5,44.229784088736864,0.38,0.4858275675701515
accuracy_80pct,0.5,85.35469469810774,0.84,0.8126597276788208
accuracy_70pct,0.5,78.35637205693718,0.77,0.6574628653753019
accuracy_60pct,0.5,70.70871853187954,0.68,0.5958154083994806
correlation_70pct,0.5,47.499783684264344,0.41,0.6627866777942206
correlation_60pct,0.5,45.09444880550024,0.39,0.5489227233016616
accuracy_80pct,0.5,84.4900299965743,0.83,0.8177848763427769
accuracy_70pct,0.5,79.03237750217448,0.77,0.7840460479959364
accuracy_60pct,0.5,67.71039579932913,0.65,0.6515648783786843
correlation_70pct,0.5,49.09377784978447,0.43,0.655810191227283
correlation_60pct,0.5,41.6901202841599,0.36,0.45763298907875577
accuracy_80pct,0.5,85.94835344668991,0.85,0.7555276679387214
accuracy_70pct,0.5,77.89704223416787,0.76,0.7184826630437293
accuracy_60pct,0.5,71.8980486677415,0.7,0.586133871918525
correlation_70pct,0.5,51.63344165436144,0.45,0.6904235871367401
correlation_60pct,0.5,41.095790640781885,0.35,0.3958405366609788
accuracy_80pct,0.5,84.62570071197885,0.83,0.8732210991304882
accuracy_70pct,0.5,81.35536566905346,0.8,0.688162988626998
accuracy_60pct,0.5,70.3847239618869,0.67,0.6521861251093597
correlation_70pct,0.5,42.77078974382543,0.36,0.5626638972856595
correlation_60pct,0.5,43.17545374302367,0.36,0.5569641093748996
accuracy_80pct,0.5,88.08368866900659,0.87,0.8334336059554566
accuracy_70pct,0.5,81.35503020642557,0.8,0.6960196636437219
accuracy_60pct,0.5,74.76137156445324,0.73,0.5844219909297678
correlation_70pct,0.5,55.821765417569665,0.5,0.7319082122605693
correlation_60pct,0.5,50.227771312969445,0.44,0.5600523256659059
accuracy_80pct,0.5,87.81368904301914,0.87,0.8334810326367107
accuracy_70pct,0.5,79.03170659214867,0.77,0.7124201389331545
accuracy_60pct,0.5,74.30271266693974,0.72,0.6707735678074916
correlation_70pct,0.5,46.229448610878976,0.4,0.49385809663047897
correlation_60pct,0.5,38.17746651879107,0.31,0.5386573907973181
accuracy_80pct,0.5,85.21935944533107,0.84,0.7828980083311631
accuracy_70pct,0.5,75.49170737063375,0.74,0.6182302721085172
accuracy_60pct,0.5,71.57506048563253,0.69,0.7133368466742176
correlation_70pct,0.5,48.22877768562317,0.42,0.6223700665195843
correlation_60pct,0.5,41.3661257446272,0.35,0.4992135677051004
accuracy_80pct,0.5,83.81503087830079,0.83,0.7782148743331628
accuracy_70pct,0.5,81.22036583321479,0.8,0.7417382540460029
accuracy_60pct,0.5,67.16939015947055,0.65,0.523774105866128
correlation_70pct,0.5,51.498441833752736,0.45,0.7289983902614775
correlation_60pct,0.5,45.82411370165492,0.4,0.5376617811121789
accuracy_80pct,0.5,84.08402417732445,0.83,0.7789546042266744
accuracy_70pct,0.5,74.89603595289401,0.73,0.6332196998430882
accuracy_60pct,0.5,69.03338398143808,0.67,0.5818148208221704
correlation_70pct,0.5,49.55310765732381,0.44,0.657852983247712
correlation_60pct,0.5,39.42045610557039,0.34,0.39054584928162583
accuracy_80pct,0.5,86.81368905824912,0.86,0.8233455391511015
accuracy_70pct,0.5,79.30204169599398,0.77,0.7850656961564002
accuracy_60pct,0.5,73.43838339757427,0.71,0.6364114892524042
correlation_70pct,0.5,52.363106550516115,0.46,0.6608099639011111
correlation_60pct,0.5,46.95810716483988,0.41,0.5305319352033206
accuracy_80pct,0.5,86.81368905824912,0.86,0.8359462586901184
accuracy_70pct,0.5,83.9493597888837,0.83,0.7094787502949125
accuracy_60pct,0.5,72.03271305618227,0.7,0.6050870307639318
correlation_70pct,0.5,54.28210159776272,0.49,0.6954269595853102
correlation_60pct,0.5,37.42079159865824,0.32,0.3938941145150577
accuracy_80pct,0.5,86.81402450564704,0.86,0.8083703394932714
accuracy_70pct,0.5,79.03271294957241,0.77,0.8146920645663993
accuracy_60pct,0.5,69.30438996484926,0.67,0.5931114265524143
correlation_70pct,0.5,45.69012022323998,0.4,0.5413946836701162
correlation_60pct,0.5,44.68911389627619,0.39,0.4479346730256863
accuracy_80pct,0.5,87.81335358039127,0.87,0.8082180922078946
accuracy_70pct,0.5,78.35536569951344,0.77,0.6433910381446079
accuracy_60pct,0.5,71.16871921898476,0.69,0.6663625312577182
correlation_70pct,0.5,51.49844183375273,0.45,0.710454003612116
correlation_60pct,0.5,40.04112487813072,0.33,0.46189573684751967
accuracy_80pct,0.5,88.8140244751871,0.88,0.8574209282703569
accuracy_70pct,0.5,81.22003038581687,0.8,0.7272525689830013
accuracy_60pct,0.5,69.16939015947054,0.67,0.5991262785966601
correlation_70pct,0.5,57.68609467170515,0.52,0.7436047147271356
correlation_60pct,0.5,54.28143070296688,0.49,0.6033089317769919
accuracy_80pct,0.5,85.81402452087703,0.85,0.7621761941057253
accuracy_70pct,0.5,83.62502981718303,0.82,0.7758099158384592
accuracy_60pct,0.5,73.1687191885248,0.71,0.6524879320241227
correlation_70pct,0.5,37.043137608208184,0.3,0.5616808711523199
correlation_60pct,0.5,45.49911281992845,0.39,0.6518602334006651
accuracy_80pct,0.5,83.0843596551823,0.82,0.7563886618673832
accuracy_70pct,0.5,80.03137112952076,0.78,0.7751675294758053
accuracy_60pct,0.5,70.76304886236278,0.69,0.5379338609714311
correlation_70pct,0.5,45.175789175191596,0.38,0.6705774043088291
correlation_60pct,0.5,45.418778792430864,0.4,0.483524240036769
accuracy_80pct,0.5,86.0846950568903,0.85,0.859187940243598
accuracy_70pct,0.5,78.49103641491799,0.77,0.6898985514217234
accuracy_60pct,0.5,67.76371980284858,0.66,0.47990735802809403
correlation_70pct,0.5,41.44713066692063,0.34,0.6830846263719634
correlation_60pct,0.5,38.82612649265232,0.33,0.46629442697878715
accuracy_80pct,0.5,83.49070089137015,0.82,0.8345987916951901
accuracy_70pct,0.5,76.89704226462781,0.75,0.7380156610223384
accuracy_60pct,0.5,73.35737846005087,0.72,0.6412709419185652
correlation_70pct,0.5,45.769783355941726,0.39,0.621611143533636
correlation_60pct,0.5,42.230454998762696,0.36,0.5243061835960572
accuracy_80pct,0.5,86.6783537445526,0.86,0.7479442115615464
accuracy_70pct,0.5,74.76304880144286,0.73,0.7010022747905732
accuracy_60pct,0.5,71.9797244848308,0.69,0.7696678102152362
correlation_70pct,0.5,46.55411404520753,0.41,0.5790195766969951
correlation_60pct,0.5,42.82545553693655,0.37,0.5325339276416085
accuracy_80pct,0.5,84.94935980411366,0.84,0.7625527838962646
accuracy_70pct,0.5,73.76338426407077,0.72,0.6639483190411105
accuracy_60pct,0.5,68.11438890373152,0.65,0.5279706936896132
correlation_70pct,0.5,43.906124996602074,0.37,0.6310971277001125
correlation_60pct,0.5,38.042131250784436,0.31,0.4647380190829473
accuracy_80pct,0.5,86.3540237880819,0.85,0.8289224992263743
accuracy_70pct,0.5,78.76170696616121,0.77,0.7541764288792404
accuracy_60pct,0.5,72.30371902436349,0.7,0.6859508333685895
correlation_70pct,0.5,46.63511896750095,0.4,0.6111436139304491
correlation_60pct,0.5,36.312801817257665,0.29,0.4817541209995238
accuracy_80pct,0.5,85.94902432625577,0.85,0.7961966885141862
accuracy_70pct,0.5,77.89737768156579,0.76,0.707167389928531
accuracy_60pct,0.5,75.43838336711431,0.73,0.7167941623778566
correlation_70pct,0.5,43.04112483244077,0.36,0.6163069947137602
correlation_60pct,0.5,45.634783535333,0.39,0.545205987210442
accuracy_80pct,0.5,85.81402452087703,0.85,0.7804678906180232
accuracy_70pct,0.5,78.6263716981546,0.77,0.7024844213528932
accuracy_60pct,0.5,71.16939011378061,0.69,0.6644642458726171
correlation_70pct,0.5,55.416430508345606,0.5,0.7257689178218292
correlation_60pct,0.5,50.87710216639657,0.46,0.5291302767006394
accuracy_80pct,0.5,86.08402416209445,0.85,0.8197535500881173
accuracy_70pct,0.5,77.62670716078249,0.76,0.7309379368257516
accuracy_60pct,0.5,67.03506124888766,0.65,0.5968442835611256
correlation_70pct,0.5,43.36612571416724,0.37,0.6350125854804693
correlation_60pct,0.5,43.4194497024567,0.38,0.49211921818574506
accuracy_80pct,0.5,87.353688325454,0.86,0.8370904897052138
accuracy_70pct,0.5,77.08536608875596,0.76,0.6106438130049294
accuracy_60pct,0.5,71.30338359219554,0.69,0.6094539073181834
correlation_70pct,0.5,49.49911275900854,0.43,0.6785336345675667
correlation_60pct,0.5,38.17679562399522,0.31,0.4938576617539457
accuracy_80pct,0.5,84.89536490579836,0.83,0.8532978166006083
accuracy_70pct,0.5,79.62637166769464,0.78,0.6636690918322619
accuracy_60pct,0.5,73.03338392051818,0.71,0.5749345840632905
correlation_70pct,0.5,47.90444769869255,0.41,0.6695910303801726
correlation_60pct,0.5,54.687101059588855,0.49,0.7248749256548116
accuracy_80pct,0.5,84.08402419255441,0.83,0.7507888054569364
accuracy_70pct,0.5,79.49137184708594,0.78,0.6987262452290477
accuracy_60pct,0.5,71.89838411513944,0.7,0.6108436014763069
correlation_70pct,0.5,47.90444769869255,0.41,0.6977882816633136
correlation_60pct,0.5,46.959113491803684,0.41,0.5647349067231916
accuracy_80pct,0.5,85.6786892528704,0.85,0.739711110918979
accuracy_70pct,0.5,79.35637204170717,0.78,0.6691473619136008
accuracy_60pct,0.5,75.3033835465056,0.73,0.6934757289990118
correlation_70pct,0.5,50.49844184898271,0.44,0.6212363620039207
correlation_60pct,0.5,41.09612610340978,0.35,0.4819184113533245
accuracy_80pct,0.5,82.67936017812622,0.82,0.7275594156425864
accuracy_70pct,0.5,80.35469477425762,0.79,0.6884192022137579
accuracy_60pct,0.5,67.62838448915204,0.66,0.4662198834399518
correlation_70pct,0.5,42.636460818012566,0.36,0.6325470900787278
correlation_60pct,0.5,39.36713211728094,0.33,0.6048480330591979
accuracy_80pct,0.5,86.94902432625577,0.86,0.8427358102060953
accuracy_70pct,0.5,79.49103638445804,0.78,0.6766866555018347
accuracy_60pct,0.5,71.76271335404498,0.7,0.5211782063201502
correlation_70pct,0.5,42.96011991014734,0.37,0.5777710585354144
correlation_60pct,0.5,51.55243673206801,0.46,0.6382202456886087
accuracy_80pct,0.5,85.81469541567289,0.85,0.8079188131879683
accuracy_70pct,0.5,77.76204242878912,0.76,0.7053883530220781
accuracy_60pct,0.5,71.70871851664957,0.69,0.6694355662954287
correlation_70pct,0.5,47.63444805747512,0.41,0.6135285051535873
correlation_60pct,0.5,39.90713139971577,0.33,0.5192890644440098
accuracy_80pct,0.5,87.48969450348645,0.86,0.9182302423586717
accuracy_70pct,0.5,77.49137187754589,0.76,0.7134529983912653
accuracy_60pct,0.5,71.62871993654991,0.7,0.6658991210611881
correlation_70pct,0.5,47.90478314609047,0.41,0.7257164526599001
correlation_60pct,0.5,36.44813708526429,0.29,0.5035591937887645
accuracy_80pct,0.5,83.21902401316314,0.82,0.6848553456040123
accuracy_70pct,0.5,79.35570113168137,0.78,0.6519145347540815
accuracy_60pct,0.5,72.43938973976803,0.7,0.6344231654230826
correlation_70pct,0.5,43.176124653049484,0.36,0.6479399817981947
correlation_60pct,0.5,47.4991127894685,0.41,0.5450960324420447
accuracy_80pct,0.5,84.35536562336351,0.83,0.818863561164818
accuracy_70pct,0.5,79.89704220370791,0.78,0.7925025909456981
accuracy_60pct,0.5,73.16737736847318,0.71,0.5917687424492399
correlation_70pct,0.5,43.36579026676932,0.37,0.5513604193598082
correlation_60pct,0.5,41.176124683509435,0.34,0.5085522471897195
accuracy_80pct,0.5,83.35469471333772,0.82,0.7417723020051749
accuracy_70pct,0.5,79.95070165462526,0.79,0.6670635997757173
accuracy_60pct,0.5,72.76237793710698,0.71,0.5998468764209249
correlation_70pct,0.5,43.31145992105611,0.36,0.67393857862075
correlation_60pct,0.5,47.95877802917578,0.42,0.6003139792072166
accuracy_80pct,0.5,84.08402416209447,0.83,0.6877061882675701
accuracy_70pct,0.5,79.89637132414204,0.78,0.7606677275092513
accuracy_60pct,0.5,70.43972523285589,0.68,0.6441519613501461
correlation_70pct,0.5,43.31078902626027,0.36,0.6100255572576083
correlation_60pct,0.5,41.36646119202513,0.35,0.4861899002024322
accuracy_80pct,0.5,86.9490243110258,0.86,0.8064822031320614
accuracy_70pct,0.5,79.22036584844479,0.78,0.6329391055940817
accuracy_60pct,0.5,71.0330485035802,0.69,0.5753428627195398
correlation_70pct,0.5,50.49877729638064,0.44,0.6906122565814058
correlation_60pct,0.5,39.826126477422335,0.34,0.4454700602065479
accuracy_80pct,0.5,87.81335358039125,0.87,0.7889943937807594
accuracy_70pct,0.5,77.30304805341775,0.75,0.7614897322184249
accuracy_60pct,0.5,69.70838306925168,0.67,0.5120448618224811
correlation_70pct,0.5,54.686094717395086,0.49,0.6500466949638372
correlation_60pct,0.5,43.230790446160604,0.37,0.5247009837036425
accuracy_80pct,0.5,86.21935943010108,0.85,0.832342030660329
accuracy_70pct,0.5,78.35603656384934,0.77,0.6135083153572068
accuracy_60pct,0.5,73.57271230815716,0.71,0.642254943402915
correlation_70pct,0.5,46.76978334071173,0.4,0.6471752545122904
correlation_60pct,0.5,38.23179686450427,0.32,0.34361560214906867
accuracy_80pct,0.5,82.48902366961055,0.81,0.6997211535583728
accuracy_70pct,0.5,81.62536529504091,0.8,0.768738992993874
accuracy_60pct,0.5,72.76271336927493,0.71,0.558636515205514
correlation_70pct,0.5,50.76844149020013,0.44,0.7228644519032918
correlation_60pct,0.5,48.55277220992591,0.43,0.5274747496371763
accuracy_80pct,0.5,84.35503016073562,0.83,0.7992942779936619
accuracy_70pct,0.5,81.03137112952075,0.79,0.8201297264929349
accuracy_60pct,0.5,71.89838411513944,0.7,0.5954308893850192
correlation_70pct,0.5,45.63478353533301,0.39,0.6343102325233738
correlation_60pct,0.5,40.50146102786381,0.34,0.511653587115797
accuracy_80pct,0.5,83.22070126538271,0.82,0.8719161166397302
accuracy_70pct,0.5,78.49103641491799,0.77,0.7543971463992648
accuracy_60pct,0.5,72.89838411513942,0.71,0.7477013241064445
correlation_70pct,0.5,47.41944965676675,0.42,0.6796912621975622
correlation_60pct,0.5,35.9621326706848,0.3,0.44988546282092473
accuracy_80pct,0.5,87.54268305960797,0.87,0.7922249570576023
accuracy_70pct,0.5,81.35603654861934,0.8,0.7684105189280814
accuracy_60pct,0.5,76.89737769679576,0.75,0.7101267685288604
correlation_70pct,0.5,42.04112484767075,0.35,0.5970643489115423
correlation_60pct,0.5,45.95978441705948,0.4,0.6580165950788724
accuracy_80pct,0.5,85.35503016073562,0.84,0.8228524021141743
accuracy_70pct,0.5,78.76103604090545,0.77,0.6597941143252849
accuracy_60pct,0.5,71.70972484361337,0.69,0.6395353429204366
correlation_70pct,0.5,45.68978477584206,0.4,0.4531625094919406
correlation_60pct,0.5,52.55277216423595,0.47,0.6254475521374351
accuracy_80pct,0.5,86.54402484919967,0.86,0.7893359593657422
accuracy_70pct,0.5,78.49036550489218,0.77,0.5865064488418478
accuracy_60pct,0.5,70.89871957776734,0.69,0.5626419130049142
correlation_70pct,0.5,53.36243564049029,0.47,0.6737164340521526
correlation_60pct,0.5,37.23213232713218,0.31,0.4401754974212582
accuracy_80pct,0.5,88.21868848961532,0.87,0.861070503938711
accuracy_70pct,0.5,78.95103711725316,0.78,0.661901368037798
accuracy_60pct,0.5,71.62771359435614,0.7,0.5932541409854413
correlation_70pct,0.5,39.907131399715766,0.33,0.5849258217804041
correlation_60pct,0.5,50.147772732869775,0.45,0.5634013113847456
accuracy_80pct,0.5,85.54402486442963,0.85,0.7300795286122606
accuracy_70pct,0.5,80.49103639968801,0.79,0.7269274904250553
accuracy_60pct,0.5,72.89838411513942,0.71,0.639089432588844
correlation_70pct,0.5,45.77011880333964,0.39,0.6206570703044691
correlation_60pct,0.5,41.63612538584462,0.35,0.5096895714078115
accuracy_80pct,0.5,87.08335322160869,0.86,0.7955297977731837
accuracy_70pct,0.5,77.2210367584706,0.76,0.6145062413162203
accuracy_60pct,0.5,70.30438994961929,0.68,0.677275581086825
correlation_70pct,0.5,45.77045425073757,0.39,0.6867796406095477
correlation_60pct,0.5,39.63713175849835,0.33,0.5552473303019747
accuracy_80pct,0.5,88.94868884839786,0.88,0.8833568263004756
accuracy_70pct,0.5,78.62603625075666,0.77,0.7188285892195809
accuracy_60pct,0.5,70.84338288986038,0.68,0.6361583850978655
correlation_70pct,0.5,49.63377713221932,0.43,0.7181642438420254
correlation_60pct,0.5,48.95810711914995,0.43,0.6521111598913927
accuracy_80pct,0.5,85.22036578752483,0.84,0.8149209044307775
accuracy_70pct,0.5,81.21969495364891,0.8,0.6705573424086565
accuracy_60pct,0.5,70.57304775555512,0.68,0.5153809582612072
correlation_70pct,0.5,57.41575958308981,0.52,0.6770678616908964
correlation_60pct,0.5,45.905118623948354,0.39,0.5895458875633078
accuracy_80pct,0.5,81.81402455133701,0.81,0.6382793024218497
accuracy_70pct,0.5,77.35603660953926,0.76,0.6261533645081628
accuracy_60pct,0.5,72.03271304095232,0.7,0.5946383553220117
correlation_70pct,0.5,46.23011950567482,0.4,0.6562865476439416
correlation_60pct,0.5,41.500454670440064,0.35,0.49346178228617577
accuracy_80pct,0.5,83.49036545920222,0.82,0.8320601088998825
accuracy_70pct,0.5,82.81435998350497,0.82,0.690737256929291
accuracy_60pct,0.5,69.573383233413,0.67,0.5324492045224635
correlation_70pct,0.5,48.363777506231884,0.42,0.6766457316364657
correlation_60pct,0.5,45.148779135983474,0.4,0.5230511308034379
accuracy_80pct,0.5,87.94868886362786,0.87,0.8474776971609954
accuracy_70pct,0.5,85.22003032489695,0.84,0.8186988938452435
accuracy_60pct,0.5,73.03304845789029,0.71,0.6427110834626327
correlation_70pct,0.5,54.41710141837144,0.49,0.6990676872049235
correlation_60pct,0.5,44.95978443228946,0.39,0.5589882662220378
accuracy_80pct,0.5,85.3546947133377,0.84,0.7575598603761454
accuracy_70pct,0.5,75.62670716078253,0.74,0.5387065475605349
accuracy_60pct,0.5,69.84472469468203,0.67,0.583037523394566
correlation_70pct,0.5,49.49911275900854,0.43,0.6156790355107271
correlation_60pct,0.5,45.95978441705948,0.4,0.5358328397803751
accuracy_80pct,0.5,87.35469468287774,0.86,0.8968094086949848
accuracy_70pct,0.5,83.08536598214612,0.82,0.7841491858213879
accuracy_60pct,0.5,74.762377921877,0.73,0.6771902152607815
correlation_70pct,0.5,50.607102540409116,0.46,0.5730313814956677
correlation_60pct,0.5,41.23045502922264,0.35,0.5197717403084564
accuracy_80pct,0.5,84.35435928116975,0.83,0.7617767274643507
accuracy_70pct,0.5,76.22237859375221,0.75,0.5824296318964238
accuracy_60pct,0.5,68.62838448915203,0.67,0.4123708130004601
correlation_70pct,0.5,50.228777655163206,0.44,0.6539319538029721
correlation_60pct,0.5,55.20042576544347,0.51,0.5696234115076234
accuracy_80pct,0.5,86.21969487749901,0.85,0.8428159406182505
accuracy_70pct,0.5,79.89637129368208,0.78,0.7315487732932604
accuracy_60pct,0.5,70.76304881667288,0.69,0.5188627529625566
correlation_70pct,0.5,47.634783504873056,0.41,0.6548767439308536
correlation_60pct,0.5,43.744786046811065,0.39,0.4361195426718055
accuracy_80pct,0.5,85.81435996827496,0.85,0.8017305798917648
accuracy_70pct,0.5,78.35670748910513,0.77,0.6983631817528642
accuracy_60pct,0.5,71.5743895908367,0.69,0.7000049886853696
correlation_70pct,0.5,35.85347200971833,0.28,0.6025386798264081
correlation_60pct,0.5,40.771460669081236,0.34,0.5978593050574117
accuracy_80pct,0.5,88.35368831022402,0.87,0.8276748721008533
accuracy_70pct,0.5,77.76271332358496,0.76,0.702761953741066
accuracy_60pct,0.5,69.43972524808588,0.67,0.5461282967886726
correlation_70pct,0.5,49.3637774910019,0.43,0.5815158238901581
correlation_60pct,0.5,43.31045357886234,0.36,0.5266969403805132
accuracy_80pct,0.5,81.81335367177114,0.81,0.6116218145969403
accuracy_70pct,0.5,80.62536532550087,0.79,0.7441407108341935
accuracy_60pct,0.5,71.22237863944218,0.7,0.45550725477740234
correlation_70pct,0.5,37.63780268375415,0.31,0.4681278714753335
correlation_60pct,0.5,42.09511973075607,0.36,0.5047151785084398
accuracy_80pct,0.5,85.21935944533107,0.84,0.8532510624668017
accuracy_70pct,0.5,78.49170732494379,0.77,0.7676239847367125
accuracy_60pct,0.5,70.89871957776734,0.69,0.622968181558415
correlation_70pct,0.5,50.68844291010046,0.45,0.6746007190175513
correlation_60pct,0.5,36.907802340201556,0.3,0.5282426942493559
accuracy_80pct,0.5,85.67936014766624,0.85,0.8097969659852975
accuracy_70pct,0.5,80.95070165462526,0.8,0.7153566289988487
accuracy_60pct,0.5,70.44006066502385,0.68,0.6979023105426273
correlation_70pct,0.5,47.904783146090466,0.41,0.7225530065725477
correlation_60pct,0.5,31.827468358393933,0.26,0.2476652912547084
accuracy_80pct,0.5,83.94935980411366,0.83,0.7620535866793108
accuracy_70pct,0.5,78.3553656690535,0.77,0.6361295525072415
accuracy_60pct,0.5,69.89771323557358,0.68,0.5796165834312339
correlation_70pct,0.5,46.4994482520964,0.4,0.6093132529987142
correlation_60pct,0.5,39.5014610430938,0.33,0.499369777793219
accuracy_80pct,0.5,84.81335361085122,0.84,0.7529509808252369
accuracy_70pct,0.5,79.3560365790793,0.78,0.7701030015490465
accuracy_60pct,0.5,70.03371941360604,0.68,0.5859668958154722
correlation_70pct,0.5,45.22944861087899,0.39,0.56973259695745
correlation_60pct,0.5,42.555455895719135,0.37,0.5209590467410513
accuracy_80pct,0.5,87.08435957903244,0.86,0.8377068044486013
accuracy_70pct,0.5,76.6267071607825,0.75,0.6512327500883563
accuracy_60pct,0.5,67.70972491976325,0.65,0.5723434404925575
correlation_70pct,0.5,44.770789713365474,0.38,0.6118830273179199
correlation_60pct,0.5,40.77112522168331,0.34,0.5482952065036996
accuracy_80pct,0.5,87.81368904301915,0.87,0.8350751343069376
accuracy_70pct,0.5,77.76237786095707,0.76,0.7354590452414257
accuracy_60pct,0.5,73.76304881667285,0.72,0.6595737686594578
correlation_70pct,0.5,46.36478387888561,0.4,0.6220096020826655
correlation_60pct,0.5,38.36579032768925,0.32,0.37414753621841174
accuracy_80pct,0.5,84.0843596094924,0.83,0.7019412049814286
accuracy_70pct,0.5,76.0870433257456,0.75,0.5966015770605602
accuracy_60pct,0.5,72.1693901137806,0.7,0.671426799914406
correlation_70pct,0.5,55.82176541756966,0.5,0.705967575618326
correlation_60pct,0.5,46.44545335378112,0.39,0.6609182924386106
accuracy_80pct,0.5,85.35503016073562,0.84,0.8535232488138419
accuracy_70pct,0.5,77.62771350297626,0.76,0.7317370827783785
accuracy_60pct,0.5,66.71006033670126,0.64,0.528931083538394
correlation_70pct,0.5,47.68877840318833,0.42,0.601259682743641
correlation_60pct,0.5,43.63511901319089,0.37,0.6216594857850567
accuracy_80pct,0.5,87.35469468287774,0.86,0.8859694855928189
accuracy_70pct,0.5,77.76204241355916,0.76,0.7180836049483624
accuracy_60pct,0.5,68.49304923637537,0.67,0.4257063371570366
correlation_70pct,0.5,48.82344276116914,0.43,0.5703631604508462
correlation_60pct,0.5,41.960790804943194,0.36,0.41997373447814046
accuracy_80pct,0.5,85.94969523628158,0.85,0.8281591530364103
accuracy_70pct,0.5,80.491036399688,0.79,0.7319929050615793
accuracy_60pct,0.5,75.76204244401912,0.74,0.6714355935957033
correlation_70pct,0.5,44.23011953613478,0.38,0.57367096685675
correlation_60pct,0.5,39.826461924820265,0.34,0.5146283298113685
accuracy_80pct,0.5,86.81402450564704,0.86,0.8046748196843054
accuracy_70pct,0.5,79.30271259078982,0.77,0.7997639748227212
accuracy_60pct,0.5,70.16939012901058,0.68,0.48773593932111603
correlation_70pct,0.5,51.553107626863856,0.46,0.6886534726801223
correlation_60pct,0.5,45.82478459645077,0.4,0.4454871093404235
accuracy_80pct,0.5,87.6790246545784,0.87,0.8131181505971096
accuracy_70pct,0.5,75.8977131441937,0.74,0.6848439238931675
accuracy_60pct,0.5,75.6273780860383,0.74,0.6671574537581652
correlation_70pct,0.5,53.55243670160805,0.48,0.6714602850912551
correlation_60pct,0.5,44.95978443228946,0.39,0.4959830540850125
accuracy_80pct,0.5,87.81335358039127,0.87,0.8121381944148857
accuracy_70pct,0.5,75.30338354650559,0.73,0.7734031569694848
accuracy_60pct,0.5,67.16939018993051,0.65,0.53562811787382
correlation_70pct,0.5,41.12246523259208,0.33,0.684047227752108
correlation_60pct,0.5,34.12380712879363,0.26,0.5271701340747772
accuracy_80pct,0.5,86.67868923764041,0.86,0.7555894583330409
accuracy_70pct,0.5,76.76237787618707,0.75,0.6950127212101321
accuracy_60pct,0.5,73.16804827849899,0.71,0.5519277872895237
correlation_70pct,0.5,47.63478350487305,0.41,0.6005816811100572
correlation_60pct,0.5,38.31313723419562,0.31,0.5833176620804927
accuracy_80pct,0.5,87.3543592354798,0.86,0.8692425637864792
accuracy_70pct,0.5,80.76170693570126,0.79,0.8025791262492059
accuracy_60pct,0.5,75.89771317465363,0.74,0.6733095545592195
correlation_70pct,0.5,48.55344311995172,0.43,0.5262946216030633
correlation_60pct,0.5,49.90411222083466,0.43,0.7096562691615933
accuracy_80pct,0.5,86.08368868423659,0.85,0.7364653142342341
accuracy_70pct,0.5,78.6253653255009,0.77,0.6048500109424384
accuracy_60pct,0.5,72.76371972669867,0.71,0.6481552403319342
correlation_70pct,0.5,47.689449297984176,0.42,0.5715578389272133
correlation_60pct,0.5,40.31179541414397,0.33,0.5680575823214106
accuracy_80pct,0.5,86.21935943010108,0.85,0.8481592384125644
accuracy_70pct,0.5,74.89838408467948,0.73,0.7473741412054913
accuracy_60pct,0.5,69.25005963436604,0.66,0.6850969294220688
correlation_70pct,0.5,52.55210126944011,0.47,0.6206175957488753
correlation_60pct,0.5,47.55411402997754,0.42,0.5685568012085913
accuracy_80pct,0.5,85.67868925287038,0.85,0.7654859878229675
accuracy_70pct,0.5,75.03271299526236,0.73,0.6708880203941663
accuracy_60pct,0.5,72.16771281587111,0.7,0.5545828020422684
correlation_70pct,0.5,48.76944786285386,0.42,0.6822273279528264
correlation_60pct,0.5,34.638138176842006,0.28,0.41575317210423185
accuracy_80pct,0.5,85.2193594301011,0.84,0.7989680193929753
accuracy_70pct,0.5,77.76204239832919,0.76,0.6621019350968814
accuracy_60pct,0.5,71.43804795017637,0.69,0.590652575503203
correlation_70pct,0.5,47.22978404304692,0.41,0.6100317174312687
correlation_60pct,0.5,41.500454670440064,0.35,0.5803604226589252
accuracy_80pct,0.5,86.35503014550564,0.85,0.8887214812357619
accuracy_70pct,0.5,81.08503056520816,0.8,0.6748525327315871
accuracy_60pct,0.5,71.76271336927495,0.7,0.5075125782547711
correlation_70pct,0.5,47.364448416257716,0.41,0.5806750118871203
correlation_60pct,0.5,52.8774375985645,0.48,0.6201531509464466
accuracy_80pct,0.5,85.48902360869062,0.84,0.7441428182847449
accuracy_70pct,0.5,81.08570147523396,0.8,0.7343337329099041
accuracy_60pct,0.5,75.16737738370311,0.73,0.6719816365052416
correlation_70pct,0.5,53.63277072910563,0.47,0.702563052452413
correlation_60pct,0.5,41.44713066692063,0.34,0.5751845787405532
accuracy_80pct,0.5,87.35435923547982,0.86,0.8982168841710864
accuracy_70pct,0.5,79.08469514827019,0.78,0.5853748081242616
accuracy_60pct,0.5,73.62771353343624,0.72,0.6219001213715025
correlation_70pct,0.5,46.36511932628353,0.4,0.655187166397524
correlation_60pct,0.5,48.14743731593182,0.43,0.5237683084715825
accuracy_80pct,0.5,85.94868889408784,0.85,0.8061695395258721
accuracy_70pct,0.5,79.08570150569392,0.78,0.6739859856055433
accuracy_60pct,0.5,67.11606618641106,0.64,0.6649840792274032
correlation_70pct,0.5,47.09478422243821,0.41,0.5938676191602614
correlation_60pct,0.5,39.31179541414399,0.32,0.5116337395335651
accuracy_80pct,0.5,84.48969453394642,0.83,0.7987963539076524
accuracy_70pct,0.5,76.35737841436094,0.75,0.6739574959444401
accuracy_60pct,0.5,72.573383218183,0.7,0.6303693681253991
correlation_70pct,0.5,46.17478281776785,0.39,0.7142419459016262
correlation_60pct,0.5,39.689784851991966,0.34,0.37808822328766956
accuracy_80pct,0.5,83.35536563859351,0.82,0.7935356055401251
accuracy_70pct,0.5,77.2210368041605,0.76,0.601283086089192
accuracy_60pct,0.5,72.62838444346207,0.71,0.5513394615648299
correlation_70pct,0.5,47.499448236866414,0.41,0.6433045063697418
correlation_60pct,0.5,46.959448954431565,0.41,0.49222848118497065
accuracy_80pct,0.5,86.21902398270315,0.85,0.8375495632992083
accuracy_70pct,0.5,77.76237787618705,0.76,0.7692142506905842
accuracy_60pct,0.5,76.30237717385188,0.74,0.6655427774227516
correlation_70pct,0.5,52.822771805453364,0.47,0.6629307805037731
correlation_60pct,0.5,40.96146173019899,0.35,0.5117559772899257
accuracy_80pct,0.5,82.67868929856034,0.82,0.7161957841123242
accuracy_70pct,0.5,80.62570075766882,0.79,0.7383961011057768
accuracy_60pct,0.5,65.57438965175665,0.63,0.4849060936947789
correlation_70pct,0.5,46.49944825209639,0.4,0.6026549303661103
correlation_60pct,0.5,46.95944895443158,0.41,0.6448386582636454
accuracy_80pct,0.5,84.08503053474819,0.83,0.7908433751777918
accuracy_70pct,0.5,77.16704189061527,0.75,0.708658478899642
accuracy_60pct,0.5,71.89871957776732,0.7,0.6055362227570746
correlation_70pct,0.5,46.36444843148768,0.4,0.5844825253378428
correlation_60pct,0.5,39.500790148297945,0.33,0.4882412400965321
accuracy_80pct,0.5,84.35469472856767,0.83,0.8097171749735587
accuracy_70pct,0.5,75.03204211569647,0.73,0.674982790696827
accuracy_60pct,0.5,70.57438959083672,0.68,0.664553967465537
correlation_70pct,0.5,46.04011844455705,0.39,0.6626620803099045
correlation_60pct,0.5,35.90813780282946,0.29,0.48392994835344816
accuracy_80pct,0.5,83.2203658179848,0.82,0.7902192651594723
accuracy_70pct,0.5,80.35603657907929,0.79,0.744271082538152
accuracy_60pct,0.5,74.76204245924909,0.73,0.6397875978979346
correlation_70pct,0.5,48.63444804224515,0.42,0.6753036277438738
correlation_60pct,0.5,40.63578995367668,0.34,0.508085194035833
accuracy_80pct,0.5,84.67868925287043,0.84,0.749620431529656
accuracy_70pct,0.5,78.08536605829602,0.77,0.6384672180676544
accuracy_60pct,0.5,69.16871920375482,0.67,0.5284547261676702
correlation_70pct,0.5,43.77045428119753,0.37,0.6181392790900125
correlation_60pct,0.5,47.95844259700783,0.42,0.6049177728725376
accuracy_80pct,0.5,84.94969525151157,0.84,0.8165243778748318
accuracy_70pct,0.5,78.76036517656954,0.77,0.6442548571542657
accuracy_60pct,0.5,75.03237753263448,0.73,0.651874531282597
correlation_70pct,0.5,50.95810710391997,0.45,0.6350708050677052
correlation_60pct,0.5,43.82512007430866,0.38,0.5122102403150538
accuracy_80pct,0.5,88.67902465457837,0.88,0.8767124093521905
accuracy_70pct,0.5,78.49137187754589,0.77,0.6704099480923856
accuracy_60pct,0.5,72.22204319204425,0.71,0.4707400284976725
correlation_70pct,0.5,67.4670707499219,0.63,0.8008975914826448
correlation_60pct,0.5,45.63511898273093,0.39,0.6218417975166601
accuracy_80pct,0.5,84.8136890887091,0.84,0.728850877710575
accuracy_70pct,0.5,78.08670786311767,0.77,0.6959229129925655
accuracy_60pct,0.5,69.76472612981235,0.68,0.6102377445640927
correlation_70pct,0.5,45.770118803339635,0.39,0.59261506063745
correlation_60pct,0.5,36.44847253266222,0.29,0.5560787931418323
accuracy_80pct,0.5,85.8126827008254,0.85,0.7052167089276826
accuracy_70pct,0.5,80.03170659214867,0.78,0.7738776044417462
accuracy_60pct,0.5,67.30438999530924,0.65,0.5216105456338072
correlation_70pct,0.5,47.68877840318833,0.42,0.5570028179873269
correlation_60pct,0.5,38.74612791255265,0.34,0.3438711704761574
accuracy_80pct,0.5,86.08335325206865,0.85,0.7714971355864154
accuracy_70pct,0.5,78.49036552012215,0.77,0.6688312017113205
accuracy_60pct,0.5,69.30237728046174,0.67,0.5291035152227079
correlation_70pct,0.5,47.149450015549334,0.42,0.5341839965245129
correlation_60pct,0.5,35.502802878375434,0.29,0.46531952188969516
accuracy_80pct,0.5,84.08435963995232,0.83,0.7888419267727071
accuracy_70pct,0.5,79.9503662224573,0.79,0.7271482629447223
accuracy_60pct,0.5,74.16871917329482,0.72,0.7235271499847306
correlation_70pct,0.5,45.9601198644574,0.4,0.6108678880537973
correlation_60pct,0.5,37.77280250436286,0.31,0.5361864744937178
accuracy_80pct,0.5,87.54335393917384,0.87,0.790039767658562
accuracy_70pct,0.5,82.35536565382348,0.81,0.7932829784422153
accuracy_60pct,0.5,67.89871960822731,0.66,0.4774321673159278
correlation_70pct,0.5,50.68844291010046,0.45,0.6535540843320409
correlation_60pct,0.5,38.96146176065895,0.33,0.446301007965187
accuracy_80pct,0.5,87.67768288021668,0.87,0.8118385973837091
accuracy_70pct,0.5,78.08570146000405,0.77,0.6384939829004806
accuracy_60pct,0.5,69.89804868297152,0.68,0.5493270956388342
correlation_70pct,0.5,48.823778208567056,0.43,0.6606293844463192
correlation_60pct,0.5,46.95810716483988,0.41,0.576098600387511
accuracy_80pct,0.5,82.22036583321477,0.81,0.7492342821133049
accuracy_70pct,0.5,79.35570114691134,0.78,0.7346054912929431
accuracy_60pct,0.5,72.16804830895894,0.7,0.6061675144193956
correlation_70pct,0.5,52.41676600143347,0.47,0.5908082098665917
correlation_60pct,0.5,45.68978477584206,0.4,0.5154064333004782
accuracy_80pct,0.5,88.21868850484528,0.87,0.8860106943149684
accuracy_70pct,0.5,78.16704187538528,0.76,0.7555078809646657
accuracy_60pct,0.5,75.43804791971637,0.73,0.7610696336814815
correlation_70pct,0.5,52.822436358055455,0.47,0.6548126189042641
correlation_60pct,0.5,38.5017964600318,0.32,0.4129246182592524
accuracy_80pct,0.5,89.08335320637869,0.88,0.8454846504600876
accuracy_70pct,0.5,79.16704187538527,0.77,0.7735471909960484
accuracy_60pct,0.5,71.30304812956766,0.69,0.5649707462959095
correlation_70pct,0.5,46.44545335378112,0.39,0.6655502879936072
correlation_60pct,0.5,43.87877950999604,0.39,0.3356726032228008
accuracy_80pct,0.5,86.5436894170317,0.86,0.8149627614039655
accuracy_70pct,0.5,80.08536602783606,0.79,0.7006480663578599
accuracy_60pct,0.5,70.57506050086252,0.68,0.6899929567686046
correlation_70pct,0.5,50.49844184898271,0.44,0.6714258405775252
correlation_60pct,0.5,42.63578992321671,0.36,0.5675156164660101
accuracy_80pct,0.5,87.54234758175011,0.87,0.6730940405156689
accuracy_70pct,0.5,74.30271265170977,0.72,0.6123423921705842
accuracy_60pct,0.5,73.43871884497219,0.71,0.6673854256085482
correlation_70pct,0.5,54.95710070080627,0.49,0.6884184402706832
correlation_60pct,0.5,39.04146034075861,0.32,0.5063484255202894
accuracy_80pct,0.5,82.35503020642557,0.81,0.7975943329934518
accuracy_70pct,0.5,79.49137184708593,0.78,0.7537130836645157
accuracy_60pct,0.5,72.57304777078507,0.7,0.6841161306495852
correlation_70pct,0.5,43.960455342315285,0.38,0.632699162894659
correlation_60pct,0.5,36.96213268591475,0.31,0.3947034290907054
accuracy_80pct,0.5,86.94902432625575,0.86,0.8367506542323127
accuracy_70pct,0.5,78.49103641491799,0.77,0.6938099821961192
accuracy_60pct,0.5,74.03237756309441,0.72,0.6500031391071415
correlation_70pct,0.5,49.688107477932526,0.44,0.5859108707552505
correlation_60pct,0.5,50.4177723740872,0.45,0.581211669350924
accuracy_80pct,0.5,85.35503016073561,0.84,0.8285642331854588
accuracy_70pct,0.5,80.49036550489215,0.79,0.7095020616361042
accuracy_60pct,0.5,71.03338393574815,0.69,0.5261405666244103
correlation_70pct,0.5,50.633777116989336,0.44,0.6463873200904872
correlation_60pct,0.5,46.76944789331382,0.4,0.5894117599439819
accuracy_80pct,0.5,84.62469436978509,0.83,0.8252650383081843
accuracy_70pct,0.5,80.22036584844477,0.79,0.6861135176807841
accuracy_60pct,0.5,68.44006071071377,0.66,0.6355053427119399
correlation_70pct,0.5,47.3644484162577,0.41,0.6475020099144255
correlation_60pct,0.5,44.87877950999603,0.4,0.5158015465906193
accuracy_80pct,0.5,84.94902434148577,0.84,0.7520201911088509
accuracy_70pct,0.5,80.94969528197156,0.8,0.673962995155855
accuracy_60pct,0.5,70.57405411297886,0.68,0.5946117423986279
correlation_70pct,0.5,45.63545443012886,0.39,0.6491335304300758
correlation_60pct,0.5,41.09511976121601,0.35,0.4477292223642446
accuracy_80pct,0.5,87.9486888483979,0.87,0.829354562456668
accuracy_70pct,0.5,78.62637169815459,0.77,0.6615525324608784
accuracy_60pct,0.5,68.76371980284857,0.67,0.4891742170773162
correlation_70pct,0.5,46.36478387888561,0.4,0.5767717801084936
correlation_60pct,0.5,38.63746722112625,0.32,0.4997947107782015
accuracy_80pct,0.5,89.81301810253338,0.89,0.8464270956581826
accuracy_70pct,0.5,82.62603618983674,0.81,0.8125562786254426
accuracy_60pct,0.5,71.11472432066948,0.68,0.6928629353506603
correlation_70pct,0.5,46.04045389195499,0.39,0.653006660081743
correlation_60pct,0.5,45.365119341513505,0.39,0.5622685993107138
accuracy_80pct,0.5,85.08402417732444,0.84,0.7618407719820876
accuracy_70pct,0.5,80.76070057827752,0.79,0.7358173696027052
accuracy_60pct,0.5,74.43871882974221,0.72,0.7124052640554613
correlation_70pct,0.5,51.49844183375273,0.45,0.6464918259993255
correlation_60pct,0.5,46.36444843148769,0.4,0.6665208414911783
accuracy_80pct,0.5,85.08469507212027,0.84,0.7872626748763459
accuracy_70pct,0.5,79.16704187538528,0.77,0.7625822379482753
accuracy_60pct,0.5,72.03405484577397,0.7,0.6063758929705609
correlation_70pct,0.5,50.36310658097608,0.44,0.6114312528647116
correlation_60pct,0.5,37.907131430175724,0.31,0.3332391245353083
accuracy_80pct,0.5,82.35536565382347,0.81,0.7378889867622065
accuracy_70pct,0.5,78.35637205693716,0.77,0.6621056343755878
accuracy_60pct,0.5,67.7100603519312,0.65,0.5389886824452189
correlation_70pct,0.5,50.68810746270255,0.45,0.6113960058526634
correlation_60pct,0.5,45.824449149052846,0.4,0.5452646961855674
accuracy_80pct,0.5,84.49036542874227,0.83,0.8157712476283602
accuracy_70pct,0.5,79.22137222109848,0.78,0.6552688170794908
accuracy_60pct,0.5,74.76137156445326,0.73,0.5522066616099215
correlation_70pct,0.5,47.36444841625771,0.41,0.6163607887327909
correlation_60pct,0.5,41.96112626757109,0.36,0.522516932330248
accuracy_80pct,0.5,84.21969490795895,0.83,0.759429635641817
accuracy_70pct,0.5,78.03170662260862,0.76,0.7023703857356908
accuracy_60pct,0.5,71.30338360742553,0.69,0.5806334937724821
correlation_70pct,0.5,57.2807597624811,0.52,0.6783993664268998
correlation_60pct,0.5,45.77011880333964,0.39,0.5823202854816358
accuracy_80pct,0.5,84.40902507428086,0.84,0.7289781505082054
accuracy_70pct,0.5,79.89704221893787,0.78,0.8313730184685789
accuracy_60pct,0.5,71.76405517409661,0.7,0.6130136858223048
correlation_70pct,0.5,43.50079008737803,0.37,0.6069876965041064
correlation_60pct,0.5,53.01143106174948,0.48,0.5506394517011702
accuracy_80pct,0.5,85.67936013243627,0.85,0.7842157203346304
accuracy_70pct,0.5,79.49036550489217,0.78,0.6524216645111491
accuracy_60pct,0.5,69.30371905482346,0.67,0.5819938759238996
correlation_70pct,0.5,45.175789175191596,0.38,0.678344612626789
correlation_60pct,0.5,43.63578990798674,0.37,0.6131492114840242
accuracy_80pct,0.5,84.08469508735025,0.83,0.8015286623563462
accuracy_70pct,0.5,80.49036547443222,0.79,0.6935470823754589
accuracy_60pct,0.5,69.3027127126297,0.67,0.4975161870030251
correlation_70pct,0.5,51.093106924528676,0.45,0.6901169934034128
correlation_60pct,0.5,44.95978443228946,0.39,0.48021349703068117
accuracy_80pct,0.5,83.40902505905092,0.83,0.6484953661452316
accuracy_70pct,0.5,77.89704224939783,0.76,0.7163871072147978
accuracy_60pct,0.5,70.7093894266754,0.68,0.622727795192309
correlation_70pct,0.5,51.22810674513738,0.45,0.6541234771688257
correlation_60pct,0.5,40.77078977428539,0.34,0.43070336386636443
accuracy_80pct,0.5,84.22003034012693,0.83,0.7971649397134494
accuracy_70pct,0.5,77.2217076837264,0.76,0.6324268551791958
accuracy_60pct,0.5,73.49204283326165,0.72,0.5779035792438797
correlation_70pct,0.5,53.95743616343418,0.48,0.7364306207785684
correlation_60pct,0.5,43.770789728595446,0.37,0.5441247916073304
accuracy_80pct,0.5,85.40835414902509,0.85,0.7140558497068624
accuracy_70pct,0.5,76.89804860682158,0.75,0.7578694002498181
accuracy_60pct,0.5,70.49237831111955,0.69,0.4797310135856497
correlation_70pct,0.5,39.04246668295238,0.32,0.5481781664322911
correlation_60pct,0.5,43.36478392457555,0.37,0.5722054731625897
accuracy_80pct,0.5,86.21835307267735,0.85,0.777338965896191
accuracy_70pct,0.5,79.49103641491797,0.78,0.7379392951857945
accuracy_60pct,0.5,72.03371938314606,0.7,0.6605683766196506
correlation_70pct,0.5,46.364783863655646,0.4,0.6268198387499331
correlation_60pct,0.5,36.77179617739908,0.3,0.43014733615967704
accuracy_80pct,0.5,86.81335358039127,0.86,0.7667805447700841
accuracy_70pct,0.5,76.76170696616124,0.75,0.6711773737923166
accuracy_60pct,0.5,72.7627133845049,0.71,0.5940033132854318
correlation_70pct,0.5,49.823442745939154,0.44,0.6197835030039881
correlation_60pct,0.5,40.04213122032448,0.33,0.5436316851935417
accuracy_80pct,0.5,84.35469472856768,0.83,0.800826221697355
accuracy_70pct,0.5,83.35503017596561,0.82,0.7737229265578633
accuracy_60pct,0.5,69.76439068241443,0.68,0.5897708756291281
correlation_70pct,0.5,51.092771477130746,0.45,0.6565766404092723
correlation_60pct,0.5,48.95877802917577,0.43,0.6214084038350098
accuracy_80pct,0.5,85.22003032489692,0.84,0.8034787176066017
accuracy_70pct,0.5,83.95003071413946,0.83,0.8046133591023479
accuracy_60pct,0.5,70.49372013117119,0.69,0.5322404125890882
correlation_70pct,0.5,49.09411329718241,0.43,0.6577631510456692
correlation_60pct,0.5,37.36746759513881,0.31,0.5099800416887341
accuracy_80pct,0.5,84.22003034012693,0.83,0.8010327698496302
accuracy_70pct,0.5,81.08503056520816,0.8,0.6866662977375931
accuracy_60pct,0.5,76.76304878621288,0.75,0.7764994790126836
correlation_70pct,0.5,53.95743616343418,0.48,0.7043694796935193
correlation_60pct,0.5,45.55444950783543,0.4,0.5008805659688335
accuracy_80pct,0.5,83.94935978888368,0.83,0.7358880479017869
accuracy_70pct,0.5,78.49170730971383,0.77,0.732251582087796
accuracy_60pct,0.5,72.62704262341045,0.71,0.5305416921019449
correlation_70pct,0.5,44.01478568802848,0.39,0.499078214835457
correlation_60pct,0.5,38.09612614909972,0.32,0.42057168436433645
accuracy_80pct,0.5,89.94868883316789,0.89,0.9079876950743668
accuracy_70pct,0.5,79.49170729448386,0.78,0.6858876654486835
accuracy_60pct,0.5,73.167712861561,0.71,0.6061230244095552
correlation_70pct,0.5,48.09377786501446,0.42,0.5757058881069257
correlation_60pct,0.5,52.01243743440318,0.47,0.5860046345468177
accuracy_80pct,0.5,85.08469507212027,0.84,0.7987295477103359
accuracy_70pct,0.5,75.62704260818043,0.74,0.6105227895161986
accuracy_60pct,0.5,70.16905469684262,0.68,0.5820201022866265
correlation_70pct,0.5,51.09310692452867,0.45,0.6611593001385916
correlation_60pct,0.5,49.63411257961724,0.43,0.5862471550081734
accuracy_80pct,0.5,82.08570144477402,0.81,0.7921134234439225
accuracy_70pct,0.5,80.03170659214867,0.78,0.8470444043779407
accuracy_60pct,0.5,73.76338426407077,0.72,0.6904296755953794
correlation_70pct,0.5,50.95777165652204,0.45,0.6737321775389422
correlation_60pct,0.5,34.36813853562459,0.28,0.38843748589555477
accuracy_80pct,0.5,84.81402450564707,0.84,0.7239326407532319
accuracy_70pct,0.5,75.76204242878914,0.74,0.6444855567590614
accuracy_60pct,0.5,74.0317066530686,0.72,0.5877516117092666
correlation_70pct,0.5,45.36511934151351,0.39,0.6455388752154378
correlation_60pct,0.5,40.63578995367667,0.34,0.5285367864311149
accuracy_80pct,0.5,86.35402380331186,0.85,0.8022788257649345
accuracy_70pct,0.5,76.49204278757172,0.75,0.6405485620463498
accuracy_60pct,0.5,71.89871957776732,0.7,0.592400641698046
correlation_70pct,0.5,51.0934423719266,0.45,0.6676862460654883
correlation_60pct,0.5,41.500790117837994,0.35,0.437926356372526
accuracy_80pct,0.5,85.81301817868327,0.85,0.7615736936030534
accuracy_70pct,0.5,80.68003110338202,0.8,0.6766776784917495
accuracy_60pct,0.5,69.89905505562521,0.68,0.6221051429850534
correlation_70pct,0.5,47.039782981929164,0.4,0.7213526435116805
correlation_60pct,0.5,42.095455193383955,0.36,0.5686375667026784
accuracy_80pct,0.5,87.94902431102578,0.87,0.8600696717815061
accuracy_70pct,0.5,80.49036548966218,0.79,0.6944754374809445
accuracy_60pct,0.5,71.57405414343879,0.69,0.681341133134457
correlation_70pct,0.5,46.76978334071174,0.4,0.6737050281778811
correlation_60pct,0.5,44.635118997960916,0.38,0.5571876711644135
accuracy_80pct,0.5,87.2193594148711,0.86,0.8889115005926956
accuracy_70pct,0.5,75.89704224939787,0.74,0.6796756871956552
accuracy_60pct,0.5,69.62838448915201,0.68,0.5260443503679522
correlation_70pct,0.5,43.905454101806235,0.37,0.677011026923186
correlation_60pct,0.5,42.09579064078188,0.36,0.5556846347998906
accuracy_80pct,0.5,85.49036542874225,0.84,0.885168280724547
accuracy_70pct,0.5,78.89637133937201,0.77,0.7679668473736675
accuracy_60pct,0.5,70.03304850358022,0.68,0.5010959023659897
correlation_70pct,0.5,48.49944822163643,0.42,0.6566407628045853
correlation_60pct,0.5,39.231125939248486,0.33,0.38723873729988434
accuracy_80pct,0.5,85.35503016073562,0.84,0.879302644390458
accuracy_70pct,0.5,77.4913718775459,0.76,0.6834081164649137
accuracy_60pct,0.5,70.76439062149454,0.69,0.6018405655589585
correlation_70pct,0.5,48.36444840102773,0.42,0.67764376760465
correlation_60pct,0.5,40.36679663942306,0.34,0.5377014780514566
accuracy_80pct,0.5,83.94902434148577,0.83,0.7233294678728353
accuracy_70pct,0.5,81.35637201124723,0.8,0.8060579796708153
accuracy_60pct,0.5,66.71140215675288,0.64,0.6211804516310205
correlation_70pct,0.5,60.199083899701876,0.56,0.6679110651203896
correlation_60pct,0.5,45.420120582022555,0.4,0.5782557340879981
accuracy_80pct,0.5,83.0850305347482,0.82,0.7436715712227308
accuracy_70pct,0.5,76.03338389005819,0.74,0.7486016444215735
accuracy_60pct,0.5,69.70972487407333,0.67,0.6340212897400471
correlation_70pct,0.5,47.364448416257716,0.41,0.6528715200999549
correlation_60pct,0.5,38.636796326330405,0.32,0.4783650556798031
accuracy_80pct,0.5,87.94835340099996,0.87,0.7994625267811759
accuracy_70pct,0.5,79.22137222109848,0.78,0.6791837687538721
accuracy_60pct,0.5,73.43905429237012,0.71,0.6656454395910075
correlation_70pct,0.5,49.229113117791115,0.43,0.6566382260339187
correlation_60pct,0.5,45.87877949476605,0.41,0.4639111172448688
accuracy_80pct,0.5,88.08435957903241,0.87,0.8893079331281389
accuracy_70pct,0.5,78.35570114691134,0.77,0.67045228246939
accuracy_60pct,0.5,70.30539629181307,0.68,0.6894562469555251
correlation_70pct,0.5,50.36310658097607,0.44,0.6558076254021945
correlation_60pct,0.5,42.23079046139058,0.36,0.5464908582811835
accuracy_80pct,0.5,83.54536669971127,0.83,0.7511556899562897
accuracy_70pct,0.5,80.22036584844476,0.79,0.6410683353394118
accuracy_60pct,0.5,72.03338390528822,0.7,0.5859617494691434
correlation_70pct,0.5,46.770118788109656,0.4,0.6225174987191502
correlation_60pct,0.5,47.49978368426434,0.41,0.6347213035722241
accuracy_80pct,0.5,90.08335320637869,0.89,0.8940529912267469
accuracy_70pct,0.5,78.62704257772046,0.77,0.7339254866093208
accuracy_60pct,0.5,69.57438960606669,0.67,0.6180981279901016
correlation_70pct,0.5,42.12179432256626,0.34,0.6581976688184528
correlation_60pct,0.5,51.41676600143349,0.46,0.5873177467299914
accuracy_80pct,0.5,83.22036580275483,0.82,0.7568230939562548
accuracy_70pct,0.5,79.085366058296,0.78,0.7015224317906422
accuracy_60pct,0.5,68.16939015947054,0.66,0.5752545231791013
correlation_70pct,0.5,49.55277220992589,0.44,0.5558057477741363
correlation_60pct,0.5,44.230790430930625,0.38,0.5558687968969425
accuracy_80pct,0.5,86.62469433932513,0.85,0.9002322845701538
accuracy_70pct,0.5,78.35570113168139,0.77,0.6458826839876596
accuracy_60pct,0.5,69.30438996484928,0.67,0.6218897524644699
correlation_70pct,0.5,48.82411365596498,0.43,0.6394435904623051
correlation_60pct,0.5,44.22978408873686,0.38,0.5500624119573797
accuracy_80pct,0.5,83.0846950721203,0.82,0.7186318352071077
accuracy_70pct,0.5,75.43804790448641,0.73,0.7376942057618796
accuracy_60pct,0.5,73.84371830679832,0.71,0.749549703573049
correlation_70pct,0.5,46.04045389195498,0.39,0.6553457428263233
correlation_60pct,0.5,44.09511971552607,0.38,0.5396565334961261
accuracy_80pct,0.5,84.67936014766626,0.84,0.7418187384218008
accuracy_70pct,0.5,80.03103566689288,0.78,0.7004148608921601
accuracy_60pct,0.5,74.16804826326901,0.72,0.6369553969664081
correlation_70pct,0.5,49.3637774910019,0.43,0.6663609038194895
correlation_60pct,0.5,43.095455178153976,0.37,0.49437051260796827
accuracy_80pct,0.5,85.81368905824914,0.85,0.7441646869042048
accuracy_70pct,0.5,80.08637238525978,0.79,0.7401942761358996
accuracy_60pct,0.5,70.89804866774153,0.69,0.5184580073567499
correlation_70pct,0.5,52.55176580681221,0.47,0.5631682208822661
correlation_60pct,0.5,37.906460535379885,0.31,0.443771082812026
accuracy_80pct,0.5,84.62502981718302,0.83,0.8457593635982119
accuracy_70pct,0.5,80.49103638445803,0.79,0.7390923772602487
accuracy_60pct,0.5,70.89704234077772,0.69,0.48109848425514423
correlation_70pct,0.5,46.68877841841831,0.41,0.5645539386552743
correlation_60pct,0.5,37.23213232713218,0.31,0.4303774194245121
accuracy_80pct,0.5,89.08368866900658,0.88,0.8999277765442502
accuracy_70pct,0.5,80.49103636922807,0.79,0.7513014186259527
accuracy_60pct,0.5,69.2490532769423,0.66,0.649268800183753
correlation_70pct,0.5,43.31145992105611,0.36,0.7063110807085369
correlation_60pct,0.5,42.555455895719135,0.37,0.49338531159299126
accuracy_80pct,0.5,82.62536527981094,0.81,0.7972648533757509
accuracy_70pct,0.5,77.22103677370058,0.76,0.6333630235426128
accuracy_60pct,0.5,75.0337193526861,0.73,0.7562201584354915
correlation_70pct,0.5,50.09344238715658,0.44,0.7272894397060993
correlation_60pct,0.5,47.82344277639912,0.42,0.5932988649410335
accuracy_80pct,0.5,83.08469510258024,0.82,0.7508886471194557
accuracy_70pct,0.5,78.3553657147434,0.77,0.6751560334186775
accuracy_60pct,0.5,70.62771359435615,0.69,0.48857602554888935
correlation_70pct,0.5,49.958442566547866,0.44,0.6339000674523645
correlation_60pct,0.5,44.36511935674349,0.38,0.5727869639700375
accuracy_80pct,0.5,84.48969453394643,0.83,0.8025423653165127
accuracy_70pct,0.5,78.62603625075666,0.77,0.7547427667986015
accuracy_60pct,0.5,68.89771325080356,0.67,0.5326630355250512
correlation_70pct,0.5,45.689449328444134,0.4,0.5816892723689292
correlation_60pct,0.5,41.230119581824724,0.35,0.5064372927728246
accuracy_80pct,0.5,86.94868886362788,0.86,0.7975798389530835
accuracy_70pct,0.5,76.76271333881495,0.75,0.7590323138084608
accuracy_60pct,0.5,70.70938942667539,0.68,0.7065174641330381
correlation_70pct,0.5,47.17478280253787,0.4,0.6824330597628708
correlation_60pct,0.5,44.36478390934556,0.38,0.5725433946941564
accuracy_80pct,0.5,88.08368866900659,0.87,0.8235503117221677
accuracy_70pct,0.5,78.62637168292461,0.77,0.6746338540179379
accuracy_60pct,0.5,76.30271263647977,0.74,0.70698596079474
correlation_70pct,0.5,50.6874365679067,0.45,0.5993893256224988
correlation_60pct,0.5,47.22877770085314,0.41,0.5624809532375771
accuracy_80pct,0.5,86.48935905608855,0.85,0.8436603901862729
accuracy_70pct,0.5,79.0320420395466,0.77,0.7728963156155938
accuracy_60pct,0.5,70.70905397927747,0.68,0.616586050598375
correlation_70pct,0.5,50.63377711698935,0.44,0.6656375625889553
correlation_60pct,0.5,44.689784791072036,0.39,0.4701951591079785
accuracy_80pct,0.5,83.08435960949241,0.82,0.7249969122615806
accuracy_70pct,0.5,77.2217076837264,0.76,0.7058928244406552
accuracy_60pct,0.5,68.57506053132249,0.66,0.6846377579518735
correlation_70pct,0.5,42.63578992321672,0.36,0.5845300017569915
correlation_60pct,0.5,38.90713141494575,0.32,0.5670700236066712
accuracy_80pct,0.5,84.62536526458094,0.83,0.8558727305633409
accuracy_70pct,0.5,75.62670717601247,0.74,0.6041147876297837
accuracy_60pct,0.5,66.171402889548,0.64,0.5951132015156025
correlation_70pct,0.5,50.95810710391997,0.45,0.6492592059442337
correlation_60pct,0.5,43.365454819371394,0.37,0.5424546907543657
accuracy_80pct,0.5,86.35435923547982,0.85,0.870791155322023
accuracy_70pct,0.5,81.2207012806127,0.8,0.7505019446273434
accuracy_60pct,0.5,72.3557012078313,0.71,0.4870937070142096
correlation_70pct,0.5,42.311795383684014,0.35,0.6760736859767288
correlation_60pct,0.5,48.28310803133637,0.43,0.6106177701728285
accuracy_80pct,0.5,85.21969486226905,0.84,0.8200734233710428
accuracy_70pct,0.5,77.35637205693719,0.76,0.6905750106619496
accuracy_60pct,0.5,71.62871993654991,0.7,0.6980856577354182
correlation_70pct,0.5,51.417101464061375,0.46,0.6703812984074209
correlation_60pct,0.5,45.09344246330648,0.39,0.536706822242723
accuracy_80pct,0.5,84.35503016073562,0.83,0.7863085564059306
accuracy_70pct,0.5,79.76070060873748,0.78,0.7328653044292992
accuracy_60pct,0.5,75.762377906647,0.74,0.643246688187868
correlation_70pct,0.5,50.68810746270255,0.45,0.6616151872496119
correlation_60pct,0.5,40.17713104093318,0.33,0.5387849088358609
accuracy_80pct,0.5,86.2186885048453,0.85,0.7658146711239806
accuracy_70pct,0.5,78.43737697923059,0.76,0.794661263335749
accuracy_60pct,0.5,70.57338324864294,0.68,0.5407635883525037
correlation_70pct,0.5,39.312466324169804,0.32,0.5543454893752087
correlation_60pct,0.5,50.01109567527146,0.45,0.42213530054678894
accuracy_80pct,0.5,88.0840241316345,0.87,0.8914689724155641
accuracy_70pct,0.5,79.16704186015531,0.77,0.7595995864052927
accuracy_60pct,0.5,74.03304845789027,0.72,0.6139251659341031
correlation_70pct,0.5,51.82277182068335,0.46,0.6551641405661045
correlation_60pct,0.5,42.230119566594745,0.36,0.43720993345596976
accuracy_80pct,0.5,87.67868922241044,0.87,0.828762775956578
accuracy_70pct,0.5,78.03271296480239,0.76,0.7678142279797232
accuracy_60pct,0.5,73.76304881667284,0.72,0.6071929952901675
correlation_70pct,0.5,40.907131384485794,0.34,0.6499209793358988
correlation_60pct,0.5,41.63646083324254,0.35,0.5068195019918476
accuracy_80pct,0.5,86.21935941487112,0.85,0.8274585766792896
accuracy_70pct,0.5,81.76103601044547,0.8,0.8093657269014606
accuracy_60pct,0.5,73.76304881667285,0.72,0.6428929864075282
correlation_70pct,0.5,51.41810780625514,0.46,0.6477628296567516
correlation_60pct,0.5,46.36444843148769,0.4,0.6008390272469243
accuracy_80pct,0.5,85.67868923764043,0.85,0.7926527658668486
accuracy_70pct,0.5,77.89637133937204,0.76,0.733659617047532
accuracy_60pct,0.5,69.16905471207261,0.67,0.618989973657088
correlation_70pct,0.5,48.22877768562317,0.42,0.634557935627302
correlation_60pct,0.5,41.36646119202513,0.35,0.5544887099964673
accuracy_80pct,0.5,85.0840241468645,0.84,0.7366709909444966
accuracy_70pct,0.5,72.7630488471328,0.71,0.624663020471151
accuracy_60pct,0.5,67.30271274308966,0.65,0.4100948018927081
correlation_70pct,0.5,52.49810637112482,0.46,0.7454939178529721
correlation_60pct,0.5,44.82478461168074,0.39,0.5306220229503366
accuracy_80pct,0.5,87.08402411640454,0.86,0.8298762874158806
accuracy_70pct,0.5,78.08435965518237,0.77,0.5462436464236949
accuracy_60pct,0.5,71.57371866558093,0.69,0.6462845893876424
correlation_70pct,0.5,43.176124653049484,0.36,0.6814595379016336
correlation_60pct,0.5,43.09579062555189,0.37,0.5670884717417619
accuracy_80pct,0.5,86.08402414686448,0.85,0.7815468494084896
accuracy_70pct,0.5,78.49103641491799,0.77,0.6577707549795498
accuracy_60pct,0.5,73.49304917545544,0.72,0.5941621921520992
correlation_70pct,0.5,45.36478389411559,0.39,0.6292698023047343
correlation_60pct,0.5,50.09344238715658,0.44,0.5825265050600194
accuracy_80pct,0.5,87.35469468287775,0.86,0.8991110842927623
accuracy_70pct,0.5,77.76170696616124,0.76,0.6309953727855845
accuracy_60pct,0.5,73.16737738370314,0.71,0.5119618983255044
correlation_70pct,0.5,49.90411222083466,0.43,0.6586949513635646
correlation_60pct,0.5,46.82444913382287,0.41,0.5388135690979117
accuracy_80pct,0.5,84.81435996827496,0.84,0.7412104094005726
accuracy_70pct,0.5,80.49137183185596,0.79,0.7012771723235486
accuracy_60pct,0.5,73.3040544717614,0.71,0.680377513156656
correlation_70pct,0.5,51.363106565746094,0.45,0.7081356558832611
correlation_60pct,0.5,46.499783699494316,0.4,0.648298485492685
accuracy_80pct,0.5,88.35435922024983,0.87,0.903660758168297
accuracy_70pct,0.5,81.08603692263189,0.8,0.6875934558215135
accuracy_60pct,0.5,71.0343902931719,0.69,0.551607932634034
correlation_70pct,0.5,57.0110955686616,0.52,0.6540483781097248
correlation_60pct,0.5,45.82444914905285,0.4,0.5830864747736921
accuracy_80pct,0.5,83.2186885657652,0.82,0.7427335996652273
accuracy_70pct,0.5,75.49103647583789,0.74,0.6584778594884783
accuracy_60pct,0.5,66.89871960822732,0.65,0.4844719627680758
correlation_70pct,0.5,43.36444847717763,0.37,0.5674274099443599
correlation_60pct,0.5,36.36713216297087,0.3,0.4986245849227371
accuracy_80pct,0.5,83.2200303553569,0.82,0.7460614001990692
accuracy_70pct,0.5,75.16771283110103,0.73,0.6839169187190077
accuracy_60pct,0.5,71.43838342803421,0.69,0.5578246933959672
correlation_70pct,0.5,48.55411401474757,0.43,0.5522323415061022
correlation_60pct,0.5,47.824113671194965,0.42,0.5888528605001436
accuracy_80pct,0.5,87.54335392394387,0.87,0.7426427232216235
accuracy_70pct,0.5,78.89570041411623,0.77,0.6393706565537086
accuracy_60pct,0.5,74.89737771202576,0.73,0.598538875123921
correlation_70pct,0.5,48.633777132219336,0.42,0.6594593221214102
correlation_60pct,0.5,48.55310767255379,0.43,0.5306118351159128
accuracy_80pct,0.5,86.67936013243627,0.86,0.8192062267458152
accuracy_70pct,0.5,77.16804824803899,0.75,0.7598748252102325
accuracy_60pct,0.5,71.57338324864294,0.69,0.5804229493242606
correlation_70pct,0.5,46.229448610878976,0.4,0.4846271723019808
correlation_60pct,0.5,43.04078938504285,0.36,0.5194725206766969
accuracy_80pct,0.5,86.94935977365368,0.86,0.8535355979468497
accuracy_70pct,0.5,77.49137189277586,0.76,0.6943342985376467
accuracy_60pct,0.5,77.16704189061527,0.75,0.7239462540510756
correlation_70pct,0.5,44.01512113542641,0.39,0.5993165187159778
correlation_60pct,0.5,40.90612504229201,0.34,0.6174181179626365
accuracy_80pct,0.5,85.81402450564705,0.85,0.7484628309877238
accuracy_70pct,0.5,76.62737805557835,0.75,0.7023262417303793
accuracy_60pct,0.5,71.16871921898475,0.69,0.6278739242307843
correlation_70pct,0.5,49.36344204360398,0.43,0.6906260647883079
correlation_60pct,0.5,46.14945003077931,0.41,0.5587021645633503
accuracy_80pct,0.5,83.49036544397225,0.82,0.7842721802855488
accuracy_70pct,0.5,75.0327129800324,0.73,0.6448443354245427
accuracy_60pct,0.5,71.89804866774152,0.7,0.5706308700445664
correlation_70pct,0.5,50.22844220776529,0.44,0.6347779931580229
correlation_60pct,0.5,44.82512005907867,0.39,0.5292468395146035
accuracy_80pct,0.5,83.49002999657432,0.82,0.7731319523655202
accuracy_70pct,0.5,76.49237821973968,0.75,0.6805040437684118
accuracy_60pct,0.5,67.57506053132249,0.65,0.5883811893309422
correlation_70pct,0.5,51.632770759565595,0.45,0.6560988290883605
correlation_60pct,0.5,42.36646117679514,0.36,0.5412331851883455
accuracy_80pct,0.5,83.35402383377183,0.82,0.7384540953504068
accuracy_70pct,0.5,79.76137147307338,0.78,0.7342178704441955
accuracy_60pct,0.5,69.30371907005343,0.67,0.6028490291076927
correlation_70pct,0.5,42.771125191223355,0.36,0.5758200471008539
correlation_60pct,0.5,46.68911386581623,0.41,0.5563971538329713
accuracy_80pct,0.5,87.54368938657176,0.87,0.8199855419928296
accuracy_70pct,0.5,76.6260362507567,0.75,0.6632895352415626
accuracy_60pct,0.5,67.57405417389877,0.65,0.5891601580009673
correlation_70pct,0.5,44.49944828255636,0.38,0.6430566554112672
correlation_60pct,0.5,38.09679704389556,0.32,0.5496236658028747
accuracy_80pct,0.5,82.49103636922804,0.81,0.8559680143036649
accuracy_70pct,0.5,77.49204275711176,0.76,0.7086829232512223
accuracy_60pct,0.5,75.03204207000658,0.73,0.6469673762397389
correlation_70pct,0.5,48.82310731377122,0.43,0.6255267029289555
correlation_60pct,0.5,39.095790686471815,0.33,0.4859485890149499
accuracy_80pct,0.5,84.81402452087704,0.84,0.7485502265095904
accuracy_70pct,0.5,78.03237751740446,0.76,0.7970413550248789
accuracy_60pct,0.5,70.70905396404751,0.68,0.6290345342444978
correlation_70pct,0.5,55.68676559696095,0.5,0.6971672537188733
correlation_60pct,0.5,38.09545523907391,0.32,0.3803990777798372
accuracy_80pct,0.5,85.81335362608118,0.85,0.7816712183224347
accuracy_70pct,0.5,77.22170768372638,0.76,0.6552857468150443
accuracy_60pct,0.5,72.6277135638962,0.71,0.5663362639801515
correlation_70pct,0.5,51.68810744747256,0.46,0.6276163944761074
correlation_60pct,0.5,39.04246668295238,0.32,0.5084389279613947
accuracy_80pct,0.5,88.0840241316345,0.87,0.8625531971689954
accuracy_70pct,0.5,83.1660354722716,0.81,0.8864796198115876
accuracy_60pct,0.5,70.16939012901058,0.68,0.5856374800470503
correlation_70pct,0.5,42.58145957750351,0.35,0.5240456358972612
correlation_60pct,0.5,51.01210200223524,0.46,0.5769114062265016
accuracy_80pct,0.5,84.62469433932517,0.83,0.7845250520145215
accuracy_70pct,0.5,76.16704190584524,0.74,0.7249679903468793
accuracy_60pct,0.5,64.8983841760594,0.63,0.39403757453406446
correlation_70pct,0.5,50.49877729638064,0.44,0.690607023670591
correlation_60pct,0.5,42.365790281999296,0.36,0.5412704419601435
accuracy_80pct,0.5,85.48902360869063,0.84,0.7668281078767591
accuracy_70pct,0.5,77.22103678893056,0.76,0.5986478098369546
accuracy_60pct,0.5,73.16804830895892,0.71,0.6469985760335629
correlation_70pct,0.5,53.68743652221676,0.48,0.7174441636276743
correlation_60pct,0.5,48.094448759810305,0.42,0.576836232764025
accuracy_80pct,0.5,85.94935978888367,0.85,0.8261638378462165
accuracy_70pct,0.5,78.95003077505939,0.78,0.5792632655995602
accuracy_60pct,0.5,72.89737774248573,0.71,0.5682774926627443
correlation_70pct,0.5,53.41743688099933,0.48,0.6644156393652914
correlation_60pct,0.5,48.14877910552351,0.43,0.6064023927506809
accuracy_80pct,0.5,87.0840241316345,0.86,0.834694569052235
accuracy_70pct,0.5,82.08435965518233,0.81,0.694497414101883
accuracy_60pct,0.5,72.43838339757427,0.7,0.641342699265138
correlation_70pct,0.5,54.282101597762725,0.49,0.6717289202088319
correlation_60pct,0.5,48.01411473231272,0.43,0.6221173671623679
accuracy_80pct,0.5,85.67868922241045,0.85,0.7068233760671492
accuracy_70pct,0.5,82.219359491021,0.81,0.7025266906879973
accuracy_60pct,0.5,70.57371868081091,0.68,0.561727755442158
correlation_70pct,0.5,53.36277108788821,0.47,0.7544392794079925
correlation_60pct,0.5,42.041124847670744,0.35,0.5409405674773808
accuracy_80pct,0.5,83.49070090660014,0.82,0.7982228315168299
accuracy_70pct,0.5,78.76137150353334,0.77,0.6335224554984134
accuracy_60pct,0.5,74.62704265387035,0.73,0.51732570924942
correlation_70pct,0.5,60.73941862953465,0.56,0.6831042916203499
correlation_60pct,0.5,49.95810711914994,0.44,0.6085004665715971
accuracy_80pct,0.5,88.08368865377663,0.87,0.8207937820205461
accuracy_70pct,0.5,75.03237754786444,0.73,0.6349944142348497
accuracy_60pct,0.5,68.16905471207261,0.66,0.5126649659851675
correlation_70pct,0.5,44.90578953397417,0.38,0.631541497648814
correlation_60pct,0.5,45.69012022323999,0.4,0.5633529477063008
accuracy_80pct,0.5,85.67835375978257,0.85,0.6992998755157432
accuracy_70pct,0.5,78.49137187754589,0.77,0.720930222644369
accuracy_60pct,0.5,70.57438957560674,0.68,0.5875379160146079
correlation_70pct,0.5,43.175789205651554,0.36,0.5892779357185695
correlation_60pct,0.5,45.82344280685908,0.4,0.5965595028650362
accuracy_80pct,0.5,84.21902401316312,0.83,0.7386456602024355
accuracy_70pct,0.5,78.62469443070503,0.77,0.6109527300365332
accuracy_60pct,0.5,70.168048293729,0.68,0.4928047937760849
correlation_70pct,0.5,51.82277182068336,0.46,0.6379262755050701
correlation_60pct,0.5,51.417101464061375,0.46,0.5282861596311196
accuracy_80pct,0.5,87.81301813299334,0.87,0.7836222277931708
accuracy_70pct,0.5,79.22103677370056,0.78,0.7248036497488688
accuracy_60pct,0.5,67.71006036716118,0.65,0.6080281795313724
correlation_70pct,0.5,46.95877805963573,0.41,0.5856106677321709
correlation_60pct,0.5,52.09243601450285,0.46,0.6094999030769288
accuracy_80pct,0.5,83.67902470026834,0.83,0.710506373671497
accuracy_70pct,0.5,74.08670787834768,0.73,0.5123919030255687
accuracy_60pct,0.5,71.16871921898476,0.69,0.6504157937467097
correlation_70pct,0.5,42.77078974382543,0.36,0.5307323960591676
correlation_60pct,0.5,47.41911419413887,0.42,0.5507217405166821
accuracy_80pct,0.5,84.76002963779173,0.83,0.8434535165065757
accuracy_70pct,0.5,77.49103643014797,0.76,0.6512265514890065
accuracy_60pct,0.5,68.8990550251653,0.67,0.4655933221105616
correlation_70pct,0.5,47.499783684264344,0.41,0.68612349570801
correlation_60pct,0.5,44.41978514985462,0.39,0.5221904404940048
accuracy_80pct,0.5,84.94935978888367,0.84,0.7777407500175157
accuracy_70pct,0.5,83.22003034012694,0.82,0.7326743403301672
accuracy_60pct,0.5,67.30506087487512,0.65,0.5350729123303818
correlation_70pct,0.5,47.039782981929164,0.4,0.6837701077700941
correlation_60pct,0.5,43.230790446160604,0.37,0.5457087528009639
accuracy_80pct,0.5,87.08402414686446,0.86,0.8366687986249293
accuracy_70pct,0.5,74.30271262124982,0.72,0.6125217055310592
accuracy_60pct,0.5,70.89804868297149,0.69,0.5605474472059264
correlation_70pct,0.5,47.17511824993579,0.4,0.7294668479581636
correlation_60pct,0.5,43.365454819371394,0.37,0.5331920899402351
accuracy_80pct,0.5,85.21935941487114,0.84,0.7551426249503391
accuracy_70pct,0.5,78.35670748910513,0.77,0.6714724683888814
accuracy_60pct,0.5,71.70905393358755,0.69,0.6804710251678895
correlation_70pct,0.5,53.68743652221676,0.48,0.6600094889492006
correlation_60pct,0.5,40.09545520861395,0.34,0.4211149351033191
accuracy_80pct,0.5,83.9507016089353,0.83,0.8251579447888908
accuracy_70pct,0.5,76.08603696832186,0.75,0.5110720009355466
accuracy_60pct,0.5,68.30371910051338,0.66,0.5114159231133321
correlation_70pct,0.5,48.499448221636435,0.42,0.6376537225172518
correlation_60pct,0.5,46.55310770301376,0.41,0.4956159516165712
accuracy_80pct,0.5,81.81469541567293,0.81,0.6790469088682614
accuracy_70pct,0.5,79.22036586367474,0.78,0.6913208055416923
accuracy_60pct,0.5,72.16905463592273,0.7,0.6605388348974252
correlation_70pct,0.5,49.36411293839983,0.43,0.706092147084086
correlation_60pct,0.5,39.88045682313554,0.35,0.3300562247966709
accuracy_80pct,0.5,85.81469540044291,0.85,0.7806877092447296
accuracy_70pct,0.5,77.49070096752008,0.76,0.5675723307043345
accuracy_60pct,0.5,71.11472432066948,0.68,0.7010493349490606
correlation_70pct,0.5,44.31112445842821,0.37,0.6167929593452128
correlation_60pct,0.5,47.09444877504028,0.41,0.5874523670225027
accuracy_80pct,0.5,85.21969487749902,0.84,0.8077500519767863
accuracy_70pct,0.5,83.08503053474819,0.82,0.7515964546026618
accuracy_60pct,0.5,73.03371936791609,0.71,0.721217835839381
correlation_70pct,0.5,53.282101612992705,0.48,0.6621763553308859
correlation_60pct,0.5,47.68877840318832,0.42,0.5812798652362655
accuracy_80pct,0.5,84.48935908654849,0.83,0.7670562425248674
accuracy_70pct,0.5,76.76036517656956,0.75,0.6062432448315428
accuracy_60pct,0.5,70.43938975499803,0.68,0.5403221784894819
correlation_70pct,0.5,44.09478425289818,0.38,0.535520738080945
correlation_60pct,0.5,35.962468148542655,0.3,0.3970957151974162
accuracy_80pct,0.5,86.67902468503834,0.86,0.7642412052934657
accuracy_70pct,0.5,75.22271407161008,0.74,0.6159987469431616
accuracy_60pct,0.5,69.30371905482346,0.67,0.4338974389927476
correlation_70pct,0.5,53.01243741917321,0.48,0.6413177255325956
correlation_60pct,0.5,48.229113133021094,0.42,0.6320287880378613
accuracy_80pct,0.5,83.35469474379765,0.82,0.7969724727854304
accuracy_70pct,0.5,74.76204244401913,0.73,0.6233170631523149
accuracy_60pct,0.5,68.57438963652666,0.66,0.6261344154953616
correlation_70pct,0.5,50.092771492360725,0.44,0.6340818601315032
correlation_60pct,0.5,38.96146176065895,0.33,0.435765637547037
accuracy_80pct,0.5,85.08335325206865,0.84,0.7295920946714818
accuracy_70pct,0.5,77.08536604306606,0.76,0.5467896595073753
accuracy_60pct,0.5,71.16871918852483,0.69,0.6094196935718513
correlation_70pct,0.5,50.6331062221935,0.44,0.7227698293386534
correlation_60pct,0.5,46.824113686424944,0.41,0.5769773634308019
accuracy_80pct,0.5,86.0840241468645,0.85,0.7929167813700346
accuracy_70pct,0.5,75.62603626598667,0.74,0.5971504647482229
accuracy_60pct,0.5,71.16804830895894,0.69,0.5556272526829238
correlation_70pct,0.5,45.36478387888562,0.39,0.5853913330342692
correlation_60pct,0.5,41.28444992753792,0.36,0.3678900854244897
accuracy_80pct,0.5,83.35570108599143,0.82,0.830548587887093
accuracy_70pct,0.5,79.95103710202318,0.79,0.69097007606433
accuracy_60pct,0.5,71.439389770228,0.69,0.7045606468859734
correlation_70pct,0.5,49.82344274593916,0.44,0.6330887922235585
correlation_60pct,0.5,41.311795398914,0.34,0.5804075918379161
accuracy_80pct,0.5,84.62502980195303,0.83,0.8298373699061007
accuracy_70pct,0.5,77.35570116214134,0.76,0.6257561330590938
accuracy_60pct,0.5,73.03405481531401,0.71,0.6856427947953561
correlation_70pct,0.5,47.55411402997754,0.42,0.5706383566607002
correlation_60pct,0.5,42.50112555000592,0.36,0.5028890576868736
accuracy_80pct,0.5,86.21935943010108,0.85,0.8333976436861812
accuracy_70pct,0.5,79.49137186231589,0.78,0.7246122802831999
accuracy_60pct,0.5,73.30304811433767,0.71,0.627519423299262
correlation_70pct,0.5,42.58078868270767,0.35,0.6163175728881265
correlation_60pct,0.5,44.36411301454972,0.38,0.5343384673267128
accuracy_80pct,0.5,85.81435996827494,0.85,0.8011202260832654
accuracy_70pct,0.5,78.43670603874484,0.76,0.7119806501242698
accuracy_60pct,0.5,70.3040544869914,0.68,0.6144904640416285
correlation_70pct,0.5,47.229448595648996,0.41,0.6170455090609829
correlation_60pct,0.5,47.82411365596499,0.42,0.5374084778729896
accuracy_80pct,0.5,86.40902504382092,0.86,0.808361622813749
accuracy_70pct,0.5,82.81536635615866,0.82,0.7335261729178874
accuracy_60pct,0.5,70.03304851881018,0.68,0.5038034885477145
correlation_70pct,0.5,48.95877802917576,0.43,0.6035417041759201
correlation_60pct,0.5,39.36579032768924,0.33,0.38545936127356156
accuracy_80pct,0.5,85.08402417732445,0.84,0.7903897126060653
accuracy_70pct,0.5,78.35670748910512,0.77,0.6478181914979839
accuracy_60pct,0.5,74.16804829372894,0.72,0.7304512144006434
correlation_70pct,0.5,41.31011816192438,0.34,0.5181438777754738
correlation_60pct,0.5,50.68777201530462,0.45,0.5972254156352896
accuracy_80pct,0.5,86.8130181634533,0.86,0.7509020787302264
accuracy_70pct,0.5,77.89704224939784,0.76,0.698284661974261
accuracy_60pct,0.5,72.70938938098547,0.7,0.6787893986201577
correlation_70pct,0.5,54.146430882358175,0.49,0.6116614261075839
correlation_60pct,0.5,44.824449164282825,0.39,0.43078807395811985
accuracy_80pct,0.5,85.4896945339464,0.84,0.8754822307235639
accuracy_70pct,0.5,82.22003038581684,0.81,0.7872771138029317
accuracy_60pct,0.5,68.89838414559941,0.67,0.5564577214207472
correlation_70pct,0.5,48.41844329934301,0.43,0.5708126723368779
correlation_60pct,0.5,42.82579096910452,0.37,0.5580089763827566
accuracy_80pct,0.5,83.08536599737609,0.82,0.7875439738728662
accuracy_70pct,0.5,77.76137148830337,0.76,0.6693876631398923
accuracy_60pct,0.5,73.03304847312023,0.71,0.6478177427966756
correlation_70pct,0.5,46.95944895443158,0.41,0.6411405677979017
correlation_60pct,0.5,44.744115121555275,0.4,0.44830090886493923
accuracy_80pct,0.5,84.08435962472237,0.83,0.7581393121771255
accuracy_70pct,0.5,80.22070128061272,0.79,0.6852807077405122
accuracy_60pct,0.5,76.22036587890476,0.75,0.541766401982219
correlation_70pct,0.5,51.013108344429014,0.46,0.5815178101719416
correlation_60pct,0.5,41.771125206453334,0.35,0.5612893436492702
accuracy_80pct,0.5,82.08469510258024,0.81,0.700568375707547
accuracy_70pct,0.5,74.89704227985781,0.73,0.6421225483625301
accuracy_60pct,0.5,68.30438996484929,0.66,0.5508008198012839
correlation_70pct,0.5,52.822100910657525,0.47,0.6420770942713738
correlation_60pct,0.5,47.41911420936883,0.42,0.6004176532845855
accuracy_80pct,0.5,88.54368938657174,0.88,0.861563267713432
accuracy_70pct,0.5,76.49170734017379,0.75,0.676295817154626
accuracy_60pct,0.5,67.89905505562524,0.66,0.5741710792998579
correlation_70pct,0.5,45.68911388104621,0.4,0.638596913988218
correlation_60pct,0.5,36.55713322408862,0.31,0.4401342526745264
accuracy_80pct,0.5,85.62469435455512,0.84,0.8780768170245694
accuracy_70pct,0.5,76.95170805773893,0.76,0.703858200608337
accuracy_60pct,0.5,70.89771323557356,0.69,0.5724288525813872
correlation_70pct,0.5,41.905789579664116,0.35,0.5450970666133226
correlation_60pct,0.5,40.68978485199195,0.35,0.4713066701330682
accuracy_80pct,0.5,86.67868920718048,0.86,0.7771002443587908
accuracy_70pct,0.5,78.22137223632846,0.77,0.6986879459586022
accuracy_60pct,0.5,72.89704232554773,0.71,0.5966003884535157
correlation_70pct,0.5,49.09344240238655,0.43,0.6375410734749002
correlation_60pct,0.5,52.33676742133381,0.48,0.55454140060816
accuracy_80pct,0.5,83.62536526458095,0.82,0.803057111030717
accuracy_70pct,0.5,79.08536604306603,0.78,0.6387609286199093
accuracy_60pct,0.5,69.7637197876186,0.68,0.5629777086434719
correlation_70pct,0.5,47.30978262314658,0.4,0.6284606332888241
correlation_60pct,0.5,44.69012023846996,0.39,0.48693510776181603
accuracy_80pct,0.5,85.8140244904171,0.85,0.7973667200099106
accuracy_70pct,0.5,76.35704298219298,0.75,0.7139948877792414
accuracy_60pct,0.5,68.76271339973492,0.67,0.48488877984550044
correlation_70pct,0.5,48.09377786501446,0.42,0.6088178520943178
correlation_60pct,0.5,38.583136875413054,0.31,0.6088844761738568
accuracy_80pct,0.5,86.81402449041708,0.86,0.7942192237736283
accuracy_70pct,0.5,76.8970422341679,0.75,0.6937584652069008
accuracy_60pct,0.5,75.62670716078252,0.74,0.583582772947232
correlation_70pct,0.5,53.68710107481884,0.48,0.6689933501761761
correlation_60pct,0.5,32.368474013482476,0.26,0.32800538434377496
accuracy_80pct,0.5,85.21902399793314,0.84,0.8267983015282919
accuracy_70pct,0.5,79.49103639968801,0.78,0.6927565580871146
accuracy_60pct,0.5,69.5743896060667,0.67,0.6058727983319382
correlation_70pct,0.5,43.176124653049484,0.36,0.6592271906622117
correlation_60pct,0.5,40.177466488331106,0.33,0.6083661013445038
accuracy_80pct,0.5,87.0843595942624,0.86,0.858581045860739
accuracy_70pct,0.5,77.357042966963,0.76,0.6971610775536985
accuracy_60pct,0.5,69.84472467945207,0.67,0.5660497966213374
correlation_70pct,0.5,47.41877876197091,0.42,0.5231019073812139
correlation_60pct,0.5,49.82377819333708,0.44,0.6479686635518296
accuracy_80pct,0.5,85.21935944533107,0.84,0.8198474315240444
accuracy_70pct,0.5,78.89670678676993,0.77,0.7683316014329485
accuracy_60pct,0.5,72.76338427930075,0.71,0.659761635217516
correlation_70pct,0.5,52.28210162822268,0.47,0.6448147421145826
correlation_60pct,0.5,42.36478392457557,0.36,0.5184060232629167
accuracy_80pct,0.5,84.48935908654849,0.83,0.7899006008243467
accuracy_70pct,0.5,79.89704221893787,0.78,0.8033387276658257
accuracy_60pct,0.5,74.76137153399333,0.73,0.517010317552124
correlation_70pct,0.5,40.0424666677224,0.33,0.5859516670123194
correlation_60pct,0.5,38.771796146939124,0.32,0.4059158934067734
accuracy_80pct,0.5,85.08402417732442,0.84,0.7916839436418182
accuracy_70pct,0.5,76.43771244185851,0.74,0.7395888298121269
accuracy_60pct,0.5,72.76271335404496,0.71,0.5836267361556101
correlation_70pct,0.5,44.50045462475012,0.38,0.6308690530103421
correlation_60pct,0.5,31.638138222531957,0.25,0.34702282542064816
accuracy_80pct,0.5,86.08335325206863,0.85,0.8021104123544758
accuracy_70pct,0.5,76.76170698139121,0.75,0.695885573663646
accuracy_60pct,0.5,70.49304922114536,0.69,0.5773798753014271
correlation_70pct,0.5,38.177801966188994,0.31,0.6054010634191712
correlation_60pct,0.5,37.5021319683496,0.31,0.5154683719854267
accuracy_80pct,0.5,84.08536596691613,0.83,0.8053045772014631
accuracy_70pct,0.5,78.49170729448387,0.77,0.7172110786342829
accuracy_60pct,0.5,70.22237863944221,0.69,0.4313516436544758
correlation_70pct,0.5,51.01143110743939,0.46,0.5876501799771114
correlation_60pct,0.5,42.95978446274942,0.37,0.5558731304714769
accuracy_80pct,0.5,83.08503053474817,0.82,0.723465263124773
accuracy_70pct,0.5,78.30237714339191,0.76,0.7863851582557566
accuracy_60pct,0.5,73.16804830895893,0.71,0.6285396228933146
correlation_70pct,0.5,48.95810713437993,0.43,0.6013756530071471
correlation_60pct,0.5,40.17612468350945,0.33,0.4604262929786776
accuracy_80pct,0.5,89.54335392394384,0.89,0.8427246147461398
accuracy_70pct,0.5,82.62570072720885,0.81,0.7662526850609409
accuracy_60pct,0.5,67.57506053132249,0.65,0.5085234763971405
correlation_70pct,0.5,45.31045354840238,0.38,0.7271139216015498
correlation_60pct,0.5,44.90578953397418,0.38,0.6176976777375625
accuracy_80pct,0.5,86.08368866900662,0.85,0.7136771069895302
accuracy_70pct,0.5,76.89737771202574,0.75,0.6958607775167159
accuracy_60pct,0.5,69.4400606954838,0.67,0.6258224689419724
correlation_70pct,0.5,47.76978332548176,0.41,0.6667675491394781
correlation_60pct,0.5,45.22877773131311,0.39,0.51306380228763
accuracy_80pct,0.5,83.48969453394643,0.82,0.7711460707279832
accuracy_70pct,0.5,78.21935949102105,0.77,0.5347641460266825
accuracy_60pct,0.5,71.70871848618964,0.69,0.6527016554036926
correlation_70pct,0.5,42.90612501183206,0.36,0.6267487272128343
correlation_60pct,0.5,44.419449702456696,0.39,0.5155557248684927
accuracy_80pct,0.5,88.67835375978254,0.88,0.8731426010676341
accuracy_70pct,0.5,75.62737807080833,0.74,0.7333590572454167
accuracy_60pct,0.5,72.03304848835022,0.7,0.6622437065875074
correlation_70pct,0.5,47.14877912075349,0.42,0.5816576275557019
correlation_60pct,0.5,40.55612682097494,0.35,0.5186710393534938
accuracy_80pct,0.5,87.35469468287774,0.86,0.9285679567084311
accuracy_70pct,0.5,77.49137189277586,0.76,0.7218335707966602
accuracy_60pct,0.5,67.30405454791133,0.65,0.580570901576068
correlation_70pct,0.5,44.55512041786125,0.39,0.6326662723506139
correlation_60pct,0.5,43.960119894917355,0.38,0.5637581064050259
accuracy_80pct,0.5,85.35503016073562,0.84,0.856622277342965
accuracy_70pct,0.5,77.49237821973966,0.76,0.7025586417553952
accuracy_60pct,0.5,70.16804830895894,0.68,0.5530487690362699
correlation_70pct,0.5,52.417101448831396,0.47,0.5811142805194165
correlation_60pct,0.5,38.90713139971578,0.32,0.5459182961210489
accuracy_80pct,0.5,84.62502981718302,0.83,0.8521849152836874
accuracy_70pct,0.5,80.49070095229007,0.79,0.7196274596007527
accuracy_60pct,0.5,71.30371905482343,0.69,0.6123924996436023
correlation_70pct,0.5,46.229448610878976,0.4,0.5559968358575144
correlation_60pct,0.5,40.041795772926555,0.33,0.5945088885333433
accuracy_80pct,0.5,86.35435925070979,0.85,0.8151384284331916
accuracy_70pct,0.5,77.35670748910513,0.76,0.6083496624727192
accuracy_60pct,0.5,74.30338353127564,0.72,0.6338668129836786
correlation_70pct,0.5,50.22877765516321,0.44,0.6749687388862433
correlation_60pct,0.5,46.09411334287235,0.4,0.5150777365975269
accuracy_80pct,0.5,88.8133535499313,0.88,0.7949158910849121
accuracy_70pct,0.5,77.89704223416787,0.76,0.7192836889582188
accuracy_60pct,0.5,70.35737847528087,0.69,0.4077094665726508
correlation_70pct,0.5,58.55042394107062,0.53,0.727362659645175
correlation_60pct,0.5,42.905789564434144,0.36,0.5701530342983011
accuracy_80pct,0.5,85.81435995304498,0.85,0.7738691526920553
accuracy_70pct,0.5,77.95070168508522,0.77,0.6267304288336489
accuracy_60pct,0.5,69.44006069548381,0.67,0.6767903754467632
correlation_70pct,0.5,49.82344274593916,0.44,0.6862618025440869
correlation_60pct,0.5,41.55646225314288,0.36,0.5703925243711752
accuracy_80pct,0.5,84.81435998350493,0.84,0.7514539568534851
accuracy_70pct,0.5,77.95103714771311,0.77,0.6511242400840964
accuracy_60pct,0.5,72.57237686075926,0.7,0.5935757499204919
correlation_70pct,0.5,49.68844292533045,0.44,0.6468267379463991
correlation_60pct,0.5,46.147772793789706,0.41,0.39995636248901945
accuracy_80pct,0.5,83.62536527981094,0.82,0.8196598554186825
accuracy_70pct,0.5,79.62603622029673,0.78,0.713980339287619
accuracy_60pct,0.5,70.5747250534646,0.68,0.6631347520504196
correlation_70pct,0.5,56.28143067250692,0.51,0.6765160043596185
correlation_60pct,0.5,51.28243709085059,0.46,0.5828462678707691
accuracy_80pct,0.5,86.94835343145992,0.86,0.8176884141925379
accuracy_70pct,0.5,78.08603696832182,0.77,0.6745342365757342
accuracy_60pct,0.5,68.44073160550963,0.66,0.6911887582998245
correlation_70pct,0.5,44.7697833711717,0.38,0.631088752165989
correlation_60pct,0.5,42.63578992321671,0.36,0.5782716658081193
accuracy_80pct,0.5,88.08368868423658,0.87,0.8368019477505235
accuracy_70pct,0.5,75.2217076989564,0.74,0.567384964367154
accuracy_60pct,0.5,72.76237793710698,0.71,0.559112834799816
correlation_70pct,0.5,42.3111244736582,0.35,0.5771992608342524
correlation_60pct,0.5,50.28344344827434,0.45,0.651281616104887
accuracy_80pct,0.5,86.94868887885784,0.86,0.8559623408713437
accuracy_70pct,0.5,76.62670714555253,0.75,0.6626395454949928
accuracy_60pct,0.5,73.43804793494638,0.71,0.6948234991521269
correlation_70pct,0.5,42.77112519122335,0.36,0.652439913373393
correlation_60pct,0.5,42.82512008953863,0.37,0.5423084952621678
accuracy_80pct,0.5,86.67902468503834,0.86,0.829045013893509
accuracy_70pct,0.5,76.16704190584525,0.74,0.6669644926161711
accuracy_60pct,0.5,77.49003007272424,0.76,0.5855306522267699
correlation_70pct,0.5,44.31078901103029,0.37,0.6266523122086286
correlation_60pct,0.5,47.68810749316252,0.42,0.5164998485003424
accuracy_80pct,0.5,89.48902357823063,0.88,0.9434746558711229
accuracy_70pct,0.5,76.62670717601249,0.75,0.7076790093066274
accuracy_60pct,0.5,74.49237825019962,0.73,0.6063330714607745
correlation_70pct,0.5,50.742773255813674,0.46,0.6141300772619822
correlation_60pct,0.5,44.68911389627619,0.39,0.5370591957992836
accuracy_80pct,0.5,88.08402411640454,0.87,0.8668849279340731
accuracy_70pct,0.5,78.22137223632845,0.77,0.666179819024259
accuracy_60pct,0.5,69.30506085964512,0.67,0.6607836306266713
correlation_70pct,0.5,45.36478389411559,0.39,0.5817667567058035
correlation_60pct,0.5,42.09579064078187,0.36,0.5017889110653085
accuracy_80pct,0.5,85.49002998134432,0.84,0.8750696720931941
accuracy_70pct,0.5,77.89670675631001,0.76,0.6691607402203449
accuracy_60pct,0.5,68.62939087703569,0.67,0.5646568739455319
correlation_70pct,0.5,49.3637774910019,0.43,0.6203309423309599
correlation_60pct,0.5,51.55210125421015,0.46,0.5945598635752004
accuracy_80pct,0.5,84.08469507212028,0.83,0.7568920700246389
accuracy_70pct,0.5,76.03204208523654,0.74,0.6574254168977219
accuracy_60pct,0.5,69.16939015947052,0.67,0.5756398091365758
correlation_70pct,0.5,45.770454250737565,0.39,0.6624205000278774
correlation_60pct,0.5,43.09511973075605,0.37,0.5101580670092055
accuracy_80pct,0.5,85.94935978888367,0.85,0.8171788542202805
accuracy_70pct,0.5,79.89670675630998,0.78,0.7586152721750415
accuracy_60pct,0.5,68.03472574056985,0.66,0.5239790864165647
correlation_70pct,0.5,46.76978334071174,0.4,0.6399315130574958
correlation_60pct,0.5,48.09411331241238,0.42,0.5970407772079672
accuracy_80pct,0.5,83.62502981718303,0.82,0.8055079283400188
accuracy_70pct,0.5,78.62670713032256,0.77,0.7212185479865042
accuracy_60pct,0.5,71.03371939837606,0.69,0.5964289385392392
correlation_70pct,0.5,44.96011987968738,0.39,0.5611411658109412
correlation_60pct,0.5,41.17679557830529,0.34,0.5491074634748497
accuracy_80pct,0.5,84.67868926810038,0.84,0.7305340505420111
accuracy_70pct,0.5,81.16603550273155,0.79,0.8037071704739971
accuracy_60pct,0.5,74.03271299526237,0.72,0.6255027181817028
correlation_70pct,0.5,41.58078869793764,0.34,0.6102516881862435
correlation_60pct,0.5,46.74310876413151,0.42,0.481775806869149
accuracy_80pct,0.5,83.94868889408784,0.83,0.6684680694931526
accuracy_70pct,0.5,79.35570114691134,0.78,0.6858154958318151
accuracy_60pct,0.5,71.62737814695822,0.7,0.5660302414335262
correlation_70pct,0.5,45.50045460952015,0.39,0.6173692238653159
correlation_60pct,0.5,45.959448954431586,0.4,0.5127868963307637
accuracy_80pct,0.5,85.8133535803913,0.85,0.7211777960101474
accuracy_70pct,0.5,78.3023771586219,0.76,0.809995012650764
accuracy_60pct,0.5,69.57506051609249,0.67,0.6813438915473367
correlation_70pct,0.5,48.36444840102773,0.42,0.6324352553909712
correlation_60pct,0.5,49.607102555639095,0.45,0.497488531517818
accuracy_80pct,0.5,89.54335392394384,0.89,0.849024446801351
accuracy_70pct,0.5,77.22137223632846,0.76,0.6566515279450166
accuracy_60pct,0.5,70.49204283326169,0.69,0.4083653233830089
correlation_70pct,0.5,40.907131384485794,0.34,0.5758473289713959
correlation_60pct,0.5,39.44746614477852,0.32,0.6254131654830642
accuracy_80pct,0.5,85.94969523628158,0.85,0.7988733738795238
accuracy_70pct,0.5,80.76103602567545,0.79,0.7570299547542715
accuracy_60pct,0.5,68.35939120535834,0.67,0.43645169961599256
correlation_70pct,0.5,52.09277146190077,0.46,0.6194111578284005
correlation_60pct,0.5,43.688778464108246,0.38,0.44939770251801603
accuracy_80pct,0.5,87.81335358039127,0.87,0.8071542149588478
accuracy_70pct,0.5,79.49170730971383,0.78,0.7927630179170322
accuracy_60pct,0.5,72.62804899606415,0.71,0.589030179593765
correlation_70pct,0.5,51.82310726808127,0.46,0.6931358888818716
correlation_60pct,0.5,42.50112555000592,0.36,0.5924887089388339
accuracy_80pct,0.5,84.08469507212028,0.83,0.7786009944049571
accuracy_70pct,0.5,80.49036545920225,0.79,0.6708443381591238
accuracy_60pct,0.5,70.1680483394189,0.68,0.5034331790329066
correlation_70pct,0.5,50.22844220776528,0.44,0.6674642112418868
correlation_60pct,0.5,39.636796311100426,0.33,0.40217804995115264
accuracy_80pct,0.5,86.9483534314599,0.86,0.7911880226218815
accuracy_70pct,0.5,76.43838335188433,0.74,0.832131009117226
accuracy_60pct,0.5,66.43972529377581,0.64,0.5984565778127274
correlation_70pct,0.5,52.22743583511156,0.46,0.7201994635318382
correlation_60pct,0.5,47.14710188376388,0.42,0.4935059836408434
accuracy_80pct,0.5,84.08435962472237,0.83,0.7842642115916549
accuracy_70pct,0.5,77.62637169815459,0.76,0.702884855307349
accuracy_60pct,0.5,70.43871887543216,0.68,0.6481896631236117
correlation_70pct,0.5,48.95911347657369,0.43,0.6773379257615698
correlation_60pct,0.5,39.23146140187637,0.33,0.5237775263097928
accuracy_80pct,0.5,85.81435996827496,0.85,0.7999907822289138
accuracy_70pct,0.5,80.491036399688,0.79,0.7542747776458342
accuracy_60pct,0.5,71.70938939621546,0.69,0.630475963075507
correlation_70pct,0.5,55.14609541973026,0.5,0.5684724688380481
correlation_60pct,0.5,51.28210164345266,0.46,0.5439859069244725
accuracy_80pct,0.5,86.21935943010108,0.85,0.857935637919997
accuracy_70pct,0.5,76.62771350297628,0.75,0.7054052115878185
accuracy_60pct,0.5,75.62737807080833,0.74,0.6177028520988653
correlation_70pct,0.5,51.82277182068335,0.46,0.6909696003608081
correlation_60pct,0.5,42.231125908788506,0.36,0.5783255069086863
accuracy_80pct,0.5,84.67902470026834,0.84,0.7318377673092915
accuracy_70pct,0.5,75.89670680199994,0.74,0.636630904745711
accuracy_60pct,0.5,70.43838341280427,0.68,0.5813409250802195
correlation_70pct,0.5,42.365790281999296,0.36,0.5815369909218219
correlation_60pct,0.5,42.229784088736885,0.36,0.4781709348982339
accuracy_80pct,0.5,83.62603617460677,0.82,0.833865161694073
accuracy_70pct,0.5,76.76137153399328,0.75,0.6210914036915335
accuracy_60pct,0.5,71.70972485884334,0.69,0.6990651003409489
correlation_70pct,0.5,52.95743617866416,0.47,0.6477516434385708
correlation_60pct,0.5,38.36713213251092,0.32,0.4453386948347367
accuracy_80pct,0.5,85.3546947133377,0.84,0.8317860220115747
accuracy_70pct,0.5,79.62603623552668,0.78,0.7655994631447572
accuracy_60pct,0.5,74.89804859159163,0.73,0.6692235948178077
correlation_70pct,0.5,50.823442730709175,0.45,0.6365297289349978
correlation_60pct,0.5,43.555120433091226,0.38,0.5134784787536414
accuracy_80pct,0.5,85.0850305195182,0.84,0.8293110666306531
accuracy_70pct,0.5,79.9507016393953,0.79,0.6709184319235721
accuracy_60pct,0.5,70.03304851881018,0.68,0.5565193406089339
correlation_70pct,0.5,45.69012022323998,0.4,0.5276408119449465
correlation_60pct,0.5,46.95911350703365,0.41,0.5929801393344389
accuracy_80pct,0.5,87.353688325454,0.86,0.8113107219590875
accuracy_70pct,0.5,79.22003040104684,0.78,0.5890640102997337
accuracy_60pct,0.5,67.71006035193122,0.65,0.6021939071215007
correlation_70pct,0.5,51.633441654361434,0.45,0.6649667266485382
correlation_60pct,0.5,36.77347341438869,0.3,0.5759954212052651
accuracy_80pct,0.5,85.35469469810774,0.84,0.7787715171048041
accuracy_70pct,0.5,77.89670678676995,0.76,0.6927148667152955
accuracy_60pct,0.5,74.16838371066693,0.72,0.6223285477528996
correlation_70pct,0.5,50.68810746270255,0.45,0.5997016863580107
correlation_60pct,0.5,42.311795383684014,0.35,0.5977104073508881
accuracy_80pct,0.5,84.35435928116976,0.83,0.8143478660004243
accuracy_70pct,0.5,76.16771281587107,0.74,0.73379748909772
accuracy_60pct,0.5,68.16939017470051,0.66,0.5675094994711938
correlation_70pct,0.5,52.55243671683803,0.47,0.6646823574975368
correlation_60pct,0.5,40.365790312459254,0.34,0.5184648291183215
accuracy_80pct,0.5,83.49036545920221,0.82,0.8053663661159014
accuracy_70pct,0.5,78.89737768156577,0.77,0.7451936992891764
accuracy_60pct,0.5,72.62704265387038,0.71,0.5423559424298293
correlation_70pct,0.5,45.365454788911435,0.39,0.6189254554410132
correlation_60pct,0.5,45.095119700296095,0.39,0.5343662856607051
accuracy_80pct,0.5,83.94935980411366,0.83,0.7186232601858283
accuracy_70pct,0.5,79.35603659430927,0.78,0.7367719776729821
accuracy_60pct,0.5,70.30506085964511,0.68,0.6436683062077825
correlation_70pct,0.5,53.95743616343418,0.48,0.7452097355409661
correlation_60pct,0.5,40.096461566037675,0.34,0.5603202993985238
accuracy_80pct,0.5,84.67936014766626,0.84,0.7508215646000783
accuracy_70pct,0.5,76.49204280280169,0.75,0.6594892934218629
accuracy_60pct,0.5,72.70938939621543,0.7,0.7622319631115048
correlation_70pct,0.5,53.282101612992705,0.48,0.6580286645116468
correlation_60pct,0.5,45.77011880333964,0.39,0.6452497748582182
accuracy_80pct,0.5,86.94868887885784,0.86,0.7991963748198092
accuracy_70pct,0.5,81.08536602783603,0.8,0.708654692771905
accuracy_60pct,0.5,70.44006068025381,0.68,0.6663883047907256
correlation_70pct,0.5,45.17545372779367,0.38,0.6479011172719321
correlation_60pct,0.5,40.6361254010746,0.34,0.4996409906768567
accuracy_80pct,0.5,83.08469508735027,0.82,0.7158266139012747
accuracy_70pct,0.5,78.22070129584272,0.77,0.5924242630260397
accuracy_60pct,0.5,66.16905472730262,0.64,0.43725104675655474
correlation_70pct,0.5,49.22844222299527,0.43,0.6567630487330812
correlation_60pct,0.5,42.95978446274942,0.37,0.5367036699092729
accuracy_80pct,0.5,85.3546947133377,0.84,0.8533625984555324
accuracy_70pct,0.5,81.08469510258027,0.8,0.6524424341859035
accuracy_60pct,0.5,78.76103607136538,0.77,0.7241331514603657
correlation_70pct,0.5,41.501796460031755,0.35,0.5594668771450153
correlation_60pct,0.5,42.634783581022944,0.36,0.499204420525883
accuracy_80pct,0.5,87.0843595942624,0.86,0.8227500608067281
accuracy_70pct,0.5,83.49070089137018,0.82,0.7782220232751208
accuracy_60pct,0.5,73.03204214615644,0.71,0.5488015275028018
correlation_70pct,0.5,51.22810674513738,0.45,0.5893395536522392
correlation_60pct,0.5,42.636460818012566,0.36,0.5268696072406918
accuracy_80pct,0.5,84.81435996827497,0.84,0.7497104695550942
accuracy_70pct,0.5,75.43804790448641,0.73,0.7539110213234976
accuracy_60pct,0.5,73.8977132051136,0.72,0.6444293527583064
correlation_70pct,0.5,48.22911313302109,0.42,0.5779952997189621
correlation_60pct,0.5,41.771125206453334,0.35,0.5073545288682257
accuracy_80pct,0.5,82.22036581798481,0.81,0.7432313057622483
accuracy_70pct,0.5,72.89838408467949,0.71,0.6203218725547491
accuracy_60pct,0.5,71.30371903959346,0.69,0.6279711994855075
correlation_70pct,0.5,49.68810747793252,0.44,0.6069228635522188
correlation_60pct,0.5,47.49911278946849,0.41,0.6038410313447369
accuracy_80pct,0.5,85.3546947133377,0.84,0.8117782108333821
accuracy_70pct,0.5,81.76170692047127,0.8,0.8489848167591678
accuracy_60pct,0.5,72.43905430760009,0.7,0.7169875135563728
correlation_70pct,0.5,43.55478498569332,0.38,0.4522774386415072
correlation_60pct,0.5,49.28310801610639,0.44,0.5658144842369697
accuracy_80pct,0.5,85.94868886362788,0.85,0.750353224765272
accuracy_70pct,0.5,79.62603623552668,0.78,0.7473254840541607
accuracy_60pct,0.5,73.89871951684744,0.72,0.6832429486444593
correlation_70pct,0.5,44.90578953397418,0.38,0.644260793482315
correlation_60pct,0.5,45.095119700296095,0.39,0.6038440826011777
accuracy_80pct,0.5,85.94868889408782,0.85,0.7618370416064599
accuracy_70pct,0.5,79.89670677153995,0.78,0.7759190383832698
accuracy_60pct,0.5,73.43871881451226,0.71,0.6523965276957412
correlation_70pct,0.5,48.87844400167819,0.44,0.585838486573719
correlation_60pct,0.5,43.824449179512804,0.38,0.45282578460826667
accuracy_80pct,0.5,86.08402414686448,0.85,0.77600528338729
accuracy_70pct,0.5,78.16670644321734,0.76,0.7458163114056771
accuracy_60pct,0.5,70.03439030840188,0.68,0.5345039392647133
correlation_70pct,0.5,45.769447908543796,0.39,0.5950969498794821
correlation_60pct,0.5,39.63713175849835,0.33,0.49496917144716124
accuracy_80pct,0.5,84.94935980411364,0.84,0.8077788130610825
accuracy_70pct,0.5,76.62603625075668,0.75,0.6043017089540536
accuracy_60pct,0.5,72.4923782806596,0.71,0.5311805782943929
correlation_70pct,0.5,42.36511938720345,0.36,0.4580726824529959
correlation_60pct,0.5,40.77179611647915,0.34,0.6297494189727592
accuracy_80pct,0.5,83.8146954156729,0.83,0.7207729853777601
accuracy_70pct,0.5,80.22103675847058,0.79,0.753449107447147
accuracy_60pct,0.5,66.90006139781902,0.65,0.4607109442002209
correlation_70pct,0.5,46.63511896750095,0.4,0.6349865690257711
correlation_60pct,0.5,48.148443658125586,0.43,0.5095150627517394
accuracy_80pct,0.5,87.67835377501252,0.87,0.8298457870516983
accuracy_70pct,0.5,79.95036620722735,0.79,0.6923594559352039
accuracy_60pct,0.5,70.49304920591538,0.69,0.5453197872310642
correlation_70pct,0.5,43.09545517815397,0.37,0.556285863637842
correlation_60pct,0.5,42.23011956659474,0.36,0.5277641604629129
accuracy_80pct,0.5,81.35637199601726,0.8,0.7968444119402724
accuracy_70pct,0.5,78.76103605613541,0.77,0.7082815739443473
accuracy_60pct,0.5,71.62804901129412,0.7,0.5661347679514517
correlation_70pct,0.5,43.365790266769324,0.37,0.601348767652049
correlation_60pct,0.5,44.36545480414141,0.38,0.5942248086674442
accuracy_80pct,0.5,85.35503016073561,0.84,0.8612251751933107
accuracy_70pct,0.5,77.76137153399328,0.76,0.694673793632549
accuracy_60pct,0.5,69.84472469468204,0.67,0.5832861433131293
correlation_70pct,0.5,40.906795937087864,0.34,0.5625016347687278
correlation_60pct,0.5,45.09545514769401,0.39,0.5933232165580811
accuracy_80pct,0.5,85.08469507212027,0.84,0.7546203649936353
accuracy_70pct,0.5,77.357042966963,0.76,0.6512425574419638
accuracy_60pct,0.5,69.1703965016643,0.67,0.598349631282683
correlation_70pct,0.5,58.68575920907725,0.53,0.72895404699018
correlation_60pct,0.5,44.9604553270853,0.39,0.5494203573529969
accuracy_80pct,0.5,85.35435926593976,0.84,0.8168934971318295
accuracy_70pct,0.5,79.4913718623159,0.78,0.6999675802067279
accuracy_60pct,0.5,68.30506089010507,0.66,0.5661688325393397
correlation_70pct,0.5,50.68844291010047,0.45,0.6165344311643384
correlation_60pct,0.5,41.63646083324254,0.35,0.5305185698122857
accuracy_80pct,0.5,85.35435926593978,0.84,0.7734007975154532
accuracy_70pct,0.5,79.43704151660269,0.77,0.7885191615988566
accuracy_60pct,0.5,72.3033835617356,0.7,0.591685003588805
correlation_70pct,0.5,57.416095030487725,0.52,0.7053650078224355
correlation_60pct,0.5,45.95978441705948,0.4,0.5518562238516745
accuracy_80pct,0.5,83.9490243719457,0.83,0.7331955721467678
accuracy_70pct,0.5,75.62737807080833,0.74,0.6353821288725252
accuracy_60pct,0.5,76.89536496671833,0.75,0.5573559320534773
correlation_70pct,0.5,49.09344240238656,0.43,0.6444003227147852
correlation_60pct,0.5,43.55545588048915,0.38,0.5719174923086349
accuracy_80pct,0.5,86.81368905824914,0.86,0.7733286259573736
accuracy_70pct,0.5,79.22103675847059,0.78,0.6979673062316849
accuracy_60pct,0.5,74.76304877098292,0.73,0.6433583567633728
correlation_70pct,0.5,47.36444841625771,0.41,0.6696193215412957
correlation_60pct,0.5,43.42045605988044,0.38,0.42701800796603906
accuracy_80pct,0.5,83.49070089137015,0.82,0.8023772355947858
accuracy_70pct,0.5,76.76204242878914,0.75,0.7047382395898754
accuracy_60pct,0.5,71.49271377374743,0.7,0.575869021198307
correlation_70pct,0.5,52.147437255011894,0.47,0.6095559258186709
correlation_60pct,0.5,40.879450450481826,0.36,0.3710984421337644
accuracy_80pct,0.5,86.219694877499,0.85,0.8595028640765517
accuracy_70pct,0.5,81.0310356516629,0.79,0.7691732316085047
accuracy_60pct,0.5,74.35637207216719,0.73,0.5101702842737756
correlation_70pct,0.5,39.312130876771874,0.32,0.6466858547306329
correlation_60pct,0.5,43.420120597252556,0.38,0.5132856703639183
accuracy_80pct,0.5,84.81335362608121,0.84,0.7436963732161518
accuracy_70pct,0.5,77.30271260601982,0.75,0.7779646056828026
accuracy_60pct,0.5,69.76371974192867,0.68,0.5265643171763951
correlation_70pct,0.5,35.90813780282946,0.29,0.4603949619802228
correlation_60pct,0.5,45.22944862610895,0.39,0.5738773447553478
accuracy_80pct,0.5,84.22036580275481,0.83,0.8057703274629854
accuracy_70pct,0.5,83.62469435455515,0.82,0.7827094274955252
accuracy_60pct,0.5,67.57506051609253,0.65,0.582185247592036
correlation_70pct,0.5,51.22810674513738,0.45,0.7207377225024297
correlation_60pct,0.5,49.957771656522056,0.44,0.6031807533355135
accuracy_80pct,0.5,86.54368940180174,0.86,0.7643885209091302
accuracy_70pct,0.5,83.08435963995234,0.82,0.7167492856676516
accuracy_60pct,0.5,73.4380479197164,0.71,0.6524057117213047
correlation_70pct,0.5,49.36411293839982,0.43,0.7285949026936781
correlation_60pct,0.5,40.90612504229202,0.34,0.6099040525607572
accuracy_80pct,0.5,85.2190239674732,0.84,0.7616109847643246
accuracy_70pct,0.5,79.08503056520819,0.78,0.5820519233422242
accuracy_60pct,0.5,69.03304853404018,0.67,0.5484788436811875
correlation_70pct,0.5,51.958107088689985,0.46,0.6737833345080751
correlation_60pct,0.5,46.76978334071173,0.4,0.6494188809458058
accuracy_80pct,0.5,86.81402450564704,0.86,0.8062975606810576
accuracy_70pct,0.5,79.7610360561354,0.78,0.6495105900284867
accuracy_60pct,0.5,72.62737811649826,0.71,0.42541922765347345
correlation_70pct,0.5,52.68777198484466,0.47,0.5903423569994235
correlation_60pct,0.5,44.230790430930625,0.38,0.560630185570597
accuracy_80pct,0.5,85.08435960949238,0.84,0.7267324113841079
accuracy_70pct,0.5,78.89704223416786,0.77,0.7261276942393702
accuracy_60pct,0.5,71.16838377158685,0.69,0.5315582228888163
correlation_70pct,0.5,46.31045353317241,0.39,0.6454043893832184
correlation_60pct,0.5,40.63713174326837,0.34,0.5489070283339602
accuracy_80pct,0.5,84.9486889093178,0.84,0.7485973776034082
accuracy_70pct,0.5,80.49137183185594,0.79,0.7380215943403157
accuracy_60pct,0.5,67.57371874173081,0.65,0.48064701984226016
correlation_70pct,0.5,43.635789907986734,0.37,0.6152321794288921
correlation_60pct,0.5,45.228777731313116,0.39,0.49512436624358924
accuracy_80pct,0.5,84.9496952362816,0.84,0.7385256769709883
accuracy_70pct,0.5,77.16771278541111,0.75,0.6725991250837609
accuracy_60pct,0.5,77.16704189061527,0.75,0.6518941807146488
correlation_70pct,0.5,50.95844255131789,0.45,0.5846996963137948
correlation_60pct,0.5,52.95777162606208,0.47,0.7190124757902097
accuracy_80pct,0.5,85.81469541567287,0.85,0.8141084937893258
accuracy_70pct,0.5,79.49103639968801,0.78,0.7121008131480909
accuracy_60pct,0.5,70.62939084657573,0.69,0.6336799738751254
correlation_70pct,0.5,40.63578995367668,0.34,0.41950653640676866
correlation_60pct,0.5,48.82344276116914,0.43,0.6000590660711513
accuracy_80pct,0.5,86.48969450348646,0.85,0.8532996759429858
accuracy_70pct,0.5,78.49036550489217,0.77,0.6516623934886238
accuracy_60pct,0.5,73.3020417721439,0.71,0.5873681755054169
correlation_70pct,0.5,53.41710143360142,0.48,0.654683596195963
correlation_60pct,0.5,46.959113507033656,0.41,0.5767438166169323
accuracy_80pct,0.5,85.94902432625577,0.85,0.7997716779139866
accuracy_70pct,0.5,77.357042966963,0.76,0.6897614893361029
accuracy_60pct,0.5,68.30438996484929,0.66,0.49803521892379143
correlation_70pct,0.5,49.22844222299527,0.43,0.6086866668510772
correlation_60pct,0.5,41.825120104768615,0.36,0.4972503879015056
accuracy_80pct,0.5,84.48969451871645,0.83,0.7915181192049021
accuracy_70pct,0.5,77.16670645844731,0.75,0.6971691832242862
accuracy_60pct,0.5,68.62871996700987,0.67,0.5176459987369392
correlation_70pct,0.5,49.63411257961724,0.43,0.656912620652058
correlation_60pct,0.5,40.906795937087864,0.34,0.5276480435217178
accuracy_80pct,0.5,81.3553656538235,0.8,0.7314697803475322
accuracy_70pct,0.5,77.62670713032256,0.76,0.6820236189300856
accuracy_60pct,0.5,73.03271301049236,0.71,0.6331793200492111
correlation_70pct,0.5,44.36411301454973,0.38,0.5305685127966807
correlation_60pct,0.5,47.87777310688235,0.43,0.45913683151423096
accuracy_80pct,0.5,85.0840241468645,0.84,0.7001099051923351
accuracy_70pct,0.5,74.95170805773898,0.74,0.5105416029571259
accuracy_60pct,0.5,74.16704193630521,0.72,0.615516979455084
correlation_70pct,0.5,54.227435804651606,0.48,0.7258112500616056
correlation_60pct,0.5,47.68911385058625,0.42,0.5653068029452318
accuracy_80pct,0.5,86.21935943010108,0.85,0.8542691273331797
accuracy_70pct,0.5,76.76170699662117,0.75,0.6908995100099656
accuracy_60pct,0.5,69.03405484577398,0.67,0.44841660495672153
correlation_70pct,0.5,47.49978368426434,0.41,0.6647423276085623
correlation_60pct,0.5,45.77011880333964,0.39,0.6120857742956811
accuracy_80pct,0.5,85.94969523628158,0.85,0.8211456296060087
accuracy_70pct,0.5,79.76170695093124,0.78,0.7481203277336173
accuracy_60pct,0.5,74.30304808387771,0.72,0.642269955857568
correlation_70pct,0.5,44.095119715526074,0.38,0.5308730419735298
correlation_60pct,0.5,44.824449164282825,0.39,0.5282891193431056
accuracy_80pct,0.5,84.35536560813357,0.83,0.8306909802026229
accuracy_70pct,0.5,76.0317066530686,0.74,0.6714656730808808
accuracy_60pct,0.5,68.43938980068796,0.66,0.6197841437431421
correlation_70pct,0.5,58.875089375399156,0.54,0.7209338565272411
correlation_60pct,0.5,37.04280216081027,0.3,0.4960015118348761
accuracy_80pct,0.5,86.21935943010108,0.85,0.8192588116787028
accuracy_70pct,0.5,77.49070098275004,0.76,0.5998645623205895
accuracy_60pct,0.5,71.89871957776732,0.7,0.6655203959807469
correlation_70pct,0.5,53.011766524377364,0.48,0.5596909629666101
correlation_60pct,0.5,40.772131563877075,0.34,0.5525298300458145
accuracy_80pct,0.5,85.62502980195303,0.84,0.8595587551255541
accuracy_70pct,0.5,78.085701475234,0.77,0.623644387804047
accuracy_60pct,0.5,64.57573142611838,0.62,0.4557797130572695
correlation_70pct,0.5,48.82377820856706,0.43,0.6264506042071054
correlation_60pct,0.5,47.28243715177051,0.42,0.47458035043211755
accuracy_80pct,0.5,87.94902431102578,0.87,0.8630723822754974
accuracy_70pct,0.5,80.76103604090541,0.79,0.7798160181136098
accuracy_60pct,0.5,75.03237754786444,0.73,0.6703476353919892
correlation_70pct,0.5,42.366125729397226,0.36,0.5782381401177675
correlation_60pct,0.5,39.23213229667222,0.33,0.4863641938113278
accuracy_80pct,0.5,87.8130181482233,0.87,0.791431202378691
accuracy_70pct,0.5,84.22003035535688,0.83,0.7495267052385705
accuracy_60pct,0.5,67.57506051609253,0.65,0.5432972433935748
correlation_70pct,0.5,41.44713066692063,0.34,0.6261549064640024
correlation_60pct,0.5,44.040118475017024,0.37,0.5052085106853783
accuracy_80pct,0.5,85.67835380547247,0.85,0.7444282107920674
accuracy_70pct,0.5,78.22036586367476,0.77,0.5351609963883089
accuracy_60pct,0.5,74.57338318772302,0.72,0.6704719865763491
correlation_70pct,0.5,45.040789354582884,0.38,0.6318878284166327
correlation_60pct,0.5,40.63679629587044,0.34,0.5224288146114392
accuracy_80pct,0.5,88.27234795576264,0.88,0.7607636813940738
accuracy_70pct,0.5,81.62603618983675,0.8,0.7634645307162395
accuracy_60pct,0.5,73.03271301049236,0.71,0.6063589401665156
correlation_70pct,0.5,43.90612499660208,0.37,0.6503387737979411
correlation_60pct,0.5,41.63612538584462,0.35,0.5987402003686942
accuracy_80pct,0.5,85.8140244904171,0.85,0.776046872545003
accuracy_70pct,0.5,78.76170696616123,0.77,0.7395605375618199
accuracy_60pct,0.5,73.30271265170977,0.71,0.6338858106227361
correlation_70pct,0.5,46.63478352010303,0.4,0.6397759232482003
correlation_60pct,0.5,44.555120417861254,0.39,0.5221466589874112
accuracy_80pct,0.5,82.08503054997817,0.81,0.6906365738904018
accuracy_70pct,0.5,78.49103638445804,0.77,0.6303476379410613
accuracy_60pct,0.5,71.62838448915198,0.7,0.5986170237302192
correlation_70pct,0.5,44.31112445842821,0.37,0.5907164623166655
correlation_60pct,0.5,38.907466862343675,0.32,0.5739472325311757
accuracy_80pct,0.5,86.94868886362786,0.86,0.7987811349210482
accuracy_70pct,0.5,82.08469510258024,0.81,0.6747687532627833
accuracy_60pct,0.5,72.30338359219554,0.7,0.6222616571799812
correlation_70pct,0.5,49.09377784978447,0.43,0.6595834464849265
correlation_60pct,0.5,42.69079116372576,0.37,0.5572244053285718
accuracy_80pct,0.5,82.48935913223842,0.81,0.7289300528226609
accuracy_70pct,0.5,74.2217077446463,0.73,0.6043913349470141
accuracy_60pct,0.5,75.16737736847314,0.73,0.6630606320684095
correlation_70pct,0.5,49.768776952828034,0.43,0.675539381520586
correlation_60pct,0.5,44.36545480414141,0.38,0.6357585014519418
accuracy_80pct,0.5,89.08335322160866,0.88,0.864649720491036
accuracy_70pct,0.5,80.35637201124723,0.79,0.7214976298905547
accuracy_60pct,0.5,75.89804862205156,0.74,0.7182244327598506
correlation_70pct,0.5,50.228442192535326,0.44,0.6791623426755724
correlation_60pct,0.5,39.907466847113696,0.33,0.5780100302625348
accuracy_80pct,0.5,86.9476825214341,0.86,0.7259988350602545
accuracy_70pct,0.5,75.3033835465056,0.73,0.734692509427514
accuracy_60pct,0.5,76.89670678676995,0.75,0.6493512753724761
correlation_70pct,0.5,50.22777131296944,0.44,0.6174329117398029
correlation_60pct,0.5,50.82210094111748,0.45,0.6210093387890053
accuracy_80pct,0.5,88.81301813299332,0.88,0.8367461130939846
accuracy_70pct,0.5,78.35570114691134,0.77,0.6386527940668902
accuracy_60pct,0.5,68.44006069548381,0.66,0.6212400612944958
correlation_70pct,0.5,49.76911240022595,0.43,0.7219530074200461
correlation_60pct,0.5,41.96011992537732,0.36,0.4710947180887755
accuracy_80pct,0.5,89.81335354993129,0.89,0.8590498758864578
accuracy_70pct,0.5,75.89771317465363,0.74,0.7474055798765742
accuracy_60pct,0.5,71.49170741632369,0.7,0.5326752677368234
correlation_70pct,0.5,48.094113312412375,0.42,0.6481615719758941
correlation_60pct,0.5,51.68777200007464,0.46,0.6468128038838641
accuracy_80pct,0.5,84.35536562336351,0.83,0.8178659527773786
accuracy_70pct,0.5,78.16637096535948,0.76,0.6704529961762088
accuracy_60pct,0.5,70.8997259199611,0.69,0.6352868751444924
correlation_70pct,0.5,45.31011810100446,0.38,0.6142405704517165
correlation_60pct,0.5,37.77213160956702,0.31,0.47677295040114853
accuracy_80pct,0.5,88.21868850484528,0.87,0.8658628778247577
accuracy_70pct,0.5,78.16737733801318,0.76,0.7542028322153194
accuracy_60pct,0.5,69.03371944406597,0.67,0.5162841034462189
correlation_70pct,0.5,53.49777090849692,0.47,0.7316383591302272
correlation_60pct,0.5,46.50011914689224,0.4,0.6129896125693758
accuracy_80pct,0.5,89.81301811776333,0.89,0.8356551324935054
accuracy_70pct,0.5,82.22103672801063,0.81,0.760394371735904
accuracy_60pct,0.5,74.3037190091335,0.72,0.6670736238124733
correlation_70pct,0.5,44.04045392241495,0.37,0.6287488106462206
correlation_60pct,0.5,42.23146135618643,0.36,0.4782506848240596
accuracy_80pct,0.5,87.8133535651613,0.87,0.8007587237310245
accuracy_70pct,0.5,78.35670750433509,0.77,0.7405126522099722
accuracy_60pct,0.5,66.03439035409183,0.64,0.4626127036554197
correlation_70pct,0.5,42.31112448888817,0.35,0.5897522586782968
correlation_60pct,0.5,43.63545446058882,0.37,0.6428631790967926
accuracy_80pct,0.5,87.08435959426241,0.86,0.8491692250611672
accuracy_70pct,0.5,80.08603692263189,0.79,0.6944988153284887
accuracy_60pct,0.5,74.57304772509514,0.72,0.6556423078214548
correlation_70pct,0.5,44.77078971336547,0.38,0.598749070412808
correlation_60pct,0.5,38.36612577508717,0.32,0.4185123307055828
accuracy_80pct,0.5,87.8136890277892,0.87,0.8402791903303334
accuracy_70pct,0.5,80.35536566905347,0.79,0.7259082792293677
accuracy_60pct,0.5,73.76170702708114,0.72,0.5998190666056101
correlation_70pct,0.5,49.2291131177911,0.43,0.6635579355984061
correlation_60pct,0.5,44.22978408873686,0.38,0.5486541789186813
accuracy_80pct,0.5,84.94835343145995,0.84,0.7523353210615321
accuracy_70pct,0.5,77.35637207216715,0.76,0.7370291815393879
accuracy_60pct,0.5,72.30170630951602,0.7,0.5874274866226736
correlation_70pct,0.5,47.55411402997754,0.42,0.6746112006315945
correlation_60pct,0.5,48.28243713654053,0.43,0.6139146559003119
accuracy_80pct,0.5,83.35536563859351,0.82,0.7869085041499647
accuracy_70pct,0.5,78.76170695093126,0.77,0.6950982471530651
accuracy_60pct,0.5,69.16939014424058,0.67,0.6066483790442135
correlation_70pct,0.5,53.092435999272865,0.47,0.6352819530572894
correlation_60pct,0.5,46.554784940003366,0.41,0.5193892124504121
accuracy_80pct,0.5,89.67801829715464,0.89,0.8711485581885918
accuracy_70pct,0.5,79.89704221893788,0.78,0.7949892219617632
accuracy_60pct,0.5,75.62670714555254,0.74,0.5380682883284652
correlation_70pct,0.5,46.76978334071174,0.4,0.6140945331540499
correlation_60pct,0.5,42.2304549987627,0.36,0.5445628349147766
accuracy_80pct,0.5,84.81402452087704,0.84,0.8018087573651289
accuracy_70pct,0.5,81.08536602783605,0.8,0.756096756627183
accuracy_60pct,0.5,69.76338430976072,0.68,0.5696844197029874
correlation_70pct,0.5,40.501125580465896,0.34,0.5420573174102404
correlation_60pct,0.5,46.148443688585544,0.41,0.5315845092468358
accuracy_80pct,0.5,83.08503054997816,0.82,0.7203359813674436
accuracy_70pct,0.5,79.89637132414204,0.78,0.7402572479593316
accuracy_60pct,0.5,69.3043899496193,0.67,0.48055344465774824
correlation_70pct,0.5,49.36344204360398,0.43,0.6168876299855056
correlation_60pct,0.5,41.17713102570321,0.34,0.5909984172162244
accuracy_80pct,0.5,84.35402381854186,0.83,0.7702596054234435
accuracy_70pct,0.5,78.7613715187633,0.77,0.7420801635912231
accuracy_60pct,0.5,67.16972560686847,0.65,0.5406935494227448
correlation_70pct,0.5,45.95877807486571,0.4,0.5965439188282381
correlation_60pct,0.5,41.09545520861392,0.35,0.4974204633901382
accuracy_80pct,0.5,84.08503051951821,0.83,0.7928395841900019
accuracy_70pct,0.5,77.95070165462529,0.77,0.5944971791087427
accuracy_60pct,0.5,72.43804796540633,0.7,0.7072451160023784
correlation_70pct,0.5,47.41877876197091,0.42,0.5918448711042922
correlation_60pct,0.5,45.474115480337844,0.41,0.4227700569483968
accuracy_80pct,0.5,87.40868958119303,0.87,0.7657298576608786
accuracy_70pct,0.5,80.35603657907927,0.79,0.7461585382434907
accuracy_60pct,0.5,68.57539596349044,0.66,0.5604584813304204
correlation_70pct,0.5,48.822771866373294,0.43,0.5023264651728764
correlation_60pct,0.5,39.90646050491992,0.33,0.4628431770673957
accuracy_80pct,0.5,89.35368831022402,0.88,0.923697495365119
accuracy_70pct,0.5,76.35637204170723,0.75,0.5897024709440568
accuracy_60pct,0.5,73.57304774032512,0.71,0.6732478748395494
correlation_70pct,0.5,44.50045462475013,0.38,0.5746975161024077
correlation_60pct,0.5,39.90679593708788,0.33,0.5274259850650869
accuracy_80pct,0.5,82.49036545920222,0.81,0.7655267496210223
accuracy_70pct,0.5,80.35603657907929,0.79,0.7413284524482991
accuracy_60pct,0.5,76.76103610182534,0.75,0.6089493584055332
correlation_70pct,0.5,55.01109559912156,0.5,0.5888908482732026
correlation_60pct,0.5,44.499783729954274,0.38,0.5221315273168172
accuracy_80pct,0.5,83.3553656385935,0.82,0.8365939221154453
accuracy_70pct,0.5,76.43737699446059,0.74,0.7616398385754475
accuracy_60pct,0.5,69.76371977238861,0.68,0.6226412700126964
correlation_70pct,0.5,48.22911313302109,0.42,0.6726550371028679
correlation_60pct,0.5,43.690120253699945,0.38,0.5744927121286159
accuracy_80pct,0.5,83.21969489272901,0.82,0.751501879177127
accuracy_70pct,0.5,77.35670751956506,0.76,0.6883655112341507
accuracy_60pct,0.5,67.71039578409916,0.65,0.617648169787021
correlation_70pct,0.5,47.094448775040284,0.41,0.605074213016735
correlation_60pct,0.5,38.04179580338651,0.31,0.47010479189165194
accuracy_80pct,0.5,84.94902434148574,0.84,0.7562695870022449
accuracy_70pct,0.5,79.2210367584706,0.78,0.6903731041287794
accuracy_60pct,0.5,69.0340548914639,0.67,0.6146470770114243
correlation_70pct,0.5,40.312130861541895,0.33,0.5786162379771458
correlation_60pct,0.5,45.36478389411559,0.39,0.5511532440706777
accuracy_80pct,0.5,83.49036545920221,0.82,0.8102568799531057
accuracy_70pct,0.5,77.62704260818042,0.76,0.6424357619948801
accuracy_60pct,0.5,74.03338392051815,0.72,0.6385087713097068
correlation_70pct,0.5,55.551430328954325,0.5,0.6685957904503866
correlation_60pct,0.5,38.69213301423737,0.33,0.4594736889620448
accuracy_80pct,0.5,87.81335358039127,0.87,0.7892468509796179
accuracy_70pct,0.5,81.22070129584266,0.8,0.7253840012179907
accuracy_60pct,0.5,71.89737778817565,0.7,0.5807363301193075
correlation_70pct,0.5,36.17780199664895,0.29,0.4824249827233995
correlation_60pct,0.5,45.229448626108955,0.39,0.5415612961918916
accuracy_80pct,0.5,86.48969451871643,0.85,0.8410099008546797
accuracy_70pct,0.5,78.16737733801317,0.76,0.7667835457310329
accuracy_60pct,0.5,74.03204213092646,0.72,0.5868067962509462
correlation_70pct,0.5,47.364783863655624,0.41,0.5721261013821057
correlation_60pct,0.5,40.63679629587045,0.34,0.4922094887815272
accuracy_80pct,0.5,86.94868887885784,0.86,0.8112016053607795
accuracy_70pct,0.5,78.22003044673677,0.77,0.6406555589435499
accuracy_60pct,0.5,69.84338287463042,0.67,0.568059303943497
correlation_70pct,0.5,55.14643086712819,0.5,0.6514995730361597
correlation_60pct,0.5,37.63612544676454,0.31,0.4325053989834761
accuracy_80pct,0.5,83.76002963779175,0.82,0.7695140227053396
accuracy_70pct,0.5,76.03237753263446,0.74,0.6135532070012407
accuracy_60pct,0.5,73.35704298219301,0.72,0.44209887990960756
correlation_70pct,0.5,57.41542413569188,0.52,0.6687666567640923
correlation_60pct,0.5,43.959449000121516,0.38,0.48391430904191635
accuracy_80pct,0.5,85.08368871469654,0.84,0.8091137615016453
accuracy_70pct,0.5,80.94935981934366,0.8,0.6483964366272837
accuracy_60pct,0.5,70.6270426538704,0.69,0.4904283391364636
correlation_70pct,0.5,45.824449149052846,0.4,0.5771980811594799
correlation_60pct,0.5,42.8247846421407,0.37,0.47360889003975815
accuracy_80pct,0.5,83.95036616153739,0.83,0.7859472600298103
accuracy_70pct,0.5,77.302041695994,0.75,0.6877362772491425
accuracy_60pct,0.5,76.35570117737132,0.75,0.5149376558795168
correlation_70pct,0.5,45.905118623948354,0.39,0.5992592355822198
correlation_60pct,0.5,45.36478389411559,0.39,0.5673568402557447
accuracy_80pct,0.5,85.0840241468645,0.84,0.7055858523768727
accuracy_70pct,0.5,77.76170696616123,0.76,0.6948829359972242
accuracy_60pct,0.5,71.30304814479761,0.69,0.5408884129660417
correlation_70pct,0.5,50.68810746270254,0.45,0.5955102060918525
correlation_60pct,0.5,43.229784103966836,0.37,0.42695073686492596
accuracy_80pct,0.5,84.22003034012693,0.83,0.7279829507607476
accuracy_70pct,0.5,79.62603620506675,0.78,0.6053278185166276
accuracy_60pct,0.5,69.30405451745135,0.67,0.5004064963910755
correlation_70pct,0.5,45.905118623948354,0.39,0.6809735323551119
correlation_60pct,0.5,42.09579064078187,0.36,0.39902575032819193
accuracy_80pct,0.5,86.94835341622995,0.86,0.7633351204796104
accuracy_70pct,0.5,79.49137183185597,0.78,0.6922853429995179
accuracy_60pct,0.5,71.70871850141958,0.69,0.6402510722661182
correlation_70pct,0.5,53.552436701608045,0.48,0.6679342745317688
correlation_60pct,0.5,45.36478389411559,0.39,0.5594137675431688
accuracy_80pct,0.5,82.49036545920222,0.81,0.7427704235929009
accuracy_70pct,0.5,80.95003071413952,0.8,0.6387539144498976
accuracy_60pct,0.5,72.03371939837604,0.7,0.6285478433021893
correlation_70pct,0.5,45.44578881640902,0.38,0.606521075808582
correlation_60pct,0.5,38.826461940050244,0.33,0.4781133495151845
accuracy_80pct,0.5,86.62502978672305,0.85,0.8964655034461662
accuracy_70pct,0.5,77.89637133937202,0.76,0.6918204490513643
accuracy_60pct,0.5,66.71106672458492,0.64,0.6414558862719577
correlation_70pct,0.5,40.44746612954853,0.33,0.6396684795023756
correlation_60pct,0.5,38.77213159433704,0.32,0.5306998130165159
accuracy_80pct,0.5,85.0840241468645,0.84,0.7361013567918433
accuracy_70pct,0.5,81.22036584844474,0.8,0.7332483228505109
accuracy_60pct,0.5,71.30338356173561,0.69,0.5440449661426033
correlation_70pct,0.5,51.49844183375273,0.45,0.6948620007256125
correlation_60pct,0.5,39.23112595447845,0.33,0.3859884633046052
accuracy_80pct,0.5,84.13868998566554,0.84,0.7008598903283192
accuracy_70pct,0.5,75.30271263647978,0.73,0.7168183477939287
accuracy_60pct,0.5,73.30338354650561,0.71,0.6896003271777825
correlation_70pct,0.5,52.74210233055786,0.48,0.5559456374550508
correlation_60pct,0.5,31.504480191514936,0.25,0.41177898172305716
accuracy_80pct,0.5,86.54402484919966,0.86,0.8325169893961349
accuracy_70pct,0.5,78.49003007272422,0.77,0.7140633303128298
accuracy_60pct,0.5,71.70871850141961,0.69,0.7148221617849774
correlation_70pct,0.5,43.04078938504285,0.36,0.6531270895190986
correlation_60pct,0.5,37.09612614909973,0.31,0.41015486793990064
accuracy_80pct,0.5,84.219694892729,0.83,0.7746535435594996
accuracy_70pct,0.5,75.49170735540378,0.74,0.6441969366531066
accuracy_60pct,0.5,75.03237751740451,0.73,0.6027591099088638
correlation_70pct,0.5,54.41710141837144,0.49,0.6851271339168782
correlation_60pct,0.5,42.50112555000593,0.36,0.5489466264790167
accuracy_80pct,0.5,88.35402375762195,0.87,0.8825742960918133
accuracy_70pct,0.5,77.49170732494382,0.76,0.6789773674601353
accuracy_60pct,0.5,71.16871920375479,0.69,0.5763748028888607
correlation_70pct,0.5,50.95777165652204,0.45,0.6456243521975901
correlation_60pct,0.5,51.28277253824851,0.46,0.5542824415182507
accuracy_80pct,0.5,84.08402417732445,0.83,0.7094441970422657
accuracy_70pct,0.5,77.6267071607825,0.76,0.6865210889608618
accuracy_60pct,0.5,73.89771318988363,0.72,0.6129355689998066
correlation_70pct,0.5,47.499783684264344,0.41,0.7110591119363828
correlation_60pct,0.5,53.87643124114075,0.49,0.6080519993257444
accuracy_80pct,0.5,86.22003032489692,0.85,0.8339819651344554
accuracy_70pct,0.5,83.2203658179848,0.82,0.7576621087927714
accuracy_60pct,0.5,75.35804933961673,0.74,0.6047921954666373
correlation_70pct,0.5,51.958107088689985,0.46,0.5946038701968889
correlation_60pct,0.5,46.95944895443158,0.41,0.5392688134048674
accuracy_80pct,0.5,84.94868889408782,0.84,0.7931305631826632
accuracy_70pct,0.5,80.35435932685971,0.79,0.6754699692904064
accuracy_60pct,0.5,72.49204283326166,0.71,0.5101352060902128
correlation_70pct,0.5,50.553107642093835,0.45,0.6347139097314985
correlation_60pct,0.5,37.907466877573654,0.31,0.5324970839967545
accuracy_80pct,0.5,86.35402378808192,0.85,0.7891713171874549
accuracy_70pct,0.5,80.21969495364891,0.79,0.5721010087567647
accuracy_60pct,0.5,69.43938977022802,0.67,0.5590580635887709
correlation_70pct,0.5,45.365454788911435,0.39,0.5690943506224094
correlation_60pct,0.5,42.63612537061464,0.36,0.4739892328293285
accuracy_80pct,0.5,85.8140244904171,0.85,0.7558094443912496
accuracy_70pct,0.5,81.49003002703428,0.8,0.7161191837830856
accuracy_60pct,0.5,77.1673773380132,0.75,0.7159782150626943
correlation_70pct,0.5,47.63478350487305,0.41,0.6829255623566585
correlation_60pct,0.5,38.09679704389556,0.32,0.4780358635368294
accuracy_80pct,0.5,86.81435995304497,0.86,0.8002089733713779
accuracy_70pct,0.5,76.22070134153263,0.75,0.5046404967643813
accuracy_60pct,0.5,71.57338324864293,0.69,0.5603313284178147
correlation_70pct,0.5,42.446459756894804,0.35,0.5417823012246562
correlation_60pct,0.5,49.82344274593916,0.44,0.5629773060187689
accuracy_80pct,0.5,84.81469541567289,0.84,0.7122226175404084
accuracy_70pct,0.5,76.16804824803901,0.74,0.699711256236239
accuracy_60pct,0.5,69.84405378465621,0.67,0.5863917216808364
correlation_70pct,0.5,48.284114373530144,0.43,0.5936790880815301
correlation_60pct,0.5,46.09411334287235,0.4,0.49267050876997226
accuracy_80pct,0.5,87.81402449041707,0.87,0.8137459841688521
accuracy_70pct,0.5,79.3567074891051,0.78,0.7049085806130416
accuracy_60pct,0.5,68.8453955894779,0.66,0.5384173605541714
correlation_70pct,0.5,44.715788472856424,0.37,0.6782798563434519
correlation_60pct,0.5,37.63780268375415,0.31,0.4482314873110388
accuracy_80pct,0.5,85.21969487749902,0.84,0.790467871176085
accuracy_70pct,0.5,77.35637207216715,0.76,0.6940627810367288
accuracy_60pct,0.5,72.76204245924913,0.71,0.4951547985848921
correlation_70pct,0.5,44.095119715526074,0.38,0.5195795563750608
correlation_60pct,0.5,40.63545449104879,0.34,0.5408605256104803
accuracy_80pct,0.5,87.67835377501252,0.87,0.7788636197615014
accuracy_70pct,0.5,81.49070093706008,0.8,0.7546835359927454
accuracy_60pct,0.5,78.30170624859608,0.76,0.7355604936361254
correlation_70pct,0.5,49.82344274593916,0.44,0.6067562960794877
correlation_60pct,0.5,43.17578919042159,0.36,0.5783632852185805
accuracy_80pct,0.5,83.5430185679258,0.83,0.6867657756436832
accuracy_70pct,0.5,83.49036545920221,0.82,0.7960941489365374
accuracy_60pct,0.5,73.43905427714013,0.71,0.6798326139423031
correlation_70pct,0.5,51.14743727024188,0.46,0.5257402138652052
correlation_60pct,0.5,42.55612679051498,0.37,0.5362586398557645
accuracy_80pct,0.5,85.08435960949238,0.84,0.8007733975202217
accuracy_70pct,0.5,78.03271296480239,0.76,0.8035605074692841
accuracy_60pct,0.5,72.43905429237012,0.7,0.6868927102277539
correlation_70pct,0.5,44.82478461168074,0.39,0.5596597440962738
correlation_60pct,0.5,34.50246746143746,0.28,0.5098525422718824
accuracy_80pct,0.5,86.08435959426241,0.85,0.8460171149868807
accuracy_70pct,0.5,79.6263716829246,0.78,0.7476745318466904
accuracy_60pct,0.5,69.35737850574083,0.68,0.4911594652125429
correlation_70pct,0.5,49.82344274593916,0.44,0.5959497182948185
correlation_60pct,0.5,46.688778418418316,0.41,0.5533417741616703
accuracy_80pct,0.5,85.2190239674732,0.84,0.7440055261557844
accuracy_70pct,0.5,77.49103644537794,0.76,0.6278892658867989
accuracy_60pct,0.5,69.17006103903641,0.67,0.5964414819419253
correlation_70pct,0.5,45.95944896966156,0.4,0.5177938936880203
correlation_60pct,0.5,50.79643269150107,0.47,0.3912992953145735
accuracy_80pct,0.5,86.08402414686448,0.85,0.7959039662732091
accuracy_70pct,0.5,80.48969459486635,0.79,0.6795848893297521
accuracy_60pct,0.5,74.30338353127564,0.72,0.6569637477276743
correlation_70pct,0.5,47.22944859564899,0.41,0.6073799756308259
correlation_60pct,0.5,45.17478281776786,0.38,0.6333591659259465
accuracy_80pct,0.5,84.94969522105163,0.84,0.7792146598639006
accuracy_70pct,0.5,77.22137225155845,0.76,0.7072573608138383
accuracy_60pct,0.5,68.43905433806009,0.66,0.5596201573000602
correlation_70pct,0.5,48.094448759810305,0.42,0.6567170468429736
correlation_60pct,0.5,46.824113686424944,0.41,0.5778152987356713
accuracy_80pct,0.5,84.08503051951821,0.83,0.7700610632468974
accuracy_70pct,0.5,77.76170696616123,0.76,0.6923896822061726
accuracy_60pct,0.5,73.49170738586373,0.72,0.5575708149601463
correlation_70pct,0.5,50.498777296380624,0.44,0.6821803779772619
correlation_60pct,0.5,36.583472353270935,0.29,0.5637502414665769
accuracy_80pct,0.5,87.3543592354798,0.86,0.883331299916589
accuracy_70pct,0.5,77.76204241355916,0.76,0.7257879473920456
accuracy_60pct,0.5,72.16871921898475,0.7,0.6624713402026507
correlation_70pct,0.5,55.416765955743536,0.5,0.7099589361720963
correlation_60pct,0.5,49.55344310472173,0.44,0.6287395706351943
accuracy_80pct,0.5,87.08368869946653,0.86,0.8397866577373292
accuracy_70pct,0.5,80.49170729448385,0.79,0.7696915611111493
accuracy_60pct,0.5,69.89871959299731,0.68,0.5558993245205344
correlation_70pct,0.5,48.148443658125586,0.43,0.49104337902248407
correlation_60pct,0.5,42.905789564434144,0.36,0.6068867653553293
accuracy_80pct,0.5,87.08335325206863,0.86,0.7966047470865841
accuracy_70pct,0.5,77.03204207000655,0.75,0.6971637875229417
accuracy_60pct,0.5,70.76304886236278,0.69,0.5356592024479795
correlation_70pct,0.5,42.85145921872093,0.35,0.6493547607915855
correlation_60pct,0.5,43.28512079187381,0.38,0.47947989215244113
accuracy_80pct,0.5,85.21902399793315,0.84,0.7484755199495855
accuracy_70pct,0.5,79.76170693570127,0.78,0.7485518145807964
accuracy_60pct,0.5,71.16737741416311,0.69,0.49032703962114366
correlation_70pct,0.5,44.63545444535883,0.38,0.5213473783602861
correlation_60pct,0.5,41.041795757696576,0.34,0.5029667348375395
accuracy_80pct,0.5,84.0850305195182,0.83,0.7405055269037358
accuracy_70pct,0.5,75.35737842959092,0.74,0.6418935785295141
accuracy_60pct,0.5,73.03237756309443,0.71,0.576931670605057
correlation_70pct,0.5,44.90578953397418,0.38,0.6020457456301919
correlation_60pct,0.5,38.772467026505,0.32,0.4743904873412236
accuracy_80pct,0.5,85.08469507212027,0.84,0.8185785873412533
accuracy_70pct,0.5,78.35670750433509,0.77,0.7203566808072114
accuracy_60pct,0.5,74.1683837258969,0.72,0.6671005633872451
correlation_70pct,0.5,52.0931069092987,0.46,0.6904321679959379
correlation_60pct,0.5,41.28545625450172,0.36,0.3378543663539894
accuracy_80pct,0.5,85.21902399793314,0.84,0.757767207085538
accuracy_70pct,0.5,76.3027126212498,0.74,0.678145598912253
accuracy_60pct,0.5,73.03237759355436,0.71,0.6383855273765467
correlation_70pct,0.5,50.363442028373996,0.44,0.6970727099022206
correlation_60pct,0.5,37.23146143233633,0.31,0.3059226468594715
accuracy_80pct,0.5,82.08503054997817,0.81,0.7097052092420225
accuracy_70pct,0.5,80.35637202647722,0.79,0.756192388740422
accuracy_60pct,0.5,69.8980486829715,0.68,0.45110850881531905
correlation_70pct,0.5,43.364448477177625,0.37,0.5270672014938947
correlation_60pct,0.5,41.82545555216653,0.36,0.4449495371369346
accuracy_80pct,0.5,86.35435925070979,0.85,0.8365160052491054
accuracy_70pct,0.5,78.22036587890472,0.77,0.6595594029767233
accuracy_60pct,0.5,66.30573181536087,0.64,0.5765080564262915
correlation_70pct,0.5,49.228777670393185,0.43,0.7131053204071383
correlation_60pct,0.5,43.63511901319089,0.37,0.6189336435779539
accuracy_80pct,0.5,88.0833532063787,0.87,0.8019749361610417
accuracy_70pct,0.5,74.57338318772302,0.72,0.6875450116212677
accuracy_60pct,0.5,70.84405378465621,0.68,0.5762238436234929
correlation_70pct,0.5,47.229448595648996,0.41,0.6022874581414566
correlation_60pct,0.5,43.230790446160604,0.37,0.48284259410976443
accuracy_80pct,0.5,84.49002999657431,0.83,0.8587461415835408
accuracy_70pct,0.5,80.95070165462525,0.8,0.773769923060403
accuracy_60pct,0.5,68.16838381727678,0.66,0.5274135713977727
correlation_70pct,0.5,41.17679557830529,0.34,0.6369263534392329
correlation_60pct,0.5,34.827468327933964,0.29,0.4432300153764243
accuracy_80pct,0.5,87.35402378808189,0.86,0.8576657367609822
accuracy_70pct,0.5,77.35670748910513,0.76,0.63702611903013
accuracy_60pct,0.5,67.84539560470787,0.65,0.5936029855810371
correlation_70pct,0.5,47.499783684264344,0.41,0.6565339146404034
correlation_60pct,0.5,57.145759941872385,0.52,0.7203648985194114
accuracy_80pct,0.5,81.35603654861934,0.8,0.6833741905319857
accuracy_70pct,0.5,81.4903654744322,0.8,0.668418114557275
accuracy_60pct,0.5,70.22304957992793,0.69,0.468303397004031
correlation_70pct,0.5,51.82277182068336,0.46,0.6368158386458956
correlation_60pct,0.5,44.905454086576256,0.38,0.572897223761592
accuracy_80pct,0.5,82.81402452087707,0.82,0.6753149432290094
accuracy_70pct,0.5,76.49170730971385,0.75,0.6555284633452692
accuracy_60pct,0.5,70.89838413036942,0.69,0.5810375348685579
correlation_70pct,0.5,48.553443119951716,0.43,0.6368726394502373
correlation_60pct,0.5,33.17880838453266,0.26,0.4880090480557662
accuracy_80pct,0.5,85.3546947133377,0.84,0.8285984846224403
accuracy_70pct,0.5,83.94969525151157,0.83,0.7559193177882366
accuracy_60pct,0.5,76.03204210046651,0.74,0.7216328961571188
correlation_70pct,0.5,56.60609610683546,0.52,0.6418387797321681
correlation_60pct,0.5,32.44880804098006,0.25,0.4032053794308676
accuracy_80pct,0.5,84.08402417732444,0.83,0.698143994768158
accuracy_70pct,0.5,79.30237714339191,0.77,0.8376547392490303
accuracy_60pct,0.5,70.30438994961929,0.68,0.597455665849637
correlation_70pct,0.5,47.09411332764236,0.41,0.666412477915079
correlation_60pct,0.5,47.36377752146187,0.41,0.5566547031950565
accuracy_80pct,0.7,86.57408252388112,0.84,0.7201837326977772
accuracy_70pct,0.7,83.78720334041442,0.79,0.7987587664201483
accuracy_60pct,0.7,74.95315153208107,0.69,0.6463858985713031
correlation_70pct,0.7,56.74980792724613,0.4,0.5218941370841013
correlation_60pct,0.7,47.7036577198805,0.29,0.5116393220540729
accuracy_80pct,0.7,87.59106486703837,0.85,0.7988396673446602
accuracy_70pct,0.7,80.72325329040747,0.77,0.7003421349377194
accuracy_60pct,0.7,74.29692476047396,0.68,0.6789319990231137
correlation_70pct,0.7,50.867864413723055,0.34,0.5366845658755192
correlation_60pct,0.7,50.22556425506424,0.32,0.5319634271846646
accuracy_80pct,0.7,88.55740780130543,0.86,0.7710794428348322
accuracy_70pct,0.7,84.6891854956014,0.81,0.7391500171601987
accuracy_60pct,0.7,77.55863611104795,0.72,0.5857585129944133
correlation_70pct,0.7,63.29082878101221,0.48,0.6938162254747763
correlation_60pct,0.7,48.98001419542824,0.3,0.4592015598198776
accuracy_80pct,0.7,87.39299570233362,0.83,0.8562009619967647
accuracy_70pct,0.7,82.08349567387603,0.78,0.6982853901018056
accuracy_60pct,0.7,73.5453255511166,0.69,0.579036468748363
correlation_70pct,0.7,59.405931915103245,0.43,0.5694260146773734
correlation_60pct,0.7,54.425970556767155,0.39,0.596236398344774
accuracy_80pct,0.7,87.75334078836683,0.83,0.8938929435745393
accuracy_70pct,0.7,84.72284248014897,0.81,0.7725723015717563
accuracy_60pct,0.7,74.00083783214156,0.67,0.60826250186923
correlation_70pct,0.7,62.27690224924929,0.48,0.6542698092723359
correlation_60pct,0.7,53.772389111037434,0.39,0.5780529859084342
accuracy_80pct,0.7,85.28125673088694,0.83,0.761896082653595
accuracy_70pct,0.7,77.18171908618906,0.72,0.5788294382116512
accuracy_60pct,0.7,77.83530053191878,0.72,0.5911403410714768
correlation_70pct,0.7,61.32458854930979,0.46,0.6652304129966173
correlation_60pct,0.7,53.14686613396279,0.37,0.5330738187807472
accuracy_80pct,0.7,87.95130733169235,0.85,0.7647946485510898
accuracy_70pct,0.7,82.18141081612443,0.77,0.7812311081715752
accuracy_60pct,0.7,74.34430311521137,0.67,0.5908367258005713
correlation_70pct,0.7,59.76627700113646,0.43,0.5992421635949843
correlation_60pct,0.7,49.16680207306207,0.34,0.382928971614665
accuracy_80pct,0.7,88.24729163864549,0.86,0.8341859559654415
accuracy_70pct,0.7,79.1143023333439,0.74,0.592948829911893
accuracy_60pct,0.7,75.46113161668728,0.71,0.5598888000484197
correlation_70pct,0.7,55.19424432632943,0.38,0.6111244255927725
correlation_60pct,0.7,59.01478041315834,0.44,0.6466958232677262
accuracy_80pct,0.7,87.91785558990325,0.85,0.7431755290567134
accuracy_70pct,0.7,83.06661578972724,0.79,0.7358110951868546
accuracy_60pct,0.7,72.34450852034061,0.65,0.510848972255675
correlation_70pct,0.7,62.24334788608094,0.48,0.6249873068748587
correlation_60pct,0.7,53.507211219995995,0.37,0.5700423514636586
accuracy_80pct,0.7,85.62461939257749,0.83,0.7397760204530085
accuracy_70pct,0.7,80.4607207252434,0.76,0.7134048527344814
accuracy_60pct,0.7,76.93352361949026,0.7,0.6852014285287881
correlation_70pct,0.7,54.50436057017474,0.37,0.6204416672707838
correlation_60pct,0.7,46.04743102945878,0.27,0.5176689976337093
accuracy_80pct,0.7,86.34551480740237,0.83,0.8020953023670344
accuracy_70pct,0.7,83.73972236429776,0.8,0.7682937482738389
accuracy_60pct,0.7,76.5759264807137,0.71,0.6348324085290311
correlation_70pct,0.7,57.42291450181666,0.41,0.6240575252839514
correlation_60pct,0.7,56.39221078846957,0.41,0.5857589243929805
accuracy_80pct,0.7,87.68898000928678,0.84,0.8757572893573672
accuracy_70pct,0.7,81.0162844073455,0.77,0.6091209635315511
accuracy_60pct,0.7,77.13138754143655,0.72,0.592430997087324
correlation_70pct,0.7,61.98091794229614,0.47,0.6671230922746361
correlation_60pct,0.7,48.60563987506748,0.31,0.46611086779195876
accuracy_80pct,0.7,87.00174157900948,0.84,0.7608833644056413
accuracy_70pct,0.7,83.44373805734462,0.79,0.7139958270844904
accuracy_60pct,0.7,75.26306245198253,0.69,0.4864293431871569
correlation_70pct,0.7,61.07618783985252,0.44,0.6534268496785635
correlation_60pct,0.7,58.422811799252045,0.42,0.5604791864522932
accuracy_80pct,0.7,86.01597613728089,0.82,0.8383202744484108
accuracy_70pct,0.7,81.42706365951045,0.77,0.7578729847176223
accuracy_60pct,0.7,75.55914938031492,0.7,0.6834705703138982
correlation_70pct,0.7,52.57157208026143,0.35,0.5768384384589388
correlation_60pct,0.7,51.98733824107636,0.39,0.48530045563649027
accuracy_80pct,0.7,86.96828983722038,0.84,0.8307029141259652
accuracy_70pct,0.7,83.41008107279703,0.79,0.7488110712676114
accuracy_60pct,0.7,77.16494190460489,0.72,0.6311679944552747
correlation_70pct,0.7,54.50710851743138,0.38,0.6220316728574016
correlation_60pct,0.7,53.082505354882734,0.38,0.6009822848703609
accuracy_80pct,0.7,85.93727825973558,0.84,0.6778170422756393
accuracy_70pct,0.7,77.44384116583616,0.73,0.48591581147996477
accuracy_60pct,0.7,76.2966167339655,0.7,0.6374920054918458
correlation_70pct,0.7,63.01162165564324,0.47,0.6810121672604098
correlation_60pct,0.7,52.58560131458897,0.34,0.5165854331874364
accuracy_80pct,0.7,89.62166587782086,0.86,0.8542026489956491
accuracy_70pct,0.7,83.7060653797502,0.8,0.7278060437859128
accuracy_60pct,0.7,76.91918652102501,0.71,0.6151545232183764
correlation_70pct,0.7,56.16058726059647,0.39,0.562996264990759
correlation_60pct,0.7,56.00105928652466,0.42,0.5035829673224572
accuracy_80pct,0.7,89.29487515495599,0.86,0.8830929286937724
accuracy_70pct,0.7,82.0358094550009,0.79,0.7374571049212483
accuracy_60pct,0.7,72.20175772785295,0.68,0.5487781114794864
correlation_70pct,0.7,54.211124210478225,0.37,0.6120390087749583
correlation_60pct,0.7,46.54423244837331,0.31,0.46332223176379334
accuracy_80pct,0.7,87.01577081333701,0.83,0.792491922861783
accuracy_70pct,0.7,81.68939098191602,0.78,0.6410897506840366
accuracy_60pct,0.7,71.88604304930054,0.66,0.4236119893169964
correlation_70pct,0.7,53.323171289618784,0.34,0.5698525171262688
correlation_60pct,0.7,51.52144585945278,0.34,0.4962448941662813
accuracy_80pct,0.7,86.60784212980795,0.84,0.7281692621249547
accuracy_70pct,0.7,82.03580945500092,0.79,0.6789822755843397
accuracy_60pct,0.7,75.59270374348324,0.7,0.6507607775719716
correlation_70pct,0.7,62.46723663923281,0.44,0.749515094119188
correlation_60pct,0.7,53.22800409462702,0.36,0.5313858518939504
accuracy_80pct,0.7,88.34530940227312,0.85,0.8625743249605536
accuracy_70pct,0.7,77.87170546372299,0.73,0.7251965914968147
accuracy_60pct,0.7,72.28289568851717,0.67,0.49966519584171953
correlation_70pct,0.7,63.011621655643225,0.47,0.6848143314885368
correlation_60pct,0.7,53.58560123340359,0.35,0.6058722244316008
accuracy_80pct,0.7,87.91785558990324,0.85,0.8386977182603553
accuracy_70pct,0.7,78.4270639030666,0.74,0.5593392996036991
accuracy_60pct,0.7,75.88879067181563,0.71,0.6772209195097806
correlation_70pct,0.7,54.912289253703825,0.36,0.6383096506394641
correlation_60pct,0.7,53.14391294394769,0.36,0.4196691783003597
accuracy_80pct,0.7,87.26427414417353,0.85,0.7758463555311214
accuracy_70pct,0.7,81.83499234303953,0.76,0.659766291826255
accuracy_60pct,0.7,77.96687265871475,0.71,0.6552987131827018
correlation_70pct,0.7,62.419653041736936,0.45,0.7139872152875795
correlation_60pct,0.7,58.71879610620519,0.43,0.573529887824731
accuracy_80pct,0.7,86.54337872934865,0.85,0.7142238323351962
accuracy_70pct,0.7,78.83804839799004,0.74,0.6628745872038553
accuracy_60pct,0.7,77.80174616875044,0.72,0.580704643384579
correlation_70pct,0.7,57.5348588783926,0.39,0.6618193993448501
correlation_60pct,0.7,60.21274687529848,0.47,0.5672271322524066
accuracy_80pct,0.7,85.68918541441602,0.82,0.8045934743834625
accuracy_70pct,0.7,79.0838037815699,0.75,0.6314422521484077
accuracy_60pct,0.7,76.2155813946805,0.71,0.6052029360513047
correlation_70pct,0.7,53.64996201248364,0.34,0.5820972351254082
correlation_60pct,0.7,52.538120338472325,0.35,0.473747300800453
accuracy_80pct,0.7,85.60794483237255,0.83,0.7410682850193491
accuracy_70pct,0.7,79.77093959046796,0.75,0.6834526404385359
accuracy_60pct,0.7,77.22930268368494,0.71,0.6498857558807537
correlation_70pct,0.7,56.81691665358282,0.4,0.6619504930202293
correlation_60pct,0.7,54.783567695543724,0.38,0.5100827555101629
accuracy_80pct,0.7,84.36249739411578,0.81,0.722477758456816
accuracy_70pct,0.7,80.91623300626838,0.74,0.6877597207113824
accuracy_60pct,0.7,71.87232167911068,0.67,0.4080821102941474
correlation_70pct,0.7,58.76637970370108,0.42,0.5966859344673605
correlation_60pct,0.7,59.63755544297635,0.45,0.5417782161418969
accuracy_80pct,0.7,86.65817367456044,0.84,0.7785701710122384
accuracy_70pct,0.7,84.16442822941102,0.79,0.8224166383460795
accuracy_60pct,0.7,73.27983979593745,0.67,0.48108957804908625
correlation_70pct,0.7,54.85067642188041,0.38,0.5795609575925228
correlation_60pct,0.7,52.19730038127992,0.36,0.5836590161098562
accuracy_80pct,0.7,88.29772580477724,0.86,0.8556135155142865
accuracy_70pct,0.7,82.98812315494041,0.81,0.7221698891053461
accuracy_60pct,0.7,75.47790879827144,0.71,0.5099495235285928
correlation_70pct,0.7,58.79718611961279,0.41,0.5806848597864185
correlation_60pct,0.7,47.26207205180384,0.3,0.36874521087658535
accuracy_80pct,0.7,87.60784204862256,0.85,0.8179676897397237
accuracy_70pct,0.7,81.01913497598137,0.78,0.658271835338783
accuracy_60pct,0.7,76.27973693100206,0.7,0.6376083193515236
correlation_70pct,0.7,58.09602107638719,0.42,0.6100484896085536
correlation_60pct,0.7,53.91513990352507,0.36,0.6156351277373495
accuracy_80pct,0.7,87.65817359337507,0.85,0.8323636413978882
accuracy_70pct,0.7,83.37937727826457,0.8,0.7253651304849597
accuracy_60pct,0.7,75.7354545359709,0.67,0.654055246813349
correlation_70pct,0.7,50.35703376048098,0.31,0.5712239159673297
correlation_60pct,0.7,52.37085758967929,0.32,0.6313164566987145
accuracy_80pct,0.7,86.6246193113921,0.84,0.7140236361489227
accuracy_70pct,0.7,82.0833930524968,0.78,0.671567666013022
accuracy_60pct,0.7,77.5590465965649,0.72,0.6606165849414536
correlation_70pct,0.7,60.02870694492127,0.44,0.5950254520471702
correlation_60pct,0.7,54.14401548414155,0.37,0.5025668319254535
accuracy_80pct,0.7,86.91765042833016,0.84,0.7314356301463242
accuracy_70pct,0.7,79.7092241372653,0.77,0.6880483424371662
accuracy_60pct,0.7,71.96748887410247,0.65,0.5439575690581369
correlation_70pct,0.7,59.03155759474251,0.44,0.6736307346824792
correlation_60pct,0.7,52.76974386634542,0.37,0.5043370216926595
accuracy_80pct,0.7,87.65542564611843,0.84,0.8157159483995606
accuracy_70pct,0.7,81.78740874554364,0.77,0.711742880541059
accuracy_60pct,0.7,75.55925200169413,0.7,0.5881637077989957
correlation_70pct,0.7,52.915139984710464,0.35,0.5631762458007303
correlation_60pct,0.7,49.884641676492606,0.33,0.4572923328852033
accuracy_80pct,0.7,86.9512047914985,0.84,0.6928788246231545
accuracy_70pct,0.7,81.09752498938896,0.76,0.713333363892087
accuracy_60pct,0.7,74.2630625331679,0.68,0.5663310998220786
correlation_70pct,0.7,61.66815645375882,0.46,0.6848969291333996
correlation_60pct,0.7,55.439897088530074,0.39,0.555068219558948
accuracy_80pct,0.7,87.34541210483775,0.84,0.8438673277403032
accuracy_70pct,0.7,82.83488964047491,0.77,0.7718846195554387
accuracy_60pct,0.7,74.85523638983268,0.7,0.5483006720238187
correlation_70pct,0.7,62.76322094618596,0.45,0.7228601607305235
correlation_60pct,0.7,55.177467144745265,0.38,0.5736175502240809
accuracy_80pct,0.7,89.31154971516094,0.86,0.827873249875305
accuracy_70pct,0.7,83.81780451356765,0.78,0.7211163597282918
accuracy_60pct,0.7,76.6233048354511,0.7,0.6266634607674164
correlation_70pct,0.7,56.86450025107871,0.39,0.6655379533074496
correlation_60pct,0.7,52.11341447335907,0.36,0.5024866255285838
accuracy_80pct,0.7,87.98496431623992,0.85,0.8532529102494025
accuracy_70pct,0.7,79.50850964668315,0.74,0.720934964982367
accuracy_60pct,0.7,74.1648395267818,0.69,0.47220706561485054
correlation_70pct,0.7,59.31076472011149,0.45,0.6755938582035932
correlation_60pct,0.7,51.507314003746,0.35,0.4673153617835182
accuracy_80pct,0.7,86.5742877666396,0.84,0.701022125992062
accuracy_70pct,0.7,82.11705003704438,0.78,0.7349951438770355
accuracy_60pct,0.7,76.21558139468048,0.71,0.6158321473975902
correlation_70pct,0.7,62.05930795570374,0.45,0.6667846582529814
correlation_60pct,0.7,53.83125399560422,0.36,0.4572615950184502
accuracy_80pct,0.7,88.29772580477724,0.86,0.8708584879340585
accuracy_70pct,0.7,80.72315066902821,0.77,0.6802391206693365
accuracy_60pct,0.7,73.57623458840756,0.68,0.6219672691690653
correlation_70pct,0.7,60.981020644860756,0.46,0.6706446403818294
correlation_60pct,0.7,55.783464992979106,0.39,0.609733593418816
accuracy_80pct,0.7,88.64129370922628,0.86,0.8466740890216397
accuracy_70pct,0.7,83.31216593054866,0.8,0.6583424078493348
accuracy_60pct,0.7,72.26632374969148,0.67,0.4748927040948985
correlation_70pct,0.7,56.80013947199866,0.4,0.6171603053059075
correlation_60pct,0.7,57.99810593413879,0.43,0.5728874587757995
accuracy_80pct,0.7,85.32873770700358,0.82,0.7359403551341238
accuracy_70pct,0.7,82.11430208978774,0.77,0.7003412539294984
accuracy_60pct,0.7,73.3276286361918,0.66,0.5210190241028887
correlation_70pct,0.7,58.079243894803014,0.42,0.6080273697920934
correlation_60pct,0.7,58.422811799252045,0.42,0.6158448416178545
accuracy_80pct,0.7,89.015668029587,0.85,0.8372403462850531
accuracy_70pct,0.7,79.15080988652734,0.75,0.6313756456312976
accuracy_60pct,0.7,80.50840694411853,0.75,0.6744049337506236
correlation_70pct,0.7,63.65117386704541,0.48,0.6504998694730261
correlation_60pct,0.7,53.22800409462701,0.36,0.518362282882307
accuracy_80pct,0.7,88.29497785752062,0.85,0.7849945421102711
accuracy_70pct,0.7,78.80734460345755,0.75,0.6308835976821615
accuracy_60pct,0.7,80.14785661532686,0.75,0.6272318283437442
correlation_70pct,0.7,59.4702926941833,0.42,0.6627359586862892
correlation_60pct,0.7,55.12988354724938,0.39,0.521712712244615
accuracy_80pct,0.7,89.93432474497895,0.87,0.8583747697977302
accuracy_70pct,0.7,80.73982522923315,0.77,0.667396029970185
accuracy_60pct,0.7,73.5118738093275,0.69,0.5351913357605823
correlation_70pct,0.7,61.34136573089396,0.46,0.6610603986605819
correlation_60pct,0.7,48.03044844274537,0.29,0.4759137155554142
accuracy_80pct,0.7,87.6722028277026,0.84,0.8513024843564108
accuracy_70pct,0.7,79.80164338500042,0.74,0.6485782187981958
accuracy_60pct,0.7,78.79046480049414,0.75,0.630310697502951
correlation_70pct,0.7,54.53791493334309,0.37,0.6094488079486052
correlation_60pct,0.7,58.277210438128535,0.44,0.5486359449996716
accuracy_80pct,0.7,86.08308486361756,0.82,0.846888430536937
accuracy_70pct,0.7,81.78740874554364,0.77,0.6592665752554359
accuracy_60pct,0.7,74.91969979029196,0.69,0.5899394581415209
correlation_70pct,0.7,58.28635546637072,0.38,0.6876167761866362
correlation_60pct,0.7,52.47365693801303,0.36,0.3983607215023139
accuracy_80pct,0.7,85.26427430654428,0.83,0.7060356225371301
accuracy_70pct,0.7,82.70616808231482,0.79,0.7281744339555676
accuracy_60pct,0.7,74.84130977688437,0.71,0.5650298310227033
correlation_70pct,0.7,61.09296502143669,0.44,0.6863118872533265
correlation_60pct,0.7,56.12703289742814,0.39,0.621196177672101
accuracy_80pct,0.7,86.54358397210711,0.85,0.7853437305847427
accuracy_70pct,0.7,83.06651316834801,0.79,0.7235455934608346
accuracy_60pct,0.7,68.29987843760136,0.63,0.43009520644829186
correlation_70pct,0.7,57.07934659736763,0.41,0.5329646609237787
correlation_60pct,0.7,55.079552002496875,0.39,0.47070252435935556
accuracy_80pct,0.7,86.70585989343556,0.83,0.841581333349984
accuracy_70pct,0.7,81.82106573009123,0.77,0.7298070251553663
accuracy_60pct,0.7,75.31074867085765,0.68,0.585572992299398
correlation_70pct,0.7,56.5825451784531,0.37,0.5988076722066187
correlation_60pct,0.7,55.86460295364333,0.38,0.5423858368466804
accuracy_80pct,0.7,85.62482463533597,0.83,0.7558007048497342
accuracy_70pct,0.7,82.85176944343833,0.77,0.8162590709158665
accuracy_60pct,0.7,77.21262812348002,0.71,0.640653894013087
correlation_70pct,0.7,57.191290973943566,0.39,0.6624603385762868
correlation_60pct,0.7,49.86786449490844,0.33,0.5160702235655864
accuracy_80pct,0.7,86.56036115369129,0.85,0.785818527863432
accuracy_70pct,0.7,83.11389152308541,0.78,0.7305584403558185
accuracy_60pct,0.7,73.52865099091167,0.69,0.5685633278710956
correlation_70pct,0.7,57.37533090432078,0.42,0.5945916910204476
correlation_60pct,0.7,54.70517768213614,0.4,0.5085248621892662
accuracy_80pct,0.7,88.31175503910478,0.85,0.8097425132741045
accuracy_70pct,0.7,84.75364889606068,0.8,0.7662728184712814
accuracy_60pct,0.7,75.64028734097914,0.69,0.5201577622379929
correlation_70pct,0.7,66.55295061710315,0.52,0.6336173957319033
correlation_60pct,0.7,60.74939711698766,0.44,0.6552171356701053
accuracy_80pct,0.7,87.64139641179091,0.85,0.8079882119042988
accuracy_70pct,0.7,84.44088740752338,0.79,0.7900188284336624
accuracy_60pct,0.7,74.06509598984239,0.66,0.5561390466597812
correlation_70pct,0.7,60.0622613080896,0.44,0.6372228328338922
correlation_60pct,0.7,60.372274849370285,0.44,0.6407873457799662
accuracy_80pct,0.7,88.63854576196965,0.85,0.8143811531370516
accuracy_70pct,0.7,83.55568243392055,0.77,0.7986673823110084
accuracy_60pct,0.7,77.83804847917541,0.73,0.5524872568194463
correlation_70pct,0.7,56.912083848574596,0.38,0.6125833698359038
correlation_60pct,0.7,55.89540936955504,0.37,0.5579524323686111
accuracy_80pct,0.7,87.96808451327652,0.85,0.8103244410459994
accuracy_70pct,0.7,84.75354627468145,0.8,0.799002307458056
accuracy_60pct,0.7,76.51125783749592,0.72,0.5743095347409569
correlation_70pct,0.7,50.261866565489214,0.33,0.551039909782729
correlation_60pct,0.7,49.21438567055795,0.33,0.3969546894269382
accuracy_80pct,0.7,87.60784204862256,0.85,0.7913375298384625
accuracy_70pct,0.7,80.4776005282068,0.76,0.6661012159459354
accuracy_60pct,0.7,77.88848264530716,0.73,0.6147732305539669
correlation_70pct,0.7,60.79698071448354,0.43,0.6707735684585863
correlation_60pct,0.7,54.289514223885824,0.35,0.6211586736402829
accuracy_80pct,0.7,87.67220282770259,0.84,0.8051525973417067
accuracy_70pct,0.7,83.42696087576046,0.79,0.7500539669500564
accuracy_60pct,0.7,75.91939184496887,0.7,0.5433726960630164
correlation_70pct,0.7,62.66530580393757,0.46,0.6520236175501803
correlation_60pct,0.7,52.800550282257134,0.36,0.4338225755995425
accuracy_80pct,0.7,85.96828991840576,0.83,0.7735137598192944
accuracy_70pct,0.7,82.03306150774429,0.78,0.6964754996426051
accuracy_60pct,0.7,73.90577325852904,0.69,0.6702468133445175
correlation_70pct,0.7,54.37838695927127,0.4,0.5660310201033733
correlation_60pct,0.7,47.309758270678955,0.29,0.4980967015862314
accuracy_80pct,0.7,87.92060353715988,0.86,0.8372700397214643
accuracy_70pct,0.7,84.35974944685914,0.8,0.7470825850245558
accuracy_60pct,0.7,77.26285704685328,0.71,0.6235029654696688
correlation_70pct,0.7,65.9442048216127,0.5,0.7030963257064992
correlation_60pct,0.7,51.16374609929696,0.35,0.4444088888156852
accuracy_80pct,0.7,85.00194698413873,0.82,0.7363135465570622
accuracy_70pct,0.7,81.11705011822977,0.77,0.7270333037291987
accuracy_60pct,0.7,72.88604296811516,0.67,0.47794022934122765
correlation_70pct,0.7,59.718693403640586,0.44,0.6406476764481775
correlation_60pct,0.7,51.78937169775084,0.37,0.49948439373925
accuracy_80pct,0.7,87.71978642519848,0.83,0.8286865612975808
accuracy_70pct,0.7,82.98537520768379,0.8,0.6868656667142016
accuracy_60pct,0.7,78.0312334377948,0.7,0.716367955200512
correlation_70pct,0.7,51.49063944354107,0.35,0.47355988577304137
correlation_60pct,0.7,51.72226297141415,0.37,0.5110779112816249
accuracy_80pct,0.7,86.2642742253589,0.84,0.7875248981049464
accuracy_70pct,0.7,80.24597700033372,0.74,0.749707895156461
accuracy_60pct,0.7,70.00399658965668,0.64,0.49335267830143625
correlation_70pct,0.7,53.06572817329857,0.38,0.5944107915062262
correlation_60pct,0.7,49.23116285214212,0.33,0.5017635913926087
accuracy_80pct,0.7,88.92039821321602,0.87,0.8065895795195089
accuracy_70pct,0.7,79.74003055317701,0.76,0.6189452571701123
accuracy_60pct,0.7,79.7876141506729,0.75,0.6367863395869856
correlation_70pct,0.7,59.126724789734276,0.42,0.6829526127294006
correlation_60pct,0.7,52.24213603151918,0.34,0.5149119097199224
accuracy_80pct,0.7,86.56005328955358,0.85,0.7111782710956951
accuracy_70pct,0.7,80.39646256754259,0.77,0.6612229080646574
accuracy_60pct,0.7,75.54247482010996,0.7,0.5793776355527582
correlation_70pct,0.7,52.60248111755237,0.34,0.5987344202854535
correlation_60pct,0.7,53.22525614737039,0.35,0.4841363664370163
accuracy_80pct,0.7,90.23041167331132,0.88,0.8449023586228022
accuracy_70pct,0.7,80.06682127604188,0.76,0.6305332420457219
accuracy_60pct,0.7,74.49478868242024,0.7,0.5857816331142456
correlation_70pct,0.7,57.99810593413879,0.43,0.6208645077757682
correlation_60pct,0.7,52.47375955939228,0.36,0.4860677631776551
accuracy_80pct,0.7,85.95161535820083,0.83,0.7380174995095014
accuracy_70pct,0.7,83.01628424497473,0.79,0.6536964452830879
accuracy_60pct,0.7,78.3581267820389,0.7,0.7437860364595457
correlation_70pct,0.7,57.6880923928581,0.43,0.5837149201946126
correlation_60pct,0.7,56.52093234662968,0.39,0.6072648542880128
accuracy_80pct,0.7,90.27789264942797,0.87,0.8461850320820862
accuracy_70pct,0.7,80.1003756392102,0.76,0.6581052881202875
accuracy_60pct,0.7,74.96728338778786,0.68,0.6425058739190633
correlation_70pct,0.7,65.56983050125194,0.51,0.7346664053158838
correlation_60pct,0.7,58.68513912165761,0.43,0.590774917771715
accuracy_80pct,0.7,90.23041167331132,0.88,0.8451074040167411
accuracy_70pct,0.7,76.49437803453252,0.72,0.5417771200100784
accuracy_60pct,0.7,70.97013428116524,0.65,0.48043613825392173
correlation_70pct,0.7,53.18042049713114,0.37,0.5550765388903752
correlation_60pct,0.7,57.780306397834764,0.4,0.5323708796464407
accuracy_80pct,0.7,87.6722028277026,0.84,0.8544047210477483
accuracy_70pct,0.7,79.3796854671438,0.76,0.6293631213515929
accuracy_60pct,0.7,77.1004785041456,0.73,0.5558901323931715
correlation_70pct,0.7,53.585601233403594,0.35,0.5779018413181983
correlation_60pct,0.7,42.09817338446976,0.23,0.4115128917199702
accuracy_80pct,0.7,86.29793120990648,0.84,0.7352415358892544
accuracy_70pct,0.7,83.41018369417627,0.79,0.6926429677464008
accuracy_60pct,0.7,77.1818217075683,0.72,0.5846964445207778
correlation_70pct,0.7,57.25565175302362,0.38,0.6762281956107388
correlation_60pct,0.7,56.096226481516425,0.4,0.5737221391492777
accuracy_80pct,0.7,85.90392913932571,0.84,0.7124275165460203
accuracy_70pct,0.7,82.06661587091263,0.78,0.7014473408275226
accuracy_60pct,0.7,76.54206425340764,0.71,0.6080340625602374
correlation_70pct,0.7,61.028604242356636,0.45,0.6609750510550885
correlation_60pct,0.7,55.705074979571506,0.41,0.5141504049081912
accuracy_80pct,0.7,89.9511019265631,0.87,0.8674040860370508
accuracy_70pct,0.7,81.41303442518291,0.78,0.6592590063969286
accuracy_60pct,0.7,73.80490492626555,0.69,0.39117483172946194
correlation_70pct,0.7,62.01172435820786,0.46,0.6567504110859567
correlation_60pct,0.7,50.49349009336231,0.35,0.45231840841942766
accuracy_80pct,0.7,86.95151265563621,0.84,0.7433578702367655
accuracy_70pct,0.7,81.80428854850706,0.77,0.7123998370149437
accuracy_60pct,0.7,73.67404710927671,0.67,0.5584930207467953
correlation_70pct,0.7,57.238874571439446,0.38,0.60507345149894
correlation_60pct,0.7,47.34056468659067,0.28,0.39151516359074
accuracy_80pct,0.7,88.6245165276421,0.86,0.8412857949446855
accuracy_70pct,0.7,83.99919911806748,0.8,0.6653434830539003
accuracy_60pct,0.7,72.97013411879448,0.67,0.5579007857329832
correlation_70pct,0.7,55.14666072883355,0.39,0.5763106547369024
correlation_60pct,0.7,56.1913936765082,0.38,0.5768512810804104
accuracy_80pct,0.7,84.28125681207231,0.82,0.7201151742236288
accuracy_70pct,0.7,83.04983860814308,0.79,0.7387101615117881
accuracy_60pct,0.7,73.60968633019665,0.68,0.6420669878921574
correlation_70pct,0.7,55.84782577205916,0.38,0.5998129792288319
correlation_60pct,0.7,58.34167383858782,0.43,0.5642121489655514
accuracy_80pct,0.7,86.26417160397968,0.84,0.7390859911514329
accuracy_70pct,0.7,80.13393000237855,0.76,0.7018705046760133
accuracy_60pct,0.7,71.29702762540934,0.65,0.49198917748137727
correlation_70pct,0.7,65.22626259680293,0.51,0.66857334255798
correlation_60pct,0.7,56.096226481516425,0.4,0.5231438687859157
accuracy_80pct,0.7,87.16615375916666,0.86,0.708851263021826
accuracy_70pct,0.7,84.40997837023242,0.8,0.7633561436687949
accuracy_60pct,0.7,75.23235865745005,0.7,0.6116502625918017
correlation_70pct,0.7,62.61772220644169,0.47,0.6919681622025114
correlation_60pct,0.7,54.42311998813129,0.38,0.5195471762981478
accuracy_80pct,0.7,88.32842959930971,0.85,0.8172853740525599
accuracy_70pct,0.7,81.78740874554366,0.77,0.6960345902669731
accuracy_60pct,0.7,76.27994217376053,0.7,0.5935219554594536
correlation_70pct,0.7,66.51939625393481,0.52,0.652120958991167
correlation_60pct,0.7,52.57167470164067,0.35,0.4885748983956444
accuracy_80pct,0.7,86.52660154776447,0.85,0.7192378508394168
accuracy_70pct,0.7,79.16198855221901,0.73,0.6423835968263689
accuracy_60pct,0.7,75.22940546743494,0.69,0.5842944688682278
correlation_70pct,0.7,60.02870694492127,0.44,0.671572720072316
correlation_60pct,0.7,41.676215466613144,0.25,0.382476190807414
accuracy_80pct,0.7,87.59106486703838,0.85,0.8134415254874431
accuracy_70pct,0.7,85.67210036869413,0.82,0.738041364049486
accuracy_60pct,0.7,71.22159080201685,0.68,0.5711930998805916
correlation_70pct,0.7,52.683619078216594,0.33,0.6134348830987686
correlation_60pct,0.7,54.81712205871206,0.38,0.6085363844207939
accuracy_80pct,0.7,90.24708623351626,0.88,0.850736559512597
accuracy_70pct,0.7,82.1307714072342,0.77,0.6765097219099094
accuracy_60pct,0.7,75.91949446634811,0.7,0.6146143977410903
correlation_70pct,0.7,59.12672478973428,0.42,0.6775677609028362
correlation_60pct,0.7,54.554692114927256,0.37,0.6589834979775554
accuracy_80pct,0.7,87.06620497946876,0.83,0.861115366572835
accuracy_70pct,0.7,78.1510152104712,0.74,0.666334778747316
accuracy_60pct,0.7,76.15122061560044,0.72,0.5891459223581265
correlation_70pct,0.7,56.3201152346683,0.36,0.6646049741318909
correlation_60pct,0.7,54.864705656207946,0.37,0.6026344158184549
accuracy_80pct,0.7,88.23061707844057,0.86,0.8089746908702459
accuracy_70pct,0.7,80.494377709791,0.76,0.7389603047735542
accuracy_60pct,0.7,72.6574752516364,0.66,0.5540863712484757
correlation_70pct,0.7,60.34146843345859,0.45,0.614519278137
correlation_60pct,0.7,55.4426450357867,0.4,0.5672475633081739
accuracy_80pct,0.7,88.59085954309452,0.86,0.7937137839432009
accuracy_70pct,0.7,78.08655181001191,0.75,0.6225286205567482
accuracy_60pct,0.7,78.52508166669423,0.73,0.6315093313019434
correlation_70pct,0.7,61.04538142394081,0.45,0.6693459991088605
correlation_60pct,0.7,54.76953846121618,0.39,0.5314944006457161
accuracy_80pct,0.7,91.91734215826553,0.89,0.8871953666769482
accuracy_70pct,0.7,82.8685466250225,0.77,0.7990080336158683
accuracy_60pct,0.7,73.95325423464568,0.68,0.642455874530951
correlation_70pct,0.7,55.89540936955505,0.37,0.6174474915357993
correlation_60pct,0.7,53.459627622500115,0.38,0.4246125897695875
accuracy_80pct,0.7,86.88694663379766,0.85,0.7263076652940543
accuracy_70pct,0.7,84.42675555181658,0.8,0.798640494340004
accuracy_60pct,0.7,72.75518515112631,0.65,0.6453446676205856
correlation_70pct,0.7,66.55295061710316,0.52,0.739489861685122
correlation_60pct,0.7,55.45667427011425,0.39,0.5681125678119264
accuracy_80pct,0.7,89.27809797337183,0.86,0.7983919458023672
accuracy_70pct,0.7,78.18161638362446,0.73,0.5918891221517917
accuracy_60pct,0.7,73.34440581777599,0.66,0.4881461708059427
correlation_70pct,0.7,56.4733487491338,0.4,0.5525594080003496
correlation_60pct,0.7,55.11310636566522,0.39,0.5739052832790597
accuracy_80pct,0.7,86.31175520147555,0.83,0.7606132357053386
accuracy_70pct,0.7,79.46061818504955,0.75,0.6445954093034296
accuracy_60pct,0.7,75.23215341469157,0.7,0.5892852335665785
correlation_70pct,0.7,53.22800409462701,0.36,0.6146255873097481
correlation_60pct,0.7,53.3784896618359,0.39,0.5587443980041221
accuracy_80pct,0.7,87.23061715962595,0.85,0.7141642874828141
accuracy_70pct,0.7,80.08349583624681,0.76,0.5886584917557048
accuracy_60pct,0.7,73.54247498248074,0.68,0.461257776004964
correlation_70pct,0.7,55.8813801352275,0.38,0.6559339318938779
correlation_60pct,0.7,45.51982319463253,0.24,0.5227787224047168
accuracy_80pct,0.7,87.60773942724332,0.85,0.7813107934884096
accuracy_70pct,0.7,77.83815110055464,0.73,0.5967507004626126
accuracy_60pct,0.7,72.65737263025716,0.66,0.569967331926999
correlation_70pct,0.7,61.09296502143668,0.44,0.6798594341459391
correlation_60pct,0.7,58.9028360365824,0.46,0.5959666160978995
accuracy_80pct,0.7,85.40987566766779,0.81,0.8301007187905978
accuracy_70pct,0.7,82.01903227341674,0.79,0.7219931008187714
accuracy_60pct,0.7,76.2629597494179,0.7,0.6424453824544288
correlation_70pct,0.7,57.75245317193816,0.42,0.6902301074373597
correlation_60pct,0.7,48.1977111915384,0.32,0.4666596050630785
accuracy_80pct,0.7,87.26427414417353,0.85,0.7834883978315835
accuracy_70pct,0.7,81.46061802267879,0.77,0.7058074714065471
accuracy_60pct,0.7,75.01761493254034,0.68,0.6608299146360792
correlation_70pct,0.7,55.38457871631297,0.34,0.6261821922138381
correlation_60pct,0.7,58.76637970370108,0.42,0.6033672038416431
accuracy_80pct,0.7,87.54337864816327,0.86,0.740783353976118
accuracy_70pct,0.7,84.34551496977313,0.81,0.6981947111666512
accuracy_60pct,0.7,75.24913583903421,0.7,0.5822580363841354
correlation_70pct,0.7,51.63613818328534,0.33,0.5606267362495011
correlation_60pct,0.7,52.850881827009644,0.36,0.584958802326931
accuracy_80pct,0.7,85.345617509967,0.82,0.8037669067843076
accuracy_70pct,0.7,79.72325337159283,0.76,0.6248463938072604
accuracy_60pct,0.7,71.97003157860063,0.66,0.5377365076155218
correlation_70pct,0.7,56.439794385965456,0.4,0.6005265117287657
correlation_60pct,0.7,56.31086758504688,0.42,0.4644166216805665
accuracy_80pct,0.7,87.88704917399153,0.86,0.7678153198999541
accuracy_70pct,0.7,81.72284272370513,0.78,0.6253777172097076
accuracy_60pct,0.7,74.49743400829763,0.71,0.5183418851527838
correlation_70pct,0.7,61.38894932838984,0.45,0.6953432487723751
correlation_60pct,0.7,55.98428210494049,0.42,0.4773286510124272
accuracy_80pct,0.7,85.60794483237255,0.83,0.7115213689948149
accuracy_70pct,0.7,82.16453101316102,0.77,0.7185137148746823
accuracy_60pct,0.7,75.54216695597226,0.7,0.5247295236626088
correlation_70pct,0.7,61.698962869670524,0.45,0.7073377586847424
correlation_60pct,0.7,55.73588139548322,0.4,0.5131603824409215
accuracy_80pct,0.7,87.62451660882748,0.85,0.8063244747573646
accuracy_70pct,0.7,83.16453093197565,0.78,0.8430887722278436
accuracy_60pct,0.7,75.68787093847502,0.68,0.6720221977720092
correlation_70pct,0.7,53.22800409462702,0.36,0.6050506034974161
correlation_60pct,0.7,49.26196926805384,0.32,0.5039188857933324
accuracy_80pct,0.7,86.34551480740237,0.83,0.7953186584560111
accuracy_70pct,0.7,82.13107927137193,0.77,0.7205099339323691
accuracy_60pct,0.7,76.55904667775029,0.71,0.6185752488066946
correlation_70pct,0.7,62.19576428858507,0.49,0.5733595871493016
correlation_60pct,0.7,52.619258299136554,0.34,0.6279896541767448
accuracy_80pct,0.7,87.65817359337505,0.85,0.8657173994052413
accuracy_70pct,0.7,83.39605183846949,0.8,0.7494288526396812
accuracy_60pct,0.7,73.21558163823663,0.68,0.5430265000673656
correlation_70pct,0.7,58.439588980836206,0.42,0.6264667042439251
correlation_60pct,0.7,50.739142855562946,0.36,0.44876344143106567
accuracy_80pct,0.7,87.29497793870601,0.84,0.7714387989386863
accuracy_70pct,0.7,79.49437779097637,0.75,0.6755835196630681
accuracy_60pct,0.7,78.41344515425601,0.75,0.6385813054468428
correlation_70pct,0.7,56.17736444218065,0.39,0.6511125400237977
correlation_60pct,0.7,49.571880187955294,0.32,0.4710055395109793
accuracy_80pct,0.7,87.28094870437846,0.85,0.7582492292285329
accuracy_70pct,0.7,81.10037555802484,0.77,0.6933592899867427
accuracy_60pct,0.7,75.52549239576733,0.7,0.5231847915019522
correlation_70pct,0.7,59.42270909668741,0.43,0.6848471044562768
correlation_60pct,0.7,53.160895368290326,0.36,0.5488150352310658
accuracy_80pct,0.7,85.64160181692013,0.83,0.7743577653213535
accuracy_70pct,0.7,83.14775375039146,0.78,0.8030076611300482
accuracy_60pct,0.7,74.93362640324027,0.68,0.5392626653778363
correlation_70pct,0.7,54.28951422388582,0.35,0.6639145471882644
correlation_60pct,0.7,51.44305584604518,0.36,0.4731734323345446
accuracy_80pct,0.7,89.54317324303403,0.88,0.7865169699643727
accuracy_70pct,0.7,81.14795915552072,0.76,0.7276724148246527
accuracy_60pct,0.7,69.64650207225934,0.65,0.4874723622572935
correlation_70pct,0.7,59.76627700113646,0.43,0.6811023464495559
correlation_60pct,0.7,62.05930795570374,0.45,0.6172064459114948
accuracy_80pct,0.7,86.98506701880454,0.84,0.8167379849135844
accuracy_70pct,0.7,81.03591215756553,0.78,0.6570055597890168
accuracy_60pct,0.7,71.2998781940452,0.66,0.5581094478539181
correlation_70pct,0.7,61.09296502143669,0.44,0.6620194968535466
correlation_60pct,0.7,49.949105076951895,0.32,0.518377815739835
accuracy_80pct,0.7,86.27809821692797,0.83,0.7042768975101446
accuracy_70pct,0.7,79.13393008356392,0.75,0.690912578299684
accuracy_60pct,0.7,77.0005297244477,0.7,0.7172540129366535
correlation_70pct,0.7,60.15742850308137,0.42,0.7001477037291686
correlation_60pct,0.7,51.850881908195035,0.35,0.5053229855790244
accuracy_80pct,0.7,88.21373727547716,0.86,0.7598243287505572
accuracy_70pct,0.7,84.44353273340076,0.8,0.8182284742880434
accuracy_60pct,0.7,73.36128562073938,0.66,0.6060575754495201
correlation_70pct,0.7,60.99779782644492,0.46,0.657114029346713
correlation_60pct,0.7,58.06246671321884,0.42,0.6281906618080476
accuracy_80pct,0.7,88.55995050580358,0.87,0.7865730110683241
accuracy_70pct,0.7,82.00194722769487,0.79,0.6520078915900105
accuracy_60pct,0.7,75.87201349023147,0.71,0.6824594240347485
correlation_70pct,0.7,58.12682749229889,0.41,0.6150248824644127
correlation_60pct,0.7,48.31240351537097,0.31,0.5793268933453944
accuracy_80pct,0.7,89.57408228032497,0.87,0.8014721160979212
accuracy_70pct,0.7,81.77337951121609,0.78,0.7080215508505229
accuracy_60pct,0.7,73.90282006851393,0.68,0.4959646199485123
correlation_70pct,0.7,61.38894932838984,0.45,0.703055692792122
correlation_60pct,0.7,57.606954432193874,0.44,0.5340655715924914
accuracy_80pct,0.7,86.2308224835698,0.84,0.7927033622064867
accuracy_70pct,0.7,80.4607207252434,0.76,0.7366294304551015
accuracy_60pct,0.7,72.62656621434544,0.67,0.6456933723021354
correlation_70pct,0.7,52.42617596189639,0.37,0.5650216772383388
correlation_60pct,0.7,54.06562547073396,0.39,0.4849499835443925
accuracy_80pct,0.7,89.24729155746012,0.87,0.8499379456735506
accuracy_70pct,0.7,83.08318772855296,0.79,0.7347487469459759
accuracy_60pct,0.7,77.93616886418228,0.72,0.712610198449479
correlation_70pct,0.7,55.59942506260189,0.36,0.644126247785421
correlation_60pct,0.7,59.35834831760737,0.44,0.6368663331232293
accuracy_80pct,0.7,89.6552202409892,0.86,0.8753687857180846
accuracy_70pct,0.7,85.99909633431747,0.82,0.7548108900218542
accuracy_60pct,0.7,78.98079919047767,0.71,0.7064465174500245
correlation_70pct,0.7,59.950316931513676,0.46,0.6268212336920916
correlation_60pct,0.7,57.327747306824904,0.43,0.5104169569255389
accuracy_80pct,0.7,88.59085954309452,0.86,0.799136451656554
accuracy_70pct,0.7,80.1982907814586,0.75,0.7029501506350418
accuracy_60pct,0.7,77.80734468464293,0.74,0.6346405217209197
correlation_70pct,0.7,63.8827973949185,0.5,0.6058019246154724
correlation_60pct,0.7,53.691251150373205,0.4,0.47003491177696166
accuracy_80pct,0.7,85.6723056114526,0.82,0.7662504812590742
accuracy_70pct,0.7,82.04983868932845,0.78,0.6985983392678384
accuracy_60pct,0.7,72.2157869621805,0.67,0.4906925751490725
correlation_70pct,0.7,57.22209738985528,0.38,0.6317799991212808
correlation_60pct,0.7,61.93058639754362,0.47,0.632380047840693
accuracy_80pct,0.7,88.93453006892278,0.86,0.8377953460434521
accuracy_70pct,0.7,84.39330381002748,0.8,0.7566486296390085
accuracy_60pct,0.7,75.9839578668074,0.69,0.6944332674812757
correlation_70pct,0.7,61.33861778363733,0.45,0.6154072863125393
correlation_60pct,0.7,55.0822999497535,0.4,0.549100273307474
accuracy_80pct,0.7,85.29782866971263,0.83,0.737467931817001
accuracy_70pct,0.7,81.39625724359874,0.78,0.6995410439245064
accuracy_60pct,0.7,73.54512030835814,0.69,0.5572542888120322
correlation_70pct,0.7,63.634396685461226,0.48,0.710902736844359
correlation_60pct,0.7,51.89856812707015,0.34,0.5180463389463423
accuracy_80pct,0.7,88.63854576196965,0.85,0.8314363821389579
accuracy_70pct,0.7,79.85187230837371,0.74,0.6423697844967409
accuracy_60pct,0.7,71.28310101246103,0.66,0.4871093859813372
correlation_70pct,0.7,56.20817085809236,0.38,0.6123337810037299
correlation_60pct,0.7,51.53822304103694,0.34,0.5200126744093315
accuracy_80pct,0.7,87.96818713465575,0.85,0.7869340928742948
accuracy_70pct,0.7,79.49437779097636,0.75,0.7034976838748785
accuracy_60pct,0.7,77.51136037768977,0.73,0.648454950848917
correlation_70pct,0.7,58.238771868874835,0.39,0.6414203715971938
correlation_60pct,0.7,53.50446327273937,0.36,0.46647569707548614
accuracy_80pct,0.7,87.31165249891095,0.84,0.7768458475595095
accuracy_70pct,0.7,81.28146229838694,0.79,0.5499591041340949
accuracy_60pct,0.7,80.1648390396695,0.75,0.7369916819900684
correlation_70pct,0.7,62.32448584674516,0.47,0.608399228307727
correlation_60pct,0.7,54.81712205871207,0.38,0.4557089738789074
accuracy_80pct,0.7,88.98201104503944,0.85,0.8293067844452124
accuracy_70pct,0.7,81.13087410979885,0.76,0.6374686138318049
accuracy_60pct,0.7,78.50850972786854,0.73,0.621265339120695
correlation_70pct,0.7,57.19129097394357,0.39,0.6419389910001438
correlation_60pct,0.7,55.1606899631611,0.38,0.5336994164086388
accuracy_80pct,0.7,87.95140995307159,0.85,0.8061585034205202
accuracy_70pct,0.7,79.4776006093922,0.75,0.6902090402241452
accuracy_60pct,0.7,76.34420033146135,0.69,0.6801559832289785
correlation_70pct,0.7,62.35529226265688,0.46,0.6780319788719071
correlation_60pct,0.7,50.49349009336231,0.35,0.4690976755787832
accuracy_80pct,0.7,85.05238115027046,0.82,0.8333264893073965
accuracy_70pct,0.7,83.40997845141781,0.79,0.7352275477001228
accuracy_60pct,0.7,74.90271736594931,0.69,0.6090423372782796
correlation_70pct,0.7,49.54107377204358,0.33,0.49477255415674787
correlation_60pct,0.7,52.116162420615694,0.37,0.5343206015878261
accuracy_80pct,0.7,85.72273977758435,0.82,0.8248033155095595
accuracy_70pct,0.7,81.78740874554366,0.77,0.6770145191586439
accuracy_60pct,0.7,77.59260095973325,0.72,0.6628374021563636
correlation_70pct,0.7,58.23877186887483,0.39,0.6702186516083988
correlation_60pct,0.7,48.04722562432953,0.29,0.4363403396243065
accuracy_80pct,0.7,84.6416018981055,0.82,0.6983731376931125
accuracy_70pct,0.7,83.70606537975019,0.8,0.691514909368969
accuracy_60pct,0.7,75.62340753801573,0.69,0.5460202664438254
correlation_70pct,0.7,56.89530666699042,0.38,0.590257585967024
correlation_60pct,0.7,57.126930194863505,0.4,0.5665326057257357
accuracy_80pct,0.7,88.2641714416089,0.86,0.8445738017143014
accuracy_70pct,0.7,77.4777033931422,0.73,0.6441240253439748
accuracy_60pct,0.7,72.18498054626878,0.68,0.5543205442929596
correlation_70pct,0.7,54.864705656207946,0.37,0.6401352204949472
correlation_60pct,0.7,44.527558050539135,0.29,0.30026169591978674
accuracy_80pct,0.7,84.67515626127386,0.82,0.7211093539135549
accuracy_70pct,0.7,87.3118577416694,0.84,0.8001913947644077
accuracy_60pct,0.7,75.88858542905716,0.71,0.5716217081313139
correlation_70pct,0.7,64.99189112167319,0.48,0.7521077896961181
correlation_60pct,0.7,54.160792665725715,0.37,0.4098543198375853
accuracy_80pct,0.7,86.62461931139211,0.84,0.7788890136253561
accuracy_70pct,0.7,82.14785645295609,0.77,0.7399058442443205
accuracy_60pct,0.7,74.67119645945547,0.67,0.5603734907973177
correlation_70pct,0.7,58.76637970370108,0.42,0.6291117908551924
correlation_60pct,0.7,52.60248111755237,0.34,0.5799520973065367
accuracy_80pct,0.7,89.23030913311746,0.87,0.771719697799373
accuracy_70pct,0.7,78.43011971446093,0.75,0.6183092756200473
accuracy_60pct,0.7,75.48075936690732,0.72,0.5288559160482795
correlation_70pct,0.7,56.32011523466829,0.36,0.6667739800424918
correlation_60pct,0.7,56.17461649492402,0.38,0.5829041802753685
accuracy_80pct,0.7,89.57377441618728,0.87,0.795414638230807
accuracy_70pct,0.7,80.1310794337427,0.75,0.6408263835987994
accuracy_60pct,0.7,74.64039004354375,0.68,0.6298627886189564
correlation_70pct,0.7,58.079243894803014,0.42,0.5871020518264501
correlation_60pct,0.7,56.389462841212946,0.4,0.5379756861648386
accuracy_80pct,0.7,88.65522032217459,0.85,0.841686641076588
accuracy_70pct,0.7,79.03611756269477,0.76,0.5982369918466919
accuracy_60pct,0.7,75.6067329778108,0.69,0.6179416270234284
correlation_70pct,0.7,59.09317042656593,0.42,0.6643333895122706
correlation_60pct,0.7,55.83104859047498,0.38,0.6138888355422579
accuracy_80pct,0.7,88.6245165276421,0.86,0.8514759681069024
accuracy_70pct,0.7,79.44394362484462,0.75,0.6379825705663883
accuracy_60pct,0.7,73.9027174471347,0.68,0.496807066198666
correlation_70pct,0.7,61.55610945580365,0.48,0.6027950687223098
correlation_60pct,0.7,50.79576885992177,0.29,0.5777875631743892
accuracy_80pct,0.7,87.32863492325357,0.84,0.8205364732761384
accuracy_70pct,0.7,78.46092613037264,0.74,0.5786923377528679
accuracy_60pct,0.7,81.77063156395948,0.77,0.6381119767764685
correlation_70pct,0.7,61.260227770229726,0.47,0.6057395321497028
correlation_60pct,0.7,56.473348749133805,0.4,0.6017108973992155
accuracy_80pct,0.7,88.9987882266236,0.85,0.8402518418222052
accuracy_70pct,0.7,79.58964760734737,0.73,0.7637157431908976
accuracy_60pct,0.7,75.52834296440318,0.71,0.6220522536166307
correlation_70pct,0.7,61.62057285626294,0.47,0.658269462567562
correlation_60pct,0.7,57.47049809931255,0.4,0.640167398164298
accuracy_80pct,0.7,87.57418506407498,0.85,0.7415448156697454
accuracy_70pct,0.7,83.65583645637692,0.8,0.6127376188257848
accuracy_60pct,0.7,78.85492820095344,0.74,0.6279104919109963
correlation_70pct,0.7,56.95966744607047,0.37,0.68288341958028
correlation_60pct,0.7,55.27263433973704,0.36,0.5908559237555937
accuracy_80pct,0.7,87.2472917198309,0.85,0.7836656428928582
accuracy_70pct,0.7,75.49753654849147,0.72,0.6560801631289984
accuracy_60pct,0.7,70.9226533050486,0.66,0.5562128390302787
correlation_70pct,0.7,61.62057285626294,0.47,0.6794760002495375
correlation_60pct,0.7,49.541176393422816,0.33,0.5570228408981187
accuracy_80pct,0.7,89.90362095044645,0.88,0.8314835965321762
accuracy_70pct,0.7,84.06651308716262,0.8,0.7835124814599949
accuracy_60pct,0.7,75.15122069678581,0.71,0.5489730067959386
correlation_70pct,0.7,59.40593191510325,0.43,0.6748412864287932
correlation_60pct,0.7,55.40909067261836,0.4,0.4971338605692755
accuracy_80pct,0.7,84.26458225186738,0.82,0.7342950666830831
accuracy_70pct,0.7,80.16473641829026,0.75,0.7298389806009289
accuracy_60pct,0.7,76.57592648071369,0.71,0.7257527427903708
correlation_70pct,0.7,63.89957457650268,0.5,0.7153628755799792
correlation_60pct,0.7,52.459730325064726,0.37,0.5961831030564153
accuracy_80pct,0.7,86.9849643974253,0.84,0.7815605136578649
accuracy_70pct,0.7,85.40997828904703,0.81,0.7599882423339931
accuracy_60pct,0.7,76.21537615192202,0.71,0.5257825337615916
correlation_70pct,0.7,61.68493363534299,0.46,0.6490466771177069
correlation_60pct,0.7,51.78662375049421,0.36,0.39004522282358217
accuracy_80pct,0.7,88.65532294355381,0.85,0.8350531788022709
accuracy_70pct,0.7,81.55578521767056,0.75,0.7344522140026882
accuracy_60pct,0.7,74.60958362763203,0.69,0.6088376022576985
correlation_70pct,0.7,64.22636529936753,0.5,0.6786572609901085
correlation_60pct,0.7,51.97970608773437,0.33,0.5436972934699319
accuracy_80pct,0.7,88.6245165276421,0.86,0.7983354309629493
accuracy_70pct,0.7,85.08033699754631,0.8,0.6921505524512745
accuracy_60pct,0.7,77.65421379155667,0.7,0.580139423507562
correlation_70pct,0.7,60.10984490558548,0.43,0.6946586787518899
correlation_60pct,0.7,55.439897088530074,0.39,0.5436784657658448
accuracy_80pct,0.7,90.2611154678438,0.87,0.7900720781784406
accuracy_70pct,0.7,81.25990353209664,0.74,0.7230927168174481
accuracy_60pct,0.7,76.57572123795522,0.71,0.5603341256110362
correlation_70pct,0.7,55.64700866009778,0.35,0.6170262298691892
correlation_60pct,0.7,63.84914041037093,0.5,0.5871456268617782
accuracy_80pct,0.7,88.1997080411496,0.87,0.743463340912054
accuracy_70pct,0.7,83.04983860814308,0.79,0.730011205896602
accuracy_60pct,0.7,76.55914929912953,0.71,0.5887235475681706
correlation_70pct,0.7,61.37206952542644,0.45,0.5900760498108288
correlation_60pct,0.7,52.58570393596821,0.34,0.5413081454179968
accuracy_80pct,0.7,84.56056655882053,0.83,0.7604413977447917
accuracy_70pct,0.7,79.39646264872798,0.76,0.7024213066526334
accuracy_60pct,0.7,68.10415077448381,0.65,0.39219077086549403
correlation_70pct,0.7,60.94746628169242,0.46,0.6718236958800372
correlation_60pct,0.7,51.91259736139769,0.33,0.6228609931684108
accuracy_80pct,0.7,89.5599504246182,0.88,0.8511114202017281
accuracy_70pct,0.7,78.18171900500367,0.73,0.6707938291250537
accuracy_60pct,0.7,76.11267942496751,0.67,0.7877140609421747
correlation_70pct,0.7,52.27569039468753,0.34,0.5661235087220526
correlation_60pct,0.7,50.867864413723055,0.34,0.5074997441522268
accuracy_80pct,0.7,87.95130733169235,0.85,0.8243444288280082
accuracy_70pct,0.7,83.47454447325633,0.78,0.8058449302456645
accuracy_60pct,0.7,71.29723286816781,0.65,0.599283313901012
correlation_70pct,0.7,65.17867899930704,0.52,0.7279266822156786
correlation_60pct,0.7,49.94900245557267,0.32,0.5560711833061526
accuracy_80pct,0.7,86.68908271185138,0.83,0.7758376195730787
accuracy_70pct,0.7,81.37937744063534,0.78,0.5995699131247834
accuracy_60pct,0.7,78.9976789934411,0.71,0.7382521952693017
correlation_70pct,0.7,63.99474177149443,0.48,0.6658537657224048
correlation_60pct,0.7,52.78377310067296,0.36,0.4774316149141525
accuracy_80pct,0.7,88.29487523614138,0.85,0.8107212570120558
accuracy_70pct,0.7,80.49427508841175,0.76,0.7120102142585931
accuracy_60pct,0.7,75.16799787836999,0.71,0.5093616483127569
correlation_70pct,0.7,62.35529226265689,0.46,0.677241180532663
correlation_60pct,0.7,56.11025571584396,0.39,0.5107104124524318
accuracy_80pct,0.7,88.23061707844056,0.86,0.7579030344052906
accuracy_70pct,0.7,80.77083688790334,0.76,0.7067047148613634
accuracy_60pct,0.7,75.83835650568388,0.71,0.5602345814155848
correlation_70pct,0.7,58.47039539674793,0.41,0.690137236670244
correlation_60pct,0.7,55.23907997656869,0.36,0.5836682138507202
accuracy_80pct,0.7,90.95110184537772,0.88,0.9145272611450844
accuracy_70pct,0.7,82.72294526389898,0.79,0.7134604887652691
accuracy_60pct,0.7,78.60642487011692,0.72,0.7267959618818604
correlation_70pct,0.7,61.35539496522151,0.45,0.667965506554571
correlation_60pct,0.7,57.456468864985005,0.41,0.6207933601323519
accuracy_80pct,0.7,88.31175503910478,0.85,0.819478804995795
accuracy_70pct,0.7,80.94978736943672,0.74,0.7685313339906618
accuracy_60pct,0.7,80.47760052820682,0.76,0.7215863582344111
correlation_70pct,0.7,63.651173867045415,0.48,0.6387495267300282
correlation_60pct,0.7,57.8952039644258,0.39,0.6427606113829442
accuracy_80pct,0.7,86.8701694522135,0.85,0.6878655523991649
accuracy_70pct,0.7,82.14785645295609,0.77,0.7150773457648191
accuracy_60pct,0.7,75.21558147586587,0.7,0.5395308227999245
correlation_70pct,0.7,57.09612377895181,0.41,0.5202265613730787
correlation_60pct,0.7,56.950522417828296,0.43,0.3455824716884117
accuracy_80pct,0.7,89.99878814543823,0.86,0.8863458025158949
accuracy_70pct,0.7,79.44384100346538,0.75,0.6408317290625921
accuracy_60pct,0.7,74.93647697187613,0.69,0.6468145279359407
correlation_70pct,0.7,56.43979438596545,0.4,0.613943163982363
correlation_60pct,0.7,50.9322251928031,0.33,0.5558175369618201
accuracy_80pct,0.7,85.9039291393257,0.84,0.7137994783331365
accuracy_70pct,0.7,81.644657953056,0.8,0.6552634346826659
accuracy_60pct,0.7,72.52580050346118,0.67,0.4272691357122679
correlation_70pct,0.7,61.62057285626294,0.47,0.626249265359747
correlation_60pct,0.7,54.25595986071749,0.35,0.5667661537539092
accuracy_80pct,0.7,87.93738071874404,0.86,0.8343120653537958
accuracy_70pct,0.7,79.08370116019067,0.75,0.6658942396571143
accuracy_60pct,0.7,72.88604296811516,0.67,0.5400288244100535
correlation_70pct,0.7,55.2894115213212,0.36,0.6098562021833204
correlation_60pct,0.7,55.17736452336604,0.38,0.5674831833400135
accuracy_80pct,0.7,86.9849643974253,0.84,0.7940816592846909
accuracy_70pct,0.7,80.11725544217362,0.76,0.6914229441714947
accuracy_60pct,0.7,74.27994233613131,0.68,0.6005919633886834
correlation_70pct,0.7,62.27690224924929,0.48,0.6576271053930687
correlation_60pct,0.7,54.6716233189678,0.4,0.427162652642583
accuracy_80pct,0.7,86.70585989343556,0.83,0.8384183494433279
accuracy_70pct,0.7,81.50830424155392,0.76,0.7627029482933619
accuracy_60pct,0.7,75.5617947061923,0.71,0.6340977551619661
correlation_70pct,0.7,56.43979438596545,0.4,0.6144703483048377
correlation_60pct,0.7,53.085253302139364,0.39,0.47488487770790144
accuracy_80pct,0.7,90.0155653270224,0.86,0.8893392805749477
accuracy_70pct,0.7,83.16453093197563,0.78,0.7519494604008968
accuracy_60pct,0.7,78.47495536470021,0.73,0.5515684395799678
correlation_70pct,0.7,56.07944929993225,0.4,0.622243744474066
correlation_60pct,0.7,63.58681308796536,0.49,0.6251020253232062
accuracy_80pct,0.7,86.95141003425697,0.84,0.7736790599730232
accuracy_70pct,0.7,83.32884049075358,0.8,0.6955777403376603
accuracy_60pct,0.7,76.99778177719111,0.69,0.6719323496595202
correlation_70pct,0.7,58.749499900737675,0.42,0.5918987545645128
correlation_60pct,0.7,51.524091185330164,0.35,0.4756875607688351
accuracy_80pct,0.7,85.6723056114526,0.82,0.7855919573269231
accuracy_70pct,0.7,80.72304804764899,0.77,0.6659401777533795
accuracy_60pct,0.7,73.92234519735474,0.69,0.6221788207041755
correlation_70pct,0.7,52.89846542450553,0.35,0.6029489859525943
correlation_60pct,0.7,57.32774730682489,0.43,0.5963915735259812
accuracy_80pct,0.7,87.88704917399154,0.86,0.7898563316466309
accuracy_70pct,0.7,84.41008099161165,0.8,0.8017162890964645
accuracy_60pct,0.7,72.85829236359777,0.69,0.6011839280304325
correlation_70pct,0.7,57.84762036692992,0.4,0.6609151040503728
correlation_60pct,0.7,50.082710841197354,0.35,0.38533149176966464
accuracy_80pct,0.7,87.98496431623992,0.85,0.8378987411225438
accuracy_70pct,0.7,79.3293539223913,0.76,0.5760988986922322
accuracy_60pct,0.7,78.85482557957421,0.74,0.6848263493051048
correlation_70pct,0.7,56.81691665358282,0.4,0.5972886079538816
correlation_60pct,0.7,52.5548975200565,0.35,0.5714059795109792
accuracy_80pct,0.7,88.28094862319307,0.86,0.8281537902876837
accuracy_70pct,0.7,80.49162976253436,0.75,0.7589809345544128
accuracy_60pct,0.7,74.32752593362719,0.67,0.6759428306196806
correlation_70pct,0.7,64.14522733870332,0.51,0.6378362626909324
correlation_60pct,0.7,49.60278922524624,0.31,0.4733250632659079
accuracy_80pct,0.7,85.34530964582927,0.82,0.7084570067178387
accuracy_70pct,0.7,83.24292094538325,0.76,0.799946382372319
accuracy_60pct,0.7,79.80428871087783,0.75,0.6249989604493763
correlation_70pct,0.7,60.41985844686617,0.43,0.6228141085990595
correlation_60pct,0.7,45.62262254296628,0.28,0.3771871697818139
accuracy_80pct,0.7,85.04953058163461,0.81,0.7455086511778116
accuracy_70pct,0.7,82.44384075990922,0.78,0.7388945739483849
accuracy_60pct,0.7,74.32762855500643,0.67,0.5971244455210541
correlation_70pct,0.7,59.76627700113645,0.43,0.6312498108335417
correlation_60pct,0.7,54.146763431398185,0.38,0.5880774591999387
accuracy_80pct,0.7,87.29782850734186,0.85,0.8474485825893229
accuracy_70pct,0.7,80.72294542626975,0.77,0.6352690585570082
accuracy_60pct,0.7,70.9057735020852,0.66,0.4949334393087186
correlation_70pct,0.7,57.327747306824904,0.43,0.5985064974113949
correlation_60pct,0.7,55.143912781576915,0.38,0.55292565129829
accuracy_80pct,0.7,84.60804753493719,0.82,0.6973457080531951
accuracy_70pct,0.7,83.04942812262613,0.79,0.6591520208708488
accuracy_60pct,0.7,76.86895759765174,0.71,0.5757928867809042
correlation_70pct,0.7,59.358348317607366,0.44,0.5601606348046485
correlation_60pct,0.7,46.966190366229924,0.29,0.4581771888410791
accuracy_80pct,0.7,84.98802037119042,0.83,0.8150685316428901
accuracy_70pct,0.7,76.74023603949163,0.73,0.517030846095365
accuracy_60pct,0.7,73.64039012472912,0.67,0.5972609961941089
correlation_70pct,0.7,63.91360381083021,0.49,0.682114900230424
correlation_60pct,0.7,52.68361907821661,0.33,0.6589988891313135
accuracy_80pct,0.7,89.63844305940502,0.86,0.8599147959524867
accuracy_70pct,0.7,80.06946660191927,0.77,0.642684557395115
accuracy_60pct,0.7,73.15111823777735,0.69,0.43697742543360785
correlation_70pct,0.7,57.766482406265695,0.41,0.6168750655708545
correlation_60pct,0.7,45.40777619667736,0.26,0.4530165760796708
accuracy_80pct,0.7,86.93442760991434,0.84,0.7250149034728326
accuracy_70pct,0.7,80.10037563921021,0.76,0.6676708465484448
accuracy_60pct,0.7,77.49458319610561,0.73,0.6380359771671367
correlation_70pct,0.7,59.42270909668742,0.43,0.7063138452966016
correlation_60pct,0.7,48.16690477562669,0.33,0.4121889741403808
accuracy_80pct,0.7,86.2811540283223,0.84,0.7790610335831994
accuracy_70pct,0.7,78.37978816970843,0.75,0.5999883217740907
accuracy_60pct,0.7,74.83845920824851,0.7,0.5660448496370185
correlation_70pct,0.7,61.33861778363733,0.45,0.712807264323796
correlation_60pct,0.7,56.59017733179509,0.43,0.4798786022329884
accuracy_80pct,0.7,91.98180555872482,0.88,0.9472749320368878
accuracy_70pct,0.7,85.08318756618218,0.81,0.8118859017079993
accuracy_60pct,0.7,77.52824018065319,0.73,0.6809089479629394
correlation_70pct,0.7,60.78020353289937,0.43,0.6600786368002071
correlation_60pct,0.7,57.372582957064154,0.41,0.5344999497379039
accuracy_80pct,0.7,87.2780981357426,0.84,0.7327266400044183
accuracy_70pct,0.7,83.78720334041442,0.79,0.8009422669434065
accuracy_60pct,0.7,75.8886880504364,0.71,0.6263223748897012
correlation_70pct,0.7,62.37206944424105,0.46,0.6905506164623557
correlation_60pct,0.7,53.60237841498776,0.35,0.5805663139181455
accuracy_80pct,0.7,87.62451660882749,0.85,0.8404465235144607
accuracy_70pct,0.7,85.42665284925197,0.81,0.829575634493954
accuracy_60pct,0.7,71.88899623931565,0.67,0.5139286830288999
correlation_70pct,0.7,58.14360467388306,0.41,0.6460209609043056
correlation_60pct,0.7,52.554897520056485,0.35,0.5761660119609334
accuracy_80pct,0.7,86.70585989343556,0.83,0.8221503079975461
accuracy_70pct,0.7,80.15080980534196,0.76,0.6979504451680464
accuracy_60pct,0.7,75.2798396335667,0.69,0.5294542697329822
correlation_70pct,0.7,55.8813801352275,0.38,0.5908828522751064
correlation_60pct,0.7,51.45209825290813,0.3,0.5654991800728234
accuracy_80pct,0.7,86.9038264367611,0.85,0.7844886226607881
accuracy_70pct,0.7,81.09996507250789,0.77,0.6503860273257106
accuracy_60pct,0.7,78.80724198207831,0.75,0.7210002140293859
correlation_70pct,0.7,65.45788612467601,0.53,0.6788626617345671
correlation_60pct,0.7,49.52439921183864,0.33,0.47865577541904236
accuracy_80pct,0.7,87.49294448203152,0.86,0.7145099956259263
accuracy_70pct,0.7,77.52538961201732,0.72,0.6507931594527732
accuracy_60pct,0.7,73.67129916202008,0.66,0.6113982315253751
correlation_70pct,0.7,57.38936013864832,0.41,0.6091624585552033
correlation_60pct,0.7,55.35875912786585,0.4,0.5324395356096218
accuracy_80pct,0.7,84.6752588826531,0.82,0.7390817423509451
accuracy_70pct,0.7,77.88848264530715,0.73,0.6609000553256432
accuracy_60pct,0.7,75.91949446634811,0.7,0.6019123061336855
correlation_70pct,0.7,59.86144419612822,0.41,0.7085543798910114
correlation_60pct,0.7,57.38936013864832,0.41,0.529487374486629
accuracy_80pct,0.7,87.3118577416694,0.84,0.8141440526928492
accuracy_70pct,0.7,80.8041860083132,0.76,0.7030961926982321
accuracy_60pct,0.7,75.95294620813722,0.7,0.6352779041124496
correlation_70pct,0.7,56.5041551650455,0.39,0.6024802841224604
correlation_60pct,0.7,50.66075284215536,0.38,0.4752171574050237
accuracy_80pct,0.7,90.1492737126471,0.89,0.7554535717544307
accuracy_70pct,0.7,86.37611598055561,0.82,0.7745725681836166
accuracy_60pct,0.7,77.34420025027599,0.7,0.7039125936738696
correlation_70pct,0.7,62.71563734869009,0.46,0.6465017154309585
correlation_60pct,0.7,55.912186551139214,0.37,0.6088287970502655
accuracy_80pct,0.7,85.31481109405527,0.83,0.7982659472711405
accuracy_70pct,0.7,83.01628424497474,0.79,0.707595123508697
accuracy_60pct,0.7,73.87201365260222,0.69,0.5484567342280726
correlation_70pct,0.7,54.85067642188041,0.38,0.6256124054107635
correlation_60pct,0.7,51.78937169775084,0.37,0.5047963380219427
accuracy_80pct,0.7,86.96818721584114,0.84,0.7151008163111024
accuracy_70pct,0.7,84.06651308716263,0.8,0.7094804337535787
accuracy_60pct,0.7,77.5252869906381,0.72,0.5110944051227752
correlation_70pct,0.7,63.30760596259638,0.48,0.6369538208673349
correlation_60pct,0.7,60.34146843345858,0.45,0.5896578190848982
accuracy_80pct,0.7,88.60773934605794,0.86,0.7900600091535238
accuracy_70pct,0.7,85.31206314679865,0.82,0.735585362750709
accuracy_60pct,0.7,75.55904675893566,0.7,0.5700893777857734
correlation_70pct,0.7,53.976752735348505,0.34,0.6105142175332676
correlation_60pct,0.7,56.45657156754963,0.4,0.5304397386285862
accuracy_80pct,0.7,90.27799527080721,0.87,0.8718098823016414
accuracy_70pct,0.7,80.44373830090078,0.76,0.6528829977082471
accuracy_60pct,0.7,76.37500674737308,0.68,0.6749421722763488
correlation_70pct,0.7,56.4733487491338,0.4,0.6789166447310008
correlation_60pct,0.7,50.61946370426578,0.32,0.509906719102293
accuracy_80pct,0.7,91.2303089707467,0.89,0.8967614218603932
accuracy_70pct,0.7,82.68939090073064,0.79,0.7066194885630028
accuracy_60pct,0.7,76.86885497627252,0.71,0.5679168196726936
correlation_70pct,0.7,56.769333056086936,0.41,0.5901953908254424
correlation_60pct,0.7,47.479768966728635,0.33,0.31837007161681874
accuracy_80pct,0.7,87.23061715962595,0.85,0.7707117582222677
accuracy_70pct,0.7,79.19849610540246,0.74,0.7276080840369681
accuracy_60pct,0.7,68.84182337089285,0.65,0.44235831765334305
correlation_70pct,0.7,53.91513990352507,0.36,0.6050023012786186
correlation_60pct,0.7,50.02109800937394,0.37,0.3689638606398494
accuracy_80pct,0.7,87.26406890141504,0.85,0.7640583935863206
accuracy_70pct,0.7,81.77073418533871,0.77,0.6953486953053629
accuracy_60pct,0.7,74.62361286195957,0.68,0.5989074614953319
correlation_70pct,0.7,59.885956152433614,0.47,0.6147400097481945
correlation_60pct,0.7,58.39200538334033,0.43,0.6105337120884665
accuracy_80pct,0.7,86.64149911435551,0.84,0.7633959232297463
accuracy_70pct,0.7,82.64170468185551,0.8,0.6874903775830896
accuracy_60pct,0.7,75.8886880504364,0.71,0.6098441411205074
correlation_70pct,0.7,59.74949981955228,0.43,0.660559854718045
correlation_60pct,0.7,51.76984656891004,0.36,0.463979811341131
accuracy_80pct,0.7,86.60763688704947,0.84,0.7054840077361466
accuracy_70pct,0.7,82.42696095694583,0.78,0.6995366145608416
accuracy_60pct,0.7,77.26295966823251,0.71,0.6714828997921433
correlation_70pct,0.7,56.14381007901231,0.39,0.5919996926173171
correlation_60pct,0.7,57.6685672640173,0.42,0.5531024709403966
accuracy_80pct,0.7,86.31196044423403,0.83,0.8177510577323261
accuracy_70pct,0.7,79.73972268903931,0.76,0.60800872971976
accuracy_60pct,0.7,68.13770513765213,0.65,0.356990708062425
correlation_70pct,0.7,63.55325872479702,0.49,0.6778092364455937
correlation_60pct,0.7,59.71584283500471,0.43,0.6105529985352293
accuracy_80pct,0.7,89.23051437587594,0.87,0.8635211269450649
accuracy_70pct,0.7,83.1309765688073,0.78,0.7923311744893909
accuracy_60pct,0.7,74.62351024058033,0.68,0.6219529671502209
correlation_70pct,0.7,55.535064283521834,0.37,0.600217204919382
correlation_60pct,0.7,49.49359279592693,0.34,0.544884263189185
accuracy_80pct,0.7,87.32863492325357,0.84,0.8368793433518552
accuracy_70pct,0.7,85.95141011544236,0.83,0.7267299673088056
accuracy_60pct,0.7,70.62666899809545,0.65,0.487202385298438
correlation_70pct,0.7,61.246198535902195,0.48,0.6818720799777427
correlation_60pct,0.7,42.003006189478,0.25,0.44997246214617703
accuracy_80pct,0.7,87.57408244269574,0.85,0.7906137453928358
accuracy_70pct,0.7,80.44394354365923,0.76,0.7371789193594125
accuracy_60pct,0.7,77.15101529165658,0.73,0.685754089098478
correlation_70pct,0.7,60.933437047364876,0.47,0.7101918623457326
correlation_60pct,0.7,47.55541103287959,0.3,0.4778306468030463
accuracy_80pct,0.7,88.52660138539372,0.87,0.7733224710953536
accuracy_70pct,0.7,82.83499226185415,0.77,0.814071266932791
accuracy_60pct,0.7,79.52508158550884,0.74,0.68616954611081
correlation_70pct,0.7,56.16058726059647,0.39,0.6349098989038178
correlation_60pct,0.7,58.093170507751324,0.41,0.5404146238135146
accuracy_80pct,0.7,90.2471888548955,0.88,0.878286996536867
accuracy_70pct,0.7,83.37927465688534,0.8,0.7143988377306769
accuracy_60pct,0.7,76.55894405637105,0.71,0.574837047394268
correlation_70pct,0.7,62.94726087656318,0.48,0.6254088357233056
correlation_60pct,0.7,48.789577184065465,0.34,0.4121047027225436
accuracy_80pct,0.7,86.70585989343556,0.83,0.8204941583384222
accuracy_70pct,0.7,81.75670495101119,0.78,0.7392558377058654
accuracy_60pct,0.7,75.96718068522323,0.69,0.6321322831465286
correlation_70pct,0.7,60.35824561504275,0.45,0.6223391619877868
correlation_60pct,0.7,59.32479395443904,0.44,0.6094633409801136
accuracy_80pct,0.7,87.59106486703837,0.85,0.805674618017209
accuracy_70pct,0.7,83.34582291509622,0.8,0.6570364076330791
accuracy_60pct,0.7,74.49489130379948,0.7,0.5328452226790588
correlation_70pct,0.7,54.97665003278389,0.35,0.6071985107565182
correlation_60pct,0.7,50.52429650927403,0.34,0.5111296042703417
accuracy_80pct,0.7,86.63875116709889,0.83,0.7963066596119479
accuracy_70pct,0.7,84.37917195432071,0.81,0.7889064601071597
accuracy_60pct,0.7,77.18467227620415,0.73,0.6470029442971944
correlation_70pct,0.7,60.45341281003451,0.43,0.6758556866356492
correlation_60pct,0.7,56.55947353726261,0.44,0.5474841508118691
accuracy_80pct,0.7,87.28105132575769,0.85,0.8335800608138375
accuracy_70pct,0.7,79.5420640098515,0.74,0.7391821629983322
accuracy_60pct,0.7,75.11756371223824,0.71,0.49568240604977154
correlation_70pct,0.7,58.71604815894857,0.42,0.6042342106848453
correlation_60pct,0.7,54.17756984730988,0.37,0.4969023138280554
accuracy_80pct,0.7,87.88674130985382,0.86,0.690967741829202
accuracy_70pct,0.7,80.13107943374268,0.75,0.5855432919197981
accuracy_60pct,0.7,78.55884127262105,0.73,0.5966117835271665
correlation_70pct,0.7,64.27394889686343,0.49,0.659256425364259
correlation_60pct,0.7,57.3032353505195,0.37,0.6192508682070004
accuracy_80pct,0.7,88.44536080335024,0.88,0.762544543679312
accuracy_70pct,0.7,82.83488964047491,0.77,0.7966272344636551
accuracy_60pct,0.7,73.13454629895166,0.69,0.533232674508894
correlation_70pct,0.7,54.19434702889406,0.37,0.6020157264303532
correlation_60pct,0.7,56.31107282780535,0.42,0.5493874330883386
accuracy_80pct,0.7,89.2304117544967,0.87,0.8054108559202109
accuracy_70pct,0.7,80.46061810386418,0.76,0.6227716347990321
accuracy_60pct,0.7,74.29957008635135,0.69,0.5757022134906751
correlation_70pct,0.7,62.58691579052997,0.48,0.6331291306367655
correlation_60pct,0.7,47.653326175128,0.29,0.3990475001127873
accuracy_80pct,0.7,88.29487523614138,0.85,0.83567004171624
accuracy_70pct,0.7,83.36249747530117,0.8,0.7578728415970972
accuracy_60pct,0.7,72.640595448673,0.66,0.5765844364270103
correlation_70pct,0.7,56.5041551650455,0.39,0.6650929760598927
correlation_60pct,0.7,51.099487941596145,0.36,0.4765920893413059
accuracy_80pct,0.7,86.98506701880454,0.84,0.8162641998703318
accuracy_70pct,0.7,83.39340651259211,0.79,0.7318756705407957
accuracy_60pct,0.7,73.26611842574762,0.68,0.6155639652470457
correlation_70pct,0.7,57.12682757348428,0.4,0.5631363502230229
correlation_60pct,0.7,53.384681500062975,0.32,0.5550849859133872
accuracy_80pct,0.7,91.55709969361156,0.89,0.8251578337906637
accuracy_70pct,0.7,84.19513202394349,0.78,0.7551844785738637
accuracy_60pct,0.7,75.36087497285169,0.68,0.6861576034239776
correlation_70pct,0.7,62.964038058147345,0.48,0.6576222038343726
correlation_60pct,0.7,55.56861864669018,0.37,0.600845960759361
accuracy_80pct,0.7,86.00174166019485,0.83,0.7213883590660352
accuracy_70pct,0.7,83.06661578972725,0.79,0.637659596081692
accuracy_60pct,0.7,74.5760292644637,0.69,0.5165930343133357
correlation_70pct,0.7,59.37512549919154,0.44,0.5526832737736934
correlation_60pct,0.7,56.89530666699042,0.38,0.6277995271188113
accuracy_80pct,0.7,86.0018442815741,0.83,0.7932715748836031
accuracy_70pct,0.7,81.72315058784284,0.78,0.6859524850045845
accuracy_60pct,0.7,78.35812678203891,0.7,0.7251599696570364
correlation_70pct,0.7,57.43969168340084,0.41,0.5933811056511641
correlation_60pct,0.7,46.3601925179961,0.28,0.46610394238533887
accuracy_80pct,0.7,86.00194690295334,0.83,0.7883583738274164
accuracy_70pct,0.7,79.87160267997298,0.75,0.7402224052066341
accuracy_60pct,0.7,73.90556801577057,0.69,0.6153271269096908
correlation_70pct,0.7,56.59932236003727,0.37,0.608128992243002
correlation_60pct,0.7,47.27895185476725,0.3,0.4314414616113362
accuracy_80pct,0.7,86.31470839149064,0.84,0.7740852206945249
accuracy_70pct,0.7,79.82116851384123,0.75,0.6433907591134
accuracy_60pct,0.7,79.13393008356392,0.75,0.5754172149081501
correlation_70pct,0.7,54.864705656207946,0.37,0.5095168259865436
correlation_60pct,0.7,53.2755876921229,0.35,0.5557598528260012
accuracy_80pct,0.7,86.32873762581819,0.83,0.79856298573389
accuracy_70pct,0.7,80.75670503219656,0.77,0.6783778159497889
accuracy_60pct,0.7,72.59290922979787,0.67,0.5310144904417556
correlation_70pct,0.7,65.25706901271462,0.5,0.700397387531757
correlation_60pct,0.7,55.177467144745265,0.38,0.6011548565727272
accuracy_80pct,0.7,87.6722028277026,0.84,0.8588081766396792
accuracy_70pct,0.7,82.45776737285753,0.77,0.7733551877017507
accuracy_60pct,0.7,75.55904675893568,0.7,0.594934404514591
correlation_70pct,0.7,65.53627613808361,0.51,0.7071899460246066
correlation_60pct,0.7,48.67000065414754,0.3,0.5727034914982334
accuracy_80pct,0.7,87.40977288391781,0.83,0.8713229313742444
accuracy_70pct,0.7,80.82116843265585,0.76,0.6940625207504221
accuracy_60pct,0.7,77.44435427273234,0.73,0.5539496266002323
correlation_70pct,0.7,56.48737798346134,0.39,0.562376755551122
correlation_60pct,0.7,54.4903313358472,0.38,0.5458033729681824
accuracy_80pct,0.7,88.99889084800286,0.85,0.8607823503936546
accuracy_70pct,0.7,82.73961982410391,0.79,0.7104955221004364
accuracy_60pct,0.7,75.77379048384535,0.72,0.4865378242660719
correlation_70pct,0.7,60.140651321497195,0.42,0.7214357881753815
correlation_60pct,0.7,57.967299518227065,0.44,0.4990339045130902
accuracy_80pct,0.7,87.96808451327651,0.85,0.81960682193326
accuracy_70pct,0.7,81.06661595209802,0.77,0.6764178037032339
accuracy_60pct,0.7,73.77389326759535,0.7,0.49337322647946225
correlation_70pct,0.7,56.97369668039802,0.36,0.6743395455690068
correlation_60pct,0.7,53.769641163780804,0.38,0.49787842144736194
accuracy_80pct,0.7,86.04942787906998,0.82,0.7852815032639521
accuracy_70pct,0.7,78.10047842296022,0.74,0.5704733867925897
accuracy_60pct,0.7,74.29671951771547,0.68,0.6109751217670408
correlation_70pct,0.7,65.28777280724711,0.49,0.6694067354597784
correlation_60pct,0.7,54.09643188664566,0.38,0.5155923590103244
accuracy_80pct,0.7,87.60773942724333,0.85,0.7835703983783674
accuracy_70pct,0.7,79.13413532632241,0.75,0.6770151469223888
accuracy_60pct,0.7,72.28279306713794,0.67,0.47631407794769387
correlation_70pct,0.7,59.436738331014965,0.42,0.6759333244902079
correlation_60pct,0.7,59.90273333401778,0.47,0.6391158187460971
accuracy_80pct,0.7,89.27799535199259,0.86,0.7905545087679343
accuracy_70pct,0.7,79.90230647450545,0.74,0.7045295819850715
accuracy_60pct,0.7,79.90230647450547,0.74,0.6928079443146862
correlation_70pct,0.7,63.698757464541295,0.47,0.7253874111544715
correlation_60pct,0.7,58.19118827137895,0.4,0.6541985854346865
accuracy_80pct,0.7,88.26406882022967,0.86,0.7701859752814019
accuracy_70pct,0.7,80.47760052820682,0.76,0.7017502834534524
accuracy_60pct,0.7,75.64018471959989,0.69,0.6323245030877811
correlation_70pct,0.7,59.174308387230155,0.41,0.6840655455558303
correlation_60pct,0.7,55.99831133926803,0.41,0.5167229519102896
accuracy_80pct,0.7,86.95141003425697,0.84,0.7658414648346796
accuracy_70pct,0.7,83.11684471310052,0.79,0.7557484732016083
accuracy_60pct,0.7,72.57633729097218,0.67,0.5403526453056549
correlation_70pct,0.7,57.84762036692992,0.4,0.6292225424150474
correlation_60pct,0.7,51.85098452957426,0.35,0.511361047495512
accuracy_80pct,0.7,87.24749696258935,0.85,0.7957179674244278
accuracy_70pct,0.7,82.75660224844655,0.79,0.7547207107231662
accuracy_60pct,0.7,72.95050636857444,0.66,0.5555614553516495
correlation_70pct,0.7,56.54899081528476,0.37,0.6139617264970771
correlation_60pct,0.7,54.08240265231812,0.39,0.5472775937460866
accuracy_80pct,0.7,87.63854584315503,0.84,0.8148640094396787
accuracy_70pct,0.7,81.42685841675197,0.77,0.6658727663523449
accuracy_60pct,0.7,80.82096318989738,0.76,0.7050877170897697
correlation_70pct,0.7,61.059410658268355,0.44,0.6780036340608566
correlation_60pct,0.7,50.25911861823259,0.32,0.4498134305442229
accuracy_80pct,0.7,84.36239477273654,0.81,0.7401877607006014
accuracy_70pct,0.7,85.62482463533597,0.83,0.7464436674140322
accuracy_60pct,0.7,79.83804831680465,0.75,0.6810373315516907
correlation_70pct,0.7,64.8659175107697,0.51,0.714634260950768
correlation_60pct,0.7,58.17441108979478,0.4,0.634891944487302
accuracy_80pct,0.7,88.2641714416089,0.86,0.8197415686105314
accuracy_70pct,0.7,79.49448041235561,0.75,0.7014860294214277
accuracy_60pct,0.7,75.34430303402598,0.68,0.6824182015995538
correlation_70pct,0.7,60.94746628169243,0.46,0.5960643339012568
correlation_60pct,0.7,59.701916222056404,0.44,0.6320354105633663
accuracy_80pct,0.7,88.26406882022967,0.86,0.8039952859941121
accuracy_70pct,0.7,83.47729242051295,0.79,0.8148160835329106
accuracy_60pct,0.7,75.96992863247986,0.7,0.6888581066495458
correlation_70pct,0.7,55.177467144745265,0.38,0.5388943718611227
correlation_60pct,0.7,49.30955286554972,0.31,0.5028375391957418
accuracy_80pct,0.7,84.5939156792304,0.83,0.7293444198552214
accuracy_70pct,0.7,81.14785653414147,0.76,0.7236523841549647
accuracy_60pct,0.7,72.55935486662953,0.67,0.5346207611977881
correlation_70pct,0.7,56.81691665358282,0.4,0.6479381768088348
correlation_60pct,0.7,51.027392387794876,0.31,0.5391622236648627
accuracy_80pct,0.7,87.8869465526123,0.86,0.734931150367283
accuracy_70pct,0.7,82.14785645295609,0.77,0.6651867850906079
accuracy_60pct,0.7,75.26306245198252,0.69,0.5550063852965751
correlation_70pct,0.7,62.467236639232816,0.44,0.67070259380893
correlation_60pct,0.7,54.50710851743138,0.38,0.5291086168507269
accuracy_80pct,0.7,86.32873762581819,0.83,0.78915230732879
accuracy_70pct,0.7,81.01913497598137,0.78,0.626384964183948
accuracy_60pct,0.7,75.85523630864728,0.71,0.5734585501123888
correlation_70pct,0.7,60.9166598657807,0.47,0.5888987988474047
correlation_60pct,0.7,53.585601233403594,0.35,0.5223435087674106
accuracy_80pct,0.7,89.87006658727812,0.88,0.825734303053052
accuracy_70pct,0.7,83.77052878020947,0.79,0.7268845759301034
accuracy_60pct,0.7,71.59321717512098,0.66,0.49794842092881697
correlation_70pct,0.7,57.48727528089671,0.4,0.6115287570665314
correlation_60pct,0.7,44.184092767469345,0.29,0.3746861118289876
accuracy_80pct,0.7,87.63854584315503,0.84,0.797367777623382
accuracy_70pct,0.7,80.41323974912677,0.77,0.7326085988726023
accuracy_60pct,0.7,81.49142443859051,0.76,0.6943811082211743
correlation_70pct,0.7,65.48869254058772,0.52,0.6486705592577374
correlation_60pct,0.7,52.258913213103355,0.34,0.5320985467839676
accuracy_80pct,0.7,88.67210012513799,0.85,0.83364875773447
accuracy_70pct,0.7,77.75701313989043,0.74,0.6036870185767375
accuracy_60pct,0.7,78.55619594674364,0.72,0.6187845975308554
correlation_70pct,0.7,59.20511480314187,0.4,0.5826831530650669
correlation_60pct,0.7,52.180523199695756,0.36,0.47888610110829244
accuracy_80pct,0.7,86.32873762581819,0.83,0.7850813966939065
accuracy_70pct,0.7,85.066410384598,0.81,0.775912596458871
accuracy_60pct,0.7,73.68787110084578,0.66,0.5114357696993342
correlation_70pct,0.7,57.208068155527734,0.39,0.6467435674931833
correlation_60pct,0.7,48.60838782232412,0.32,0.5195493454210183
accuracy_80pct,0.7,87.93453015010817,0.85,0.7751956374023513
accuracy_70pct,0.7,85.64160181692014,0.83,0.7801736201263172
accuracy_60pct,0.7,76.26295974941789,0.7,0.5997422227072875
correlation_70pct,0.7,56.518184399373055,0.38,0.6639740965483364
correlation_60pct,0.7,50.89867082963477,0.33,0.519674777794799
accuracy_80pct,0.7,90.27799527080721,0.87,0.8672849689238611
accuracy_70pct,0.7,78.82106597364739,0.74,0.6371737844802686
accuracy_60pct,0.7,78.24597716270448,0.72,0.6592921523918958
correlation_70pct,0.7,54.929066435288,0.36,0.5864235744739583
correlation_60pct,0.7,51.19740308384454,0.35,0.45957743549211727
accuracy_80pct,0.7,89.26111554902917,0.86,0.7767555708593825
accuracy_70pct,0.7,81.77348213259535,0.78,0.7447537029162625
accuracy_60pct,0.7,73.967180847594,0.67,0.5423274315223489
correlation_70pct,0.7,57.48727528089671,0.4,0.581356930995333
correlation_60pct,0.7,50.4766102903989,0.35,0.4739845537030905
accuracy_80pct,0.7,87.90382635557569,0.86,0.7868627630014727
accuracy_70pct,0.7,77.82412186622709,0.74,0.6434394248052826
accuracy_60pct,0.7,76.16799779718461,0.72,0.6275133836890598
correlation_70pct,0.7,57.84762036692992,0.4,0.7336311392442091
correlation_60pct,0.7,52.12744370768661,0.35,0.47956239887469243
accuracy_80pct,0.7,86.6077395084287,0.84,0.7482647522237466
accuracy_70pct,0.7,78.86875219252249,0.73,0.6837158354078056
accuracy_60pct,0.7,73.93627181030305,0.68,0.5267324373670633
correlation_70pct,0.7,59.12672478973428,0.42,0.6740806795921122
correlation_60pct,0.7,52.63603548072072,0.34,0.5744065643573685
accuracy_80pct,0.7,88.37611581818484,0.84,0.8461256098134733
accuracy_70pct,0.7,81.73982514804777,0.78,0.6245441792632326
accuracy_60pct,0.7,76.93311313397332,0.7,0.5989181340510383
correlation_70pct,0.7,58.844769717108676,0.4,0.6290651490397392
correlation_60pct,0.7,45.47223959713665,0.25,0.354473033929477
accuracy_80pct,0.7,89.62166587782085,0.86,0.8399707946010306
accuracy_70pct,0.7,79.16473649947565,0.74,0.6409132763885151
accuracy_60pct,0.7,74.21558155705125,0.69,0.5049693217902045
correlation_70pct,0.7,61.32458854930979,0.46,0.662087670406098
correlation_60pct,0.7,55.783464992979106,0.39,0.5440453828215233
accuracy_80pct,0.7,85.28125673088694,0.83,0.7364932057361816
accuracy_70pct,0.7,80.06967184467774,0.77,0.7004383012636737
accuracy_60pct,0.7,72.36138832330401,0.65,0.6270944608568967
correlation_70pct,0.7,61.246198535902195,0.48,0.6369134137663496
correlation_60pct,0.7,51.7558173345825,0.37,0.4498560236463996
accuracy_80pct,0.7,86.78424990684316,0.81,0.8545813292609338
accuracy_70pct,0.7,81.13392992119316,0.77,0.7009345218049051
accuracy_60pct,0.7,74.0006325893831,0.67,0.5629465224870279
correlation_70pct,0.7,60.749397116987666,0.44,0.6439332814413801
correlation_60pct,0.7,54.43999979109469,0.38,0.46234742024432457
accuracy_80pct,0.7,85.67515618008848,0.83,0.7887412971877531
accuracy_70pct,0.7,85.67220299007337,0.82,0.7034901572408458
accuracy_60pct,0.7,71.57602950801984,0.66,0.4273944911583823
correlation_70pct,0.7,58.68798969029348,0.44,0.5653650313187382
correlation_60pct,0.7,55.75265857706739,0.4,0.49264056875605605
accuracy_80pct,0.7,84.98516980255455,0.82,0.750510038075003
accuracy_70pct,0.7,84.70596267718557,0.81,0.7708028122211343
accuracy_60pct,0.7,73.8692657053456,0.68,0.46364946150197867
correlation_70pct,0.7,58.2800610067644,0.45,0.506741212874583
correlation_60pct,0.7,55.02922045774436,0.39,0.418266459749352
accuracy_80pct,0.7,84.70596267718557,0.81,0.7292632929184992
accuracy_70pct,0.7,80.93301018785255,0.74,0.7743175366189158
accuracy_60pct,0.7,74.98670589524941,0.69,0.7108066713467472
correlation_70pct,0.7,57.48727528089671,0.4,0.6641286672230651
correlation_60pct,0.7,55.55184146510601,0.37,0.5762758241483331
accuracy_80pct,0.7,87.06620497946876,0.83,0.878913805440835
accuracy_70pct,0.7,84.34561759115236,0.81,0.739984588185091
accuracy_60pct,0.7,74.58995587741201,0.68,0.5832183125494568
correlation_70pct,0.7,56.70497227700689,0.42,0.620238462007561
correlation_60pct,0.7,55.58763470848232,0.41,0.4408735560699299
accuracy_80pct,0.7,85.98506709998993,0.83,0.7719924027597806
accuracy_70pct,0.7,80.7399278506124,0.77,0.6467139474452203
accuracy_60pct,0.7,76.60673289662542,0.7,0.6513475639586042
correlation_70pct,0.7,65.30465261021051,0.49,0.7473010319962604
correlation_60pct,0.7,52.75571463201788,0.38,0.47192001416065665
accuracy_80pct,0.7,86.93738079992943,0.85,0.7969289551489889
accuracy_70pct,0.7,77.27973684981669,0.71,0.71002838229544
accuracy_60pct,0.7,72.20165510647372,0.68,0.480486193312469
correlation_70pct,0.7,57.80003676943403,0.41,0.606846137419139
correlation_60pct,0.7,46.27905455733187,0.29,0.3718110359936346
accuracy_80pct,0.7,87.68898000928678,0.84,0.8334369812154119
accuracy_70pct,0.7,80.51115489137516,0.76,0.7661636433444561
accuracy_60pct,0.7,74.96992871366524,0.69,0.6194562461794895
correlation_70pct,0.7,54.01030709851684,0.34,0.6329872073411339
correlation_60pct,0.7,46.96619036622994,0.29,0.467889076482252
accuracy_80pct,0.7,91.18272537325082,0.9,0.8436356435626238
accuracy_70pct,0.7,81.09742236800973,0.76,0.6304608903090486
accuracy_60pct,0.7,76.27983955238132,0.7,0.6662340085118087
correlation_70pct,0.7,59.40318396784663,0.42,0.6347363797748128
correlation_60pct,0.7,50.8818936480506,0.33,0.4339896898724594
accuracy_80pct,0.7,85.31185790404017,0.82,0.6547284862585319
accuracy_70pct,0.7,83.08339297131143,0.79,0.6930092305799253
accuracy_60pct,0.7,76.9670779826586,0.7,0.6477458155394085
correlation_70pct,0.7,62.02850153979202,0.46,0.6623480831018622
correlation_60pct,0.7,60.15742850308137,0.42,0.615286341215881
accuracy_80pct,0.7,89.88684376886229,0.88,0.8167376810667284
accuracy_70pct,0.7,82.06661587091263,0.78,0.6586898217613653
accuracy_60pct,0.7,73.55945740682338,0.68,0.5378433569265973
correlation_70pct,0.7,58.844769717108676,0.4,0.6240996853800715
correlation_60pct,0.7,57.637760848105586,0.43,0.5299382463108983
accuracy_80pct,0.7,86.95151265563621,0.84,0.797297608605933
accuracy_70pct,0.7,83.09731958425972,0.78,0.7277313177971233
accuracy_60pct,0.7,74.95315153208107,0.69,0.655353338696635
correlation_70pct,0.7,55.55184146510601,0.37,0.6067660541389183
correlation_60pct,0.7,46.59181604586918,0.3,0.36346666954117357
accuracy_80pct,0.7,86.00194690295334,0.83,0.7917656936097217
accuracy_70pct,0.7,80.2766807948662,0.73,0.7432588952808774
accuracy_60pct,0.7,75.82432727135634,0.72,0.5672655226483312
correlation_70pct,0.7,62.60369297211414,0.48,0.6363566572522844
correlation_60pct,0.7,52.24213603151917,0.34,0.4583673929712788
accuracy_80pct,0.7,86.70585989343557,0.83,0.8457949951529281
accuracy_70pct,0.7,80.6754644501531,0.78,0.6301821503978206
accuracy_60pct,0.7,75.2967194365301,0.69,0.6454272726539008
correlation_70pct,0.7,64.63429398289662,0.49,0.7452559599845988
correlation_60pct,0.7,53.585601233403594,0.35,0.578085879834248
accuracy_80pct,0.7,89.0324452111712,0.85,0.8940996947002688
accuracy_70pct,0.7,80.17876565261781,0.74,0.670283542633885
accuracy_60pct,0.7,76.37785731600893,0.69,0.7077062153700531
correlation_70pct,0.7,57.80003676943404,0.41,0.6213504824191397
correlation_60pct,0.7,55.079552002496875,0.39,0.5007795852123779
accuracy_80pct,0.7,87.56015582974743,0.86,0.822772388649506
accuracy_70pct,0.7,77.67566993646771,0.75,0.5940922860518457
accuracy_60pct,0.7,75.80449427837783,0.71,0.5565048560902247
correlation_70pct,0.7,57.98407669981125,0.44,0.6630010853983836
correlation_60pct,0.7,39.44754529112591,0.22,0.39902121991974954
accuracy_80pct,0.7,88.85328948687933,0.87,0.7522295333402675
accuracy_70pct,0.7,80.57266510181935,0.74,0.6947569351321454
accuracy_60pct,0.7,74.52824042420934,0.7,0.49446122283386046
correlation_70pct,0.7,58.422811799252045,0.42,0.712658239089234
correlation_60pct,0.7,59.897237439504536,0.45,0.5340198586968018
accuracy_80pct,0.7,85.67515618008848,0.83,0.7782394622894601
accuracy_70pct,0.7,82.16463363454025,0.77,0.7496346340135739
accuracy_60pct,0.7,80.2598009919028,0.73,0.6918186644566456
correlation_70pct,0.7,62.02850153979201,0.46,0.6563070753727125
correlation_60pct,0.7,51.340153876332195,0.32,0.5552282512360153
accuracy_80pct,0.7,87.01862138197288,0.84,0.8616150879983002
accuracy_70pct,0.7,83.3930986484544,0.79,0.6912874682976292
accuracy_60pct,0.7,73.39494260528696,0.66,0.6835617371497998
correlation_70pct,0.7,56.255754455588246,0.37,0.6748594368868783
correlation_60pct,0.7,51.242136112704564,0.33,0.4892125182614825
accuracy_80pct,0.7,85.70596259600019,0.82,0.7753101917701255
accuracy_70pct,0.7,79.67566977409696,0.77,0.5589963418147889
accuracy_60pct,0.7,76.52824026183859,0.72,0.6180832144703232
correlation_70pct,0.7,58.53475617582799,0.4,0.6608895152685792
correlation_60pct,0.7,50.306599594349244,0.31,0.49634503326373347
accuracy_80pct,0.7,87.294977938706,0.84,0.765013911656591
accuracy_70pct,0.7,82.01882703065827,0.79,0.634011001805619
accuracy_60pct,0.7,74.86906038140174,0.69,0.49297823382139183
correlation_70pct,0.7,59.37512549919154,0.44,0.6357373037569002
correlation_60pct,0.7,55.07955200249686,0.39,0.4716224048635723
accuracy_80pct,0.7,87.5910648670384,0.85,0.7786257848507105
accuracy_70pct,0.7,84.04963328419922,0.8,0.7968744216280675
accuracy_60pct,0.7,74.9503009634452,0.68,0.607845317785932
correlation_70pct,0.7,58.81396330119696,0.41,0.6744486128458774
correlation_60pct,0.7,63.84924303175017,0.5,0.6345700232014209
accuracy_80pct,0.7,85.26437692792352,0.83,0.7560357628180645
accuracy_70pct,0.7,80.41293188498905,0.77,0.6642808657743252
accuracy_60pct,0.7,75.33037642107767,0.69,0.757417939502473
correlation_70pct,0.7,60.749397116987666,0.44,0.7308630505565865
correlation_60pct,0.7,46.111791808538825,0.26,0.508317311646912
accuracy_80pct,0.7,90.29477245239138,0.87,0.9035717547376635
accuracy_70pct,0.7,80.06671865466264,0.76,0.6498588832293409
accuracy_60pct,0.7,76.39677075642184,0.73,0.576983763073186
correlation_70pct,0.7,52.16374601811158,0.36,0.5624296798376761
correlation_60pct,0.7,48.91840136360481,0.32,0.4904468305188229
accuracy_80pct,0.7,87.54348126954251,0.86,0.7304579062970482
accuracy_70pct,0.7,79.36290828555964,0.76,0.6203840875271823
accuracy_60pct,0.7,74.26326777592638,0.68,0.5440456979956249
correlation_70pct,0.7,57.766482406265695,0.41,0.6055481529321127
correlation_60pct,0.7,60.02870694492126,0.44,0.5947967947285443
accuracy_80pct,0.7,87.00184420038872,0.84,0.8174251220149759
accuracy_70pct,0.7,80.52518412570271,0.75,0.6753143783344415
accuracy_60pct,0.7,70.08523717170013,0.63,0.503016383363068
correlation_70pct,0.7,63.40277315758814,0.46,0.7264598776841319
correlation_60pct,0.7,53.02718698266563,0.33,0.5802858596728117
accuracy_80pct,0.7,87.34530948345851,0.84,0.8049639611631243
accuracy_70pct,0.7,86.95151265563621,0.84,0.7469479715337809
accuracy_60pct,0.7,75.90251204200547,0.7,0.5306820216325874
correlation_70pct,0.7,59.12672478973427,0.42,0.6063103830327299
correlation_60pct,0.7,62.603692972114146,0.48,0.5817852789803666
accuracy_80pct,0.7,89.83651222410978,0.88,0.7847869074625528
accuracy_70pct,0.7,84.13087386624268,0.79,0.7339955982355025
accuracy_60pct,0.7,77.34409762889673,0.7,0.7015589511857022
correlation_70pct,0.7,62.868870863155585,0.5,0.5839391982480101
correlation_60pct,0.7,57.84762036692992,0.4,0.6057415538509661
accuracy_80pct,0.7,86.60784212980793,0.84,0.774013297318713
accuracy_70pct,0.7,80.80439125107169,0.76,0.7180515477622024
accuracy_60pct,0.7,78.54216671241612,0.73,0.6744974092345313
correlation_70pct,0.7,61.12377143734842,0.43,0.694346280512846
correlation_60pct,0.7,55.065420146790096,0.4,0.489032146547227
accuracy_80pct,0.7,87.70575719087095,0.84,0.8357478645103993
accuracy_70pct,0.7,84.72273985876974,0.81,0.7187385551438223
accuracy_60pct,0.7,72.73851059092138,0.65,0.5389862036771282
correlation_70pct,0.7,59.81386059863233,0.42,0.559665148166324
correlation_60pct,0.7,55.177467144745265,0.38,0.5849632537713298
accuracy_80pct,0.7,89.01556540820778,0.85,0.8376060233625181
accuracy_70pct,0.7,81.7875113669229,0.77,0.7192457033936679
accuracy_60pct,0.7,72.65737263025716,0.66,0.53193126152579
correlation_70pct,0.7,55.241827923825326,0.37,0.5029670783557469
correlation_60pct,0.7,54.80034487712789,0.38,0.5695772788003493
accuracy_80pct,0.7,87.95120471031312,0.85,0.7893959777559836
accuracy_70pct,0.7,82.77063148277409,0.78,0.7600685703961526
accuracy_60pct,0.7,78.83519782935416,0.73,0.6125558965746226
correlation_70pct,0.7,56.47060080187717,0.39,0.6418590181850582
correlation_60pct,0.7,53.28961692645044,0.34,0.5291231814411775
accuracy_80pct,0.7,86.95141003425698,0.84,0.7302417516226651
accuracy_70pct,0.7,83.06641054696877,0.79,0.7005265007831498
accuracy_60pct,0.7,73.57623458840754,0.68,0.5309185789422448
correlation_70pct,0.7,60.78020353289938,0.43,0.6595409742493433
correlation_60pct,0.7,50.08556140983323,0.36,0.47340068870615026
accuracy_80pct,0.7,86.91775304970939,0.84,0.7424265867894924
accuracy_70pct,0.7,81.44658878835125,0.78,0.7255278220420104
accuracy_60pct,0.7,72.03459760043916,0.65,0.5491264606819048
correlation_70pct,0.7,60.04548412650543,0.44,0.625920603923207
correlation_60pct,0.7,57.110153013279344,0.4,0.5629483650946262
accuracy_80pct,0.7,85.64160181692013,0.83,0.7771223569776102
accuracy_70pct,0.7,77.43011979564632,0.74,0.6197162271809811
accuracy_60pct,0.7,75.23235865745005,0.7,0.6208827142252649
correlation_70pct,0.7,60.96424346327659,0.46,0.6226755757758559
correlation_60pct,0.7,47.527352564224515,0.32,0.4185694779464413
accuracy_80pct,0.7,88.37611581818484,0.84,0.8706940192905266
accuracy_70pct,0.7,85.09711417913049,0.8,0.7875424704467173
accuracy_60pct,0.7,74.99788456094107,0.67,0.5910066706921496
correlation_70pct,0.7,62.60369297211415,0.48,0.6515946348269877
correlation_60pct,0.7,53.850779124445026,0.37,0.5423101115118516
accuracy_80pct,0.7,85.32873770700358,0.82,0.7192668707437672
accuracy_70pct,0.7,81.44373821971539,0.77,0.6678223481646839
accuracy_60pct,0.7,72.9702367401737,0.67,0.5521069158696015
correlation_70pct,0.7,63.86602021333434,0.5,0.6169245846006276
correlation_60pct,0.7,53.19444973145868,0.36,0.5096526710973366
accuracy_80pct,0.7,85.9515127368216,0.83,0.7236553258497566
accuracy_70pct,0.7,80.42706374069583,0.76,0.6818058476780277
accuracy_60pct,0.7,75.65716714394253,0.69,0.6633773481551738
correlation_70pct,0.7,63.2600223651005,0.49,0.7058991588396512
correlation_60pct,0.7,51.86776171115843,0.35,0.4757797871842195
accuracy_80pct,0.7,89.5907568405299,0.87,0.8359289847696326
accuracy_70pct,0.7,80.73992785061239,0.77,0.6533584949400364
accuracy_60pct,0.7,75.6739443255267,0.69,0.6962175958276896
correlation_70pct,0.7,59.076290623602524,0.42,0.5697068738800082
correlation_60pct,0.7,57.375330904320776,0.42,0.5833347874657765
accuracy_80pct,0.7,87.60763680586409,0.85,0.7820279902493813
accuracy_70pct,0.7,81.85187214600295,0.76,0.774417702419972
accuracy_60pct,0.7,76.64028725979375,0.7,0.707643868504639
correlation_70pct,0.7,53.370754887114664,0.33,0.6503681646514224
correlation_60pct,0.7,54.47355415426303,0.38,0.5833421813266071
accuracy_80pct,0.7,88.31165241772555,0.85,0.8375282899612828
accuracy_70pct,0.7,83.77052878020947,0.79,0.7774188084295527
accuracy_60pct,0.7,74.49499392517872,0.7,0.5893920133191441
correlation_70pct,0.7,60.48421922594623,0.42,0.6486543750343126
correlation_60pct,0.7,54.80034487712789,0.38,0.5161927672755056
accuracy_80pct,0.7,89.2779953519926,0.86,0.7981449311722318
accuracy_70pct,0.7,82.5082015389893,0.77,0.728415978267384
accuracy_60pct,0.7,77.55904659656491,0.72,0.6085068833854304
correlation_70pct,0.7,59.40593191510325,0.43,0.6428647731743246
correlation_60pct,0.7,59.263181122615606,0.46,0.5229267739265094
accuracy_80pct,0.7,84.00184444394486,0.81,0.6630502023920799
accuracy_70pct,0.7,79.16494174223412,0.74,0.7041906589179625
accuracy_60pct,0.7,78.63733390740788,0.71,0.7128883191167082
correlation_70pct,0.7,61.96414076071197,0.47,0.5784725109269305
correlation_60pct,0.7,50.261866565489214,0.33,0.5001160351207101
accuracy_80pct,0.7,89.294875154956,0.86,0.8396382233948233
accuracy_70pct,0.7,81.21231993460077,0.75,0.7067465249540068
accuracy_60pct,0.7,75.52549239576733,0.7,0.5281526178854776
correlation_70pct,0.7,63.55600667205365,0.5,0.6622635129955393
correlation_60pct,0.7,58.702018924621015,0.43,0.5957826119474507
accuracy_80pct,0.7,90.29466983101214,0.87,0.8851109563396226
accuracy_70pct,0.7,78.18151376224519,0.73,0.6311083961041271
accuracy_60pct,0.7,74.57592664308446,0.69,0.6062785286695728
correlation_70pct,0.7,55.49022863328258,0.39,0.6392807273321216
correlation_60pct,0.7,50.88464159530723,0.34,0.5792595867166377
accuracy_80pct,0.7,88.93727801617942,0.87,0.8160846060471976
accuracy_70pct,0.7,86.62472193277134,0.84,0.7600015582102867
accuracy_60pct,0.7,80.14795923670609,0.75,0.5878293217295597
correlation_70pct,0.7,63.63439668546124,0.48,0.627200751666848
correlation_60pct,0.7,52.89846542450553,0.35,0.5137232579970994
accuracy_80pct,0.7,88.67210012513797,0.85,0.8467282450105847
accuracy_70pct,0.7,81.52508142313808,0.76,0.744208198474157
accuracy_60pct,0.7,75.26326769474099,0.69,0.5505177008443037
correlation_70pct,0.7,65.81823121070921,0.53,0.6893928153589666
correlation_60pct,0.7,63.19566158602044,0.5,0.6577012525666445
accuracy_80pct,0.7,88.28094862319308,0.86,0.7976998225247056
accuracy_70pct,0.7,82.85176944343833,0.77,0.7715585096632651
accuracy_60pct,0.7,73.00094053470619,0.66,0.46626587689604027
correlation_70pct,0.7,62.32448584674517,0.47,0.6416490750686118
correlation_60pct,0.7,53.83400194286085,0.37,0.3809209258616615
accuracy_80pct,0.7,88.62441390626287,0.86,0.8390385601863333
accuracy_70pct,0.7,80.03591223875092,0.77,0.5921292543557527
accuracy_60pct,0.7,73.87180840984375,0.69,0.486447699988176
correlation_70pct,0.7,58.1268274922989,0.41,0.590228497137105
correlation_60pct,0.7,57.031762999871745,0.42,0.5403750076737155
accuracy_80pct,0.7,88.9176502659594,0.86,0.7674034709595122
accuracy_70pct,0.7,80.15080980534195,0.76,0.7155194875031233
accuracy_60pct,0.7,76.54226949616611,0.71,0.5860365763937646
correlation_70pct,0.7,57.37533090432078,0.42,0.5893535598537918
correlation_60pct,0.7,50.3878401763927,0.3,0.5181645199544846
accuracy_80pct,0.7,91.52619065632062,0.9,0.8546864666775631
accuracy_70pct,0.7,78.82116859502662,0.74,0.6532273286815976
accuracy_60pct,0.7,72.23256414376468,0.67,0.5258742353044076
correlation_70pct,0.7,62.715637348690095,0.46,0.7045008863330726
correlation_60pct,0.7,47.870920468673546,0.32,0.3777269899758761
accuracy_80pct,0.7,85.9039291393257,0.84,0.7251541295620211
accuracy_70pct,0.7,83.72294518271359,0.8,0.7127657777779449
accuracy_60pct,0.7,72.2326667651439,0.67,0.5248357350740667
correlation_70pct,0.7,56.912083848574596,0.38,0.6299399341474439
correlation_60pct,0.7,47.03055114530998,0.28,0.3942697444888303
accuracy_80pct,0.7,88.56005312718281,0.87,0.8004953777505721
accuracy_70pct,0.7,83.10017015289559,0.79,0.7713800735000993
accuracy_60pct,0.7,76.93616894536765,0.71,0.6300203676398004
correlation_70pct,0.7,56.81691665358282,0.4,0.5990947691687273
correlation_60pct,0.7,52.11616242061571,0.37,0.4437249176373245
accuracy_80pct,0.7,86.8870492551769,0.85,0.7639526942321814
accuracy_70pct,0.7,83.57713857883161,0.82,0.6165325126366058
accuracy_60pct,0.7,74.23246136001467,0.69,0.5577155730768063
correlation_70pct,0.7,60.014677710593716,0.45,0.6426565831383169
correlation_60pct,0.7,56.83094588791037,0.39,0.5706984881380883
accuracy_80pct,0.7,84.92080902347449,0.83,0.75361376415005
accuracy_70pct,0.7,84.93483825780203,0.82,0.7095177977392432
accuracy_60pct,0.7,74.19870175408785,0.69,0.46463236453960177
correlation_70pct,0.7,58.238771868874835,0.39,0.714391145009124
correlation_60pct,0.7,49.91555071378356,0.32,0.43766182855845503
accuracy_80pct,0.7,86.00184428157411,0.83,0.7820058371347465
accuracy_70pct,0.7,82.08349567387603,0.78,0.7447011707322787
accuracy_60pct,0.7,74.79077298937338,0.71,0.5283462236805345
correlation_70pct,0.7,55.19424432632944,0.38,0.6139267805020553
correlation_60pct,0.7,56.84772306949454,0.39,0.6621626385491871
accuracy_80pct,0.7,89.67199742257336,0.86,0.9122829092931776
accuracy_70pct,0.7,84.17845746373857,0.78,0.8417922277019181
accuracy_60pct,0.7,71.9197000338481,0.66,0.4977951709478782
correlation_70pct,0.7,60.40297864390277,0.43,0.6125777691402681
correlation_60pct,0.7,59.01203246590171,0.43,0.5881014589308249
accuracy_80pct,0.7,86.92060361834527,0.85,0.7270895418032146
accuracy_70pct,0.7,80.49427508841174,0.76,0.6901648083253584
accuracy_60pct,0.7,77.65685911743405,0.71,0.6753648849487469
correlation_70pct,0.7,54.25870780797411,0.36,0.5473608879945138
correlation_60pct,0.7,58.517978994243805,0.4,0.6801700026324546
accuracy_80pct,0.7,81.93779169137329,0.8,0.6123115564784115
accuracy_70pct,0.7,81.13107935255731,0.76,0.709298063844295
accuracy_60pct,0.7,74.88868813162178,0.7,0.6165470999030447
correlation_70pct,0.7,60.749397116987666,0.44,0.6811826850622691
correlation_60pct,0.7,50.40461735797687,0.3,0.5600196283943587
accuracy_80pct,0.7,89.27799535199259,0.86,0.8378347729121973
accuracy_70pct,0.7,80.52497888294423,0.75,0.7181578208375563
accuracy_60pct,0.7,72.98395811036355,0.66,0.5740761835905078
correlation_70pct,0.7,61.65137927217465,0.46,0.6585428825781745
correlation_60pct,0.7,52.27283982605165,0.33,0.5150647281758804
accuracy_80pct,0.7,84.24770244890396,0.82,0.6534481232857579
accuracy_70pct,0.7,84.75364889606068,0.8,0.8068095097298685
accuracy_60pct,0.7,75.9026146633847,0.7,0.6034673171294409
correlation_70pct,0.7,56.25575445558824,0.37,0.6345053662119068
correlation_60pct,0.7,52.05180164153565,0.38,0.4611073267950284
accuracy_80pct,0.7,87.57703563271085,0.86,0.83171224780189
accuracy_70pct,0.7,76.18182178875368,0.71,0.6223108563162263
accuracy_60pct,0.7,75.88868805043639,0.71,0.7127520934587828
correlation_70pct,0.7,60.58986914291585,0.47,0.6308701418985737
correlation_60pct,0.7,52.72205764747031,0.38,0.44251248842884405
accuracy_80pct,0.7,87.34530948345852,0.84,0.7852240294843394
accuracy_70pct,0.7,82.85176944343833,0.77,0.7765151293288423
accuracy_60pct,0.7,80.22919981874956,0.74,0.7170289129251121
correlation_70pct,0.7,60.78020353289938,0.43,0.679918038685033
correlation_60pct,0.7,56.42301720438128,0.4,0.5845586689860545
accuracy_80pct,0.7,86.27840608106568,0.83,0.7478885352498479
accuracy_70pct,0.7,81.72315058784284,0.78,0.6993526271580972
accuracy_60pct,0.7,75.49478860123486,0.71,0.5774620698778974
correlation_70pct,0.7,61.02860424235665,0.45,0.6707456329273104
correlation_60pct,0.7,54.249562779731924,0.42,0.47679342357829985
accuracy_80pct,0.7,85.968392539785,0.83,0.7849353625459959
accuracy_70pct,0.7,81.47464725700632,0.76,0.6915074713466637
accuracy_60pct,0.7,71.33068460995692,0.65,0.5364456652090251
correlation_70pct,0.7,61.684933635342986,0.46,0.6910828919206115
correlation_60pct,0.7,56.752555874502775,0.41,0.5679175808271728
accuracy_80pct,0.7,87.67210020632336,0.84,0.8274839066894462
accuracy_70pct,0.7,81.00520836303306,0.79,0.6477398018265823
accuracy_60pct,0.7,79.51125759393977,0.75,0.7043788621516603
correlation_70pct,0.7,59.12672478973428,0.42,0.7222357290811544
correlation_60pct,0.7,50.242341436648424,0.32,0.46447684568424263
accuracy_80pct,0.7,87.01577081333703,0.83,0.7918024890232029
accuracy_70pct,0.7,87.99889092918824,0.84,0.8057920387167742
accuracy_60pct,0.7,74.70475082262381,0.67,0.6247370853755212
correlation_70pct,0.7,54.320320639797536,0.34,0.6358049655475355
correlation_60pct,0.7,56.06267211834808,0.4,0.483918925099001
accuracy_80pct,0.7,86.65827629593969,0.84,0.7873531736320644
accuracy_70pct,0.7,80.3793775218207,0.77,0.5796948114303503
accuracy_60pct,0.7,76.93606632398843,0.71,0.6509697919759386
correlation_70pct,0.7,58.65443532712514,0.44,0.6516185654583416
correlation_60pct,0.7,52.78652104792959,0.37,0.47641879492714195
accuracy_80pct,0.7,85.2811541095077,0.83,0.7114466899654495
accuracy_70pct,0.7,82.37937735944995,0.79,0.6143165533573126
accuracy_60pct,0.7,80.49437770979098,0.76,0.6913506840730657
correlation_70pct,0.7,63.97796458991027,0.48,0.6826555908313846
correlation_60pct,0.7,59.375125499191526,0.44,0.519490060519636
accuracy_80pct,0.7,90.31154963397555,0.87,0.8823383258183372
accuracy_70pct,0.7,78.8213738377851,0.74,0.6291126443376496
accuracy_60pct,0.7,77.90261450101391,0.72,0.6860188554678784
correlation_70pct,0.7,65.20948541521874,0.51,0.7018551247436344
correlation_60pct,0.7,58.246506643596064,0.45,0.5351412605524412
accuracy_80pct,0.7,88.95130725050696,0.86,0.8283930507965007
accuracy_70pct,0.7,81.4606180226788,0.77,0.6885239825008052
accuracy_60pct,0.7,75.62330491663649,0.69,0.5118097013738145
correlation_70pct,0.7,59.844667014544044,0.41,0.6542790237496581
correlation_60pct,0.7,59.797083417048164,0.42,0.513000522635662
accuracy_80pct,0.7,87.50992690637418,0.86,0.7474957256892876
accuracy_70pct,0.7,78.8213738377851,0.74,0.71967615739995
accuracy_60pct,0.7,74.54512022717275,0.7,0.5804047808165441
correlation_70pct,0.7,59.71869340364057,0.44,0.6640186144150289
correlation_60pct,0.7,57.8952039644258,0.39,0.7203527850427783
accuracy_80pct,0.7,90.57387695638111,0.88,0.8524580871382913
accuracy_70pct,0.7,83.73961974291853,0.8,0.7552376785854215
accuracy_60pct,0.7,74.21578679980972,0.69,0.6167577390227112
correlation_70pct,0.7,65.32142979179469,0.49,0.7926541501555922
correlation_60pct,0.7,55.81701935614745,0.39,0.5908977683495182
accuracy_80pct,0.7,89.60763664349331,0.87,0.8671149544185919
accuracy_70pct,0.7,81.41313704656214,0.78,0.727229204213515
accuracy_60pct,0.7,77.19849626777322,0.72,0.6241646337389245
correlation_70pct,0.7,54.912289253703825,0.36,0.5858707294262374
correlation_60pct,0.7,56.75255587450276,0.41,0.6408797660660367
accuracy_80pct,0.7,85.96839253978499,0.83,0.8059294747411992
accuracy_70pct,0.7,81.55578521767056,0.75,0.786792439208002
accuracy_60pct,0.7,73.0512720794587,0.66,0.6722204283003979
correlation_70pct,0.7,58.32764460426028,0.44,0.6745401098460906
correlation_60pct,0.7,47.75124131737639,0.28,0.5478101133201378
accuracy_80pct,0.7,86.0326506974858,0.82,0.7667243968898642
accuracy_70pct,0.7,84.9684952423496,0.82,0.7148598995207482
accuracy_60pct,0.7,70.2972329493532,0.64,0.4247583012969026
correlation_70pct,0.7,64.04232536899032,0.47,0.728120226212231
correlation_60pct,0.7,55.082299949753505,0.4,0.5272159380334223
accuracy_80pct,0.7,88.65511770079534,0.85,0.8365233101071454
accuracy_70pct,0.7,81.7061681635002,0.78,0.6615517891052699
accuracy_60pct,0.7,70.9534597209603,0.65,0.5029227517884989
correlation_70pct,0.7,52.180523199695756,0.36,0.4957337494152122
correlation_60pct,0.7,56.5041551650455,0.39,0.643478469677862
accuracy_80pct,0.7,86.32863500443896,0.83,0.7738102169657247
accuracy_70pct,0.7,78.10047842296021,0.74,0.5956574579653873
accuracy_60pct,0.7,72.49794727756456,0.69,0.4679886395531807
correlation_70pct,0.7,59.079141192238396,0.43,0.6365503849969433
correlation_60pct,0.7,60.22952405688264,0.47,0.5828966451908397
accuracy_80pct,0.7,87.67199758494414,0.84,0.7717307991574528
accuracy_70pct,0.7,84.72284248014897,0.81,0.7701658378741074
accuracy_60pct,0.7,70.98711670550789,0.65,0.4763583260455296
correlation_70pct,0.7,52.04406686681442,0.32,0.5425501553070189
correlation_60pct,0.7,56.68544714816609,0.41,0.5181923415197303
accuracy_80pct,0.7,86.31175520147555,0.83,0.7393847432750327
accuracy_70pct,0.7,80.37968538595842,0.77,0.6440044173735516
accuracy_60pct,0.7,71.92265322386321,0.67,0.5317297125434567
correlation_70pct,0.7,52.540868285728955,0.36,0.5323346465601493
correlation_60pct,0.7,50.19740316502993,0.34,0.49298084508656137
accuracy_80pct,0.7,87.34541210483773,0.84,0.8270929251000358
accuracy_70pct,0.7,80.72294542626975,0.77,0.5913908708815302
accuracy_60pct,0.7,77.8072420632637,0.74,0.5862332939089386
correlation_70pct,0.7,61.04538142394081,0.45,0.6425157490170963
correlation_60pct,0.7,63.58681308796535,0.49,0.637246120523071
accuracy_80pct,0.7,87.70575719087094,0.84,0.8450773762371451
accuracy_70pct,0.7,80.88542659035666,0.75,0.715934282741639
accuracy_60pct,0.7,73.98416327193664,0.67,0.5426987846247747
correlation_70pct,0.7,56.61609954162144,0.37,0.6800696584281625
correlation_60pct,0.7,56.143810079012304,0.39,0.5169945671599859
accuracy_80pct,0.7,85.9515127368216,0.83,0.7739384063658346
accuracy_70pct,0.7,78.44414894878848,0.74,0.6605278801316994
accuracy_60pct,0.7,71.90587604227905,0.67,0.5666638537805673
correlation_70pct,0.7,55.473451451698416,0.39,0.6302079332514283
correlation_60pct,0.7,50.39547232973468,0.36,0.4209752699671638
accuracy_80pct,0.7,86.93748342130866,0.85,0.7420688193751344
accuracy_70pct,0.7,80.15080980534196,0.76,0.651628416939855
accuracy_60pct,0.7,72.26632374969148,0.67,0.5323987698312156
correlation_70pct,0.7,63.698757464541295,0.47,0.7187529322271067
correlation_60pct,0.7,54.81712205871207,0.38,0.5711898743564731
accuracy_80pct,0.7,86.55740796367618,0.84,0.6638835179157159
accuracy_70pct,0.7,80.13393000237856,0.76,0.6823774345402563
accuracy_60pct,0.7,70.90597874484367,0.66,0.4489911774299473
correlation_70pct,0.7,56.456571567549624,0.4,0.615420087464454
correlation_60pct,0.7,61.028604242356636,0.45,0.7369771623614297
accuracy_80pct,0.7,85.64160181692014,0.83,0.7726135943174866
accuracy_70pct,0.7,82.37947998082919,0.79,0.7417828318404386
accuracy_60pct,0.7,70.1824380041414,0.65,0.40305545439084406
correlation_70pct,0.7,55.8813801352275,0.38,0.6079887190481786
correlation_60pct,0.7,54.2391826791333,0.35,0.551338158580309
accuracy_80pct,0.7,86.57439038801883,0.84,0.786040516717879
accuracy_70pct,0.7,84.59127035335301,0.82,0.7283080259223387
accuracy_60pct,0.7,71.5424751448515,0.66,0.44563409231869766
correlation_70pct,0.7,55.32795271195414,0.41,0.5230003677957415
correlation_60pct,0.7,49.755920118332504,0.35,0.4197331402035084
accuracy_80pct,0.7,86.3453095646439,0.83,0.7931274925426548
accuracy_70pct,0.7,85.03275340005042,0.81,0.762025500101335
accuracy_60pct,0.7,70.6741499742121,0.64,0.5669434365271216
correlation_70pct,0.7,59.42270909668743,0.43,0.7064667356155061
correlation_60pct,0.7,58.34167383858782,0.43,0.5804749005286105
accuracy_80pct,0.7,87.65542564611843,0.84,0.8000463064709096
accuracy_70pct,0.7,80.50830432273929,0.75,0.7108043258782896
accuracy_60pct,0.7,71.93647721543228,0.66,0.4728765130328698
correlation_70pct,0.7,59.70191622205641,0.44,0.6444938090518326
correlation_60pct,0.7,55.12988354724938,0.39,0.5857497696484787
accuracy_80pct,0.7,87.31185774166941,0.84,0.7389503228625554
accuracy_70pct,0.7,83.14775375039147,0.78,0.7516944114380412
accuracy_60pct,0.7,75.33037642107767,0.69,0.622033144843864
correlation_70pct,0.7,51.63613818328534,0.33,0.4906898054791792
correlation_60pct,0.7,56.752555874502775,0.41,0.5728744457495772
accuracy_80pct,0.7,86.34551480740237,0.83,0.7941355655777832
accuracy_70pct,0.7,83.16453093197565,0.78,0.7738759771747614
accuracy_60pct,0.7,74.6908242096755,0.68,0.6428956986537436
correlation_70pct,0.7,59.31076472011149,0.45,0.5401714676194076
correlation_60pct,0.7,51.58855458578945,0.34,0.5598572806536348
accuracy_80pct,0.7,86.0187240845375,0.83,0.8052933626746652
accuracy_70pct,0.7,82.78740866435828,0.78,0.7712051317702406
accuracy_60pct,0.7,73.64049274610836,0.67,0.5790435216065712
correlation_70pct,0.7,55.728146620762004,0.34,0.6600817581908707
correlation_60pct,0.7,59.40593191510325,0.43,0.5869062314577423
accuracy_80pct,0.7,88.88674122866843,0.87,0.7797318813083478
accuracy_70pct,0.7,86.52181996305835,0.8,0.8980247302126018
accuracy_60pct,0.7,75.31074867085763,0.68,0.6635393365014648
correlation_70pct,0.7,59.40593191510325,0.43,0.6119680271203144
correlation_60pct,0.7,58.68524174303684,0.43,0.6060811768003667
accuracy_80pct,0.7,88.24739426002473,0.86,0.8040112174164062
accuracy_70pct,0.7,82.11705003704438,0.78,0.7914249658293145
accuracy_60pct,0.7,71.2803530652044,0.65,0.5086936375362682
correlation_70pct,0.7,58.03166029730713,0.43,0.5902307550435708
correlation_60pct,0.7,50.180728604825006,0.34,0.4498404696833981
accuracy_80pct,0.7,86.60794475118718,0.84,0.8247898315947195
accuracy_70pct,0.7,77.74298390556288,0.75,0.6277914240696757
accuracy_60pct,0.7,74.29397157045887,0.67,0.5571287186550726
correlation_70pct,0.7,55.76943575865156,0.4,0.5714442265136565
correlation_60pct,0.7,56.174616494924024,0.38,0.6169489194249549
accuracy_80pct,0.7,84.87322542597862,0.84,0.7011165782884107
accuracy_70pct,0.7,80.80703657694907,0.77,0.7412038313719777
accuracy_60pct,0.7,76.47780609570682,0.72,0.6142689998262942
correlation_70pct,0.7,59.20511480314187,0.4,0.7031797012507873
correlation_60pct,0.7,46.837468808069815,0.31,0.4494341158148843
accuracy_80pct,0.7,86.2642742253589,0.84,0.7284065394886395
accuracy_70pct,0.7,84.01892948966675,0.81,0.705707942646954
accuracy_60pct,0.7,76.10353439672532,0.73,0.54826605113938
correlation_70pct,0.7,55.15794201590447,0.37,0.6406026123587113
correlation_60pct,0.7,54.45677697267887,0.38,0.5911336426745079
accuracy_80pct,0.7,85.6723056114526,0.82,0.7775006009219131
accuracy_70pct,0.7,82.47739512307759,0.78,0.796471153166472
accuracy_60pct,0.7,74.68807626241887,0.67,0.6577751347639661
correlation_70pct,0.7,54.945843616872175,0.36,0.6721430300911234
correlation_60pct,0.7,49.24519208646965,0.32,0.4714242589380353
accuracy_80pct,0.7,89.59085946190913,0.87,0.8497209399539666
accuracy_70pct,0.7,78.47770331195682,0.74,0.6729779288293813
accuracy_60pct,0.7,76.54226949616613,0.71,0.6146838139220809
correlation_70pct,0.7,52.94604902200142,0.34,0.6105435344837555
correlation_60pct,0.7,48.24529478903429,0.31,0.4689345134673481
accuracy_80pct,0.7,88.96808443209113,0.86,0.8659322242191693
accuracy_70pct,0.7,80.80428862969244,0.76,0.7067704615880901
accuracy_60pct,0.7,75.34440565540521,0.68,0.6925335514079374
correlation_70pct,0.7,57.80003676943404,0.41,0.6708881333809131
correlation_60pct,0.7,59.3723775519349,0.43,0.568965188927722
accuracy_80pct,0.7,88.24729163864549,0.86,0.7689731751777892
accuracy_70pct,0.7,79.00256319952643,0.76,0.587907495974725
accuracy_60pct,0.7,76.15111799422121,0.72,0.5404894807813747
correlation_70pct,0.7,58.61314618923557,0.38,0.6622722561964518
correlation_60pct,0.7,52.834104645425484,0.36,0.5003697354490669
accuracy_80pct,0.7,85.93473555523741,0.83,0.7569025840906001
accuracy_70pct,0.7,80.9854779914338,0.78,0.6584755892419832
accuracy_60pct,0.7,74.78812766349601,0.7,0.5588974771312523
correlation_70pct,0.7,51.8845388927426,0.35,0.5785184284025124
correlation_60pct,0.7,56.06542006560471,0.41,0.6072869965104505
accuracy_80pct,0.7,89.60753402211408,0.87,0.8079985430075297
accuracy_70pct,0.7,83.03265094104195,0.79,0.564796110866061
accuracy_60pct,0.7,76.60937822250278,0.71,0.5831699874128972
correlation_70pct,0.7,63.94715817399857,0.49,0.6474797190602813
correlation_60pct,0.7,56.51818439937305,0.38,0.5283689856562317
accuracy_80pct,0.7,89.23030913311747,0.87,0.7995423369147847
accuracy_70pct,0.7,79.117255523359,0.75,0.5896770116706858
accuracy_60pct,0.7,76.60663027524616,0.7,0.6225048082826364
correlation_70pct,0.7,63.60359026954953,0.49,0.6594044471813293
correlation_60pct,0.7,54.096431886645675,0.38,0.47940217752512826
accuracy_80pct,0.7,85.60794483237255,0.83,0.7121921885251494
accuracy_70pct,0.7,81.83488972166029,0.76,0.7208533386861805
accuracy_60pct,0.7,73.52854836953243,0.69,0.5201520958616304
correlation_70pct,0.7,58.4871725783321,0.41,0.602888677901258
correlation_60pct,0.7,53.146866133962796,0.37,0.5015371401419224
accuracy_80pct,0.7,90.621460553877,0.87,0.8718079555675018
accuracy_70pct,0.7,82.16463363454025,0.77,0.8008910116119708
accuracy_60pct,0.7,74.91959716891273,0.69,0.6118267438936924
correlation_70pct,0.7,56.847723069494535,0.39,0.6576867850442145
correlation_60pct,0.7,50.44590649586643,0.36,0.4734523934863493
accuracy_80pct,0.7,89.85328940569396,0.88,0.7935770196385998
accuracy_70pct,0.7,83.39605183846949,0.8,0.7421286045243884
accuracy_60pct,0.7,74.83856182962774,0.7,0.5617424288765359
correlation_70pct,0.7,59.79708341704816,0.42,0.6719044557332733
correlation_60pct,0.7,52.881688242921356,0.35,0.48473051213916213
accuracy_80pct,0.7,89.88674114748306,0.88,0.8448248498598125
accuracy_70pct,0.7,84.73666647171804,0.8,0.7650885816037799
accuracy_60pct,0.7,73.49774195362072,0.7,0.5692664534968038
correlation_70pct,0.7,47.67010335671217,0.29,0.5486401524637976
correlation_60pct,0.7,50.60268652268162,0.32,0.5258727242504878
accuracy_80pct,0.7,87.03265061630042,0.83,0.8647247204672563
accuracy_70pct,0.7,79.11715290197976,0.75,0.660085922201391
accuracy_60pct,0.7,73.03449489787454,0.66,0.6683791070959746
correlation_70pct,0.7,53.91513990352508,0.36,0.6629222071138154
correlation_60pct,0.7,48.820486221356404,0.33,0.4463803123873304
accuracy_80pct,0.7,88.62441390626287,0.86,0.8218998190439153
accuracy_70pct,0.7,80.67536182877387,0.78,0.5950053990416169
accuracy_60pct,0.7,76.8857347792359,0.71,0.6131305553455395
correlation_70pct,0.7,55.22494812086191,0.37,0.5640839697846249
correlation_60pct,0.7,53.60227579360853,0.35,0.5956646146560567
accuracy_80pct,0.7,84.96839262097036,0.82,0.7238620169696142
accuracy_70pct,0.7,76.41354793800602,0.73,0.5683608409502295
accuracy_60pct,0.7,71.62646367415158,0.66,0.48285650790904205
correlation_70pct,0.7,60.014677710593716,0.45,0.6932378718089001
correlation_60pct,0.7,50.75317208989049,0.35,0.4899058468191436
accuracy_80pct,0.7,88.88694647142691,0.87,0.8127955912011782
accuracy_70pct,0.7,85.03275340005044,0.81,0.7296001641776703
accuracy_60pct,0.7,73.03449489787452,0.66,0.6065396769315367
correlation_70pct,0.7,60.38905203095447,0.44,0.6514741626593675
correlation_60pct,0.7,54.83389924029623,0.38,0.6590897770389564
accuracy_80pct,0.7,87.5266014665791,0.86,0.7153074281502573
accuracy_70pct,0.7,78.52803485670933,0.74,0.6726322578891586
accuracy_60pct,0.7,74.23246136001467,0.69,0.5869498954555274
correlation_70pct,0.7,53.89836272194091,0.36,0.5763832110160396
correlation_60pct,0.7,52.54086828572895,0.36,0.5823519461218072
accuracy_80pct,0.7,84.64170451948475,0.82,0.7328467645550591
accuracy_70pct,0.7,81.1814108973098,0.76,0.7175626895455582
accuracy_60pct,0.7,75.5591493803149,0.7,0.5685238876724888
correlation_70pct,0.7,64.25717171527924,0.49,0.6449774947145108
correlation_60pct,0.7,51.53822304103694,0.34,0.46235820740913053
accuracy_80pct,0.7,87.60773942724332,0.85,0.7177244886655219
accuracy_70pct,0.7,78.05299744684355,0.75,0.5089408289741127
accuracy_60pct,0.7,76.11756363105286,0.72,0.5089503375564244
correlation_70pct,0.7,61.011827060772475,0.45,0.525369544446137
correlation_60pct,0.7,62.29093148357683,0.47,0.5100862146722158
accuracy_80pct,0.7,87.09701139538048,0.82,0.8612378060977312
accuracy_70pct,0.7,79.67546453133849,0.77,0.5479130449737026
accuracy_60pct,0.7,74.98406056937202,0.68,0.6453876714993487
correlation_70pct,0.7,54.88148283779211,0.37,0.553455565648269
correlation_60pct,0.7,57.7664824062657,0.41,0.619269765924062
accuracy_80pct,0.7,86.00194690295332,0.83,0.8039346042566965
accuracy_70pct,0.7,78.75680781594657,0.75,0.5774776398605652
accuracy_60pct,0.7,74.91939192615425,0.69,0.5371295181869462
correlation_70pct,0.7,58.06246671321884,0.42,0.6131652347866258
correlation_60pct,0.7,54.864705656207946,0.37,0.5205591436142922
accuracy_80pct,0.7,88.60773934605794,0.86,0.8084552820367183
accuracy_70pct,0.7,78.49458311492023,0.74,0.6532235212861134
accuracy_60pct,0.7,76.90546515083517,0.72,0.634260486995489
correlation_70pct,0.7,59.32754190169566,0.45,0.6213648027693618
correlation_60pct,0.7,54.83389924029623,0.38,0.5053541952519652
accuracy_80pct,0.7,86.96818721584114,0.84,0.7666676140565523
accuracy_70pct,0.7,79.90240909588469,0.74,0.7253243457779573
accuracy_60pct,0.7,73.91959725009811,0.68,0.5437018802223123
correlation_70pct,0.7,58.844769717108676,0.4,0.627064275108661
correlation_60pct,0.7,54.378386959271275,0.4,0.5217282721874642
accuracy_80pct,0.7,86.00194690295334,0.83,0.8285217620384313
accuracy_70pct,0.7,81.75375176099607,0.77,0.6939564822940966
accuracy_60pct,0.7,77.80439149462782,0.73,0.6156876585167385
correlation_70pct,0.7,57.84762036692992,0.4,0.6800112090931285
correlation_60pct,0.7,51.130294357507864,0.35,0.47579748134605215
accuracy_80pct,0.7,90.93432466379355,0.88,0.8881343337946865
accuracy_70pct,0.7,84.0832902687468,0.8,0.7727572779698788
accuracy_60pct,0.7,72.72183603071645,0.65,0.5758579068451106
correlation_70pct,0.7,61.684933635342986,0.46,0.6360203228673239
correlation_60pct,0.7,56.98417940237587,0.43,0.43001686560896385
accuracy_80pct,0.7,86.5432761079694,0.85,0.6797462585788635
accuracy_70pct,0.7,76.84110437175514,0.73,0.646079582893636
accuracy_60pct,0.7,76.95009555831597,0.7,0.6367501503483016
correlation_70pct,0.7,52.540868285728955,0.36,0.5745091631256074
correlation_60pct,0.7,54.14666081001893,0.38,0.5387543459120359
accuracy_80pct,0.7,88.11582213322876,0.87,0.702022529808378
accuracy_70pct,0.7,82.40997853260318,0.78,0.6797428617129954
accuracy_60pct,0.7,74.65716722512792,0.68,0.6397751953514011
correlation_70pct,0.7,59.15753120564598,0.41,0.6988258558226271
correlation_60pct,0.7,55.45667427011424,0.39,0.561086868928132
accuracy_80pct,0.7,87.57418506407498,0.85,0.7680285168599092
accuracy_70pct,0.7,80.39371462028596,0.76,0.6347771899090118
accuracy_60pct,0.7,77.96687265871476,0.71,0.7300951104294797
correlation_70pct,0.7,53.70517776332151,0.39,0.4759501693411533
correlation_60pct,0.7,57.20806815552774,0.39,0.6773795446780987
accuracy_80pct,0.7,84.96839262097039,0.82,0.7848500119347338
accuracy_70pct,0.7,80.1003756392102,0.76,0.7333996831725885
accuracy_60pct,0.7,76.03143884292405,0.68,0.7188400276962114
correlation_70pct,0.7,56.752555874502775,0.41,0.6446523477931478
correlation_60pct,0.7,54.6716233189678,0.4,0.5525472251668457
accuracy_80pct,0.7,88.59085954309452,0.86,0.8101498434650487
accuracy_70pct,0.7,80.4467941122951,0.77,0.7436772497205237
accuracy_60pct,0.7,70.5623082190154,0.66,0.5113148671343174
correlation_70pct,0.7,56.752555874502775,0.41,0.6397431276915416
correlation_60pct,0.7,52.392621598728056,0.37,0.5055759442193768
accuracy_80pct,0.7,86.95141003425697,0.84,0.7936307423004667
accuracy_70pct,0.7,81.32894327450359,0.78,0.6433254367083578
accuracy_60pct,0.7,76.8383564244985,0.72,0.665995110824924
correlation_70pct,0.7,58.358451020172,0.43,0.6150620729676031
correlation_60pct,0.7,52.14696883652741,0.36,0.5429167894767731
accuracy_80pct,0.7,90.21353187034792,0.88,0.8205091165211492
accuracy_70pct,0.7,78.16494182341951,0.73,0.6261765088089559
accuracy_60pct,0.7,72.2157869621805,0.67,0.49167501287887777
correlation_70pct,0.7,56.096226481516425,0.4,0.6034041416225696
correlation_60pct,0.7,53.850779124445026,0.37,0.6032439182018902
accuracy_80pct,0.7,86.54358397210711,0.85,0.7224858903643945
accuracy_70pct,0.7,81.00204993025949,0.78,0.5831482909040119
accuracy_60pct,0.7,77.26306228961175,0.71,0.7235368203206123
correlation_70pct,0.7,58.735573287789364,0.43,0.6260832378132325
correlation_60pct,0.7,48.39852830349979,0.35,0.39532976972256384
accuracy_80pct,0.7,89.294875154956,0.86,0.8461120019682165
accuracy_70pct,0.7,85.31185790404017,0.82,0.6969625462918229
accuracy_60pct,0.7,72.60978903276128,0.67,0.54452948924299
correlation_70pct,0.7,58.48717257833209,0.41,0.6310802126759802
correlation_60pct,0.7,56.39221078846957,0.41,0.5806015644772822
accuracy_80pct,0.7,88.26417144160891,0.86,0.8191240677341931
accuracy_70pct,0.7,78.13413540750777,0.74,0.5807856825102748
accuracy_60pct,0.7,76.98385516424277,0.7,0.6806171843061193
correlation_70pct,0.7,56.59932236003726,0.37,0.6061449852597143
correlation_60pct,0.7,55.56861864669017,0.37,0.5664860138387166
accuracy_80pct,0.7,84.00204968670334,0.81,0.7572636948043698
accuracy_70pct,0.7,78.21527336817202,0.73,0.673430716734374
accuracy_60pct,0.7,74.23235873863543,0.69,0.5978015578453648
correlation_70pct,0.7,55.91218655113921,0.37,0.5926277099253067
correlation_60pct,0.7,44.03360720026047,0.26,0.43024900733288357
accuracy_80pct,0.7,85.03560396868629,0.82,0.8259111438004381
accuracy_70pct,0.7,81.44373821971539,0.77,0.6651849832451201
accuracy_60pct,0.7,78.18151376224519,0.73,0.593129266013141
correlation_70pct,0.7,55.9121865511392,0.37,0.5884703062744856
correlation_60pct,0.7,61.274257004557285,0.46,0.599274393785976
accuracy_80pct,0.7,85.60784221099333,0.83,0.7235570760709157
accuracy_70pct,0.7,78.50850972786854,0.73,0.688468107261165
accuracy_60pct,0.7,76.60948084388203,0.71,0.6975562801167741
correlation_70pct,0.7,60.29113688870606,0.45,0.5856234046359926
correlation_60pct,0.7,58.702018924621015,0.43,0.6350161158787019
accuracy_80pct,0.7,85.26447954930276,0.83,0.7427637721009033
accuracy_70pct,0.7,78.7569104373258,0.75,0.601556081886472
accuracy_60pct,0.7,72.34735908897648,0.66,0.5751115442411883
correlation_70pct,0.7,58.392005383340326,0.43,0.6361714828813148
correlation_60pct,0.7,59.5731946638963,0.46,0.5404536693265309
accuracy_80pct,0.7,88.62441390626286,0.86,0.8550255085940554
accuracy_70pct,0.7,79.47444217661862,0.74,0.6103012658601671
accuracy_60pct,0.7,73.77206487290434,0.66,0.7159404828049495
correlation_70pct,0.7,67.53607073295437,0.53,0.7624961493283863
correlation_60pct,0.7,46.99699678214164,0.28,0.4274288288699428
accuracy_80pct,0.7,89.37601311562021,0.85,0.9190791316989373
accuracy_70pct,0.7,80.14795923670609,0.75,0.7046982328696848
accuracy_60pct,0.7,74.29692476047396,0.68,0.6623427393309727
correlation_70pct,0.7,60.34146843345858,0.45,0.6450525308609933
correlation_60pct,0.7,49.99668867444778,0.31,0.5111097488391764
accuracy_80pct,0.7,85.36229207017192,0.82,0.7829985449897493
accuracy_70pct,0.7,82.10017023408096,0.78,0.7382498542949194
accuracy_60pct,0.7,76.42726930819585,0.72,0.4755900596726943
correlation_70pct,0.7,57.43969168340084,0.41,0.5961045420451597
correlation_60pct,0.7,61.26022777022973,0.47,0.5967941242111977
accuracy_80pct,0.7,86.96828983722038,0.84,0.8250245520071078
accuracy_70pct,0.7,82.80418584594244,0.78,0.7856402427025923
accuracy_60pct,0.7,77.57572115676984,0.72,0.6735377840895048
correlation_70pct,0.7,56.926113082902134,0.37,0.6230790470619539
correlation_60pct,0.7,52.08260805744736,0.37,0.4967425688056885
accuracy_80pct,0.7,88.18303348094469,0.87,0.7907721774409199
accuracy_70pct,0.7,78.19859880796709,0.73,0.6533331890487275
accuracy_60pct,0.7,74.69082420967548,0.68,0.6839870960455873
correlation_70pct,0.7,63.651173867045415,0.48,0.6909103533956843
correlation_60pct,0.7,56.11290104172136,0.4,0.5032946254039691
accuracy_80pct,0.7,86.40987558648243,0.82,0.8512959978334399
accuracy_70pct,0.7,81.55588783904979,0.75,0.7754639103523101
accuracy_60pct,0.7,76.32742314987719,0.69,0.665647942821385
correlation_70pct,0.7,60.40582921253863,0.44,0.6784050114891809
correlation_60pct,0.7,56.87852948540625,0.38,0.5929958676007453
accuracy_80pct,0.7,87.03265061630043,0.83,0.8425419247654314
accuracy_70pct,0.7,85.3929958647044,0.81,0.7595537557568631
accuracy_60pct,0.7,72.65737263025716,0.66,0.5721161574861676
correlation_70pct,0.7,61.04538142394081,0.45,0.7415115589933969
correlation_60pct,0.7,56.425765151637904,0.41,0.5939163196624283
accuracy_80pct,0.7,88.91754764458015,0.86,0.7898077067865495
accuracy_70pct,0.7,82.1002728554602,0.78,0.7676091591703716
accuracy_60pct,0.7,73.23256406257929,0.68,0.49405297678740234
correlation_70pct,0.7,58.48717257833211,0.41,0.5870322833509939
correlation_60pct,0.7,59.685036419092995,0.44,0.5636013733840746
accuracy_80pct,0.7,89.6552202409892,0.86,0.8673608477478922
accuracy_70pct,0.7,78.83815101936926,0.74,0.6821244283210175
accuracy_60pct,0.7,77.592498338354,0.72,0.6638013424291289
correlation_70pct,0.7,59.09317042656594,0.42,0.6037845490720126
correlation_60pct,0.7,56.52093234662968,0.39,0.5320016439830494
accuracy_80pct,0.7,86.28094878556384,0.84,0.7426518805253605
accuracy_70pct,0.7,79.13393008356394,0.75,0.6767075353428019
accuracy_60pct,0.7,74.2322561172562,0.69,0.48475856452685
correlation_70pct,0.7,57.3032353505195,0.37,0.6769146837075858
correlation_60pct,0.7,51.55500022262111,0.34,0.5075930980338642
accuracy_80pct,0.7,85.88715195774154,0.84,0.7351438048138239
accuracy_70pct,0.7,83.13077132604882,0.78,0.7774609577016246
accuracy_60pct,0.7,73.62340770038648,0.67,0.5657741406452704
correlation_70pct,0.7,56.936595804879985,0.44,0.6011496577533244
correlation_60pct,0.7,56.99810601532417,0.42,0.5767662873675865
accuracy_80pct,0.7,88.23041183568209,0.86,0.7371905005731297
accuracy_70pct,0.7,78.43011971446094,0.75,0.6326718907107044
accuracy_60pct,0.7,79.21232009697152,0.73,0.6260727299512968
correlation_70pct,0.7,58.47039539674793,0.41,0.5931278669929678
correlation_60pct,0.7,65.19270823363458,0.51,0.6584488627731997
accuracy_80pct,0.7,86.0187240845375,0.83,0.8038427179799384
accuracy_70pct,0.7,82.7230478852782,0.79,0.6522849479639218
accuracy_60pct,0.7,72.64049282729376,0.66,0.47079852395866945
correlation_70pct,0.7,62.91645446065147,0.49,0.6706827428973327
correlation_60pct,0.7,58.91686527090995,0.45,0.4894938963801689
accuracy_80pct,0.7,88.26406882022967,0.86,0.8184551176458483
accuracy_70pct,0.7,81.75660232963193,0.78,0.7421209732725973
accuracy_60pct,0.7,74.60958362763202,0.69,0.6518170094857259
correlation_70pct,0.7,56.224948039676526,0.38,0.6259064308456688
correlation_60pct,0.7,55.113003744285976,0.39,0.5338778316760395
accuracy_80pct,0.7,88.01577073215164,0.84,0.8515772868549075
accuracy_70pct,0.7,78.77368761890997,0.75,0.6190618618385137
accuracy_60pct,0.7,76.16494198579026,0.71,0.5322178011593025
correlation_70pct,0.7,57.14360475506845,0.4,0.6345522246605296
correlation_60pct,0.7,66.80135132656042,0.54,0.7203430519442273
accuracy_80pct,0.7,87.26417152279429,0.85,0.7702156881623909
accuracy_70pct,0.7,77.52824018065319,0.73,0.6488005730836113
accuracy_60pct,0.7,74.39188671270726,0.66,0.6305676069710555
correlation_70pct,0.7,61.12377143734841,0.43,0.6568574150934386
correlation_60pct,0.7,52.538120338472325,0.35,0.4866627180534018
accuracy_80pct,0.7,90.27779002804874,0.87,0.8436291281611837
accuracy_70pct,0.7,78.4131372901183,0.75,0.5675694507480362
accuracy_60pct,0.7,74.64039004354375,0.68,0.651964254611132
correlation_70pct,0.7,57.456468864985,0.41,0.6601246719031437
correlation_60pct,0.7,52.47375955939227,0.36,0.5245503325466715
accuracy_80pct,0.7,85.06641038459802,0.81,0.8529606015066671
accuracy_70pct,0.7,81.41008123516781,0.77,0.6644957140645376
accuracy_60pct,0.7,80.15070718396271,0.76,0.741199087485462
correlation_70pct,0.7,54.50436057017474,0.37,0.5320655651634295
correlation_60pct,0.7,55.225050742241145,0.37,0.6211812719730767
accuracy_80pct,0.7,84.90413446326956,0.83,0.7285056134658485
accuracy_70pct,0.7,81.03580953618629,0.78,0.6961199757428027
accuracy_60pct,0.7,70.316758078194,0.65,0.5595062447839139
correlation_70pct,0.7,54.12988362843476,0.38,0.5243295796605265
correlation_60pct,0.7,50.867864413723055,0.34,0.47701703445303606
accuracy_80pct,0.7,88.67199750375876,0.85,0.8577360035887185
accuracy_70pct,0.7,83.14754850763299,0.78,0.7439249769393615
accuracy_60pct,0.7,73.65726992769255,0.67,0.654028464543799
correlation_70pct,0.7,61.04538142394081,0.45,0.6919356499983262
correlation_60pct,0.7,47.48606342633495,0.26,0.5059922787329911
accuracy_80pct,0.7,87.26427414417353,0.85,0.7993425239037991
accuracy_70pct,0.7,82.69213884798727,0.8,0.6920381081295425
accuracy_60pct,0.7,74.29967270773058,0.69,0.6579720764246508
correlation_70pct,0.7,63.02565088997078,0.46,0.6541820087237069
correlation_60pct,0.7,55.11310636566522,0.39,0.5358315597774519
accuracy_80pct,0.7,87.24749696258935,0.85,0.7877303276160721
accuracy_70pct,0.7,80.41323974912676,0.77,0.7097443407202068
accuracy_60pct,0.7,73.33047920482768,0.67,0.5654244102059907
correlation_70pct,0.7,53.13008895237863,0.37,0.46814000911694886
correlation_60pct,0.7,46.48261961654988,0.33,0.3584515321579163
accuracy_80pct,0.7,88.95130725050697,0.86,0.8487105105737577
accuracy_70pct,0.7,83.78720334041442,0.79,0.7822591984380796
accuracy_60pct,0.7,75.91949446634811,0.7,0.6515770627300725
correlation_70pct,0.7,64.02554818740616,0.47,0.7332531199048035
correlation_60pct,0.7,54.81712205871206,0.38,0.5591927237976313
accuracy_80pct,0.7,87.68898000928678,0.84,0.8914383148189506
accuracy_70pct,0.7,82.10006761270174,0.78,0.7357590320038673
accuracy_60pct,0.7,75.21283352860925,0.69,0.5595945357043994
correlation_70pct,0.7,58.48717257833209,0.41,0.6773350084762345
correlation_60pct,0.7,56.16048463921724,0.39,0.5999945237451001
accuracy_80pct,0.7,86.93453023129356,0.84,0.7760714627452345
accuracy_70pct,0.7,81.16463371572564,0.76,0.7645860987218626
accuracy_60pct,0.7,77.70647635237944,0.74,0.5536185718458759
correlation_70pct,0.7,56.34462719097369,0.42,0.5835255460149608
correlation_60pct,0.7,48.90162418202064,0.32,0.5376623395996571
accuracy_80pct,0.7,86.28105140694308,0.84,0.7584458572671327
accuracy_70pct,0.7,82.47444193306248,0.77,0.7380478087194132
accuracy_60pct,0.7,75.1988042942817,0.7,0.6154092078215162
correlation_70pct,0.7,59.997900529009556,0.45,0.5996966967070535
correlation_60pct,0.7,47.98286484524948,0.3,0.47389285758908584
accuracy_80pct,0.7,88.2641714416089,0.86,0.8359362488405747
accuracy_70pct,0.7,83.08329034993218,0.79,0.7187629277095555
accuracy_60pct,0.7,70.90567088070596,0.66,0.40572617637706887
correlation_70pct,0.7,61.15457785326011,0.42,0.7224786936467839
correlation_60pct,0.7,55.79749422730664,0.38,0.5204255728535032
accuracy_80pct,0.7,87.95130733169235,0.85,0.7970060888484741
accuracy_70pct,0.7,79.52803477552395,0.75,0.7681902093367556
accuracy_60pct,0.7,72.54237244228686,0.67,0.45684298953918456
correlation_70pct,0.7,58.517978994243805,0.4,0.6293287249677993
correlation_60pct,0.7,57.78325958784987,0.41,0.6071205017298238
accuracy_80pct,0.7,87.24749696258935,0.85,0.8011313418551106
accuracy_70pct,0.7,77.83815110055464,0.73,0.6106626603806407
accuracy_60pct,0.7,75.57592656189908,0.7,0.6338151781363723
correlation_70pct,0.7,57.878426782841636,0.39,0.6008582557980476
correlation_60pct,0.7,56.73577869291861,0.41,0.5181215510180485
accuracy_80pct,0.7,88.83936287393104,0.88,0.8065231761533258
accuracy_70pct,0.7,79.29834226372111,0.77,0.5559159600765093
accuracy_60pct,0.7,72.24944394672806,0.67,0.5612487585051494
correlation_70pct,0.7,58.63765814554096,0.44,0.5733907686275853
correlation_60pct,0.7,48.639194238235824,0.31,0.5547988244222689
accuracy_80pct,0.7,84.96839262097038,0.82,0.7480024124194632
accuracy_70pct,0.7,82.49142435740512,0.77,0.7776096323596466
accuracy_60pct,0.7,76.96707798265861,0.7,0.6701084718585909
correlation_70pct,0.7,55.786212940235735,0.4,0.60757040827513
correlation_60pct,0.7,57.04579223419929,0.41,0.6081292355898701
accuracy_80pct,0.7,88.9176502659594,0.86,0.7602269397144644
accuracy_70pct,0.7,83.21211452947153,0.77,0.8153324830665594
accuracy_60pct,0.7,73.01771771629036,0.66,0.5335803504527167
correlation_70pct,0.7,62.68208298552174,0.46,0.6128289620316112
correlation_60pct,0.7,53.018144575802694,0.39,0.48162468037274625
accuracy_80pct,0.7,86.68898009047216,0.83,0.8257932713415957
accuracy_70pct,0.7,80.14806185808533,0.75,0.7492177592456087
accuracy_60pct,0.7,72.91949470990426,0.67,0.49415124437536134
correlation_70pct,0.7,52.177775252439126,0.35,0.5639508599331401
correlation_60pct,0.7,49.91555071378355,0.32,0.49545305982370397
accuracy_80pct,0.7,88.28094862319307,0.86,0.8434705059472155
accuracy_70pct,0.7,81.55578521767055,0.75,0.6745992469142047
accuracy_60pct,0.7,75.21558147586587,0.7,0.5941158235441202
correlation_70pct,0.7,58.63765814554097,0.44,0.5336085596546912
correlation_60pct,0.7,59.65433262456052,0.45,0.5562448549975458
accuracy_80pct,0.7,85.92070632090989,0.84,0.7334961133062089
accuracy_70pct,0.7,82.52497872057346,0.77,0.8380971344185437
accuracy_60pct,0.7,76.59260104091864,0.71,0.6761907578447571
correlation_70pct,0.7,59.062364010654214,0.43,0.6550703570213386
correlation_60pct,0.7,55.84782577205915,0.38,0.5994484330267679
accuracy_80pct,0.7,88.63854576196964,0.85,0.8415062554678957
accuracy_70pct,0.7,80.9854779914338,0.78,0.5778402653567087
accuracy_60pct,0.7,73.62381818590343,0.67,0.5835512583693926
correlation_70pct,0.7,52.38763477126346,0.32,0.5913451686984711
correlation_60pct,0.7,48.734361433227605,0.29,0.5366800837130203
accuracy_80pct,0.7,88.5097215824303,0.87,0.7716151433437471
accuracy_70pct,0.7,79.9855806939984,0.77,0.6138442932481463
accuracy_60pct,0.7,75.2798396335667,0.69,0.6718563574702289
correlation_70pct,0.7,52.538120338472325,0.35,0.5315728626826762
correlation_60pct,0.7,48.94920777951651,0.31,0.4939217583710774
accuracy_80pct,0.7,87.26417152279429,0.85,0.7803915384369561
accuracy_70pct,0.7,82.11705003704438,0.78,0.7741796848060485
accuracy_60pct,0.7,74.91949454753347,0.69,0.6127921086511325
correlation_70pct,0.7,66.84893492405631,0.53,0.7317428726567748
correlation_60pct,0.7,53.75286398219663,0.38,0.5050699756371317
accuracy_80pct,0.7,84.60794491355794,0.82,0.6704338759729518
accuracy_70pct,0.7,75.21843204450174,0.71,0.629380266718965
accuracy_60pct,0.7,73.40897183961451,0.65,0.6553361224648132
correlation_70pct,0.7,61.30781136772563,0.46,0.6988467000038636
correlation_60pct,0.7,49.83441275311934,0.33,0.40911416788265637
accuracy_80pct,0.7,83.70891594838606,0.81,0.7862121681977652
accuracy_70pct,0.7,82.39625716241336,0.79,0.7364661211285412
accuracy_60pct,0.7,71.29692500403009,0.65,0.4889453284748072
correlation_70pct,0.7,57.783259587849855,0.41,0.6345630794112106
correlation_60pct,0.7,48.96598496110069,0.31,0.5354389864051047
accuracy_80pct,0.7,86.88715187655615,0.85,0.7598658730967301
accuracy_70pct,0.7,78.77368761890997,0.75,0.5986755847967253
accuracy_60pct,0.7,76.34420033146135,0.69,0.7076625618750008
correlation_70pct,0.7,56.16058726059647,0.39,0.5400136952647817
correlation_60pct,0.7,55.127032978613514,0.38,0.49155159328759335
accuracy_80pct,0.7,85.26417168516505,0.83,0.6789821198192912
accuracy_70pct,0.7,85.01597621846626,0.81,0.7205953886156132
accuracy_60pct,0.7,76.8549283633242,0.72,0.5544558942566428
correlation_70pct,0.7,62.32448584674516,0.47,0.7024989524933495
correlation_60pct,0.7,50.421394539561035,0.3,0.548865050168435
accuracy_80pct,0.7,86.01862146315827,0.83,0.8124028168852743
accuracy_70pct,0.7,80.67068286544698,0.73,0.842311073685815
accuracy_60pct,0.7,75.03439211412453,0.68,0.7064802717154113
correlation_70pct,0.7,61.82768442783063,0.43,0.7269055949831579
correlation_60pct,0.7,52.034921838572245,0.38,0.4710593148525487
accuracy_80pct,0.7,85.31481109405527,0.83,0.810296227575876
accuracy_70pct,0.7,78.41334253287677,0.75,0.6551869932786265
accuracy_60pct,0.7,78.60377954423953,0.71,0.7487105743905863
correlation_70pct,0.7,60.028706944921254,0.44,0.6686585805966538
correlation_60pct,0.7,46.9829675478141,0.29,0.5071642860136285
accuracy_80pct,0.7,87.21669054667764,0.86,0.7621421975750432
accuracy_70pct,0.7,80.50830432273929,0.75,0.7079112363428859
accuracy_60pct,0.7,72.60968641138203,0.67,0.5586186836859461
correlation_70pct,0.7,58.78315688528524,0.42,0.6910931349232201
correlation_60pct,0.7,53.242033328954555,0.35,0.5904675819201626
accuracy_80pct,0.7,89.63844305940503,0.86,0.866504930575531
accuracy_70pct,0.7,81.117152739609,0.77,0.7436801684721052
accuracy_60pct,0.7,72.90577333971441,0.68,0.5713079275612649
correlation_70pct,0.7,53.275587692122905,0.35,0.5844145524958105
correlation_60pct,0.7,51.619361001701165,0.33,0.5294080621345175
accuracy_80pct,0.7,90.27789264942797,0.87,0.8352283209825464
accuracy_70pct,0.7,83.37917203550609,0.8,0.7025459452800682
accuracy_60pct,0.7,75.51166840419826,0.71,0.6140327744305267
correlation_70pct,0.7,62.01172435820785,0.46,0.6876851048868035
correlation_60pct,0.7,50.245089383905054,0.33,0.4443550161592466
accuracy_80pct,0.7,87.03265061630043,0.83,0.8298197289072178
accuracy_70pct,0.7,82.72294526389899,0.79,0.6997804333806559
accuracy_60pct,0.7,74.55914946150028,0.69,0.5626085668764286
correlation_70pct,0.7,63.29082878101221,0.48,0.7054333047575392
correlation_60pct,0.7,54.44274773835132,0.39,0.5435448439091684
accuracy_80pct,0.7,91.14917101008248,0.9,0.8422933317704084
accuracy_70pct,0.7,78.18151376224519,0.73,0.6219436559948075
accuracy_60pct,0.7,75.34420041264674,0.68,0.6309973678180242
correlation_70pct,0.7,63.53922949046948,0.5,0.6298992037045862
correlation_60pct,0.7,57.91971592073119,0.45,0.5354525468625834
accuracy_80pct,0.7,90.2779952708072,0.87,0.8685807857888482
accuracy_70pct,0.7,80.5083043227393,0.75,0.7231645718084303
accuracy_60pct,0.7,75.01751231116111,0.68,0.6905145912824437
correlation_70pct,0.7,51.652915364869514,0.33,0.5800776702076593
correlation_60pct,0.7,53.81722476127669,0.37,0.5077457871739234
accuracy_80pct,0.7,89.95120454794235,0.87,0.8793325453877917
accuracy_70pct,0.7,82.10302080271684,0.79,0.7330934701843876
accuracy_60pct,0.7,74.37510953112307,0.66,0.5386827110050864
correlation_70pct,0.7,60.96424346327659,0.46,0.5625154108247662
correlation_60pct,0.7,51.47661020921352,0.36,0.45185133819163675
accuracy_80pct,0.7,89.54317324303402,0.88,0.7530641661700014
accuracy_70pct,0.7,80.19839340283784,0.75,0.6686801637933106
accuracy_60pct,0.7,79.42726906463969,0.75,0.6421076067210104
correlation_70pct,0.7,62.01172435820785,0.46,0.613975464328014
correlation_60pct,0.7,52.588451883224835,0.35,0.5643336951603852
accuracy_80pct,0.7,89.67199742257337,0.86,0.8962386633575042
accuracy_70pct,0.7,80.47739528544834,0.76,0.7007948110153003
accuracy_60pct,0.7,74.54247490129535,0.69,0.5301296219211817
correlation_70pct,0.7,53.73608680061247,0.38,0.4950213353868558
correlation_60pct,0.7,48.65322347256337,0.3,0.4669171727425942
accuracy_80pct,0.7,88.67210012513797,0.85,0.8691111610640645
accuracy_70pct,0.7,79.36565623281626,0.77,0.6445976504183929
accuracy_60pct,0.7,76.57287066931936,0.7,0.5935085595618689
correlation_70pct,0.7,58.110050310714726,0.41,0.5831166616494278
correlation_60pct,0.7,49.37391364462977,0.3,0.5434375254357356
accuracy_80pct,0.7,86.0326506974858,0.82,0.7643471499661613
accuracy_70pct,0.7,82.44373813853001,0.78,0.7485050958074561
accuracy_60pct,0.7,70.34746187272647,0.64,0.5739237103468258
correlation_70pct,0.7,60.63745274041173,0.46,0.6287539485186298
correlation_60pct,0.7,48.343209931282686,0.3,0.48007305443715886
accuracy_80pct,0.7,87.62441398744825,0.85,0.8155243955178346
accuracy_70pct,0.7,82.52497872057347,0.77,0.8227135855357172
accuracy_60pct,0.7,76.21547877330126,0.71,0.6309287748382698
correlation_70pct,0.7,51.30659951316385,0.32,0.5901690764412431
correlation_60pct,0.7,53.92916913785262,0.35,0.6009963258871622
accuracy_80pct,0.7,87.67210020632336,0.84,0.7824106931360474
accuracy_70pct,0.7,84.47423652793324,0.79,0.7680326631498476
accuracy_60pct,0.7,71.67425251440595,0.65,0.5094867878231525
correlation_70pct,0.7,56.568515944125565,0.38,0.6334030940805663
correlation_60pct,0.7,53.83400194286085,0.37,0.5114826034314848
accuracy_80pct,0.7,88.31175503910478,0.85,0.862907303237723
accuracy_70pct,0.7,80.13403262375779,0.76,0.7693301757874642
accuracy_60pct,0.7,71.26632383087686,0.66,0.591989256265211
correlation_70pct,0.7,54.16079266572571,0.37,0.5981096281881946
correlation_60pct,0.7,58.7496025221169,0.42,0.6762818556262852
accuracy_80pct,0.7,86.64149911435551,0.84,0.8139766502471659
accuracy_70pct,0.7,81.39635986497798,0.78,0.6821451709822379
accuracy_60pct,0.7,73.36403356799603,0.67,0.625203613716172
correlation_70pct,0.7,60.73261993540349,0.44,0.6361592700060587
correlation_60pct,0.7,57.00095658396003,0.43,0.5668128791537456
accuracy_80pct,0.7,86.27820083830721,0.83,0.7331036472937728
accuracy_70pct,0.7,82.49417230466175,0.78,0.8165216035849971
accuracy_60pct,0.7,74.90281998732857,0.69,0.6051364388377671
correlation_70pct,0.7,62.60094502485752,0.47,0.642398078800038
correlation_60pct,0.7,50.3094501629851,0.32,0.5690231063780566
accuracy_80pct,0.7,86.34551480740237,0.83,0.7967512102857552
accuracy_70pct,0.7,81.72304796646361,0.78,0.6722946836009311
accuracy_60pct,0.7,78.24607978408372,0.72,0.6271814225209124
correlation_70pct,0.7,65.2738461942988,0.5,0.7067546710007118
correlation_60pct,0.7,52.11616242061571,0.37,0.4193826644209277
accuracy_80pct,0.7,85.01882678710213,0.82,0.7982142732611178
accuracy_70pct,0.7,82.00215247045334,0.79,0.6646361696441424
accuracy_60pct,0.7,77.57582377814907,0.72,0.676360648516508
correlation_70pct,0.7,57.39210808590495,0.42,0.5901280602929209
correlation_60pct,0.7,55.45667427011425,0.39,0.567736657672272
accuracy_80pct,0.7,88.24739426002472,0.86,0.826583553197648
accuracy_70pct,0.7,81.08359837644066,0.77,0.7027741874246912
accuracy_60pct,0.7,73.04842151082283,0.65,0.6334458226170321
correlation_70pct,0.7,62.913706513394835,0.48,0.6607603886595792
correlation_60pct,0.7,49.591507938175326,0.33,0.5459937578053151
accuracy_80pct,0.7,86.01862146315827,0.83,0.7986838591515526
accuracy_70pct,0.7,82.14775383157685,0.77,0.7472257899121195
accuracy_60pct,0.7,72.60978903276128,0.67,0.5225858056174773
correlation_70pct,0.7,56.350921650580005,0.35,0.6478979819290005
correlation_60pct,0.7,55.861855006386705,0.37,0.5752605018850906
accuracy_80pct,0.7,84.65848170106892,0.82,0.7672105095394842
accuracy_70pct,0.7,79.44414886760309,0.75,0.6178378355887651
accuracy_60pct,0.7,75.01761493254035,0.68,0.6654396911026396
correlation_70pct,0.7,65.55305331966778,0.51,0.66614373577725
correlation_60pct,0.7,53.42607325933177,0.38,0.4893650585517011
accuracy_80pct,0.7,89.27809797337183,0.86,0.8444182090285769
accuracy_70pct,0.7,83.7537515986253,0.79,0.7948690955485408
accuracy_60pct,0.7,77.91654111396225,0.71,0.6593563090437291
correlation_70pct,0.7,49.65312076999876,0.31,0.5521148970274333
correlation_60pct,0.7,52.39526692460544,0.38,0.5018419084388229
accuracy_80pct,0.7,90.62156317525623,0.87,0.860005585402017
accuracy_70pct,0.7,79.14806193927072,0.74,0.619212929830367
accuracy_60pct,0.7,78.6400818546645,0.72,0.7628868231031405
correlation_70pct,0.7,52.30649681059923,0.33,0.5284540885446677
correlation_60pct,0.7,48.30965556811434,0.3,0.5169993399274995
accuracy_80pct,0.7,87.99889092918824,0.84,0.7844721855661414
accuracy_70pct,0.7,81.14785653414147,0.76,0.7110986377567936
accuracy_60pct,0.7,73.3612856207394,0.66,0.5854591056949683
correlation_70pct,0.7,57.58244247588848,0.38,0.6392221930457249
correlation_60pct,0.7,58.1268274922989,0.41,0.6110845606854777
accuracy_80pct,0.7,87.96818713465575,0.85,0.8071180678003402
accuracy_70pct,0.7,84.08043970011094,0.79,0.6759801615970225
accuracy_60pct,0.7,77.82127129759124,0.73,0.5993703537578181
correlation_70pct,0.7,56.61609954162144,0.37,0.6495568079693125
correlation_60pct,0.7,55.87863218797087,0.37,0.5429142820945166
accuracy_80pct,0.7,84.26447963048814,0.82,0.6758193850361617
accuracy_70pct,0.7,80.14806185808533,0.75,0.6933878534391346
accuracy_60pct,0.7,73.13454629895166,0.69,0.47365482650681623
correlation_70pct,0.7,61.68493363534299,0.46,0.6851328987921773
correlation_60pct,0.7,54.42586793538791,0.39,0.46937920181797843
accuracy_80pct,0.7,87.28094870437846,0.85,0.7690976230391763
accuracy_70pct,0.7,85.13077116367805,0.8,0.8041563687578693
accuracy_60pct,0.7,77.57572115676984,0.72,0.6181850884648009
correlation_70pct,0.7,57.5348588783926,0.39,0.6344213622746333
correlation_60pct,0.7,58.0623640918396,0.42,0.5617601343903532
accuracy_80pct,0.7,90.63834035684042,0.87,0.8963235060881013
accuracy_70pct,0.7,80.73982522923315,0.77,0.6726028919909078
accuracy_60pct,0.7,76.88583740061516,0.71,0.6253409039158094
correlation_70pct,0.7,63.19566158602045,0.5,0.6881362750708309
correlation_60pct,0.7,53.4401024936593,0.37,0.493570155982535
accuracy_80pct,0.7,89.86986134451963,0.88,0.7915116513562668
accuracy_70pct,0.7,78.49448049354099,0.74,0.6434020825796675
accuracy_60pct,0.7,79.67556715271773,0.77,0.5718986547237014
correlation_70pct,0.7,63.29082878101221,0.48,0.6970200960745382
correlation_60pct,0.7,52.14411826789154,0.35,0.45764798208350904
accuracy_80pct,0.7,88.2780980545572,0.85,0.7881070556637387
accuracy_70pct,0.7,81.41038909930552,0.77,0.6614372607091498
accuracy_60pct,0.7,74.75243704149892,0.66,0.7084661130426496
correlation_70pct,0.7,58.1268274922989,0.41,0.6095760900153692
correlation_60pct,0.7,55.60715983732311,0.42,0.44820017207475277
accuracy_80pct,0.7,88.60773934605794,0.86,0.854092028172774
accuracy_70pct,0.7,80.08370107900528,0.76,0.677639986278489
accuracy_60pct,0.7,75.21262828585078,0.69,0.5476944584049277
correlation_70pct,0.7,59.20511480314187,0.4,0.7039496642540086
correlation_60pct,0.7,52.16099807085496,0.35,0.505911373386401
accuracy_80pct,0.7,89.27799535199259,0.86,0.8322161863801101
accuracy_70pct,0.7,80.83784299286079,0.76,0.7565206834024556
accuracy_60pct,0.7,77.95518492597441,0.76,0.5659112699069168
correlation_70pct,0.7,60.10984490558548,0.43,0.724887671211233
correlation_60pct,0.7,45.93548665288284,0.29,0.4030314646835722
accuracy_80pct,0.7,87.6413964117909,0.85,0.8469962670330649
accuracy_70pct,0.7,81.50830424155392,0.76,0.7817124059230337
accuracy_60pct,0.7,72.52854845071782,0.68,0.5396602011331185
correlation_70pct,0.7,58.76637970370108,0.42,0.6872462655006537
correlation_60pct,0.7,48.39578035624315,0.34,0.40680985543442394
accuracy_80pct,0.7,88.60773934605794,0.86,0.863340910482219
accuracy_70pct,0.7,82.8209630275266,0.78,0.840190521602906
accuracy_60pct,0.7,72.91980257404195,0.67,0.5505594375308516
correlation_70pct,0.7,53.057993398577345,0.32,0.6225553682688083
correlation_60pct,0.7,52.5688241330048,0.34,0.5431051185961362
accuracy_80pct,0.7,90.65511753842458,0.87,0.8868437984061847
accuracy_70pct,0.7,83.08339297131143,0.79,0.7361677113058761
accuracy_60pct,0.7,72.8720137337876,0.68,0.42069853760318093
correlation_70pct,0.7,57.14370737644769,0.4,0.5440880212077003
correlation_60pct,0.7,55.76943575865157,0.4,0.560787100636226
accuracy_80pct,0.7,85.60784221099331,0.83,0.7049013980055132
accuracy_70pct,0.7,81.65868718738355,0.79,0.6410505975895825
accuracy_60pct,0.7,76.42767979371278,0.72,0.569922081200164
correlation_70pct,0.7,61.0929650214367,0.44,0.7135308047204445
correlation_60pct,0.7,52.7865210479296,0.37,0.5175317149305884
accuracy_80pct,0.7,90.54317316184864,0.89,0.846096576851328
accuracy_70pct,0.7,78.91918635865424,0.73,0.7076226351364869
accuracy_60pct,0.7,74.54522284855197,0.7,0.5632600566903532
correlation_70pct,0.7,58.126827492298894,0.41,0.5841834507846599
correlation_60pct,0.7,56.800139471998655,0.4,0.570186765111291
accuracy_80pct,0.7,85.59401821942424,0.84,0.7480192408478048
accuracy_70pct,0.7,85.39320110746286,0.81,0.7951381259288879
accuracy_60pct,0.7,74.42564631863407,0.66,0.7077063456799478
correlation_70pct,0.7,59.3170591797178,0.38,0.7243680128905394
correlation_60pct,0.7,56.392108167090335,0.41,0.5613285004054525
accuracy_80pct,0.7,86.65827629593969,0.84,0.8209012322875066
accuracy_70pct,0.7,81.18141089730982,0.76,0.7345829755143444
accuracy_60pct,0.7,73.65726992769254,0.67,0.5782396481914648
correlation_70pct,0.7,54.17756984730988,0.37,0.54887631368849
correlation_60pct,0.7,53.657594165825635,0.4,0.4586820652544989
accuracy_80pct,0.7,87.93453015010817,0.85,0.7894416188204102
accuracy_70pct,0.7,81.7061681635002,0.78,0.6558841651661247
accuracy_60pct,0.7,72.59575979843373,0.68,0.6082506402106839
correlation_70pct,0.7,58.358451020171984,0.43,0.6213364746491925
correlation_60pct,0.7,55.81701935614745,0.39,0.5939998891684571
accuracy_80pct,0.7,87.83661500785979,0.86,0.7545512329247275
accuracy_70pct,0.7,84.7367690930973,0.8,0.7653878955703001
accuracy_60pct,0.7,76.62351007820958,0.7,0.7122569605842364
correlation_70pct,0.7,56.48737798346133,0.39,0.6633920396453686
correlation_60pct,0.7,51.099385320216925,0.36,0.45232160379865455
accuracy_80pct,0.7,93.54011710689815,0.91,0.9171970771400908
accuracy_70pct,0.7,83.00225501064719,0.8,0.6804057756386767
accuracy_60pct,0.7,74.29682213909471,0.68,0.6046425329053418
correlation_70pct,0.7,54.19159908163742,0.36,0.5076409523323111
correlation_60pct,0.7,50.429129314282264,0.36,0.3697975936308498
accuracy_80pct,0.7,84.34561759115238,0.81,0.7074554330622124
accuracy_70pct,0.7,82.44384075990924,0.78,0.7326478128714838
accuracy_60pct,0.7,74.01761501372575,0.67,0.5357665801572511
correlation_70pct,0.7,63.8827973949185,0.5,0.6194780897806762
correlation_60pct,0.7,56.52093234662968,0.39,0.6134845813534594
accuracy_80pct,0.7,87.68898000928678,0.84,0.8343500417727646
accuracy_70pct,0.7,80.67566969291157,0.78,0.6666116436279426
accuracy_60pct,0.7,73.31380464462273,0.67,0.6379962756288943
correlation_70pct,0.7,55.50425786761013,0.38,0.6083426452982349
correlation_60pct,0.7,51.275793097252134,0.33,0.4708095622013579
accuracy_80pct,0.7,86.93473547405203,0.84,0.7693438646366517
accuracy_70pct,0.7,77.80744730602217,0.74,0.6519204368844929
accuracy_60pct,0.7,72.91980257404195,0.67,0.5264165467576893
correlation_70pct,0.7,60.38905203095447,0.44,0.6664574323657008
correlation_60pct,0.7,51.29257027883631,0.33,0.5669705887905158
accuracy_80pct,0.7,87.4097728839178,0.83,0.8804248252527711
accuracy_70pct,0.7,81.04983877051384,0.77,0.6032625045288683
accuracy_60pct,0.7,75.87201349023147,0.71,0.5934380320645682
correlation_70pct,0.7,58.470395396747925,0.41,0.6386463144618391
correlation_60pct,0.7,52.24213603151918,0.34,0.4210735028830357
accuracy_80pct,0.7,90.23041167331132,0.88,0.8340735111239281
accuracy_70pct,0.7,75.82432727135634,0.72,0.5522815177978964
accuracy_60pct,0.7,70.81995657809408,0.62,0.604386386442474
correlation_70pct,0.7,61.028604242356636,0.45,0.6050634226157524
correlation_60pct,0.7,55.19149637907281,0.37,0.5789104504198228
accuracy_80pct,0.7,88.90372365301107,0.87,0.7869751432463203
accuracy_70pct,0.7,81.6922415505519,0.79,0.6077670957567287
accuracy_60pct,0.7,77.7353517522209,0.69,0.7162207294911639
correlation_70pct,0.7,60.34146843345858,0.45,0.5967614756537117
correlation_60pct,0.7,48.588862693483314,0.31,0.39879218443137054
accuracy_80pct,0.7,86.67230553026722,0.83,0.8005753726128897
accuracy_70pct,0.7,82.77042624001564,0.78,0.728248062738627
accuracy_60pct,0.7,74.54522284855199,0.7,0.5999112022033145
correlation_70pct,0.7,58.783156885285244,0.42,0.6781014941989026
correlation_60pct,0.7,53.91239195626845,0.35,0.5633754552711668
accuracy_80pct,0.7,89.31165233654016,0.86,0.8721081706841708
accuracy_70pct,0.7,79.41334245169139,0.76,0.6600304178301455
accuracy_60pct,0.7,73.70485352518841,0.66,0.6274038604005094
correlation_70pct,0.7,53.242033328954555,0.35,0.5651156974888888
correlation_60pct,0.7,44.99995013452751,0.27,0.41834206463002455
accuracy_80pct,0.7,87.31175512029017,0.84,0.8186393792923173
accuracy_70pct,0.7,83.64180722204937,0.81,0.7790614139849645
accuracy_60pct,0.7,75.80459689975706,0.71,0.5820314323376741
correlation_70pct,0.7,55.99831133926803,0.41,0.5774110665535922
correlation_60pct,0.7,46.54148450111668,0.3,0.48555981416521193
accuracy_80pct,0.7,86.62472193277134,0.84,0.7894304568721406
accuracy_70pct,0.7,78.74003063436238,0.75,0.5839682511371564
accuracy_60pct,0.7,74.24618273020451,0.68,0.48215053309352635
correlation_70pct,0.7,61.48411652338161,0.43,0.7003321384930061
correlation_60pct,0.7,56.800139471998655,0.4,0.5351809197165237
accuracy_80pct,0.7,91.24708615233087,0.89,0.9000541831028589
accuracy_70pct,0.7,79.47475004075633,0.74,0.5994594509164655
accuracy_60pct,0.7,76.88594002199437,0.71,0.6004663058866538
correlation_70pct,0.7,57.50405246248088,0.4,0.6407208173766643
correlation_60pct,0.7,59.277210356943144,0.45,0.5771679476679658
accuracy_80pct,0.7,85.68898017165755,0.82,0.7685452265579533
accuracy_70pct,0.7,78.08655181001191,0.75,0.670953014813384
accuracy_60pct,0.7,77.58975039109737,0.71,0.6663486268453757
correlation_70pct,0.7,53.24203332895456,0.35,0.6219826927581685
correlation_60pct,0.7,55.03196840500099,0.4,0.5013755697055571
accuracy_80pct,0.7,87.31165249891093,0.84,0.7556733152439689
accuracy_70pct,0.7,79.2290972785557,0.73,0.6451491176044022
accuracy_60pct,0.7,74.18202719388292,0.69,0.48773039826707915
correlation_70pct,0.7,54.28951422388583,0.35,0.5360413616992253
correlation_60pct,0.7,51.83420734799009,0.35,0.4979783900042939
accuracy_80pct,0.7,87.21394259942102,0.85,0.6906087802177417
accuracy_70pct,0.7,83.41008107279704,0.79,0.7110325948574537
accuracy_60pct,0.7,74.01771763510499,0.67,0.6125396939015681
correlation_70pct,0.7,61.07618783985252,0.44,0.6550089398106866
correlation_60pct,0.7,50.77888905695837,0.29,0.46113753245860817
accuracy_80pct,0.7,86.75344349093145,0.82,0.8164363156113073
accuracy_70pct,0.7,88.55730517992619,0.86,0.6902619844088447
accuracy_60pct,0.7,76.21558139468048,0.71,0.5346439585407093
correlation_70pct,0.7,58.45361821516376,0.41,0.600377476163835
correlation_60pct,0.7,56.534961580957216,0.38,0.6592061260436837
accuracy_80pct,0.7,87.93463277148741,0.85,0.7951225533142884
accuracy_70pct,0.7,82.39615454103412,0.79,0.7298540183364347
accuracy_60pct,0.7,75.91949446634811,0.7,0.6180776246547176
correlation_70pct,0.7,53.867556306029186,0.37,0.6113316264856056
correlation_60pct,0.7,54.00126469165389,0.4,0.5071173140464358
accuracy_80pct,0.7,85.31470847267603,0.83,0.7904809503608701
accuracy_70pct,0.7,83.14775375039147,0.78,0.8138988214570176
accuracy_60pct,0.7,74.34450835796984,0.67,0.6846436292583598
correlation_70pct,0.7,53.63318483089948,0.34,0.6255900473969801
correlation_60pct,0.7,44.097967979340524,0.25,0.4531612135039543
accuracy_80pct,0.7,87.62176866157087,0.84,0.7681181688569501
accuracy_70pct,0.7,83.7229451827136,0.8,0.7730900293572367
accuracy_60pct,0.7,75.9055678533998,0.71,0.6766279158978075
correlation_70pct,0.7,61.684933635343,0.46,0.6748114299573802
correlation_60pct,0.7,52.099385239031534,0.37,0.5018186694334725
accuracy_80pct,0.7,86.64139649297627,0.84,0.7192398734155043
accuracy_70pct,0.7,83.34582291509622,0.8,0.6730564632458039
accuracy_60pct,0.7,79.31033786059915,0.72,0.7052825926949978
correlation_70pct,0.7,57.83084318534575,0.4,0.5782591792080712
correlation_60pct,0.7,51.85098452957427,0.35,0.5212970741009929
accuracy_80pct,0.7,93.17956677810648,0.91,0.85943851291922
accuracy_70pct,0.7,85.34551488858776,0.82,0.7869424109418452
accuracy_60pct,0.7,71.67435513578519,0.65,0.4976004687350956
correlation_70pct,0.7,59.14075402406182,0.41,0.676070253338347
correlation_60pct,0.7,58.702018924621015,0.43,0.6186189520640673
accuracy_80pct,0.7,88.55730517992619,0.86,0.7894513673268884
accuracy_70pct,0.7,81.06671857347726,0.77,0.6763181045254997
accuracy_60pct,0.7,73.65441935905667,0.66,0.5585437691624737
correlation_70pct,0.7,64.02554818740616,0.47,0.7407640680250429
correlation_60pct,0.7,51.50741662512524,0.35,0.5071285840064842
accuracy_80pct,0.7,89.85308416293547,0.88,0.7460361213090009
accuracy_70pct,0.7,85.67220299007339,0.82,0.7004544100213004
accuracy_60pct,0.7,74.59270382466862,0.69,0.44638415574490586
correlation_70pct,0.7,57.143707376447686,0.4,0.64067486349381
correlation_60pct,0.7,58.045689531634665,0.42,0.5584382133189765
accuracy_80pct,0.7,86.92070623972448,0.85,0.7449557904665727
accuracy_70pct,0.7,82.11705003704438,0.78,0.7611693002910978
accuracy_60pct,0.7,72.98701392175788,0.67,0.6173495788981728
correlation_70pct,0.7,55.61620224418606,0.36,0.6277602406305282
correlation_60pct,0.7,47.13609844090037,0.33,0.36929873286726594
accuracy_80pct,0.7,87.03265061630042,0.83,0.8248203857946057
accuracy_70pct,0.7,82.50809891761006,0.77,0.7561035574213186
accuracy_60pct,0.7,76.75680797831734,0.73,0.5597778830857516
correlation_70pct,0.7,55.24182792382531,0.37,0.611623801911844
correlation_60pct,0.7,53.05169893897103,0.39,0.4871872388765614
accuracy_80pct,0.7,83.95446608920744,0.82,0.7341609058944059
accuracy_70pct,0.7,79.16473649947565,0.74,0.6990642613807434
accuracy_60pct,0.7,71.64049290847913,0.65,0.5385985103665406
correlation_70pct,0.7,54.45677697267887,0.38,0.5480694168163527
correlation_60pct,0.7,53.42607325933177,0.38,0.532748829649249
accuracy_80pct,0.7,89.57408228032497,0.87,0.8273808990908563
accuracy_70pct,0.7,81.47464725700634,0.76,0.7055730424337036
accuracy_60pct,0.7,80.50830432273929,0.75,0.7078001734634753
correlation_70pct,0.7,60.38905203095446,0.44,0.7007025582724553
correlation_60pct,0.7,58.358451020171984,0.43,0.597627178055329
accuracy_80pct,0.7,88.57408236151036,0.86,0.7678358905723713
accuracy_70pct,0.7,80.10027301783099,0.76,0.6040736391115175
accuracy_60pct,0.7,74.91939192615425,0.69,0.5240649177403053
correlation_70pct,0.7,51.83420734799009,0.35,0.4296069515120661
correlation_60pct,0.7,54.22515344480577,0.36,0.5773261056864821
accuracy_80pct,0.7,85.88715195774154,0.84,0.7152016575062595
accuracy_70pct,0.7,81.10037555802482,0.77,0.6518295151766856
accuracy_60pct,0.7,73.90577325852904,0.69,0.6119741333519422
correlation_70pct,0.7,64.33830967594348,0.48,0.6898286237159541
correlation_60pct,0.7,53.2755876921229,0.35,0.6590531390978912
accuracy_80pct,0.7,83.98537512649841,0.81,0.7525697760260601
accuracy_70pct,0.7,85.09721680050973,0.8,0.8225010238017669
accuracy_60pct,0.7,72.5285484507178,0.68,0.5385492609969015
correlation_70pct,0.7,63.20969082034799,0.49,0.6779305566824919
correlation_60pct,0.7,49.75602273971174,0.35,0.4641476261530984
accuracy_80pct,0.7,86.01587351590165,0.82,0.7762784733498692
accuracy_70pct,0.7,81.13382729981394,0.77,0.7156597194707932
accuracy_60pct,0.7,75.54512014598735,0.71,0.60843239963965
correlation_70pct,0.7,62.94726087656318,0.48,0.6705444451830705
correlation_60pct,0.7,55.40909067261836,0.4,0.5674823446183592
accuracy_80pct,0.7,86.57439038801884,0.84,0.7225603194642939
accuracy_70pct,0.7,82.45776737285755,0.77,0.7204110655872128
accuracy_60pct,0.7,77.91928906121886,0.72,0.7106069565095143
correlation_70pct,0.7,58.83074048278113,0.41,0.6618854741510894
correlation_60pct,0.7,57.031762999871745,0.42,0.5797062999064002
accuracy_80pct,0.7,86.32863500443896,0.83,0.7998907684675386
accuracy_70pct,0.7,77.85492828213881,0.73,0.7012563324947131
accuracy_60pct,0.7,74.64039004354376,0.68,0.6315249872450632
correlation_70pct,0.7,60.70181351949178,0.45,0.6958507781115766
correlation_60pct,0.7,49.837058078996726,0.34,0.3977210652416609
accuracy_80pct,0.7,88.62451652764211,0.86,0.8486448649563798
accuracy_70pct,0.7,82.10017023408096,0.78,0.7189414254134171
accuracy_60pct,0.7,71.2326668463293,0.66,0.46435930893710675
correlation_70pct,0.7,57.065317363040094,0.42,0.5968976412422864
correlation_60pct,0.7,54.70517768213614,0.4,0.4698480916838814
accuracy_80pct,0.7,87.37611589937022,0.83,0.8229203926421582
accuracy_70pct,0.7,78.9025117984493,0.73,0.7006583185592894
accuracy_60pct,0.7,75.15132331816505,0.71,0.5238796447956824
correlation_70pct,0.7,62.40287586015276,0.45,0.6954881578496226
correlation_60pct,0.7,57.75245317193815,0.42,0.6302263728614295
accuracy_80pct,0.7,89.35923593403605,0.85,0.8926055775785655
accuracy_70pct,0.7,84.80123249355657,0.79,0.7934778161175253
accuracy_60pct,0.7,72.67425243322057,0.66,0.5899657061760798
correlation_70pct,0.7,60.79698071448355,0.43,0.6621721822843969
correlation_60pct,0.7,51.38773747382808,0.31,0.5936129752839543
accuracy_80pct,0.7,86.31175520147555,0.83,0.7849802626325793
accuracy_70pct,0.7,80.06671865466264,0.76,0.6293788715322933
accuracy_60pct,0.7,76.57582385933445,0.71,0.6799512922982613
correlation_70pct,0.7,57.12693019486352,0.4,0.6369642728495815
correlation_60pct,0.7,54.40898813242452,0.39,0.5242649835516959
accuracy_80pct,0.7,88.31165241772555,0.85,0.8086105204220504
accuracy_70pct,0.7,81.10312350528147,0.78,0.7244189998062854
accuracy_60pct,0.7,77.18171908618906,0.72,0.5851187340512329
correlation_70pct,0.7,56.84772306949454,0.39,0.5486469219124458
correlation_60pct,0.7,58.1268274922989,0.41,0.5439461081252818
accuracy_80pct,0.7,86.65817367456043,0.84,0.7945925114589112
accuracy_70pct,0.7,78.21537598955125,0.73,0.6930899771554331
accuracy_60pct,0.7,76.49468589867024,0.72,0.6149156681428907
correlation_70pct,0.7,57.56566529430431,0.38,0.6328338003908814
correlation_60pct,0.7,59.73272263796811,0.43,0.6585056859767178
accuracy_80pct,0.7,87.27799551436335,0.84,0.6947193271185729
accuracy_70pct,0.7,80.0834958362468,0.76,0.572691099580845
accuracy_60pct,0.7,73.37521223368769,0.65,0.5502953641965834
correlation_70pct,0.7,69.11115946271187,0.56,0.7288975174805563
correlation_60pct,0.7,58.34167383858782,0.43,0.5208671876288653
accuracy_80pct,0.7,87.60773942724332,0.85,0.7826916371023787
accuracy_70pct,0.7,80.80428862969245,0.76,0.6865147889567459
accuracy_60pct,0.7,76.62351007820956,0.7,0.6557754644942221
correlation_70pct,0.7,55.14391278157692,0.38,0.5487901377405199
correlation_60pct,0.7,55.521035049194296,0.38,0.5919730318320223
accuracy_80pct,0.7,85.96828991840576,0.83,0.7245526556022104
accuracy_70pct,0.7,81.52508142313808,0.76,0.7650069904853211
accuracy_60pct,0.7,73.95325423464568,0.68,0.51969948783328
correlation_70pct,0.7,59.17430838723016,0.41,0.6496827720131956
correlation_60pct,0.7,49.23116285214213,0.33,0.47663019569526893
accuracy_80pct,1.0,90.28114004574319,0.85,0.7896323756565008
accuracy_70pct,1.0,84.45164819068353,0.74,0.7465028271672143
accuracy_60pct,1.0,78.91067669414826,0.67,0.5287718576646109
correlation_70pct,1.0,68.2989529871329,0.35,0.6303650413888172
correlation_60pct,1.0,66.08799287164342,0.36,0.557053638050622
accuracy_80pct,1.0,89.96615332927291,0.82,0.8123124412390547
accuracy_70pct,1.0,85.04665149465316,0.78,0.7062809268312433
accuracy_60pct,1.0,83.10051363261334,0.7,0.6797281016412955
correlation_70pct,1.0,73.56950648324597,0.46,0.610062195422803
correlation_60pct,1.0,68.05533957308026,0.41,0.5576079867544804
accuracy_80pct,1.0,90.20417059718297,0.85,0.8265516434649608
accuracy_70pct,1.0,81.08031394689579,0.74,0.5724016725793151
accuracy_60pct,1.0,79.93188829934104,0.68,0.560510640561614
correlation_70pct,1.0,75.3765619529614,0.47,0.6943694475112488
correlation_60pct,1.0,66.60568849862915,0.37,0.5753151480142276
accuracy_80pct,1.0,90.38491408067297,0.87,0.7992236107923127
accuracy_70pct,1.0,81.5414923770899,0.73,0.6222523086370494
accuracy_60pct,1.0,75.3850653248164,0.64,0.5017262519959698
correlation_70pct,1.0,73.91647557302363,0.46,0.6843657435815208
correlation_60pct,1.0,64.8610846002716,0.32,0.5022932008610765
accuracy_80pct,1.0,88.87832745022547,0.85,0.7236572249300685
accuracy_70pct,1.0,82.3499781254853,0.75,0.6404684558039819
accuracy_60pct,1.0,78.5852546721913,0.67,0.5464485490474561
correlation_70pct,1.0,66.94222228292013,0.4,0.5587827134760255
correlation_60pct,1.0,64.18793690090855,0.33,0.5315859648664835
accuracy_80pct,1.0,91.80927374401136,0.87,0.8450592451001782
accuracy_70pct,1.0,81.73376598211865,0.74,0.6524461974131751
accuracy_60pct,1.0,79.43990244267276,0.67,0.6243688012557772
correlation_70pct,1.0,69.044230576542,0.42,0.6017812330565907
correlation_60pct,1.0,65.8860405487564,0.37,0.5321591258045613
accuracy_80pct,1.0,89.39602307721121,0.86,0.7622326243723843
accuracy_70pct,1.0,87.53762819764196,0.78,0.7463163057859512
accuracy_60pct,1.0,78.65220717446961,0.66,0.5219745994313816
correlation_70pct,1.0,71.16702935035616,0.45,0.6931559369483763
correlation_60pct,1.0,63.10052938106588,0.32,0.489683619006623
accuracy_80pct,1.0,87.24751453307961,0.83,0.7035121311537121
accuracy_70pct,1.0,85.37283010423855,0.77,0.7035465012819762
accuracy_60pct,1.0,82.95583509414638,0.72,0.7149850073290607
correlation_70pct,1.0,72.54938969410527,0.47,0.68106637480548
correlation_60pct,1.0,67.34612692869418,0.38,0.5736899937003123
accuracy_80pct,1.0,92.08895210308704,0.85,0.9067743447826151
accuracy_70pct,1.0,88.10182407513742,0.8,0.8081674346281822
accuracy_60pct,1.0,81.18000541010989,0.69,0.7116424875949983
correlation_70pct,1.0,69.71737827590506,0.41,0.6290788820841624
correlation_60pct,1.0,63.81975897173388,0.36,0.439088552308065
accuracy_80pct,1.0,93.86478178712355,0.88,0.8949730312012563
accuracy_70pct,1.0,82.5511738607439,0.75,0.5012935337807405
accuracy_60pct,1.0,78.96870706619674,0.67,0.589201687728149
correlation_70pct,1.0,74.27387996828796,0.43,0.6375968145770297
correlation_60pct,1.0,66.02554130028554,0.4,0.5126219492871463
accuracy_80pct,1.0,90.67536597365898,0.85,0.7803466727969813
accuracy_70pct,1.0,90.90854408222495,0.82,0.8383981477417373
accuracy_60pct,1.0,76.40627693000918,0.65,0.44856459629869
correlation_70pct,1.0,71.83533789037511,0.38,0.6330087211363756
correlation_60pct,1.0,67.38778801985978,0.33,0.5812916408951408
accuracy_80pct,1.0,90.8308180460363,0.83,0.8697800894637322
accuracy_70pct,1.0,83.07964302163997,0.76,0.6146984566878558
accuracy_60pct,1.0,82.47386618376001,0.72,0.6330253772396816
correlation_70pct,1.0,67.31006198367115,0.34,0.5472146523708339
correlation_60pct,1.0,68.75971305812223,0.38,0.6040603656592074
accuracy_80pct,1.0,91.22428738632365,0.84,0.8465584898204055
accuracy_70pct,1.0,84.83018129456377,0.75,0.6610729986099791
accuracy_60pct,1.0,83.32775736661306,0.73,0.6448069857658227
correlation_70pct,1.0,71.5139984401338,0.45,0.6043920434001296
correlation_60pct,1.0,69.77389547269668,0.43,0.4676768581499648
accuracy_80pct,1.0,92.78739121356278,0.88,0.8578407030340194
accuracy_70pct,1.0,84.0120168283101,0.75,0.6352504190235879
accuracy_60pct,1.0,82.00860518185024,0.66,0.6266299946064349
correlation_70pct,1.0,73.20726292863753,0.43,0.6224839915525694
correlation_60pct,1.0,66.27950988904375,0.38,0.4266155507520588
accuracy_80pct,1.0,88.15867950035272,0.85,0.7183258579377164
accuracy_70pct,1.0,84.5189389213855,0.76,0.7352730571464854
accuracy_60pct,1.0,78.29105843591327,0.65,0.6028322838489947
correlation_70pct,1.0,70.32281688536136,0.42,0.590789363546002
correlation_60pct,1.0,70.22463859740411,0.45,0.589687306979944
accuracy_80pct,1.0,90.80960920663927,0.86,0.83192587544201
accuracy_70pct,1.0,82.28151244795013,0.78,0.5677065819101615
accuracy_60pct,1.0,75.67926156109444,0.66,0.43631617659865124
correlation_70pct,1.0,70.62812488397338,0.47,0.5995703416430187
correlation_60pct,1.0,61.630007695641424,0.34,0.4714168768490978
accuracy_80pct,1.0,89.60874893400857,0.85,0.8039952052768891
accuracy_70pct,1.0,88.05532382462769,0.79,0.7379357837983554
accuracy_60pct,1.0,83.21430461382504,0.73,0.6479823078717863
correlation_70pct,1.0,72.25443687019882,0.46,0.5609661046224385
correlation_60pct,1.0,64.60711601151338,0.34,0.4686452716991712
accuracy_80pct,1.0,91.31203036879423,0.84,0.8180672139755565
accuracy_70pct,1.0,86.90096380250674,0.79,0.7999314236722563
accuracy_60pct,1.0,79.61062897988086,0.68,0.688554882396886
correlation_70pct,1.0,66.72991478532752,0.37,0.5709942784773938
correlation_60pct,1.0,66.55918824811944,0.36,0.5945525770842747
accuracy_80pct,1.0,92.74089096305306,0.87,0.8450094123867782
accuracy_70pct,1.0,85.60634644122817,0.77,0.6871903985225087
accuracy_60pct,1.0,78.01588100775803,0.7,0.530179223741994
correlation_70pct,1.0,72.70484176648259,0.45,0.6605710061980337
correlation_60pct,1.0,67.56886973177345,0.38,0.5289906705271574
accuracy_80pct,1.0,90.93307890570921,0.87,0.729911852801138
accuracy_70pct,1.0,85.67363717193014,0.79,0.6350626461021577
accuracy_60pct,1.0,81.8114920183073,0.73,0.6568146688269408
correlation_70pct,1.0,71.44670770943183,0.43,0.6925750634403267
correlation_60pct,1.0,69.09073082705171,0.43,0.5956329789058836
accuracy_80pct,1.0,91.415804403724,0.86,0.8183134621969574
accuracy_70pct,1.0,88.50606694933512,0.81,0.7689775827493673
accuracy_60pct,1.0,77.35316861388166,0.68,0.5011189593005755
correlation_70pct,1.0,69.40163497180635,0.39,0.5564977204992215
correlation_60pct,1.0,68.08656535875919,0.39,0.5174440410652239
accuracy_80pct,1.0,88.74408421724519,0.84,0.7990991417216617
accuracy_70pct,1.0,84.66319910064772,0.78,0.5953088032581586
accuracy_60pct,1.0,82.28159257873125,0.71,0.6260006823104138
correlation_70pct,1.0,72.72529401825118,0.43,0.6399626884219347
correlation_60pct,1.0,65.3995707074496,0.34,0.5140287313705324
accuracy_80pct,1.0,90.16768729295516,0.85,0.7801216068793404
accuracy_70pct,1.0,86.26905883510453,0.79,0.6954195362415231
accuracy_60pct,1.0,77.50862068625898,0.66,0.6423837062108355
correlation_70pct,1.0,73.43000573171682,0.43,0.6804516290953722
correlation_60pct,1.0,66.75070526551978,0.38,0.5797989623715876
accuracy_80pct,1.0,87.38217612526465,0.8,0.7345488798076778
accuracy_70pct,1.0,86.09281628253495,0.8,0.7176284001212254
accuracy_60pct,1.0,85.43603826322484,0.72,0.7693876746596962
correlation_70pct,1.0,72.03169406711955,0.46,0.684089052408354
correlation_60pct,1.0,65.38361938660144,0.39,0.506621671842632
accuracy_80pct,1.0,90.35962266956027,0.83,0.8453473423196104
accuracy_70pct,1.0,87.82214571606174,0.82,0.7508400352035342
accuracy_60pct,1.0,79.84338872924205,0.69,0.5680306580467589
correlation_70pct,1.0,72.45638919308584,0.45,0.6652299894581629
correlation_60pct,1.0,65.81874981805443,0.35,0.5108639433209273
accuracy_80pct,1.0,88.04488851914101,0.82,0.7751886386568361
accuracy_70pct,1.0,85.8547990146249,0.77,0.7415628735621552
accuracy_60pct,1.0,81.00894064447814,0.65,0.6770922830899552
correlation_70pct,1.0,72.18714613949685,0.44,0.6448162896099953
correlation_60pct,1.0,63.35899890074455,0.33,0.511887938805234
accuracy_80pct,1.0,89.40645838269789,0.83,0.8061623353393312
accuracy_70pct,1.0,83.86700006141947,0.74,0.6983870931187847
accuracy_60pct,1.0,80.86800644930318,0.71,0.5433457274773563
correlation_70pct,1.0,77.8463298165532,0.5,0.6998793411458436
correlation_60pct,1.0,67.82775761065687,0.35,0.5766780000850096
accuracy_80pct,1.0,89.15724922167271,0.84,0.7151834204278543
accuracy_70pct,1.0,85.38360363814888,0.77,0.7485016634974073
accuracy_60pct,1.0,80.36108435622779,0.7,0.5679476968400599
correlation_70pct,1.0,72.26487217568551,0.43,0.6910757161688565
correlation_60pct,1.0,66.05192792662038,0.32,0.5688629592728482
accuracy_80pct,1.0,90.59763993747032,0.86,0.8702564330231333
accuracy_70pct,1.0,82.5876571649717,0.75,0.7192302306335793
accuracy_60pct,1.0,81.81039720225522,0.71,0.6373332315903965
correlation_70pct,1.0,69.54665173869697,0.4,0.6353773975527366
correlation_60pct,1.0,63.079320541668864,0.35,0.5017560540613916
accuracy_80pct,1.0,87.30478831749966,0.84,0.6945609792122844
accuracy_70pct,1.0,86.71980195981195,0.81,0.6785116557589986
accuracy_60pct,1.0,84.79861728046119,0.74,0.6887094328770499
correlation_70pct,1.0,69.95055638447101,0.38,0.6358847924204616
correlation_60pct,1.0,69.04423057654202,0.42,0.5637664850150917
accuracy_80pct,1.0,87.56367619638308,0.81,0.808610238108329
accuracy_70pct,1.0,87.51717594587336,0.8,0.7975349734153843
accuracy_60pct,1.0,80.76532723042548,0.71,0.5774151186570641
correlation_70pct,1.0,73.17603714295862,0.45,0.7022275095371593
correlation_60pct,1.0,62.660559790268806,0.3,0.43679622580697874
accuracy_80pct,1.0,90.54036615305027,0.85,0.8202736087051821
accuracy_70pct,1.0,83.75279072100302,0.75,0.6869933376106235
accuracy_60pct,1.0,79.5849192095634,0.68,0.6276247143933738
correlation_70pct,1.0,70.96507702746914,0.46,0.550550089673663
correlation_60pct,1.0,66.9478184290627,0.31,0.5456928054672674
accuracy_80pct,1.0,91.46230465423372,0.87,0.8451631958654664
accuracy_70pct,1.0,84.32776013240883,0.77,0.7048052991102542
accuracy_60pct,1.0,85.03179538902714,0.71,0.7465277413353912
correlation_70pct,1.0,69.1531823984096,0.39,0.5731677573677407
correlation_60pct,1.0,67.78125736014715,0.34,0.5480258461167721
accuracy_80pct,1.0,89.87799198759757,0.86,0.7601431676892159
accuracy_70pct,1.0,84.65393874199421,0.76,0.6864058982787369
accuracy_60pct,1.0,80.18034087273779,0.68,0.558767260521469
correlation_70pct,1.0,72.31137242619522,0.44,0.6205777721777463
correlation_60pct,1.0,65.74102378186578,0.36,0.49454187247236997
accuracy_80pct,1.0,89.21527959372119,0.84,0.7760092109449517
accuracy_70pct,1.0,86.67296348087858,0.77,0.7422415052775678
accuracy_60pct,1.0,80.91076235652088,0.68,0.6772468916869294
correlation_70pct,1.0,76.15306532804945,0.52,0.6468282914780787
correlation_60pct,1.0,65.33227997674761,0.32,0.4947537863236329
accuracy_80pct,1.0,88.27213225314074,0.85,0.6833753234989616
accuracy_70pct,1.0,85.52828217661586,0.75,0.7311053167672013
accuracy_60pct,1.0,78.61054608330399,0.71,0.49292345009470373
correlation_70pct,1.0,70.61326877834738,0.4,0.6762136906211074
correlation_60pct,1.0,61.593942750618396,0.3,0.4367799936836374
accuracy_80pct,1.0,90.20341400955454,0.86,0.7528946915450285
accuracy_70pct,1.0,85.37283010423855,0.77,0.7011970532666457
accuracy_60pct,1.0,80.63074576902154,0.67,0.6582253273365517
correlation_70pct,1.0,68.49047000453324,0.37,0.5913461932999079
correlation_60pct,1.0,68.05533957308025,0.41,0.5121319312343702
accuracy_80pct,1.0,90.72186622416869,0.86,0.847049946642581
accuracy_70pct,1.0,85.06786033405017,0.75,0.6866857571368854
accuracy_60pct,1.0,82.32918764529303,0.74,0.7037165772742321
correlation_70pct,1.0,67.04081893008214,0.33,0.5812834277290944
correlation_60pct,1.0,68.33501793215594,0.39,0.5668097704341891
accuracy_80pct,1.0,90.28189663337162,0.84,0.8414215784162861
accuracy_70pct,1.0,85.79786345862851,0.79,0.6960431084864857
accuracy_60pct,1.0,84.03246908007871,0.73,0.6784210528069606
correlation_70pct,1.0,80.2071458582774,0.56,0.7370220419141145
correlation_60pct,1.0,67.86382255567992,0.39,0.6099003440859339
accuracy_80pct,1.0,89.33950588041958,0.84,0.7153193090207888
accuracy_70pct,1.0,87.88985480596848,0.8,0.782345569230329
accuracy_60pct,1.0,78.58559290061494,0.7,0.4367865211611107
correlation_70pct,1.0,71.28641647771042,0.39,0.6041664206509338
correlation_60pct,1.0,69.67087802539534,0.4,0.5414443575020692
accuracy_80pct,1.0,90.3023488851402,0.82,0.8323072103380036
accuracy_70pct,1.0,87.24717630465594,0.8,0.7296809163982293
accuracy_60pct,1.0,80.84305326661415,0.7,0.6503092516963291
correlation_70pct,1.0,71.38977215343543,0.45,0.6314924681378238
correlation_60pct,1.0,65.72574931703498,0.33,0.5662802393849405
accuracy_80pct,1.0,89.14757050381446,0.86,0.7466171008997068
accuracy_70pct,1.0,81.12757078503392,0.74,0.648545796591774
accuracy_60pct,1.0,81.8319442700759,0.71,0.6826323225494711
correlation_70pct,1.0,70.5043169564798,0.43,0.582163562835336
correlation_60pct,1.0,66.67297922933113,0.39,0.509567962591247
accuracy_80pct,1.0,87.94637200276011,0.82,0.7454679586758597
accuracy_70pct,1.0,85.89086395964794,0.81,0.6918290877343587
accuracy_60pct,1.0,80.78653606982252,0.68,0.6351013904954858
correlation_70pct,1.0,78.44175147972759,0.5,0.7377528710124183
correlation_60pct,1.0,68.8887785041647,0.44,0.5220218267647319
accuracy_80pct,1.0,89.4845226473102,0.85,0.8118838168964524
accuracy_70pct,1.0,84.51818233375708,0.77,0.6505249097405711
accuracy_60pct,1.0,80.98773180508111,0.68,0.6267427769917138
correlation_70pct,1.0,66.60568849862916,0.37,0.5979455748350269
correlation_60pct,1.0,68.92000428984363,0.42,0.6138266373222225
accuracy_80pct,1.0,91.22428738632365,0.84,0.7858867746365957
accuracy_70pct,1.0,83.55083839811599,0.76,0.5668127406801526
accuracy_60pct,1.0,83.7632260264897,0.72,0.6852364882096196
correlation_70pct,1.0,67.3877880198598,0.33,0.5738145598976137
correlation_60pct,1.0,77.10589138648818,0.49,0.7059745623260194
accuracy_80pct,1.0,94.44976814481124,0.91,0.9063649835160833
accuracy_70pct,1.0,82.97662557433864,0.73,0.6306933963773718
accuracy_60pct,1.0,78.07281656375442,0.68,0.554549779020527
correlation_70pct,1.0,69.40163497180635,0.39,0.6176310220272802
correlation_60pct,1.0,69.77982984726293,0.37,0.5738653421981805
accuracy_80pct,1.0,90.2353963828619,0.83,0.8146605362065321
accuracy_70pct,1.0,85.2493604051686,0.76,0.7218059556138345
accuracy_60pct,1.0,82.45892994735289,0.72,0.5841570518009077
correlation_70pct,1.0,69.79510431209371,0.4,0.6470000487191372
correlation_60pct,1.0,69.51542595301802,0.42,0.5386028902771173
accuracy_80pct,1.0,91.21385208083697,0.87,0.8050275127307523
accuracy_70pct,1.0,86.854463551997,0.78,0.7629136514851977
accuracy_60pct,1.0,84.16637408463532,0.71,0.646736266272983
correlation_70pct,1.0,71.28641647771042,0.39,0.6063631178162368
correlation_60pct,1.0,72.18230698015275,0.38,0.6823350913769546
accuracy_80pct,1.0,92.95361681985042,0.86,0.8740354425759489
accuracy_70pct,1.0,86.48628562282234,0.81,0.7418751762941874
accuracy_60pct,1.0,78.79798052898866,0.66,0.5832084844775512
correlation_70pct,1.0,74.51189723619801,0.46,0.6919605939877448
correlation_60pct,1.0,67.2219006419958,0.38,0.4991025953968063
accuracy_80pct,1.0,91.327304833625,0.87,0.8318800251879068
accuracy_70pct,1.0,87.84259796783033,0.8,0.7641906157917617
accuracy_60pct,1.0,79.57414567565306,0.68,0.5611968063552575
correlation_70pct,1.0,70.68055950904936,0.42,0.5879261387208587
correlation_60pct,1.0,64.8659237596157,0.38,0.5023052018378442
accuracy_80pct,1.0,91.52959538493569,0.89,0.8333320628569504
accuracy_70pct,1.0,87.04564234097369,0.77,0.7842704248996386
accuracy_60pct,1.0,77.71091123756963,0.68,0.5254248789682634
correlation_70pct,1.0,74.19615393209929,0.44,0.7292166449306094
correlation_60pct,1.0,70.16770304140772,0.47,0.5126557424206399
accuracy_80pct,1.0,86.17088054714728,0.82,0.6913449232430652
accuracy_70pct,1.0,86.12328548058548,0.79,0.6176467347932012
accuracy_60pct,1.0,80.18067910116145,0.71,0.6261364152691041
correlation_70pct,1.0,73.20726292863755,0.43,0.6722659930419499
correlation_60pct,1.0,68.87350403933392,0.41,0.5537954856437466
accuracy_80pct,1.0,88.87832745022547,0.85,0.7687163891035854
accuracy_70pct,1.0,84.10392251327745,0.75,0.7074200390762395
accuracy_60pct,1.0,78.2955593668337,0.68,0.6189227914148245
correlation_70pct,1.0,73.04137555077355,0.48,0.6395273057286017
correlation_60pct,1.0,66.76114057100646,0.35,0.5861251836740579
accuracy_80pct,1.0,90.07994431048459,0.85,0.8013822306381804
accuracy_70pct,1.0,87.78608077103871,0.78,0.797133708443649
accuracy_60pct,1.0,80.49608417683649,0.7,0.569153154969477
correlation_70pct,1.0,71.75761185418645,0.39,0.6906787019940487
correlation_60pct,1.0,68.36624371783486,0.37,0.5330065144085224
accuracy_80pct,1.0,91.61775672661102,0.85,0.8416599950446098
accuracy_70pct,1.0,86.79718976757697,0.77,0.6807817949653425
accuracy_60pct,1.0,82.1011873236649,0.72,0.5943156728981708
correlation_70pct,1.0,75.84775732943743,0.47,0.6949484537041836
correlation_60pct,1.0,74.96222200170067,0.52,0.6433188316754556
accuracy_80pct,1.0,93.74055550042516,0.88,0.8751399682239763
accuracy_70pct,1.0,84.59666495757416,0.75,0.644898220496687
accuracy_60pct,1.0,82.14734934575097,0.7,0.605152161904054
correlation_70pct,1.0,70.29752547424866,0.38,0.5872502966296258
correlation_60pct,1.0,66.0984281771301,0.33,0.501537882089336
accuracy_80pct,1.0,89.36029636061183,0.85,0.7704749955134381
accuracy_70pct,1.0,82.67615673507069,0.74,0.6548355066494296
accuracy_60pct,1.0,83.9551614030948,0.7,0.7519111347489633
correlation_70pct,1.0,73.2898281241703,0.48,0.6371940045801097
correlation_60pct,1.0,71.8297417442325,0.47,0.5726419660348072
accuracy_80pct,1.0,93.23813433827021,0.9,0.8896548841028482
accuracy_70pct,1.0,87.123706605586,0.79,0.7615745060061547
accuracy_60pct,1.0,83.96517834937671,0.71,0.741894197643242
correlation_70pct,1.0,75.3765619529614,0.47,0.7538264278803155
correlation_60pct,1.0,67.97761353689161,0.42,0.5580810361506436
accuracy_80pct,1.0,90.30234888514022,0.82,0.8366061048734802
accuracy_70pct,1.0,82.50993112878305,0.76,0.6601684531184466
accuracy_60pct,1.0,82.13691404026427,0.73,0.6398317237774694
correlation_70pct,1.0,68.92000428984363,0.42,0.6257686063149418
correlation_60pct,1.0,64.5918415466826,0.31,0.49914273886228494
accuracy_80pct,1.0,92.79816474747312,0.88,0.8598553619707534
accuracy_70pct,1.0,87.6406456449433,0.81,0.6878782413855089
accuracy_60pct,1.0,80.01487185407856,0.69,0.5873175607435083
correlation_70pct,1.0,69.51542595301804,0.42,0.5587097814767348
correlation_60pct,1.0,71.48277265445486,0.47,0.6127333495880448
accuracy_80pct,1.0,90.30268711356386,0.85,0.7931794540571885
accuracy_70pct,1.0,83.281595344527,0.75,0.6476309803743466
accuracy_60pct,1.0,74.25115755446402,0.62,0.47740063726983356
correlation_70pct,1.0,70.58204299266843,0.42,0.6855999302582302
correlation_60pct,1.0,63.10052938106589,0.32,0.5381616655628003
accuracy_80pct,1.0,91.146561350135,0.85,0.8664344712868005
accuracy_70pct,1.0,87.92108059164741,0.78,0.8307208377312703
accuracy_60pct,1.0,76.92212115331442,0.65,0.4557265142069384
correlation_70pct,1.0,69.67087802539534,0.4,0.5915622718865312
correlation_60pct,1.0,61.42771714433075,0.32,0.3545559254011566
accuracy_80pct,1.0,91.37380508413473,0.88,0.8141326087318534
accuracy_70pct,1.0,82.66538320116035,0.74,0.6728859258019706
accuracy_60pct,1.0,84.22440445668381,0.71,0.7181860083744064
correlation_70pct,1.0,68.52169579021216,0.35,0.6012481960575559
correlation_60pct,1.0,65.22332815488002,0.35,0.45347195621569114
accuracy_80pct,1.0,90.29191357965354,0.85,0.758621108733195
accuracy_70pct,1.0,83.77883871974414,0.78,0.6761513473796102
accuracy_60pct,1.0,81.68726573160895,0.73,0.6437645322978593
correlation_70pct,1.0,71.91790308590785,0.43,0.6999970239052796
correlation_60pct,1.0,73.42407135715058,0.49,0.6350766603717752
accuracy_80pct,1.0,90.5046394364509,0.84,0.8272130615966659
accuracy_70pct,1.0,84.6278907432531,0.73,0.7212793519993951
accuracy_60pct,1.0,77.17242513039166,0.66,0.5929662402138729
correlation_70pct,1.0,69.16361770389629,0.36,0.6758183779156139
correlation_60pct,1.0,64.71606783338098,0.31,0.5305517077333235
accuracy_80pct,1.0,91.2603523313467,0.88,0.8241974368505408
accuracy_70pct,1.0,86.78717282129504,0.76,0.7883945929924475
accuracy_60pct,1.0,80.21606758933716,0.69,0.6060137604581658
correlation_70pct,1.0,70.0643473656827,0.41,0.5870408622098283
correlation_60pct,1.0,66.27950988904377,0.38,0.5480271056425675
accuracy_80pct,1.0,91.40503086981366,0.86,0.8284185799023587
accuracy_70pct,1.0,84.66395568827612,0.77,0.6816288803828959
accuracy_60pct,1.0,79.59535451505008,0.65,0.5931622827075385
correlation_70pct,1.0,71.59172447632247,0.44,0.6435054619539242
correlation_60pct,1.0,68.87350403933391,0.41,0.5490056167539992
accuracy_80pct,1.0,90.29191357965354,0.85,0.7656190279030446
accuracy_70pct,1.0,83.46309541564543,0.76,0.6838992514660183
accuracy_60pct,1.0,82.34963989706165,0.72,0.6430663431163545
correlation_70pct,1.0,71.20869044152178,0.4,0.5997561476295598
correlation_60pct,1.0,67.44430521665143,0.35,0.5219935491001453
accuracy_80pct,1.0,90.28189663337162,0.84,0.8346316066076851
accuracy_70pct,1.0,88.6302932360335,0.81,0.7702811134341613
accuracy_60pct,1.0,82.34963989706165,0.72,0.5891911503096936
correlation_70pct,1.0,77.26134345886548,0.47,0.7196717264085728
correlation_60pct,1.0,67.8173223051702,0.38,0.46889834543965947
accuracy_80pct,1.0,87.23749758679769,0.82,0.6670661392675059
accuracy_70pct,1.0,85.92208974532689,0.79,0.6884311675522603
accuracy_60pct,1.0,81.81115378988365,0.7,0.6684850616087568
correlation_70pct,1.0,73.41405441086867,0.48,0.6607315704962438
correlation_60pct,1.0,65.65286244019043,0.4,0.46842359858124855
accuracy_80pct,1.0,90.29191357965354,0.85,0.7565158164356056
accuracy_70pct,1.0,88.7288097524144,0.81,0.7499826964151741
accuracy_60pct,1.0,81.22608730141484,0.74,0.5071265775804126
correlation_70pct,1.0,70.09557315136163,0.39,0.5955167065835525
correlation_60pct,1.0,67.57930503726013,0.35,0.5279720246686719
accuracy_80pct,1.0,87.10249776618897,0.82,0.7373364482170484
accuracy_70pct,1.0,86.75068951706724,0.76,0.7744993043028418
accuracy_60pct,1.0,77.10437781206126,0.65,0.5615980480549643
correlation_70pct,1.0,74.94143152150842,0.51,0.6700167024363415
correlation_60pct,1.0,66.71464032049676,0.34,0.5649925975064527
accuracy_80pct,1.0,90.85610945714899,0.87,0.8040633827600127
accuracy_70pct,1.0,85.13515106475214,0.77,0.7040416878460947
accuracy_60pct,1.0,78.85525431340872,0.67,0.6243391119241019
correlation_70pct,1.0,74.65691400308863,0.47,0.6838586201534566
correlation_60pct,1.0,71.87140283539813,0.42,0.6652749120478962
accuracy_80pct,1.0,88.4748411636562,0.83,0.8035062959935814
accuracy_70pct,1.0,84.66395568827612,0.77,0.6379875797603743
accuracy_60pct,1.0,81.83194427007591,0.71,0.5727023474618369
correlation_70pct,1.0,69.3190697762736,0.34,0.5842839687858321
correlation_60pct,1.0,64.97003642213919,0.29,0.476979792022391
accuracy_80pct,1.0,87.62019339317472,0.83,0.6847794239307444
accuracy_70pct,1.0,83.53038614634741,0.78,0.6484574959123579
accuracy_60pct,1.0,84.93286051344147,0.75,0.6809027630227432
correlation_70pct,1.0,72.93801987504855,0.42,0.69028607810371
correlation_60pct,1.0,66.17615421331875,0.32,0.6069885897345771
accuracy_80pct,1.0,87.64140223257174,0.8,0.7316405237774775
accuracy_70pct,1.0,86.52828494241162,0.79,0.6894391923551929
accuracy_60pct,1.0,81.03457028401448,0.72,0.5389722211767402
correlation_70pct,1.0,70.69583397388013,0.45,0.5882079003943629
correlation_60pct,1.0,75.06081864886269,0.45,0.7416728305897332
accuracy_80pct,1.0,89.15800580930114,0.83,0.803296386876839
accuracy_70pct,1.0,85.81907229802553,0.76,0.7375943554181956
accuracy_60pct,1.0,82.16847805436686,0.74,0.6183613898433905
correlation_70pct,1.0,72.23364639000657,0.45,0.6780262678539327
correlation_60pct,1.0,63.98598457802154,0.34,0.4555016100942912
accuracy_80pct,1.0,90.22496107737521,0.86,0.7543684748069988
accuracy_70pct,1.0,83.100851861037,0.73,0.6888108707498802
accuracy_60pct,1.0,81.23618437847787,0.68,0.5897616003586661
correlation_70pct,1.0,74.62568821740969,0.49,0.6315459580829267
correlation_60pct,1.0,69.1531823984096,0.39,0.5107505211215807
accuracy_80pct,1.0,91.01156152952629,0.85,0.8385773769719508
accuracy_70pct,1.0,88.68681043282513,0.83,0.7650594099331843
accuracy_60pct,1.0,75.63461271426522,0.66,0.5489901058320111
correlation_70pct,1.0,75.3814011123055,0.53,0.6799101531018564
correlation_60pct,1.0,63.91869384731956,0.32,0.5025845177304407
accuracy_80pct,1.0,86.16010701323694,0.82,0.7127579303983864
accuracy_70pct,1.0,84.42627664878972,0.77,0.6698710429745889
accuracy_60pct,1.0,79.66264524575206,0.67,0.6376864775426014
correlation_70pct,1.0,70.41131645546035,0.41,0.6644733519539052
correlation_60pct,1.0,66.43496196142107,0.36,0.5084485069467876
accuracy_80pct,1.0,90.28189663337162,0.84,0.8094858877735954
accuracy_70pct,1.0,84.94363404735181,0.75,0.6609593942836441
accuracy_60pct,1.0,81.14877962443094,0.71,0.5952026234453084
correlation_70pct,1.0,69.42242545199859,0.4,0.6194522351922961
correlation_60pct,1.0,71.86096752991145,0.45,0.5900091097276985
accuracy_80pct,1.0,89.26177984423092,0.85,0.7909777409295939
accuracy_70pct,1.0,80.81216570935887,0.75,0.6157209711880812
accuracy_60pct,1.0,81.79621755347652,0.7,0.6296120119822683
correlation_70pct,1.0,74.54312302187695,0.44,0.6986831266400494
correlation_60pct,1.0,66.70420501501006,0.37,0.4225152471061082
accuracy_80pct,1.0,89.68647497019722,0.84,0.8216619749008082
accuracy_70pct,1.0,84.66395568827612,0.77,0.7059924654982057
accuracy_60pct,1.0,81.821927323794,0.7,0.6966651516245647
correlation_70pct,1.0,71.02752859882699,0.42,0.5635913306393385
correlation_60pct,1.0,67.56886973177345,0.38,0.5155488018898281
accuracy_80pct,1.0,91.29157811702562,0.86,0.8213180404537986
accuracy_70pct,1.0,85.41482942382783,0.75,0.7167845946710533
accuracy_60pct,1.0,80.46001923181346,0.66,0.6146775349310345
correlation_70pct,1.0,74.11842789591064,0.45,0.6561219331259516
correlation_60pct,1.0,67.19067485631686,0.4,0.507331582795597
accuracy_80pct,1.0,90.88733524282792,0.85,0.7930976996221063
accuracy_70pct,1.0,88.39227596812344,0.78,0.7769018570075417
accuracy_60pct,1.0,79.71916244254368,0.69,0.5258814690133069
correlation_70pct,1.0,71.9491288715868,0.41,0.6550496328594853
correlation_60pct,1.0,70.41131645546037,0.41,0.6413557753354588
accuracy_80pct,1.0,89.24650537940015,0.82,0.7923558059378691
accuracy_70pct,1.0,86.41899489212037,0.79,0.7844948282885416
accuracy_60pct,1.0,78.47705943795212,0.69,0.6579846890610482
correlation_70pct,1.0,67.78609651949125,0.4,0.5692997248989334
correlation_60pct,1.0,69.62437777488563,0.39,0.6105308680553572
accuracy_80pct,1.0,89.2152795937212,0.84,0.8249678308173968
accuracy_70pct,1.0,83.13657857763637,0.74,0.6848335353183046
accuracy_60pct,1.0,77.28512129555125,0.67,0.4980253279593493
correlation_70pct,1.0,74.90052741714128,0.41,0.7384886968381742
correlation_60pct,1.0,65.21289284939336,0.38,0.48183730995175716
accuracy_80pct,1.0,89.2152795937212,0.84,0.802195199100975
accuracy_70pct,1.0,82.96585204042827,0.73,0.668232324815138
accuracy_60pct,1.0,76.45202059289048,0.67,0.5103414538290754
correlation_70pct,1.0,71.63338556748808,0.39,0.6809294991292361
correlation_60pct,1.0,66.38846171091136,0.35,0.5669205466845408
accuracy_80pct,1.0,89.70726545038949,0.85,0.7936995375764586
accuracy_70pct,1.0,82.60886600436872,0.72,0.7403670860226264
accuracy_60pct,1.0,81.80071848439697,0.73,0.6704984701122224
correlation_70pct,1.0,72.07335515828515,0.41,0.6921015658735143
correlation_60pct,1.0,69.94012107898433,0.41,0.594626290157576
accuracy_80pct,1.0,90.6853829199409,0.86,0.767303021319816
accuracy_70pct,1.0,86.25904188882261,0.78,0.735542888973947
accuracy_60pct,1.0,82.52630080883597,0.67,0.7307083061746722
correlation_70pct,1.0,70.45781670597007,0.42,0.5779444527748485
correlation_60pct,1.0,70.00707358126266,0.4,0.5277243664848025
accuracy_80pct,1.0,91.31203036879424,0.84,0.8388759304579257
accuracy_70pct,1.0,82.41726885618726,0.77,0.628220799803934
accuracy_60pct,1.0,79.41869360327574,0.7,0.6122611893392811
correlation_70pct,1.0,71.60215978180915,0.41,0.7192822424789874
correlation_60pct,1.0,59.63143520852566,0.31,0.459038120871785
accuracy_80pct,1.0,89.86721845368723,0.86,0.7355973418847458
accuracy_70pct,1.0,86.13447737370059,0.75,0.7304563194561347
accuracy_60pct,1.0,78.71023754651809,0.66,0.5872808917620981
correlation_70pct,1.0,70.88251183193637,0.41,0.5761366957923284
correlation_60pct,1.0,69.00816563151896,0.38,0.6283740077225046
accuracy_80pct,1.0,91.88699978020003,0.86,0.8381906036005603
accuracy_70pct,1.0,86.71946373138829,0.78,0.7385089299731724
accuracy_60pct,1.0,79.55259860783238,0.68,0.545475925773136
correlation_70pct,1.0,75.01915755769707,0.5,0.6337578090128355
correlation_60pct,1.0,64.62790649170564,0.35,0.5015230233039137
accuracy_80pct,1.0,90.88733524282793,0.85,0.8007364152229124
accuracy_70pct,1.0,87.304450089076,0.81,0.715746661404487
accuracy_60pct,1.0,79.0717245134981,0.7,0.5703714450502103
correlation_70pct,1.0,70.53070358281462,0.35,0.6442561296522876
correlation_60pct,1.0,73.59029696343822,0.47,0.6571418889966867
accuracy_80pct,1.0,90.94460902724798,0.86,0.8259423686135553
accuracy_70pct,1.0,84.66395568827612,0.77,0.608131673384256
accuracy_60pct,1.0,82.55159221994866,0.71,0.6462294740588809
correlation_70pct,1.0,66.2073799989977,0.3,0.5582919774897082
correlation_60pct,1.0,61.20047341033103,0.29,0.4290026400705613
accuracy_80pct,1.0,91.01156152952629,0.85,0.7757910927928322
accuracy_70pct,1.0,88.66151902171244,0.79,0.7726369524436107
accuracy_60pct,1.0,82.8885443634444,0.7,0.6570739035282729
correlation_70pct,1.0,70.88251183193637,0.41,0.5844807039201075
correlation_60pct,1.0,62.412107216872066,0.3,0.4345615062827078
accuracy_80pct,1.0,90.79883567272893,0.86,0.7504973234739127
accuracy_70pct,1.0,86.66218994696824,0.77,0.6646804937064046
accuracy_60pct,1.0,84.24519493687606,0.72,0.6920542592412112
correlation_70pct,1.0,74.51189723619801,0.46,0.6671135350633419
correlation_60pct,1.0,71.21352960086585,0.46,0.5812001258605717
accuracy_80pct,1.0,91.01156152952629,0.85,0.8292617362495152
accuracy_70pct,1.0,83.64383889913543,0.78,0.6212215281900105
accuracy_60pct,1.0,75.32888635644844,0.65,0.4483866817586811
correlation_70pct,1.0,63.60295054322084,0.3,0.6112058127706183
correlation_60pct,1.0,64.52938997532473,0.35,0.5088077493135098
accuracy_80pct,1.0,91.50396574539934,0.82,0.9055193093136005
accuracy_70pct,1.0,86.92175428269897,0.8,0.7541624927216385
accuracy_60pct,1.0,81.14802303680253,0.72,0.6272998319870826
correlation_70pct,1.0,72.5806154797842,0.45,0.6491741873760134
correlation_60pct,1.0,63.437063165356854,0.35,0.47160692732368215
accuracy_80pct,1.0,91.7519999595913,0.86,0.8371295802711809
accuracy_70pct,1.0,87.78608077103871,0.78,0.8025007081245025
accuracy_60pct,1.0,79.0717245134981,0.7,0.5910198666172057
correlation_70pct,1.0,67.54807925158119,0.37,0.5971347410444685
correlation_60pct,1.0,65.84997560373336,0.33,0.5803995957382603
accuracy_80pct,1.0,89.8207182031775,0.85,0.7411672322361244
accuracy_70pct,1.0,88.5417936659345,0.82,0.7744913030968085
accuracy_60pct,1.0,77.40442829212444,0.68,0.44168864348638215
correlation_70pct,1.0,75.5320140253387,0.45,0.6644671779221981
correlation_60pct,1.0,67.29962667818445,0.37,0.512855354422661
accuracy_80pct,1.0,93.5278296436278,0.89,0.8608687901034066
accuracy_70pct,1.0,83.53004791792374,0.75,0.6845315166281966
accuracy_60pct,1.0,80.36142258465144,0.73,0.5322560413765609
correlation_70pct,1.0,71.28641647771043,0.39,0.6930337752010998
correlation_60pct,1.0,66.5799787283117,0.37,0.49294795281864673
accuracy_80pct,1.0,92.06774326369002,0.88,0.7956567529755599
accuracy_70pct,1.0,85.23892509968192,0.79,0.6328698224999013
accuracy_60pct,1.0,83.62898279350941,0.71,0.7130851515866172
correlation_70pct,1.0,75.13854468505136,0.44,0.713167786827386
correlation_60pct,1.0,69.43769991682937,0.43,0.5133443397951853
accuracy_80pct,1.0,89.20450605981087,0.84,0.7853956275870814
accuracy_70pct,1.0,86.13481560212423,0.78,0.7370998364165736
accuracy_60pct,1.0,82.85239928764025,0.73,0.6124770672178227
correlation_70pct,1.0,65.86041090922004,0.3,0.5903028125995406
correlation_60pct,1.0,70.0226862745171,0.46,0.499375863286912
accuracy_80pct,1.0,87.64140223257174,0.8,0.7829986418683972
accuracy_70pct,1.0,84.45198641910719,0.77,0.7459987963902258
accuracy_60pct,1.0,79.81843554655302,0.68,0.6083258706779533
correlation_70pct,1.0,70.88251183193638,0.41,0.6034286090465499
correlation_60pct,1.0,64.79337551036487,0.34,0.4922506101692089
accuracy_80pct,1.0,92.07851679760036,0.88,0.8328877847269116
accuracy_70pct,1.0,85.24860381754019,0.77,0.697076417036117
accuracy_60pct,1.0,78.21783333064505,0.69,0.5936170958995339
correlation_70pct,1.0,76.51046972331379,0.49,0.7237208259935871
correlation_60pct,1.0,63.12615902060224,0.39,0.43216600720646287
accuracy_80pct,1.0,91.22353079869524,0.85,0.7494850405740547
accuracy_70pct,1.0,82.03423482138658,0.73,0.5965373312199679
accuracy_60pct,1.0,83.7427737747211,0.74,0.6745513103036518
correlation_70pct,1.0,74.66734930857531,0.44,0.7231099070302615
correlation_60pct,1.0,66.28994519453045,0.35,0.543109175731964
accuracy_80pct,1.0,90.82038274054962,0.86,0.7977156602591142
accuracy_70pct,1.0,84.74168172446478,0.76,0.6846071885527467
accuracy_60pct,1.0,78.31634984702596,0.69,0.4886120754580258
correlation_70pct,1.0,72.65834151597286,0.44,0.602178280247375
correlation_60pct,1.0,65.8860405487564,0.37,0.4489379853042251
accuracy_80pct,1.0,91.66425697712074,0.86,0.8985828455958818
accuracy_70pct,1.0,85.68441070584049,0.79,0.7543877819334944
accuracy_60pct,1.0,75.65540319445748,0.67,0.5659999026363258
correlation_70pct,1.0,66.76597973035057,0.41,0.6642844045076111
correlation_60pct,1.0,60.931230356742034,0.28,0.532046106254904
accuracy_80pct,1.0,92.08895210308705,0.85,0.8723007598305499
accuracy_70pct,1.0,86.02476896420457,0.79,0.6740549783358127
accuracy_60pct,1.0,78.91177151020035,0.69,0.5997404936601095
correlation_70pct,1.0,73.60073226892492,0.44,0.5987161134348865
correlation_60pct,1.0,65.74102378186576,0.36,0.5107029320770118
accuracy_80pct,1.0,90.69581822542757,0.83,0.8202640889839617
accuracy_70pct,1.0,85.01058654963012,0.74,0.6649186065030115
accuracy_60pct,1.0,82.77433502302794,0.71,0.664053480695297
correlation_70pct,1.0,70.0595082063386,0.35,0.6569472519271625
correlation_60pct,1.0,69.31347363013101,0.43,0.5432560621930144
accuracy_80pct,1.0,90.56115663324253,0.86,0.7941075457453879
accuracy_70pct,1.0,85.01092477805376,0.77,0.7164975887547296
accuracy_60pct,1.0,79.60019367439418,0.71,0.6636623959987661
correlation_70pct,1.0,69.74860406158399,0.39,0.6412237221951853
correlation_60pct,1.0,62.70706004077852,0.31,0.5230921257208198
accuracy_80pct,1.0,90.02267052606453,0.84,0.7938706343781065
accuracy_70pct,1.0,82.90306224064676,0.74,0.6346762047338151
accuracy_60pct,1.0,81.37152242751023,0.71,0.6393370085756209
correlation_70pct,1.0,74.43417120000936,0.47,0.6567971891877527
correlation_60pct,1.0,59.55930531847959,0.23,0.38859736571234127
accuracy_80pct,1.0,88.21485846872068,0.84,0.6843100541821528
accuracy_70pct,1.0,86.32599439110093,0.77,0.7648097408551348
accuracy_60pct,1.0,81.47420164638791,0.71,0.6598122463985413
correlation_70pct,1.0,74.18571862661261,0.47,0.6812916653928139
correlation_60pct,1.0,63.2764337052118,0.28,0.46489297375437627
accuracy_80pct,1.0,90.59763993747032,0.86,0.8392586740039789
accuracy_70pct,1.0,84.59624659836938,0.79,0.6433917025136671
accuracy_60pct,1.0,78.56446419199905,0.66,0.5857411696643512
correlation_70pct,1.0,66.02070214094144,0.34,0.6597297468248992
correlation_60pct,1.0,71.12052909984644,0.44,0.5442416305885452
accuracy_80pct,1.0,88.82181025343384,0.83,0.8223669100156427
accuracy_70pct,1.0,85.56434712163889,0.79,0.6778603510407095
accuracy_60pct,1.0,76.6681525645562,0.67,0.48526891471017614
correlation_70pct,1.0,70.22463859740412,0.45,0.5680495718192519
correlation_60pct,1.0,65.65252421176677,0.37,0.5138488282029895
accuracy_80pct,1.0,90.59763993747033,0.86,0.7569265394344646
accuracy_70pct,1.0,84.32776013240881,0.77,0.636984051615111
accuracy_60pct,1.0,81.87844452058562,0.72,0.5141979794664182
correlation_70pct,1.0,71.18748160212475,0.43,0.4931129732311004
correlation_60pct,1.0,69.35997388064072,0.44,0.5176184171611168
accuracy_80pct,1.0,90.88767347125157,0.88,0.8059225410979812
accuracy_70pct,1.0,85.12513411847023,0.76,0.7887848128194932
accuracy_60pct,1.0,81.49499212658017,0.72,0.6557037095898662
correlation_70pct,1.0,67.47035321539254,0.38,0.6163308240725269
correlation_60pct,1.0,67.05117410478772,0.37,0.5671056552517841
accuracy_80pct,1.0,91.02233506343664,0.85,0.7978176026072411
accuracy_70pct,1.0,90.56157499244729,0.82,0.8061552835144596
accuracy_60pct,1.0,81.76423518016917,0.73,0.5068962582518599
correlation_70pct,1.0,72.14064588898714,0.43,0.5540907900648907
correlation_60pct,1.0,70.97067317361171,0.37,0.6125889141945675
accuracy_80pct,1.0,89.46297557948952,0.85,0.7290794822154931
accuracy_70pct,1.0,85.03663454837124,0.77,0.7250213983770873
accuracy_60pct,1.0,78.69828906577456,0.71,0.43999804818020544
correlation_70pct,1.0,74.11842789591064,0.45,0.7006465994902018
correlation_60pct,1.0,67.03038362459546,0.36,0.5400777614425648
accuracy_80pct,1.0,91.46230465423372,0.87,0.8704084774639016
accuracy_70pct,1.0,87.64140223257175,0.8,0.7876473770616159
accuracy_60pct,1.0,79.4294671371861,0.7,0.5700254423577871
correlation_70pct,1.0,67.1185449662708,0.32,0.6507570879467743
correlation_60pct,1.0,62.5051077178915,0.32,0.5124116682167325
accuracy_80pct,1.0,91.49353043991265,0.85,0.8313561874652248
accuracy_70pct,1.0,83.53004791792374,0.75,0.6277087713327738
accuracy_60pct,1.0,76.64429419791924,0.68,0.47566235872530627
correlation_70pct,1.0,74.58962327238666,0.45,0.6691180687193075
correlation_60pct,1.0,66.2122191583418,0.36,0.5658887863576281
accuracy_80pct,1.0,91.69548276279968,0.84,0.8916573637497519
accuracy_70pct,1.0,86.25904188882261,0.78,0.7544880456796542
accuracy_60pct,1.0,83.24586862792763,0.74,0.6553867369374972
correlation_70pct,1.0,74.39251010884374,0.52,0.6835720495889798
correlation_60pct,1.0,68.96650454035336,0.43,0.5772233964918351
accuracy_80pct,1.0,87.95638894904202,0.83,0.7196173333160759
accuracy_70pct,1.0,82.99190003916941,0.76,0.717168026562169
accuracy_60pct,1.0,83.4370474169043,0.73,0.6984488876168493
correlation_70pct,1.0,68.95123007552257,0.4,0.5961724776822317
correlation_60pct,1.0,66.34196146040163,0.34,0.5589217357981587
accuracy_80pct,1.0,87.88943644676371,0.84,0.724987867905714
accuracy_70pct,1.0,84.79895550888483,0.77,0.7392919867610426
accuracy_60pct,1.0,81.15879657071285,0.72,0.5847200108559624
correlation_70pct,1.0,68.77498752295301,0.41,0.6217049644302735
correlation_60pct,1.0,68.74927775263555,0.41,0.5352301218974891
accuracy_80pct,1.0,90.69615645385124,0.86,0.7445564439524994
accuracy_70pct,1.0,82.14768757417461,0.73,0.5910669649682558
accuracy_60pct,1.0,82.75388277125936,0.73,0.6294322891418582
correlation_70pct,1.0,72.65834151597286,0.44,0.6653162707943607
correlation_60pct,1.0,68.75971305812223,0.38,0.5179793864991349
accuracy_80pct,1.0,91.08928756571494,0.84,0.8544378307630927
accuracy_70pct,1.0,85.85513724304857,0.8,0.6915453347248359
accuracy_60pct,1.0,82.05994459170404,0.73,0.6838846827947842
correlation_70pct,1.0,73.01014976509461,0.5,0.6513088238362442
correlation_60pct,1.0,65.64242713470375,0.43,0.3535676673735128
accuracy_80pct,1.0,91.49353043991266,0.85,0.8553631452033122
accuracy_70pct,1.0,85.1924248491722,0.78,0.6565333869080304
accuracy_60pct,1.0,84.99606867242775,0.7,0.7004932054564006
correlation_70pct,1.0,73.64723251943462,0.45,0.6826181005642852
correlation_60pct,1.0,68.09700066424587,0.36,0.5039283838424978
accuracy_80pct,1.0,88.4748411636562,0.83,0.8224314016473376
accuracy_70pct,1.0,82.55193044837232,0.74,0.6569019912983782
accuracy_60pct,1.0,79.66264524575205,0.67,0.610508167485221
correlation_70pct,1.0,68.72848727244329,0.4,0.5784056455376225
correlation_60pct,1.0,72.73606755216151,0.43,0.6382012583654517
accuracy_80pct,1.0,91.596547887214,0.88,0.7979597480384799
accuracy_70pct,1.0,86.97868983869537,0.78,0.7665053811390931
accuracy_60pct,1.0,81.95617055677427,0.71,0.63319518181588
correlation_70pct,1.0,69.9040561339613,0.37,0.6309589855273511
correlation_60pct,1.0,62.61405953975909,0.29,0.4252604060176214
accuracy_80pct,1.0,89.62953941420082,0.86,0.8033265762705643
accuracy_70pct,1.0,85.98979883523361,0.77,0.808240402313602
accuracy_60pct,1.0,78.98874095876059,0.69,0.5451359186887985
correlation_70pct,1.0,65.49257120846903,0.36,0.5125598850646995
correlation_60pct,1.0,66.59525319314247,0.4,0.5149748052102665
accuracy_80pct,1.0,89.59797540009824,0.85,0.7759203648185291
accuracy_70pct,1.0,85.89052573122429,0.78,0.6906992875040348
accuracy_60pct,1.0,80.7857794821941,0.69,0.5999384559098455
correlation_70pct,1.0,66.3676712307191,0.34,0.5529465944373678
correlation_60pct,1.0,61.707733731830075,0.33,0.44275961177515355
accuracy_80pct,1.0,91.45153112032338,0.87,0.8156882200872505
accuracy_70pct,1.0,82.97110955897715,0.75,0.722344975883849
accuracy_60pct,1.0,78.88606173988289,0.69,0.4469096371150273
correlation_70pct,1.0,71.32248142273346,0.43,0.5994112345498297
correlation_60pct,1.0,68.69242232742026,0.36,0.6447639142778057
accuracy_80pct,1.0,89.29300562990986,0.83,0.7801500639644101
accuracy_70pct,1.0,81.59876616150994,0.74,0.6570856915758799
accuracy_60pct,1.0,77.90133343891792,0.68,0.4837826574137563
correlation_70pct,1.0,73.80268459181194,0.43,0.6960416309914278
correlation_60pct,1.0,68.29335684099031,0.44,0.5051483558703703
accuracy_80pct,1.0,89.0802797731125,0.84,0.7849271100518527
accuracy_70pct,1.0,84.86590801116316,0.76,0.734517408693301
accuracy_60pct,1.0,78.5283191161949,0.69,0.5298245788628169
correlation_70pct,1.0,68.80621330863195,0.39,0.6465734570306291
correlation_60pct,1.0,68.56819604072189,0.36,0.5953465746113338
accuracy_80pct,1.0,87.68790248308146,0.81,0.8157385925691719
accuracy_70pct,1.0,84.01201682831011,0.75,0.7254931938337666
accuracy_60pct,1.0,79.97763196222235,0.7,0.5409608985358596
correlation_70pct,1.0,64.4363894743053,0.33,0.5743796637528158
correlation_60pct,1.0,64.00125904285231,0.37,0.5252217557552331
accuracy_80pct,1.0,91.96472581638868,0.85,0.8645884025207298
accuracy_70pct,1.0,81.69728267789085,0.74,0.5946476124690281
accuracy_60pct,1.0,80.62031046353486,0.7,0.6441150100597234
correlation_70pct,1.0,68.4023086628579,0.41,0.5392710447258794
correlation_60pct,1.0,63.49399872135325,0.33,0.4783138477612227
accuracy_80pct,1.0,89.68647497019722,0.84,0.839043557643742
accuracy_70pct,1.0,86.25870366039895,0.75,0.8043659014724606
accuracy_60pct,1.0,80.21606758933716,0.69,0.6390568421152047
correlation_70pct,1.0,70.42175176094703,0.38,0.6319377387610391
correlation_60pct,1.0,64.04775929336203,0.38,0.4730632900707302
accuracy_80pct,1.0,90.75309200984763,0.84,0.8515979738613181
accuracy_70pct,1.0,81.99223550179731,0.75,0.6408886355768363
accuracy_60pct,1.0,81.19002235639181,0.7,0.6473281169674695
correlation_70pct,1.0,71.70067629819005,0.41,0.660194295788418
correlation_60pct,1.0,64.83953753245092,0.32,0.45388683821670567
accuracy_80pct,1.0,87.65141917885367,0.81,0.7435391109061461
accuracy_70pct,1.0,84.60743849148449,0.75,0.6875642386211411
accuracy_60pct,1.0,79.4964196394644,0.69,0.5649134307682406
correlation_70pct,1.0,70.08513784587495,0.42,0.5480829412385306
correlation_60pct,1.0,71.05323836914447,0.42,0.5767674195755889
accuracy_80pct,1.0,90.93383549333764,0.86,0.8196416431035844
accuracy_70pct,1.0,84.6996824048755,0.78,0.6872874204551194
accuracy_60pct,1.0,80.43881039241644,0.69,0.5970329893335001
correlation_70pct,1.0,69.35513472129662,0.38,0.6324096105088673
correlation_60pct,1.0,68.22080859173948,0.4,0.5322720388031233
accuracy_80pct,1.0,87.37140259135433,0.8,0.7428678089313719
accuracy_70pct,1.0,86.95298006837791,0.78,0.7684662462769891
accuracy_60pct,1.0,80.8638437468064,0.71,0.5878250160836758
correlation_70pct,1.0,69.59315198920667,0.41,0.6478658574660906
correlation_60pct,1.0,61.89441158988633,0.29,0.43030353764814694
accuracy_80pct,1.0,88.35061487695782,0.83,0.8051522493025051
accuracy_70pct,1.0,84.86590801116316,0.76,0.7204298252389534
accuracy_60pct,1.0,81.63041030639364,0.68,0.7355734750727111
correlation_70pct,1.0,73.3314892153359,0.43,0.7043340595594423
correlation_60pct,1.0,63.199045897446794,0.32,0.5201473816710436
accuracy_80pct,1.0,89.57226562978077,0.85,0.7742152548385223
accuracy_70pct,1.0,83.16262657637749,0.77,0.7578139631886
accuracy_60pct,1.0,79.71882421412002,0.66,0.6385737491832593
correlation_70pct,1.0,64.59184154668262,0.31,0.575669516722338
correlation_60pct,1.0,64.41551886333194,0.39,0.5019152077399321
accuracy_80pct,1.0,89.12678002362222,0.85,0.7922993551036291
accuracy_70pct,1.0,85.86557254853525,0.77,0.7418203320664666
accuracy_60pct,1.0,80.63032740981677,0.71,0.5711614966660968
correlation_70pct,1.0,66.83886660719511,0.34,0.5911147523973665
correlation_60pct,1.0,71.40020745892211,0.42,0.6490558069481188
accuracy_80pct,1.0,90.58686640356,0.86,0.7661238261690152
accuracy_70pct,1.0,82.66462661353192,0.75,0.530256550709898
accuracy_60pct,1.0,81.96660586226096,0.68,0.6289772440441628
correlation_70pct,1.0,72.07819431762924,0.47,0.6684123600399758
correlation_60pct,1.0,67.76004852075013,0.37,0.5748413335747596
accuracy_80pct,1.0,92.79816474747312,0.88,0.8845187244531519
accuracy_70pct,1.0,82.20420477096626,0.75,0.6058719035990533
accuracy_60pct,1.0,82.64977050790591,0.68,0.6975552395501154
correlation_70pct,1.0,70.38009066978141,0.43,0.6691313635191941
correlation_60pct,1.0,66.99431867957242,0.32,0.6176345086244321
accuracy_80pct,1.0,89.8107012568956,0.84,0.8392620874324346
accuracy_70pct,1.0,83.75279072100302,0.75,0.654816567337873
accuracy_60pct,1.0,76.26084180391379,0.68,0.4845354083161441
correlation_70pct,1.0,69.59315198920669,0.41,0.6368700635776484
correlation_60pct,1.0,66.28994519453045,0.35,0.5837722688401701
accuracy_80pct,1.0,90.89810877673827,0.85,0.8144488314457556
accuracy_70pct,1.0,85.23858687125826,0.76,0.7444311318975
accuracy_60pct,1.0,82.62889989693255,0.74,0.5417624530678253
correlation_70pct,1.0,76.79498724173357,0.53,0.6688726302911181
correlation_60pct,1.0,65.62723280065407,0.33,0.5074226304902546
accuracy_80pct,1.0,87.5167575866686,0.84,0.6516799738338412
accuracy_70pct,1.0,84.43043935128651,0.77,0.6974807858595555
accuracy_60pct,1.0,76.84515170475419,0.65,0.5151532369427972
correlation_70pct,1.0,73.0157459112372,0.41,0.6968078389228238
correlation_60pct,1.0,69.83116925711674,0.44,0.594613052304135
accuracy_80pct,1.0,87.485193572566,0.83,0.6449656355139627
accuracy_70pct,1.0,87.07720635507627,0.78,0.7689906436570698
accuracy_60pct,1.0,83.88745231318808,0.72,0.6828319890105576
correlation_70pct,1.0,69.62437777488563,0.39,0.5674346669331916
correlation_60pct,1.0,60.10263058500168,0.31,0.449440012866675
accuracy_80pct,1.0,88.89877970199407,0.83,0.7212963666959975
accuracy_70pct,1.0,84.14626006129039,0.76,0.6368316651579302
accuracy_60pct,1.0,79.4079200693654,0.7,0.5512274181501474
correlation_70pct,1.0,76.3966787421021,0.46,0.7225187597037667
correlation_60pct,1.0,62.92980284385781,0.31,0.3818181475992593
accuracy_80pct,1.0,92.20274308429873,0.88,0.8363006424763428
accuracy_70pct,1.0,83.97001750872083,0.77,0.6410335533878406
accuracy_60pct,1.0,77.32787720276897,0.64,0.5730099122542304
correlation_70pct,1.0,74.22737971777823,0.42,0.6557116946004202
correlation_60pct,1.0,65.14560211869139,0.36,0.4023375688025412
accuracy_80pct,1.0,91.54003069042237,0.86,0.8363147416198875
accuracy_70pct,1.0,86.60601097860027,0.78,0.6974943698699512
accuracy_60pct,1.0,79.04677133080905,0.69,0.5866554288413027
correlation_70pct,1.0,73.12953689244888,0.44,0.6586846924142777
correlation_60pct,1.0,63.78962840127709,0.26,0.45925648528326113
accuracy_80pct,1.0,91.40503086981366,0.86,0.8149882610220317
accuracy_70pct,1.0,88.91998854139109,0.8,0.7888065570026277
accuracy_60pct,1.0,79.19069328164761,0.68,0.4878189382835911
correlation_70pct,1.0,71.59172447632245,0.44,0.6471447142775018
correlation_60pct,1.0,67.73959626898153,0.39,0.6107510623066628
accuracy_80pct,1.0,90.45813918594118,0.83,0.8288352835122268
accuracy_70pct,1.0,90.22462284895155,0.83,0.8332620293765108
accuracy_60pct,1.0,77.82360740272925,0.69,0.49504502906890135
correlation_70pct,1.0,69.98662132949404,0.42,0.5994791297076019
correlation_60pct,1.0,65.28544149781425,0.28,0.5270937811344378
accuracy_80pct,1.0,89.87765375917391,0.83,0.802306023575583
accuracy_70pct,1.0,88.88876275571215,0.82,0.7743698846218853
accuracy_60pct,1.0,80.2268411232475,0.69,0.5769076290786467
correlation_70pct,1.0,71.91790308590785,0.43,0.6615512151509624
correlation_60pct,1.0,70.38009066978142,0.43,0.5682270491647518
accuracy_80pct,1.0,89.78465325815446,0.81,0.7861921084186492
accuracy_70pct,1.0,85.5706197246288,0.76,0.693781006289979
accuracy_60pct,1.0,76.77819920247586,0.66,0.4471700931983515
correlation_70pct,1.0,71.5244337456205,0.42,0.5799279656416051
correlation_60pct,1.0,67.23233594748248,0.35,0.5557864113338318
accuracy_80pct,1.0,90.61809218923892,0.84,0.7859940383579476
accuracy_70pct,1.0,86.57478519292134,0.8,0.7141540278547067
accuracy_60pct,1.0,81.82117073616556,0.71,0.559719188985905
correlation_70pct,1.0,68.93043959533033,0.39,0.5592323507973288
correlation_60pct,1.0,66.4141714812288,0.35,0.5470952026322657
accuracy_80pct,1.0,88.60908439663646,0.84,0.7902284556912429
accuracy_70pct,1.0,86.83918908716623,0.75,0.7792997150808346
accuracy_60pct,1.0,81.22650566061961,0.7,0.6944176801259763
correlation_70pct,1.0,71.27598117222374,0.42,0.6379377478393798
correlation_60pct,1.0,64.39472838313968,0.38,0.5480472897934211
accuracy_80pct,1.0,86.9002072148783,0.8,0.7198276301277905
accuracy_70pct,1.0,80.64560187464757,0.74,0.623328781151811
accuracy_60pct,1.0,83.56127370360268,0.73,0.6832109773922609
correlation_70pct,1.0,68.01927462805722,0.37,0.6207322223503743
correlation_60pct,1.0,64.38988922379558,0.32,0.5114358987181764
accuracy_80pct,1.0,93.14513383725077,0.88,0.8881726901142375
accuracy_70pct,1.0,83.61854748802273,0.74,0.6975241698951672
accuracy_60pct,1.0,78.79798052898866,0.66,0.575242314486662
correlation_70pct,1.0,71.13096440533312,0.41,0.60811967813688
correlation_60pct,1.0,69.26697337962129,0.42,0.5774878575941632
accuracy_80pct,1.0,90.07994431048459,0.85,0.8242515675557769
accuracy_70pct,1.0,87.38217612526465,0.8,0.7242652397937357
accuracy_60pct,1.0,76.57700346721727,0.66,0.5512417770235141
correlation_70pct,1.0,74.74991450410806,0.49,0.6368095360538151
correlation_60pct,1.0,68.59942182640083,0.34,0.5486243064264912
accuracy_80pct,1.0,88.87757086259704,0.86,0.7367339247178136
accuracy_70pct,1.0,83.86624347379104,0.75,0.7084404894489932
accuracy_60pct,1.0,79.20222340318637,0.67,0.6625470385911171
correlation_70pct,1.0,67.2219006419958,0.38,0.5863022458472872
correlation_60pct,1.0,60.68277778334529,0.28,0.5108000793250912
accuracy_80pct,1.0,91.9227264967994,0.87,0.8354464340524914
accuracy_70pct,1.0,85.44087742256895,0.78,0.7083621735488583
accuracy_60pct,1.0,77.30666836337195,0.67,0.5346986234724256
correlation_70pct,1.0,74.42933204066526,0.41,0.7035601738561829
correlation_60pct,1.0,61.40242573321805,0.28,0.4293119604719317
accuracy_80pct,1.0,90.31312241905056,0.82,0.7815483502413135
accuracy_70pct,1.0,85.89679833421418,0.75,0.7185451799050643
accuracy_60pct,1.0,80.06061551695986,0.71,0.5590875105816537
correlation_70pct,1.0,72.81379358835018,0.42,0.6220202016802178
correlation_60pct,1.0,69.86239504279568,0.42,0.5441849266383897
accuracy_80pct,1.0,89.76420100638587,0.83,0.8049473331134936
accuracy_70pct,1.0,83.8770170077014,0.75,0.5775788801969319
accuracy_60pct,1.0,80.64110094372711,0.71,0.5286633739738755
correlation_70pct,1.0,72.65834151597286,0.44,0.6319524321858427
correlation_60pct,1.0,62.59326905956684,0.28,0.39399891422664723
accuracy_80pct,1.0,90.49386590254056,0.84,0.7805190620072637
accuracy_70pct,1.0,84.52971245529584,0.76,0.7116663180436402
accuracy_60pct,1.0,81.11271467940792,0.67,0.6877444230046501
correlation_70pct,1.0,70.58204299266845,0.42,0.6761327034390037
correlation_60pct,1.0,65.290618885582,0.37,0.4540184042541063
accuracy_80pct,1.0,91.596547887214,0.88,0.8288001939904329
accuracy_70pct,1.0,86.57478519292133,0.8,0.7863242846139039
accuracy_60pct,1.0,74.49994835628442,0.65,0.49438775587714767
correlation_70pct,1.0,68.44880891336761,0.42,0.5987112636786889
correlation_60pct,1.0,67.34612692869418,0.38,0.5956825317413734
accuracy_80pct,1.0,88.13788902016046,0.84,0.7045900793092671
accuracy_70pct,1.0,85.31665113587057,0.78,0.7148033093323252
accuracy_60pct,1.0,79.60019367439416,0.71,0.5788965577636626
correlation_70pct,1.0,71.55565953129943,0.4,0.6216325133434297
correlation_60pct,1.0,66.44539726690775,0.33,0.5286686471768687
accuracy_80pct,1.0,88.96682702032447,0.84,0.7741490242445005
accuracy_70pct,1.0,84.34821238417742,0.75,0.691961444621918
accuracy_60pct,1.0,77.44091159635224,0.68,0.4925118249502002
correlation_70pct,1.0,75.56807897036175,0.49,0.7158509186366698
correlation_60pct,1.0,69.79468595288894,0.44,0.5559800855421067
accuracy_80pct,1.0,89.74299216698886,0.86,0.7560445161832701
accuracy_70pct,1.0,87.1806421615824,0.77,0.7855120571224571
accuracy_60pct,1.0,81.21531376750448,0.74,0.497660219483427
correlation_70pct,1.0,74.07676680474503,0.5,0.6670196528141747
correlation_60pct,1.0,74.98309261267403,0.46,0.7156683620251896
accuracy_80pct,1.0,90.28189663337162,0.84,0.8597256881290595
accuracy_70pct,1.0,82.17297898528732,0.77,0.603002701959358
accuracy_60pct,1.0,81.48421859266983,0.72,0.5814259529163601
correlation_70pct,1.0,69.46892570250832,0.41,0.6003948950190205
correlation_60pct,1.0,68.76455221746632,0.44,0.594246257647427
accuracy_80pct,1.0,90.43693034654416,0.86,0.751483979101079
accuracy_70pct,1.0,88.07653266402474,0.76,0.7871809479196739
accuracy_60pct,1.0,79.68869324449317,0.7,0.5378044937639272
correlation_70pct,1.0,73.32105390984924,0.46,0.6059677158956095
correlation_60pct,1.0,68.56819604072189,0.36,0.5193757326985011
accuracy_80pct,1.0,89.74299216698886,0.86,0.7265580193166336
accuracy_70pct,1.0,84.01576117160212,0.79,0.5686009214821142
accuracy_60pct,1.0,81.77917141657629,0.73,0.5666602349286006
correlation_70pct,1.0,65.65845858633303,0.31,0.550118942725724
correlation_60pct,1.0,65.41484517228038,0.37,0.5159775362194299
accuracy_80pct,1.0,88.80026318561316,0.83,0.7603190131068236
accuracy_70pct,1.0,83.93429079212144,0.76,0.6923808736825562
accuracy_60pct,1.0,81.29345816289792,0.69,0.7080763190353859
correlation_70pct,1.0,68.8374390943109,0.37,0.6241605832249767
correlation_60pct,1.0,64.95408510129104,0.34,0.5847808055665414
accuracy_80pct,1.0,92.79816474747312,0.88,0.8529596473441214
accuracy_70pct,1.0,83.77850049132049,0.75,0.7020205282773815
accuracy_60pct,1.0,81.52697449988753,0.69,0.5823422535345836
correlation_70pct,1.0,74.70341425359835,0.48,0.612229909052188
correlation_60pct,1.0,65.14560211869139,0.36,0.43189111643332273
accuracy_80pct,1.0,89.36997507847009,0.83,0.7725526765042603
accuracy_70pct,1.0,83.808969689371,0.74,0.6310178410562867
accuracy_60pct,1.0,79.1497887781104,0.72,0.5860233873467581
correlation_70pct,1.0,70.61326877834738,0.4,0.6643383658550228
correlation_60pct,1.0,57.82437973881023,0.3,0.3871948396078513
accuracy_80pct,1.0,91.92306472522306,0.9,0.8170514564822119
accuracy_70pct,1.0,84.32776013240881,0.77,0.6927084873477183
accuracy_60pct,1.0,82.53038338055164,0.74,0.5942214213802711
correlation_70pct,1.0,72.70484176648259,0.45,0.641325283684856
correlation_60pct,1.0,64.78335856408295,0.33,0.4674087168140938
accuracy_80pct,1.0,88.92032676981475,0.83,0.7632277146265993
accuracy_70pct,1.0,88.11259760904775,0.8,0.7932278239905194
accuracy_60pct,1.0,81.62999194718888,0.72,0.6352863749798734
correlation_70pct,1.0,67.31006198367113,0.34,0.5920591709798281
correlation_60pct,1.0,64.35866343811664,0.34,0.467948915958283
accuracy_80pct,1.0,90.03344405997487,0.84,0.8058846199865247
accuracy_70pct,1.0,84.04774354490948,0.76,0.678162480002087
accuracy_60pct,1.0,77.60086459964998,0.69,0.5109800489294347
correlation_70pct,1.0,69.59315198920669,0.41,0.5905575858003056
correlation_60pct,1.0,65.83954029824667,0.36,0.48627886534472325
accuracy_80pct,1.0,93.97857276833523,0.91,0.8921902724374111
accuracy_70pct,1.0,85.8120431074072,0.8,0.641398260467231
accuracy_60pct,1.0,85.22331240642748,0.73,0.7408734127761776
correlation_70pct,1.0,67.45507875056175,0.35,0.5517101348012999
correlation_60pct,1.0,64.35866343811665,0.34,0.5343586857117383
accuracy_80pct,1.0,90.15767034667324,0.84,0.8109382125792289
accuracy_70pct,1.0,88.50606694933512,0.81,0.7909329215479298
accuracy_60pct,1.0,82.81006173962732,0.72,0.6253762162822663
correlation_70pct,1.0,71.0844641548234,0.4,0.6128954938067358
correlation_60pct,1.0,70.25586438308305,0.43,0.5792744170023059
accuracy_80pct,1.0,89.62920118577716,0.83,0.8022969718565954
accuracy_70pct,1.0,84.33777707869072,0.78,0.6850492384062404
accuracy_60pct,1.0,76.40892645724912,0.67,0.43181314700938717
correlation_70pct,1.0,71.71595076302084,0.44,0.6473278318741074
correlation_60pct,1.0,64.08450109440244,0.34,0.4702128386506549
accuracy_80pct,1.0,89.23607007391347,0.85,0.7675889601726158
accuracy_70pct,1.0,82.5876571649717,0.75,0.676418250948856
accuracy_60pct,1.0,78.09285045631826,0.7,0.4825198916361127
correlation_70pct,1.0,74.07192764540092,0.44,0.6634169243963983
correlation_60pct,1.0,67.82775761065687,0.35,0.5850483663914204
accuracy_80pct,1.0,91.01189975794995,0.88,0.7928447661252542
accuracy_70pct,1.0,87.75035405443933,0.77,0.7854163542222223
accuracy_60pct,1.0,80.29413185394947,0.71,0.5510685742015483
correlation_70pct,1.0,73.94770135870256,0.44,0.6173225081907444
correlation_60pct,1.0,66.44539726690775,0.33,0.5917179805329628
accuracy_80pct,1.0,86.89052849702003,0.82,0.7432738052391339
accuracy_70pct,1.0,86.5282849424116,0.79,0.7356346122984345
accuracy_60pct,1.0,84.00124329439976,0.75,0.6908831592185622
correlation_70pct,1.0,72.97408482007158,0.46,0.6910368632011274
correlation_60pct,1.0,72.86029383885989,0.43,0.69613540948761
accuracy_80pct,1.0,90.61843041766258,0.87,0.8050211048893238
accuracy_70pct,1.0,84.86515142353473,0.77,0.6366233365979628
accuracy_60pct,1.0,79.89064556738019,0.69,0.6290798280329946
correlation_70pct,1.0,77.02816535029952,0.5,0.7312892954810074
correlation_60pct,1.0,66.3676712307191,0.34,0.5645194654415677
accuracy_80pct,1.0,89.67570143628689,0.84,0.7713705287770093
accuracy_70pct,1.0,83.5192743840134,0.75,0.5897105352042933
accuracy_60pct,1.0,82.83160880744799,0.72,0.6559169766831415
correlation_70pct,1.0,77.29740840388851,0.51,0.6942417143370663
correlation_60pct,1.0,69.00816563151898,0.38,0.539677787942519
accuracy_80pct,1.0,90.15767034667324,0.84,0.8008009786507125
accuracy_70pct,1.0,89.05498836199979,0.8,0.7890575671204384
accuracy_60pct,1.0,81.92044384017491,0.7,0.6087675582414482
correlation_70pct,1.0,70.85128604625744,0.43,0.5755347478122503
correlation_60pct,1.0,70.0643473656827,0.41,0.5923327826155194
accuracy_80pct,1.0,91.02233506343663,0.85,0.7943700606374959
accuracy_70pct,1.0,85.19208662074854,0.75,0.6866144486679339
accuracy_60pct,1.0,82.87810905795772,0.73,0.6655168806405682
correlation_70pct,1.0,71.00673811863474,0.41,0.6173090908693569
correlation_60pct,1.0,71.16702935035615,0.45,0.5544966819733407
accuracy_80pct,1.0,90.25067084769267,0.86,0.8379586479173107
accuracy_70pct,1.0,84.65393874199421,0.76,0.7432871884895222
accuracy_60pct,1.0,81.7285084635698,0.72,0.59012844297814
correlation_70pct,1.0,70.3335904192717,0.42,0.6410208679687587
correlation_60pct,1.0,66.03105731564702,0.38,0.5346624060459741
accuracy_80pct,1.0,88.61985793054681,0.84,0.7831390656076239
accuracy_70pct,1.0,83.74201718709269,0.75,0.632960591683732
accuracy_60pct,1.0,80.85382680052447,0.7,0.6602842707705688
correlation_70pct,1.0,72.58061547978421,0.45,0.6704003739500517
correlation_60pct,1.0,63.45233763018764,0.38,0.4835634452359893
accuracy_80pct,1.0,93.26936012394914,0.88,0.840101596067728
accuracy_70pct,1.0,86.18131585263396,0.79,0.647203727938692
accuracy_60pct,1.0,81.83194427007591,0.71,0.5195667287429024
correlation_70pct,1.0,74.6256882174097,0.49,0.5926456210276623
correlation_60pct,1.0,67.95749991271671,0.33,0.4897445750454745
accuracy_80pct,1.0,91.49353043991266,0.85,0.84278322144832
accuracy_70pct,1.0,83.36382231163608,0.77,0.6666135502903298
accuracy_60pct,1.0,82.92385272083901,0.75,0.6366879136079786
correlation_70pct,1.0,66.16571890783207,0.35,0.5074105504521725
correlation_60pct,1.0,60.05129117514787,0.24,0.43242108323985823
accuracy_80pct,1.0,92.31619583708677,0.88,0.8427985889800358
accuracy_70pct,1.0,85.3266680821525,0.79,0.6378552331251333
accuracy_60pct,1.0,79.39865971071191,0.68,0.6442108572505978
correlation_70pct,1.0,75.06081864886269,0.45,0.7126669880381993
correlation_60pct,1.0,66.87009239287406,0.32,0.5621285567671797
accuracy_80pct,1.0,89.69615368805549,0.82,0.755622018754095
accuracy_70pct,1.0,83.25036955884806,0.77,0.6579429272392285
accuracy_60pct,1.0,83.7532090802078,0.71,0.7007267427009733
correlation_70pct,1.0,71.71595076302081,0.44,0.6293073272117524
correlation_60pct,1.0,63.794467560621186,0.32,0.43106772818046946
accuracy_80pct,1.0,92.52892169388413,0.87,0.9075044612159906
accuracy_70pct,1.0,83.7427737747211,0.74,0.6454314363607717
accuracy_60pct,1.0,75.83656503715224,0.65,0.5226109740142049
correlation_70pct,1.0,71.30720695790268,0.4,0.598395757939092
correlation_60pct,1.0,70.71178529472829,0.4,0.5725382807667478
accuracy_80pct,1.0,86.3728328700343,0.81,0.7389656160058623
accuracy_70pct,1.0,84.33743885026706,0.75,0.6920302858396518
accuracy_60pct,1.0,82.11196085757526,0.72,0.6915051678977389
correlation_70pct,1.0,71.00673811863474,0.41,0.6411717711849168
correlation_60pct,1.0,67.14417460580715,0.39,0.5715813803094775
accuracy_80pct,1.0,89.60874893400857,0.85,0.8172144894052868
accuracy_70pct,1.0,89.17921464869818,0.8,0.8548121119832405
accuracy_60pct,1.0,78.82327194010135,0.7,0.5377511339457034
correlation_70pct,1.0,70.53554274215873,0.41,0.6375800925670775
correlation_60pct,1.0,64.42111500947452,0.3,0.491163503751879
accuracy_80pct,1.0,91.24957879743636,0.88,0.8216714958917574
accuracy_70pct,1.0,86.38326817552098,0.78,0.7718930766469753
accuracy_60pct,1.0,79.0880140627699,0.68,0.46238390369900995
correlation_70pct,1.0,72.23364639000657,0.45,0.6070063361223268
correlation_60pct,1.0,67.23233594748248,0.35,0.5321018199254959
accuracy_80pct,1.0,89.15800580930114,0.83,0.7389687845742003
accuracy_70pct,1.0,86.294768605422,0.79,0.7080548338805588
accuracy_60pct,1.0,82.64009179004766,0.7,0.6774519222317278
correlation_70pct,1.0,68.52169579021218,0.35,0.5150156095835684
correlation_60pct,1.0,70.80478579574772,0.42,0.5146357273280413
accuracy_80pct,1.0,93.60555567981646,0.88,0.8910731525027963
accuracy_70pct,1.0,85.66328199722457,0.75,0.8000652766745122
accuracy_60pct,1.0,79.32569310225631,0.68,0.590081749574679
correlation_70pct,1.0,68.92000428984363,0.42,0.6232030615165493
correlation_60pct,1.0,59.63695122388713,0.29,0.3542301191344368
accuracy_80pct,1.0,90.66459243974865,0.85,0.8113392890503492
accuracy_70pct,1.0,80.58908467785594,0.72,0.5328241390801124
accuracy_60pct,1.0,82.69627075841564,0.69,0.652602556464809
correlation_70pct,1.0,70.8152211012344,0.39,0.6832164822696515
correlation_60pct,1.0,68.96650454035336,0.43,0.5796077677109729
accuracy_80pct,1.0,92.01122606689839,0.86,0.8715184193023017
accuracy_70pct,1.0,80.56337490753847,0.72,0.5879937606440125
accuracy_60pct,1.0,79.44991938895467,0.68,0.47273155679233425
correlation_70pct,1.0,72.2648721756855,0.43,0.5942146429016568
correlation_60pct,1.0,71.96991935177904,0.42,0.5829004888185604
accuracy_80pct,1.0,91.74122642568096,0.86,0.7972065417086098
accuracy_70pct,1.0,86.25904188882261,0.78,0.7281774942188379
accuracy_60pct,1.0,79.21715963959349,0.67,0.6394352961855203
correlation_70pct,1.0,72.14064588898712,0.43,0.6501202834166868
correlation_60pct,1.0,65.89647585424306,0.34,0.6030733181913449
accuracy_80pct,1.0,87.51641935824495,0.81,0.7246428051258333
accuracy_70pct,1.0,85.00090783177185,0.76,0.7926374617262749
accuracy_60pct,1.0,77.29139389854117,0.64,0.5568443809473783
correlation_70pct,1.0,72.03169406711955,0.46,0.6454109736136363
correlation_60pct,1.0,66.24828410336482,0.4,0.5685168850410561
accuracy_80pct,1.0,89.88842729308425,0.83,0.8495445810367211
accuracy_70pct,1.0,88.57301945161345,0.8,0.7541114570419031
accuracy_60pct,1.0,78.74146333219701,0.64,0.5982296792969335
correlation_70pct,1.0,70.97551233295582,0.43,0.6045055214983384
correlation_60pct,1.0,66.75070526551978,0.38,0.4878564698618903
accuracy_80pct,1.0,88.36063182323974,0.84,0.713798670287597
accuracy_70pct,1.0,85.33710338763916,0.76,0.6619136247670485
accuracy_60pct,1.0,80.34063210445917,0.72,0.4744148729420727
correlation_70pct,1.0,73.80268459181192,0.43,0.6867926699253499
correlation_60pct,1.0,73.83874953683497,0.47,0.6610047278902498
accuracy_80pct,1.0,88.89877970199406,0.83,0.7395604319409065
accuracy_70pct,1.0,88.23682389574613,0.8,0.8628163972576
accuracy_60pct,1.0,77.55512093676867,0.67,0.669647080241825
correlation_70pct,1.0,71.52927290496457,0.48,0.6776632625226967
correlation_60pct,1.0,68.41274396834459,0.38,0.6309273175616943
accuracy_80pct,1.0,91.9227264967994,0.87,0.8145538357428102
accuracy_70pct,1.0,88.15834127192905,0.82,0.672790341026426
accuracy_60pct,1.0,77.26016811286223,0.66,0.43834077103955943
correlation_70pct,1.0,73.64723251943462,0.45,0.6846281407465402
correlation_60pct,1.0,70.75828554523801,0.41,0.48548762227238584
accuracy_80pct,1.0,92.00045253298805,0.86,0.8535811595557874
accuracy_70pct,1.0,87.7648719316417,0.81,0.7067550263339576
accuracy_60pct,1.0,81.27300591112932,0.71,0.6738775165780503
correlation_70pct,1.0,70.48904249164902,0.4,0.638147357321306
correlation_60pct,1.0,61.138021838973145,0.33,0.4139909417779858
accuracy_80pct,1.0,92.01122606689839,0.86,0.8840050446006208
accuracy_70pct,1.0,86.09281628253497,0.8,0.7327227997902924
accuracy_60pct,1.0,75.72159910910737,0.67,0.4809184056699407
correlation_70pct,1.0,64.98531088696997,0.32,0.555113449945309
correlation_60pct,1.0,68.28851768164621,0.38,0.5094664182236955
accuracy_80pct,1.0,89.21527959372119,0.84,0.7964779066919042
accuracy_70pct,1.0,84.75245525837511,0.76,0.6508072444221114
accuracy_60pct,1.0,83.75320908020778,0.71,0.7217690815978369
correlation_70pct,1.0,75.53201402533871,0.45,0.7020304337896693
correlation_60pct,1.0,69.76939454177625,0.4,0.5352733505710572
accuracy_80pct,1.0,93.5278296436278,0.89,0.858976047722874
accuracy_70pct,1.0,83.50959566615515,0.77,0.7070041313650917
accuracy_60pct,1.0,78.29555936683369,0.68,0.5841962233621973
correlation_70pct,1.0,73.4452801965476,0.46,0.6496591869177514
correlation_60pct,1.0,72.4251634074069,0.47,0.6763443589778849
accuracy_80pct,1.0,89.43802239680049,0.84,0.7649007533651255
accuracy_70pct,1.0,83.63382195285351,0.77,0.6969524937038413
accuracy_60pct,1.0,83.29203065001369,0.72,0.6433655306237317
correlation_70pct,1.0,76.11700038302641,0.48,0.6879208212493226
correlation_60pct,1.0,72.06291985279849,0.44,0.5840496041290885
accuracy_80pct,1.0,89.37073166609852,0.82,0.811486967571812
accuracy_70pct,1.0,90.48384895625865,0.83,0.8736334010497402
accuracy_60pct,1.0,80.11338837045948,0.69,0.5952397306070654
correlation_70pct,1.0,71.36414251389908,0.38,0.6347711375705044
correlation_60pct,1.0,69.07545636222093,0.4,0.5829899391564847
accuracy_80pct,1.0,91.60698319270068,0.85,0.8670703067273403
accuracy_70pct,1.0,84.20243902965836,0.75,0.6139393252466893
accuracy_60pct,1.0,81.86767098667528,0.72,0.6298783354716861
correlation_70pct,1.0,67.73959626898154,0.39,0.5523492813545288
correlation_60pct,1.0,64.04292013401793,0.32,0.45087079721702306
accuracy_80pct,1.0,91.80927374401136,0.87,0.8363035455138141
accuracy_70pct,1.0,86.71946373138829,0.78,0.7820232083181223
accuracy_60pct,1.0,78.02480313798785,0.69,0.4250303282915882
correlation_70pct,1.0,76.3966787421021,0.46,0.7167583857138553
correlation_60pct,1.0,66.16571890783207,0.35,0.534282703126904
accuracy_80pct,1.0,87.65667669740252,0.83,0.752523336707558
accuracy_70pct,1.0,87.45990216145331,0.79,0.7252668294140565
accuracy_60pct,1.0,81.30381333760349,0.73,0.5485975579946475
correlation_70pct,1.0,71.03796390431368,0.39,0.5871038665591928
correlation_60pct,1.0,65.32184467126095,0.35,0.4428369716839537
accuracy_80pct,1.0,91.69548276279967,0.84,0.8736554753428216
accuracy_70pct,1.0,85.25937735145051,0.77,0.717477326998057
accuracy_60pct,1.0,77.37362086565025,0.66,0.5694181054844644
correlation_70pct,1.0,70.91857677695941,0.45,0.5781688124864199
correlation_60pct,1.0,63.59251523773416,0.33,0.4691050550567832
accuracy_80pct,1.0,86.22705951551525,0.81,0.6433902305556022
accuracy_70pct,1.0,86.52794671398796,0.76,0.7330449049946707
accuracy_60pct,1.0,79.2952239042058,0.69,0.5698989553171963
correlation_70pct,1.0,71.2447553865448,0.44,0.5593609982584979
correlation_60pct,1.0,69.04974659190349,0.4,0.4784564579917263
accuracy_80pct,1.0,92.13469576596833,0.87,0.8238043607982163
accuracy_70pct,1.0,86.585220498408,0.77,0.8166161513811331
accuracy_60pct,1.0,81.1695701046232,0.72,0.6578246830763009
correlation_70pct,1.0,77.37513444007718,0.5,0.7162829859665916
correlation_60pct,1.0,68.33501793215594,0.39,0.5523033232653359
accuracy_80pct,1.0,89.62920118577718,0.83,0.7957571612309501
accuracy_70pct,1.0,84.20319561728678,0.74,0.68439552566401
accuracy_60pct,1.0,77.9228805067386,0.68,0.5535449960537838
correlation_70pct,1.0,75.84775732943741,0.47,0.7312401330546753
correlation_60pct,1.0,68.71321280761252,0.37,0.5821728619233317
accuracy_80pct,1.0,91.66425697712074,0.86,0.8308046415615417
accuracy_70pct,1.0,85.72055578164462,0.76,0.727080632584522
accuracy_60pct,1.0,79.66264524575203,0.67,0.4545279282248819
correlation_70pct,1.0,74.67218846791941,0.5,0.6150680700627965
correlation_60pct,1.0,68.80621330863195,0.39,0.6161325098442436
accuracy_80pct,1.0,93.03134285603909,0.85,0.9038235865114829
accuracy_70pct,1.0,88.97650573818272,0.82,0.7203271343614092
accuracy_60pct,1.0,82.29236611264159,0.71,0.5930646502247953
correlation_70pct,1.0,71.20869044152177,0.4,0.6173873209272114
correlation_60pct,1.0,67.17540039148608,0.37,0.5499850562042122
accuracy_80pct,1.0,90.40612292006999,0.84,0.8667874634325708
accuracy_70pct,1.0,84.83502045390787,0.81,0.662672376592784
accuracy_60pct,1.0,79.8906455673802,0.69,0.6565897441353891
correlation_70pct,1.0,69.32390893561768,0.4,0.6001893838944433
correlation_60pct,1.0,67.11294882012821,0.41,0.5223335773121841
accuracy_80pct,1.0,87.23749758679769,0.82,0.7567517477745473
accuracy_70pct,1.0,83.65461243304577,0.78,0.682346830504579
accuracy_60pct,1.0,81.44849187607045,0.71,0.6221217305312721
correlation_70pct,1.0,71.18298067120432,0.4,0.6159306284144179
correlation_60pct,1.0,65.73058847637908,0.39,0.5378852454007157
accuracy_80pct,1.0,89.7526708848471,0.84,0.7432726919928159
accuracy_70pct,1.0,84.65318215436578,0.77,0.6765273636826766
accuracy_60pct,1.0,81.83194427007591,0.71,0.6525931553007532
correlation_70pct,1.0,71.98519381660982,0.45,0.5980016093767875
correlation_60pct,1.0,62.385382362113575,0.35,0.4196430867288901
accuracy_80pct,1.0,89.94418790224746,0.86,0.681410182871035
accuracy_70pct,1.0,86.2125416383129,0.77,0.7020776896595746
accuracy_60pct,1.0,84.41592147408416,0.73,0.6884611128447539
correlation_70pct,1.0,71.6798858179978,0.4,0.6839149277792536
correlation_60pct,1.0,69.11711745338656,0.35,0.5373279264975606
accuracy_80pct,1.0,91.08928756571494,0.84,0.8401590063365967
accuracy_70pct,1.0,86.17088054714728,0.82,0.7070911051017926
accuracy_60pct,1.0,79.98840549613267,0.7,0.5877163668769798
correlation_70pct,1.0,72.15108119447382,0.4,0.6854497567324784
correlation_60pct,1.0,58.63210889957721,0.33,0.3849399556594689
accuracy_80pct,1.0,88.21561505634911,0.83,0.7388396109060594
accuracy_70pct,1.0,87.50640241196302,0.8,0.7133787277393423
accuracy_60pct,1.0,85.3620565703282,0.77,0.6467111139503637
correlation_70pct,1.0,66.4141714812288,0.35,0.5234295970811597
correlation_60pct,1.0,66.56962355360612,0.33,0.5575924251687234
accuracy_80pct,1.0,88.4383578594284,0.83,0.7652732512296564
accuracy_70pct,1.0,81.2618140180142,0.75,0.6013219042158664
accuracy_60pct,1.0,80.3153406933465,0.68,0.6513638209183771
correlation_70pct,1.0,72.18714613949685,0.44,0.6384825779214452
correlation_60pct,1.0,65.69452353135605,0.35,0.5017478533273908
accuracy_80pct,1.0,92.35819515667605,0.86,0.8683104395920636
accuracy_70pct,1.0,86.89019026859637,0.79,0.7747807919236761
accuracy_60pct,1.0,84.73166477818286,0.75,0.7618778359880507
correlation_70pct,1.0,70.35438089946396,0.43,0.575605149417457
correlation_60pct,1.0,66.23300963853404,0.37,0.5244108680927453
accuracy_80pct,1.0,90.2353963828619,0.83,0.809747220220702
accuracy_70pct,1.0,84.48321220478613,0.75,0.6797877874456598
accuracy_60pct,1.0,81.90967030626456,0.7,0.574820887963406
correlation_70pct,1.0,72.78256780267124,0.44,0.6631645386017655
correlation_60pct,1.0,72.05808069345439,0.38,0.6228534596329468
accuracy_80pct,1.0,88.59831086272614,0.84,0.7760611404006135
accuracy_70pct,1.0,85.52786381741109,0.79,0.6428136059766844
accuracy_60pct,1.0,80.56379326674325,0.68,0.7152714371708802
correlation_70pct,1.0,71.5344506919024,0.43,0.6491222902351215
correlation_60pct,1.0,63.17825541725455,0.31,0.5755012288182846
accuracy_80pct,1.0,86.27355976602497,0.82,0.7506953005528708
accuracy_70pct,1.0,83.43111304233807,0.79,0.6955072953865375
accuracy_60pct,1.0,81.70771798337753,0.71,0.7163827334596139
correlation_70pct,1.0,64.91242401012542,0.39,0.5160973996984614
correlation_60pct,1.0,64.48247136561025,0.38,0.4615414660654998
accuracy_80pct,1.0,89.1687793432115,0.83,0.8250332697927873
accuracy_70pct,1.0,85.27015088536086,0.77,0.7647856680084791
accuracy_60pct,1.0,79.26917590546469,0.66,0.6430013365652438
correlation_70pct,1.0,68.05050041373615,0.35,0.6288414289220938
correlation_60pct,1.0,62.03391234141547,0.32,0.48182639969284713
accuracy_80pct,1.0,89.43802239680049,0.84,0.7505092419124689
accuracy_70pct,1.0,84.48321220478613,0.75,0.6449963886077699
accuracy_60pct,1.0,81.37152242751021,0.71,0.5923106907904102
correlation_70pct,1.0,71.84017704971919,0.44,0.6388525756103528
correlation_60pct,1.0,72.07819431762925,0.47,0.6412998534457977
accuracy_80pct,1.0,89.01332727083418,0.85,0.7993086296329674
accuracy_70pct,1.0,84.33743885026708,0.75,0.6901613203683562
accuracy_60pct,1.0,79.76641928068183,0.69,0.6647307491740455
correlation_70pct,1.0,67.15460991129383,0.36,0.603126596186711
correlation_60pct,1.0,59.39341794061559,0.28,0.4107576941485183
accuracy_80pct,1.0,90.39568761458331,0.87,0.8305117717605015
accuracy_70pct,1.0,84.07930755901207,0.77,0.6796385024621661
accuracy_60pct,1.0,76.30624723837143,0.67,0.4368466258984176
correlation_70pct,1.0,68.25245273662318,0.34,0.6207622172648529
correlation_60pct,1.0,68.32458262666925,0.42,0.5736859813218316
accuracy_80pct,1.0,89.14798886301924,0.82,0.8339738394825219
accuracy_70pct,1.0,87.58412844815169,0.79,0.7552450548123576
accuracy_60pct,1.0,79.28996638565694,0.67,0.5720672959259433
correlation_70pct,1.0,68.77498752295301,0.41,0.6207969381981974
correlation_60pct,1.0,63.447498470843534,0.32,0.5299587705209645
accuracy_80pct,1.0,90.9230619594273,0.86,0.7913175143872615
accuracy_70pct,1.0,85.09315174516286,0.79,0.5539033410372349
accuracy_60pct,1.0,81.43847492978854,0.7,0.5561106235305444
correlation_70pct,1.0,78.13084733497297,0.54,0.6823405202785574
correlation_60pct,1.0,73.4452801965476,0.46,0.5948158691396279
accuracy_80pct,1.0,94.13402484071253,0.89,0.9207886297828212
accuracy_70pct,1.0,87.52761125136004,0.77,0.8430670870633887
accuracy_60pct,1.0,77.23971586109363,0.68,0.6073762322506598
correlation_70pct,1.0,70.85128604625743,0.43,0.6545881681038559
correlation_60pct,1.0,62.73268968031488,0.38,0.4876980079015793
accuracy_80pct,1.0,90.07994431048459,0.85,0.8162608246446815
accuracy_70pct,1.0,85.12513411847024,0.76,0.6985312383857603
accuracy_60pct,1.0,76.15782435661244,0.65,0.4623724886811782
correlation_70pct,1.0,75.41262689798444,0.51,0.6776051955460398
correlation_60pct,1.0,70.68055950904936,0.42,0.5868077044254099
accuracy_80pct,1.0,88.37140535715008,0.84,0.7703373799538751
accuracy_70pct,1.0,85.22815156577158,0.79,0.7131429295351255
accuracy_60pct,1.0,83.193095774428,0.76,0.6706236408439705
correlation_70pct,1.0,71.98519381660982,0.45,0.6322370245080373
correlation_60pct,1.0,65.09910186818166,0.35,0.49780824970063164
accuracy_80pct,1.0,88.7541011635271,0.85,0.7488608328571832
accuracy_70pct,1.0,83.60777395411239,0.74,0.6956558534632038
accuracy_60pct,1.0,82.33962295077973,0.71,0.7366169484213768
correlation_70pct,1.0,72.15108119447382,0.4,0.6796471496233033
correlation_60pct,1.0,66.34646239132206,0.37,0.49872350700950807
accuracy_80pct,1.0,87.573693142665,0.82,0.7141183235926252
accuracy_70pct,1.0,84.52971245529585,0.76,0.7199698555980678
accuracy_60pct,1.0,78.01554277933437,0.67,0.5232835737418666
correlation_70pct,1.0,72.86029383885989,0.43,0.6259365748997371
correlation_60pct,1.0,65.8860405487564,0.37,0.5298911995971785
accuracy_80pct,1.0,90.43734870574892,0.82,0.8154781429814294
accuracy_70pct,1.0,84.7881819749745,0.77,0.6320606007150735
accuracy_60pct,1.0,82.6966089868393,0.72,0.6310890447318593
correlation_70pct,1.0,70.97067317361171,0.37,0.6402681410837047
correlation_60pct,1.0,67.3773527143731,0.36,0.5145517130596632
accuracy_80pct,1.0,90.74265670436095,0.87,0.7973799559188253
accuracy_70pct,1.0,85.39437717205922,0.77,0.6507353926097738
accuracy_60pct,1.0,78.7567377970278,0.67,0.573861487453914
correlation_70pct,1.0,73.55423201841519,0.43,0.5940106085955835
correlation_60pct,1.0,70.25586438308305,0.43,0.53791098153252
accuracy_80pct,1.0,87.95638894904202,0.83,0.6697410971781863
accuracy_70pct,1.0,84.79786069283276,0.75,0.6163111015093878
accuracy_60pct,1.0,82.67540014744228,0.75,0.5907176308362876
correlation_70pct,1.0,69.00816563151898,0.38,0.6205691358639335
correlation_60pct,1.0,68.16429139494784,0.38,0.5150037513782156
accuracy_80pct,1.0,90.34918736407359,0.86,0.7776917532070892
accuracy_70pct,1.0,83.26038650512999,0.78,0.5252325089355742
accuracy_60pct,1.0,77.01171553946548,0.66,0.4110755215025749
correlation_70pct,1.0,76.19472641921507,0.47,0.7099056117711313
correlation_60pct,1.0,71.32248142273346,0.43,0.5950663386984455
accuracy_80pct,1.0,89.55147514958851,0.84,0.8064827890961455
accuracy_70pct,1.0,85.73057272792654,0.77,0.7249443887495641
accuracy_60pct,1.0,76.98048975378654,0.68,0.5231815159115345
correlation_70pct,1.0,70.68055950904935,0.42,0.6432410846824391
correlation_60pct,1.0,66.24234972879859,0.46,0.4508237694724362
accuracy_80pct,1.0,87.9463720027601,0.82,0.7840468083937367
accuracy_70pct,1.0,84.67397263455803,0.78,0.643460728152152
accuracy_60pct,1.0,81.59392700216586,0.68,0.7144591876747157
correlation_70pct,1.0,65.96376658494505,0.36,0.6063654692789514
correlation_60pct,1.0,61.67166878680705,0.29,0.5277288978126499
accuracy_80pct,1.0,88.01366273346208,0.84,0.7192509824681494
accuracy_70pct,1.0,88.10182407513742,0.8,0.7731257044999985
accuracy_60pct,1.0,78.50828522363106,0.67,0.5978410865842104
correlation_70pct,1.0,67.50157900107148,0.36,0.5618807911319181
correlation_60pct,1.0,62.380881431193124,0.32,0.5147728656344753
accuracy_80pct,1.0,91.40503086981366,0.86,0.8189581095186728
accuracy_70pct,1.0,85.28016783164279,0.78,0.6359110317919204
accuracy_60pct,1.0,82.4169306277636,0.74,0.6272691200721805
correlation_70pct,1.0,71.29125563705452,0.45,0.6182867899954824
correlation_60pct,1.0,66.31073567472271,0.36,0.531706563679803
accuracy_80pct,1.0,87.35095033958572,0.82,0.7035622428090635
accuracy_70pct,1.0,83.77774390369206,0.76,0.6060878718436645
accuracy_60pct,1.0,78.23862381083731,0.7,0.5326152348860473
correlation_70pct,1.0,70.68055950904935,0.42,0.5774047193514288
correlation_60pct,1.0,65.05260161767195,0.34,0.43899760619446443
accuracy_80pct,1.0,91.49353043991265,0.85,0.8720929378239191
accuracy_70pct,1.0,84.86590801116314,0.76,0.7209194722220633
accuracy_60pct,1.0,79.50719317337474,0.69,0.6282355837213969
correlation_70pct,1.0,73.64723251943462,0.45,0.7368292328375905
correlation_60pct,1.0,66.39330087025544,0.41,0.49922226723434165
accuracy_80pct,1.0,90.95428774510623,0.84,0.7955281730130862
accuracy_70pct,1.0,87.79685430494905,0.78,0.8283215471500526
accuracy_60pct,1.0,77.70013770365931,0.68,0.5243468095707398
correlation_70pct,1.0,74.41889673517858,0.44,0.7135930749484226
correlation_60pct,1.0,65.88604054875638,0.37,0.4983028398632911
accuracy_80pct,1.0,89.55147514958853,0.84,0.7805290443110873
accuracy_70pct,1.0,87.94187107183967,0.79,0.7625415866908852
accuracy_60pct,1.0,81.32952310792095,0.73,0.6381859683406029
correlation_70pct,1.0,76.71242204620081,0.48,0.7395142259876892
correlation_60pct,1.0,65.51302346023762,0.34,0.4937874334829784
accuracy_80pct,1.0,90.2353963828619,0.83,0.8288921492282104
accuracy_70pct,1.0,86.77673751580835,0.79,0.7422289318486662
accuracy_60pct,1.0,80.15988862096918,0.7,0.6265638456294271
correlation_70pct,1.0,75.92548336562608,0.46,0.6938258473590598
correlation_60pct,1.0,65.25455394055898,0.33,0.5236845363938144
accuracy_80pct,1.0,91.1000610996253,0.84,0.8602269583688067
accuracy_70pct,1.0,84.09975981078068,0.75,0.6700790101945322
accuracy_60pct,1.0,81.7081363425823,0.67,0.7226898239717433
correlation_70pct,1.0,68.38151818266564,0.4,0.5866071029948275
correlation_60pct,1.0,62.33404295225975,0.28,0.526676326984556
accuracy_80pct,1.0,86.98904501340095,0.82,0.7233568865154667
accuracy_70pct,1.0,85.14516801103406,0.78,0.6633962898344167
accuracy_60pct,1.0,76.42155139483995,0.68,0.5751757333791307
correlation_70pct,1.0,68.79577800314527,0.42,0.5505009921665225
correlation_60pct,1.0,66.08315371229932,0.3,0.5463276221856044
accuracy_80pct,1.0,88.49563164384844,0.84,0.7427484823254501
accuracy_70pct,1.0,86.49672092830902,0.78,0.7336557283001826
accuracy_60pct,1.0,81.61997500090696,0.71,0.6428847469456682
correlation_70pct,1.0,69.98662132949406,0.42,0.6244472183485766
correlation_60pct,1.0,69.16361770389629,0.36,0.588552487230242
accuracy_80pct,1.0,92.20274308429873,0.88,0.8204446256554924
accuracy_70pct,1.0,87.50640241196302,0.8,0.7280379567323052
accuracy_60pct,1.0,81.78544401956619,0.7,0.6340718637701798
correlation_70pct,1.0,70.61326877834738,0.4,0.583533499970649
correlation_60pct,1.0,70.79435049026104,0.45,0.5153299721143954
accuracy_80pct,1.0,90.4161398663519,0.85,0.8003310410289471
accuracy_70pct,1.0,85.25937735145052,0.77,0.700379056996096
accuracy_60pct,1.0,80.83303632033224,0.69,0.6761807347589877
correlation_70pct,1.0,70.34402572475838,0.39,0.6462955873894307
correlation_60pct,1.0,65.41484517228038,0.37,0.4787541514532244
accuracy_80pct,1.0,90.21418754346487,0.86,0.8045341186183272
accuracy_70pct,1.0,84.67472922218646,0.77,0.6900018353601381
accuracy_60pct,1.0,81.6969444494672,0.71,0.6464484363800196
correlation_70pct,1.0,71.59172447632245,0.44,0.5727991140111396
correlation_60pct,1.0,64.40032452928226,0.29,0.5673390979562158
accuracy_80pct,1.0,89.9449444898759,0.85,0.7823767605681489
accuracy_70pct,1.0,89.15800580930116,0.83,0.7621057138961649
accuracy_60pct,1.0,81.95617055677428,0.71,0.6381076856049761
correlation_70pct,1.0,72.38909846238388,0.43,0.7192001214065801
correlation_60pct,1.0,71.40020745892211,0.42,0.6330039288108238
accuracy_80pct,1.0,89.2152795937212,0.84,0.8325891833539977
accuracy_70pct,1.0,82.81039996805097,0.75,0.6806838784046921
accuracy_60pct,1.0,78.0783325791159,0.66,0.5865848177676831
correlation_70pct,1.0,71.08446415482341,0.4,0.6745166611820842
correlation_60pct,1.0,61.1123120686557,0.33,0.4523509126579787
accuracy_80pct,1.0,93.40360335692942,0.89,0.830744023242458
accuracy_70pct,1.0,80.93529718000516,0.73,0.5304048572317559
accuracy_60pct,1.0,77.9217856906865,0.66,0.4941573933864695
correlation_70pct,1.0,70.26629968856973,0.4,0.6403584712116213
correlation_60pct,1.0,62.505107717891505,0.32,0.5137650498584941
accuracy_80pct,1.0,93.31510378683043,0.9,0.8296069863209701
accuracy_70pct,1.0,85.31589454824214,0.79,0.6674701066738743
accuracy_60pct,1.0,75.24038678634943,0.66,0.5083489385946144
correlation_70pct,1.0,70.71628622564873,0.43,0.6306369969288774
correlation_60pct,1.0,68.38669596960347,0.35,0.54881914604694
accuracy_80pct,1.0,91.05806178003601,0.86,0.8511566148006443
accuracy_70pct,1.0,82.13691404026427,0.73,0.6500578947152773
accuracy_60pct,1.0,84.81906953222978,0.72,0.7540111905066629
correlation_70pct,1.0,64.00685518899489,0.28,0.5719297846931536
correlation_60pct,1.0,58.135283883564846,0.26,0.3635633822083889
accuracy_80pct,1.0,94.27870337917949,0.87,0.8944685226025948
accuracy_70pct,1.0,85.6740555311349,0.75,0.7540984497320203
accuracy_60pct,1.0,77.82436399035767,0.68,0.4949966063127202
correlation_70pct,1.0,70.45781670597007,0.42,0.5908038051331259
correlation_60pct,1.0,69.80512125837562,0.41,0.5032894579936855
accuracy_80pct,1.0,90.28189663337162,0.84,0.8063107700845167
accuracy_70pct,1.0,86.57478519292133,0.8,0.7079410559553445
accuracy_60pct,1.0,82.77433502302796,0.71,0.6320653992033293
correlation_70pct,1.0,71.00673811863474,0.41,0.5854839982174972
correlation_60pct,1.0,68.48003469904656,0.4,0.5046424210206322
accuracy_80pct,1.0,87.02477173000032,0.83,0.6915814354273553
accuracy_70pct,1.0,86.07788004612785,0.8,0.6799925015186781
accuracy_60pct,1.0,78.39857681413505,0.71,0.5341556685832309
correlation_70pct,1.0,72.42032424806281,0.41,0.673389650775757
correlation_60pct,1.0,64.8610846002716,0.32,0.5149005561061398
accuracy_80pct,1.0,91.85577399452109,0.88,0.8478404230135812
accuracy_70pct,1.0,85.86557254853525,0.77,0.7402277949839223
accuracy_60pct,1.0,80.41726332459577,0.69,0.5211072014469137
correlation_70pct,1.0,71.27598117222374,0.42,0.6144230702499061
correlation_60pct,1.0,63.98598457802153,0.34,0.39884548259636005
accuracy_80pct,1.0,91.99001722750137,0.89,0.821290972607803
accuracy_70pct,1.0,82.04841447016528,0.74,0.6339473005264877
accuracy_60pct,1.0,83.17857789722565,0.72,0.7257033286847299
correlation_70pct,1.0,67.70353132395852,0.35,0.6244168150032647
correlation_60pct,1.0,70.77356001006879,0.44,0.6584259969434402
accuracy_80pct,1.0,91.146561350135,0.85,0.8486813358058737
accuracy_70pct,1.0,87.25794983856628,0.8,0.6355858840896714
accuracy_60pct,1.0,78.58559290061497,0.7,0.4275492471189487
correlation_70pct,1.0,78.59720355210489,0.48,0.7523628725199768
correlation_60pct,1.0,66.5231233030964,0.32,0.5011658950649821
accuracy_80pct,1.0,88.40713207374944,0.85,0.7463840852248128
accuracy_70pct,1.0,82.39647837599502,0.76,0.6485968247664688
accuracy_60pct,1.0,80.49608417683649,0.7,0.6609212348369274
correlation_70pct,1.0,75.01915755769707,0.5,0.6850266075205685
correlation_60pct,1.0,64.73685831357324,0.32,0.46684880068782225
accuracy_80pct,1.0,91.16735183032725,0.86,0.828227743151725
accuracy_70pct,1.0,83.86624347379106,0.75,0.5694778184058339
accuracy_60pct,1.0,82.6761567350707,0.74,0.6406566929827028
correlation_70pct,1.0,71.55565953129943,0.4,0.5673952474722729
correlation_60pct,1.0,73.1760371429586,0.45,0.6109883185462841
accuracy_80pct,1.0,88.44913139333872,0.83,0.7678165273959319
accuracy_70pct,1.0,86.11402512193199,0.77,0.8099839220803885
accuracy_60pct,1.0,80.20529405542682,0.69,0.6275003610686187
correlation_70pct,1.0,70.14207340187136,0.4,0.6624874694521682
correlation_60pct,1.0,66.61570544491107,0.38,0.5092223674019428
accuracy_80pct,1.0,88.1691148058394,0.82,0.7187593862974722
accuracy_70pct,1.0,81.98146196788697,0.75,0.6379247635611947
accuracy_60pct,1.0,83.30280418392401,0.72,0.6897038523257983
correlation_70pct,1.0,70.654929869513,0.35,0.7047679001870399
correlation_60pct,1.0,66.91659264338377,0.33,0.5917953854605666
accuracy_80pct,1.0,89.15800580930116,0.83,0.7773447398285119
accuracy_70pct,1.0,87.24793289228437,0.79,0.787681215753424
accuracy_60pct,1.0,83.49432120132437,0.74,0.6831150991994751
correlation_70pct,1.0,66.64734958979477,0.32,0.5404781422475826
correlation_60pct,1.0,68.59382568025825,0.43,0.5420106865891295
accuracy_80pct,1.0,90.62886572314926,0.84,0.8277791157666967
accuracy_70pct,1.0,86.3932851218029,0.79,0.7369430706383074
accuracy_60pct,1.0,79.9211147654307,0.68,0.5661921763618865
correlation_70pct,1.0,70.64449456402632,0.38,0.639592944305489
correlation_60pct,1.0,64.34338897328587,0.31,0.5057334935974409
accuracy_80pct,1.0,88.52058482653747,0.85,0.7272249364880422
accuracy_70pct,1.0,87.66185448434032,0.78,0.7198891038439081
accuracy_60pct,1.0,78.631754922701,0.68,0.5609303102980127
correlation_70pct,1.0,73.83874953683497,0.47,0.6689813656793199
correlation_60pct,1.0,70.50431695647978,0.43,0.5939442100879607
accuracy_80pct,1.0,88.81137494794716,0.86,0.7780113754369702
accuracy_70pct,1.0,81.86800921509895,0.75,0.625905972843838
accuracy_60pct,1.0,82.59809247045838,0.72,0.697819274279653
correlation_70pct,1.0,72.18714613949685,0.44,0.676740846393388
correlation_60pct,1.0,68.0865653587592,0.39,0.506419336675648
accuracy_80pct,1.0,90.07994431048459,0.85,0.8169118054235853
accuracy_70pct,1.0,81.84646214727826,0.75,0.5625713320969535
accuracy_60pct,1.0,82.98706087982532,0.7,0.6861672339422733
correlation_70pct,1.0,74.1392183761029,0.46,0.5893289034396776
correlation_60pct,1.0,70.71662445407239,0.46,0.5747297879294802
accuracy_80pct,1.0,88.62953664840506,0.82,0.7441637674333836
accuracy_70pct,1.0,86.19133279891588,0.8,0.678026741002422
accuracy_60pct,1.0,77.40518487975285,0.67,0.48827487611082143
correlation_70pct,1.0,70.26629968856973,0.4,0.6148812067755431
correlation_60pct,1.0,68.8374390943109,0.37,0.551001075194808
accuracy_80pct,1.0,89.2152795937212,0.84,0.762620718492078
accuracy_70pct,1.0,85.51784687112917,0.78,0.5475061665126104
accuracy_60pct,1.0,82.6966089868393,0.72,0.5635519549820045
correlation_70pct,1.0,75.13854468505134,0.44,0.721527218035485
correlation_60pct,1.0,64.2760982425839,0.29,0.5563675217352899
accuracy_80pct,1.0,91.96472581638866,0.85,0.8498002466504407
accuracy_70pct,1.0,85.47210320824789,0.76,0.7612704518408833
accuracy_60pct,1.0,81.48497518029825,0.71,0.6349914305297399
correlation_70pct,1.0,68.36624371783486,0.37,0.5068616569598994
correlation_60pct,1.0,67.67230553827956,0.37,0.5278995664554467
accuracy_80pct,1.0,90.15767034667324,0.84,0.8512141615123128
accuracy_70pct,1.0,86.3728328700343,0.81,0.7375464498848606
accuracy_60pct,1.0,79.07248110112653,0.69,0.6556952650854533
correlation_70pct,1.0,74.27387996828796,0.43,0.6976982639501745
correlation_60pct,1.0,63.639015488243885,0.34,0.4394929025215313
accuracy_80pct,1.0,89.42724886289015,0.84,0.7713922816734745
accuracy_70pct,1.0,83.39580468494346,0.74,0.6804701036221622
accuracy_60pct,1.0,81.40724914410958,0.72,0.6217284180067831
correlation_70pct,1.0,72.37866315689719,0.46,0.6444122354805755
correlation_60pct,1.0,65.52379699414797,0.34,0.5167364636320242
accuracy_80pct,1.0,91.93350003070974,0.87,0.8627032730718219
accuracy_70pct,1.0,83.17264352265941,0.78,0.646629124486654
accuracy_60pct,1.0,80.45484144487564,0.71,0.6770738418469123
correlation_70pct,1.0,68.44396975402351,0.36,0.5469711751630031
correlation_60pct,1.0,66.92143180272787,0.39,0.5965510879955765
accuracy_80pct,1.0,89.76420100638589,0.83,0.8113832236827051
accuracy_70pct,1.0,84.94363404735181,0.75,0.702535981253628
accuracy_60pct,1.0,78.10438057785701,0.69,0.592843742037003
correlation_70pct,1.0,71.63822472683216,0.45,0.6251444911010777
correlation_60pct,1.0,66.35723592523242,0.37,0.5162317855829833
accuracy_80pct,1.0,89.87799198759757,0.86,0.7972987124649803
accuracy_70pct,1.0,83.34854784680532,0.74,0.6429767018496896
accuracy_60pct,1.0,81.89889677235422,0.7,0.6549096626432994
correlation_70pct,1.0,72.93801987504855,0.42,0.707356194421763
correlation_60pct,1.0,65.46134542279009,0.38,0.5777761267267869
accuracy_80pct,1.0,89.73297522070695,0.85,0.8006019993070017
accuracy_70pct,1.0,84.45198641910719,0.77,0.6905090111928717
accuracy_60pct,1.0,83.30280418392402,0.72,0.6504008803204299
correlation_70pct,1.0,66.80280166217207,0.3,0.545724250938807
correlation_60pct,1.0,64.2705020964413,0.38,0.4491636525748831
accuracy_80pct,1.0,88.86755391631513,0.85,0.7370041345235383
accuracy_70pct,1.0,83.14659552391828,0.75,0.6437680222054303
accuracy_60pct,1.0,81.0030062699119,0.71,0.6713917942275487
correlation_70pct,1.0,69.63481308037231,0.36,0.6831403421078565
correlation_60pct,1.0,67.23717510682658,0.41,0.5671191923809872
accuracy_80pct,1.0,92.68437376626144,0.85,0.9125248685588782
accuracy_70pct,1.0,86.01058931542588,0.78,0.7373164420189237
accuracy_60pct,1.0,80.31458410571807,0.69,0.5670622901235025
correlation_70pct,1.0,74.90536657648538,0.47,0.6877001942497346
correlation_60pct,1.0,65.9325407992661,0.38,0.521403445458127
accuracy_80pct,1.0,90.22462284895155,0.83,0.8038655143733395
accuracy_70pct,1.0,86.4297684260307,0.79,0.7820969589942632
accuracy_60pct,1.0,81.09150584001088,0.7,0.6282477475144957
correlation_70pct,1.0,70.489042491649,0.4,0.5695825897840386
correlation_60pct,1.0,62.94023814934449,0.28,0.48202941290556345
accuracy_80pct,1.0,88.96648879190082,0.81,0.7780213759815228
accuracy_70pct,1.0,87.25794983856628,0.8,0.7258325891506378
accuracy_60pct,1.0,80.70771521758178,0.67,0.5597200981593347
correlation_70pct,1.0,76.00320940181473,0.45,0.7451634910767723
correlation_60pct,1.0,63.209481202933475,0.29,0.4868833055939204
accuracy_80pct,1.0,90.4161398663519,0.85,0.7801038621323807
accuracy_70pct,1.0,88.2360673081177,0.81,0.7227885744967153
accuracy_60pct,1.0,83.08006138084474,0.72,0.6998413180530327
correlation_70pct,1.0,73.4452801965476,0.46,0.6006991923994983
correlation_60pct,1.0,62.31359070049116,0.3,0.4926737749963904
accuracy_80pct,1.0,88.21561505634912,0.83,0.7928627427584771
accuracy_70pct,1.0,84.79895550888483,0.77,0.7454329002219284
accuracy_60pct,1.0,79.24872365369609,0.68,0.670916741945258
correlation_70pct,1.0,68.25729189596727,0.4,0.6056023589786241
correlation_60pct,1.0,62.5051077178915,0.32,0.4786636199863224
accuracy_80pct,1.0,89.75342747247554,0.83,0.8115723146862899
accuracy_70pct,1.0,86.41449396119992,0.76,0.7546111421355509
accuracy_60pct,1.0,83.28125711610335,0.72,0.6540923838821489
correlation_70pct,1.0,71.03796390431368,0.39,0.5600002061665065
correlation_60pct,1.0,65.54908840526066,0.38,0.527077620629272
accuracy_80pct,1.0,92.24924333480845,0.89,0.8826924198977898
accuracy_70pct,1.0,85.94329858472389,0.76,0.7644904877805302
accuracy_60pct,1.0,79.49566305183598,0.7,0.47688542328826466
correlation_70pct,1.0,64.95408510129104,0.34,0.48856499621653676
correlation_60pct,1.0,69.68089497167726,0.41,0.5020086935911872
accuracy_80pct,1.0,88.64031018231542,0.82,0.7769818685339748
accuracy_70pct,1.0,85.84402548071456,0.77,0.7271921641590954
accuracy_60pct,1.0,80.02488880036049,0.7,0.6520589532209671
correlation_70pct,1.0,70.20936413257334,0.42,0.6220093592931611
correlation_60pct,1.0,67.71838742958452,0.42,0.5069911794258412
accuracy_80pct,1.0,90.74265670436095,0.87,0.7922823618947902
accuracy_70pct,1.0,86.294768605422,0.79,0.7252345219780367
accuracy_60pct,1.0,82.33962295077973,0.71,0.6959559754072909
correlation_70pct,1.0,69.87766950762645,0.45,0.5576444431335574
correlation_60pct,1.0,67.50157900107148,0.36,0.4852292732447706
accuracy_80pct,1.0,87.75519321378343,0.83,0.7071407434043852
accuracy_70pct,1.0,82.20496135859467,0.74,0.6472300598878314
accuracy_60pct,1.0,81.09116761158722,0.67,0.5831818962220635
correlation_70pct,1.0,71.20869044152177,0.4,0.5839724920014809
correlation_60pct,1.0,73.99904076855637,0.51,0.600628583309126
accuracy_80pct,1.0,88.13788902016046,0.84,0.7395432303026563
accuracy_70pct,1.0,89.88842729308425,0.83,0.8163907324098241
accuracy_60pct,1.0,82.64383613333968,0.74,0.6294612700373562
correlation_70pct,1.0,66.99915783891653,0.38,0.5850874269183599
correlation_60pct,1.0,66.33644544504017,0.36,0.5218809300737224
accuracy_80pct,1.0,90.86688299105933,0.87,0.7930434535060809
accuracy_70pct,1.0,85.22365063485114,0.76,0.6739972742454734
accuracy_60pct,1.0,79.2271765858754,0.68,0.5266744603899582
correlation_70pct,1.0,74.66734930857533,0.44,0.6751489018207558
correlation_60pct,1.0,62.46344662672588,0.37,0.3867842106281787
accuracy_80pct,1.0,93.66282946423651,0.89,0.8873454843806692
accuracy_70pct,1.0,85.31665113587057,0.78,0.7174415435291408
accuracy_60pct,1.0,77.38439439956059,0.66,0.5186801038747881
correlation_70pct,1.0,71.32248142273346,0.43,0.5841492824277037
correlation_60pct,1.0,69.78466900660702,0.43,0.5425504610545334
accuracy_80pct,1.0,91.33807836753535,0.87,0.8016426371976832
accuracy_70pct,1.0,84.5189389213855,0.76,0.670049405471386
accuracy_60pct,1.0,80.13384062222806,0.67,0.5943650103771794
correlation_70pct,1.0,70.85128604625744,0.43,0.5991189580469092
correlation_60pct,1.0,72.37866315689719,0.46,0.6574199108717956
accuracy_80pct,1.0,88.37106712872641,0.81,0.8101541259932231
accuracy_70pct,1.0,86.50749446221936,0.78,0.7700077581322566
accuracy_60pct,1.0,82.96551381200463,0.7,0.6992197724960364
correlation_70pct,1.0,73.60073226892492,0.44,0.7125694638297717
correlation_60pct,1.0,68.60426098574493,0.4,0.5498360002316959
accuracy_80pct,1.0,92.08895210308705,0.85,0.8656357676448775
accuracy_70pct,1.0,83.3180786487548,0.75,0.7150496778748697
accuracy_60pct,1.0,77.11999050531568,0.71,0.4955149722215462
correlation_70pct,1.0,74.6256882174097,0.49,0.6764314215563765
correlation_60pct,1.0,63.897903367127306,0.31,0.5259386514754985
accuracy_80pct,1.0,89.22529654000311,0.85,0.7444199367492476
accuracy_70pct,1.0,89.37073166609852,0.82,0.8033587777425519
accuracy_60pct,1.0,80.74453675023324,0.7,0.7032307321490272
correlation_70pct,1.0,67.75003157446822,0.36,0.6540755082426676
correlation_60pct,1.0,66.76114057100646,0.35,0.5902075795581121
accuracy_80pct,1.0,89.23607007391345,0.85,0.760291118127906
accuracy_70pct,1.0,86.24826835491228,0.78,0.7585328755317806
accuracy_60pct,1.0,81.30423169680824,0.69,0.6846499208302999
correlation_70pct,1.0,70.42175176094703,0.38,0.6660986369554153
correlation_60pct,1.0,62.9915775591983,0.35,0.44177096379125813
accuracy_80pct,1.0,91.2808045831153,0.86,0.8124268817579309
accuracy_70pct,1.0,83.4165951651357,0.75,0.6692009303140034
accuracy_60pct,1.0,79.96837160356884,0.68,0.5569206864207726
correlation_70pct,1.0,73.04697169691613,0.39,0.6853800328129408
correlation_60pct,1.0,71.43143324460104,0.4,0.6300257699646881
accuracy_80pct,1.0,90.19339706327263,0.85,0.7967757410458046
accuracy_70pct,1.0,89.64965343754577,0.81,0.7296821292877812
accuracy_60pct,1.0,81.43847492978854,0.7,0.6255210405289553
correlation_70pct,1.0,69.40163497180635,0.39,0.5450594960351404
correlation_60pct,1.0,65.37878022725734,0.33,0.46007482195672206
accuracy_80pct,1.0,91.80927374401136,0.87,0.8584951551683704
accuracy_70pct,1.0,85.98979883523361,0.77,0.7526705329831742
accuracy_60pct,1.0,76.17276059301955,0.65,0.4606205559100319
correlation_70pct,1.0,73.80268459181192,0.43,0.7134936106288094
correlation_60pct,1.0,64.33745459871963,0.37,0.45713849344723984
accuracy_80pct,1.0,89.75342747247554,0.83,0.7915479136246014
accuracy_70pct,1.0,86.65251122910999,0.79,0.733791537977222
accuracy_60pct,1.0,81.24729614081186,0.71,0.558138832755912
correlation_70pct,1.0,74.3564451638207,0.48,0.6283050872270556
correlation_60pct,1.0,59.47598313614834,0.33,0.3990248155785845
accuracy_80pct,1.0,90.42657517183859,0.82,0.8449297407215844
accuracy_70pct,1.0,84.75245525837511,0.76,0.7165540024667987
accuracy_60pct,1.0,80.55260137362812,0.72,0.5947613234972492
correlation_70pct,1.0,70.18857365238108,0.41,0.6253219399617516
correlation_60pct,1.0,69.39119966631966,0.42,0.6191268303083158
accuracy_80pct,1.0,89.4164753289798,0.84,0.7655303893982556
accuracy_70pct,1.0,84.07930755901208,0.77,0.7035417171116574
accuracy_60pct,1.0,80.12340531674138,0.7,0.5601798566800161
correlation_70pct,1.0,73.20726292863753,0.43,0.6716366427811493
correlation_60pct,1.0,65.84404122916712,0.39,0.41486003944873395
accuracy_80pct,1.0,89.9653967416445,0.83,0.7787164509066448
accuracy_70pct,1.0,84.8197459890771,0.78,0.6561982081708683
accuracy_60pct,1.0,80.91000576889246,0.69,0.6369568864852502
correlation_70pct,1.0,71.40020745892211,0.42,0.6380184513935134
correlation_60pct,1.0,63.794467560621186,0.32,0.5300106314082603
accuracy_80pct,1.0,91.146561350135,0.85,0.8735505919345244
accuracy_70pct,1.0,85.30587760196023,0.78,0.7033309098185448
accuracy_60pct,1.0,81.1380060905206,0.71,0.6581726392682936
correlation_70pct,1.0,69.73816875609731,0.42,0.5922493399406061
correlation_60pct,1.0,65.75697510271392,0.31,0.47967058706633237
accuracy_80pct,1.0,87.74441967987309,0.83,0.7308241298453533
accuracy_70pct,1.0,84.29169518738578,0.73,0.711595686983397
accuracy_60pct,1.0,78.70981918731333,0.7,0.5700282819597626
correlation_70pct,1.0,70.30236463359277,0.44,0.6334651409395222
correlation_60pct,1.0,68.31974346732514,0.36,0.5620106993979745
accuracy_80pct,1.0,90.78431779552658,0.82,0.8140505154530998
accuracy_70pct,1.0,84.32776013240881,0.77,0.7024163742907636
accuracy_60pct,1.0,75.68662898013642,0.65,0.44868600996796854
correlation_70pct,1.0,72.7000026071385,0.39,0.6738747555611277
correlation_60pct,1.0,73.59029696343822,0.47,0.6031975354156119
accuracy_80pct,1.0,91.40503086981366,0.86,0.8398824288082031
accuracy_70pct,1.0,84.0577604911914,0.77,0.6527040560447652
accuracy_60pct,1.0,79.16022408359709,0.69,0.6275322436755114
correlation_70pct,1.0,68.21079164545756,0.39,0.6095934504772799
correlation_60pct,1.0,64.66956758287127,0.3,0.5554118328496126
accuracy_80pct,1.0,90.79959226035736,0.85,0.8479094858109354
accuracy_70pct,1.0,87.29443314279409,0.8,0.7797224822805985
accuracy_60pct,1.0,80.50610112311841,0.71,0.5957618541552885
correlation_70pct,1.0,73.56950648324596,0.46,0.689358663016307
correlation_60pct,1.0,70.10041231070575,0.45,0.576870839531951
accuracy_80pct,1.0,88.9095532359044,0.83,0.7407297895277974
accuracy_70pct,1.0,82.98112650525907,0.76,0.683603373845047
accuracy_60pct,1.0,78.45101143921102,0.66,0.5153192248549129
correlation_70pct,1.0,68.5681960407219,0.36,0.5816619121700425
correlation_60pct,1.0,56.566245681759476,0.28,0.30413121822319966
accuracy_80pct,1.0,91.40503086981366,0.86,0.8147997694003064
accuracy_70pct,1.0,85.5186034587576,0.77,0.746471978961368
accuracy_60pct,1.0,81.64042725267556,0.69,0.663959435237373
correlation_70pct,1.0,73.67845830511357,0.43,0.6655051162045763
correlation_60pct,1.0,62.69662473529185,0.34,0.4213985021399406
accuracy_80pct,1.0,89.46297557948952,0.85,0.7424228570376896
accuracy_70pct,1.0,86.66294653459666,0.76,0.7885087163303172
accuracy_60pct,1.0,78.54401194023043,0.68,0.5492897322743345
correlation_70pct,1.0,69.55708704418365,0.37,0.623243074742201
correlation_60pct,1.0,64.62790649170564,0.35,0.42500388068962625
accuracy_80pct,1.0,89.74299216698886,0.86,0.7708112832882495
accuracy_70pct,1.0,85.91207279904496,0.78,0.7691454967832984
accuracy_60pct,1.0,77.11473298676682,0.69,0.473570139564102
correlation_70pct,1.0,70.64933372337042,0.44,0.6367007093271105
correlation_60pct,1.0,68.95123007552257,0.4,0.5292495509374067
accuracy_80pct,1.0,88.22638859025945,0.83,0.7677429252099206
accuracy_70pct,1.0,84.51443799046505,0.73,0.7272827132883193
accuracy_60pct,1.0,78.51830216991299,0.68,0.5154495387370381
correlation_70pct,1.0,71.78290326529913,0.43,0.6550622250887669
correlation_60pct,1.0,65.08866656269498,0.38,0.447123338626315
accuracy_80pct,1.0,89.73221863307852,0.86,0.7663358387800048
accuracy_70pct,1.0,89.48418441888654,0.82,0.8487684236662263
accuracy_60pct,1.0,76.4669568292976,0.67,0.5436032254528722
correlation_70pct,1.0,69.67087802539534,0.4,0.6223137609897305
correlation_60pct,1.0,69.54665173869697,0.4,0.6475505527075835
accuracy_80pct,1.0,88.07093651788213,0.85,0.7714495827148904
accuracy_70pct,1.0,84.32776013240881,0.77,0.7127247735313357
accuracy_60pct,1.0,81.21573212670926,0.7,0.7153577116774039
correlation_70pct,1.0,75.61457922087148,0.5,0.733120996310169
correlation_60pct,1.0,65.30105419106869,0.34,0.5693171652002244
accuracy_80pct,1.0,92.40469540718576,0.87,0.8877460524668284
accuracy_70pct,1.0,84.67472922218647,0.77,0.6849420173929938
accuracy_60pct,1.0,82.64009179004765,0.7,0.707785493504589
correlation_70pct,1.0,74.90536657648538,0.47,0.7219438462531254
correlation_60pct,1.0,60.87429480074564,0.3,0.3809481727376645
accuracy_80pct,1.0,88.2055981100672,0.82,0.8387935100886348
accuracy_70pct,1.0,85.9786069421185,0.81,0.6896378936304297
accuracy_60pct,1.0,80.02488880036049,0.7,0.6175072204425336
correlation_70pct,1.0,70.53554274215873,0.41,0.6290524212094304
correlation_60pct,1.0,62.89857705817886,0.33,0.4740235511715276
accuracy_80pct,1.0,89.09105330702283,0.84,0.8068906761135356
accuracy_70pct,1.0,84.91240826167287,0.77,0.6842090112083306
accuracy_60pct,1.0,80.6515362492138,0.68,0.5970650093779886
correlation_70pct,1.0,72.72563224667485,0.46,0.5332964828844491
correlation_60pct,1.0,68.5577607352352,0.39,0.552667304681583
accuracy_80pct,1.0,88.22638859025945,0.83,0.8004915347873122
accuracy_70pct,1.0,86.92141605427531,0.77,0.7993084006384512
accuracy_60pct,1.0,80.52764819093909,0.71,0.5608973328657997
correlation_70pct,1.0,70.25102522373895,0.37,0.6309792096537938
correlation_60pct,1.0,67.09767435529744,0.38,0.5087872897731505
accuracy_80pct,1.0,87.97793601686271,0.83,0.7494428228481783
accuracy_70pct,1.0,86.13481560212425,0.78,0.7459777816168686
accuracy_60pct,1.0,78.989497546389,0.68,0.548239529017822
correlation_70pct,1.0,72.38909846238387,0.43,0.619454080790376
correlation_60pct,1.0,59.58493495801594,0.3,0.3420389303823254
accuracy_80pct,1.0,91.43659488391626,0.87,0.7871008034990026
accuracy_70pct,1.0,83.78927402523082,0.75,0.7076813792959896
accuracy_60pct,1.0,79.45067597658311,0.67,0.6187911071862706
correlation_70pct,1.0,72.93801987504855,0.42,0.6226859310339179
correlation_60pct,1.0,69.34469941580994,0.41,0.5335820973212452
accuracy_80pct,1.0,88.01290614583365,0.85,0.6438278115066834
accuracy_70pct,1.0,82.5876571649717,0.75,0.6574197071257215
accuracy_60pct,1.0,79.78687153245042,0.67,0.6083444442369101
correlation_70pct,1.0,68.05050041373615,0.35,0.5590865969070767
correlation_60pct,1.0,65.96376658494505,0.36,0.5027543312450975
accuracy_80pct,1.0,92.40469540718576,0.87,0.8789579708924439
accuracy_70pct,1.0,85.03663454837124,0.77,0.7360882105866849
accuracy_60pct,1.0,81.88921805449597,0.72,0.6485556804374675
correlation_70pct,1.0,68.16429139494784,0.38,0.5642179025152345
correlation_60pct,1.0,73.2898281241703,0.48,0.6491933373239496
accuracy_80pct,1.0,89.31379611010213,0.84,0.7005855849477195
accuracy_70pct,1.0,85.61711997513851,0.77,0.6722937359327692
accuracy_60pct,1.0,80.51729301623351,0.67,0.5431624573777246
correlation_70pct,1.0,75.53201402533871,0.45,0.6412505269116164
correlation_60pct,1.0,70.42175176094703,0.38,0.4951918379761597
accuracy_80pct,1.0,90.15767034667326,0.84,0.789246840410369
accuracy_70pct,1.0,85.12513411847024,0.76,0.6843630250661066
accuracy_60pct,1.0,81.41726609039152,0.73,0.495672214814181
correlation_70pct,1.0,66.75630141166236,0.29,0.5492523974322135
correlation_60pct,1.0,66.87493155221816,0.38,0.42777123620741847
accuracy_80pct,1.0,91.67427392340265,0.87,0.8151831893998307
accuracy_70pct,1.0,87.9883713223494,0.8,0.7755800564071004
accuracy_60pct,1.0,79.73995292273594,0.7,0.5411486167900911
correlation_70pct,1.0,71.76245101353055,0.45,0.625227692375209
correlation_60pct,1.0,69.53621643321029,0.43,0.5311744309655758
accuracy_80pct,1.0,91.07885226022826,0.87,0.7707961119092781
accuracy_70pct,1.0,83.81006450542307,0.76,0.6628854371391215
accuracy_60pct,1.0,78.45101143921102,0.66,0.6046317451923847
correlation_70pct,1.0,68.80137414928785,0.33,0.6350176324875758
correlation_60pct,1.0,70.45297754662597,0.36,0.6334273963044131
accuracy_80pct,1.0,91.05356084911557,0.83,0.8453599130282526
accuracy_70pct,1.0,85.22365063485114,0.76,0.6997505336438862
accuracy_60pct,1.0,84.97485983303075,0.73,0.6800962403735223
correlation_70pct,1.0,70.52026827732796,0.38,0.6296228111936516
correlation_60pct,1.0,69.24134374008493,0.35,0.6327175010139522
accuracy_80pct,1.0,90.00221827429594,0.86,0.8200186318671495
accuracy_70pct,1.0,84.8766815450735,0.76,0.7412383241257793
accuracy_60pct,1.0,75.77853466510376,0.65,0.5001254954377675
correlation_70pct,1.0,72.62711573029394,0.46,0.6259224809213032
correlation_60pct,1.0,62.75356029128824,0.32,0.45187738894999724
accuracy_80pct,1.0,87.75519321378343,0.83,0.7597433131032301
accuracy_70pct,1.0,86.26947719430929,0.75,0.8130322265844022
accuracy_60pct,1.0,75.64462966054714,0.67,0.49701701181553326
correlation_70pct,1.0,70.49947779713568,0.37,0.6401133563953156
correlation_60pct,1.0,61.060295802784495,0.34,0.4906681213528407
accuracy_80pct,1.0,91.37380508413473,0.88,0.8136528936771484
accuracy_70pct,1.0,87.51717594587336,0.8,0.7691446764091208
accuracy_60pct,1.0,82.49507502315703,0.69,0.7278867058565346
correlation_70pct,1.0,71.87140283539813,0.42,0.6251878736570642
correlation_60pct,1.0,63.380207740141564,0.3,0.45805966069002685
accuracy_80pct,1.0,90.17846082686549,0.85,0.7711007130806309
accuracy_70pct,1.0,85.75136320811879,0.78,0.6798070571955497
accuracy_60pct,1.0,79.87537110254941,0.66,0.6441928502041733
correlation_70pct,1.0,72.23364639000656,0.45,0.696354483662574
correlation_60pct,1.0,67.96233907206081,0.39,0.5498927704777534
accuracy_80pct,1.0,90.76310895612954,0.85,0.8233849985933804
accuracy_70pct,1.0,87.392949659175,0.8,0.7925713560454054
accuracy_60pct,1.0,83.94396950997971,0.74,0.7202861959935052
correlation_70pct,1.0,69.79510431209371,0.4,0.6701180830981196
correlation_60pct,1.0,69.6031689354886,0.42,0.550769162554035
accuracy_80pct,1.0,93.14513383725078,0.88,0.8633772403555792
accuracy_70pct,1.0,86.04631603202526,0.79,0.707309601333181
accuracy_60pct,1.0,82.15812287966129,0.7,0.689688821885246
correlation_70pct,1.0,75.53201402533873,0.45,0.6972603326074402
correlation_60pct,1.0,66.40373617574213,0.38,0.5136719859087072
accuracy_80pct,1.0,87.09172423227864,0.82,0.7048095884231795
accuracy_70pct,1.0,85.97902530132328,0.77,0.7724800895876541
accuracy_60pct,1.0,78.59602820610164,0.67,0.5789189236568733
correlation_70pct,1.0,67.69309601847182,0.38,0.5812644223320474
correlation_60pct,1.0,67.57930503726014,0.35,0.6144873168016376
accuracy_80pct,1.0,88.88834439650739,0.86,0.7287338107424626
accuracy_70pct,1.0,86.87866014705762,0.8,0.7234756636231218
accuracy_60pct,1.0,78.36251186911201,0.67,0.5860381223559704
correlation_70pct,1.0,73.56950648324597,0.46,0.6974619874140274
correlation_60pct,1.0,64.42595416881862,0.36,0.46080085655546127
accuracy_80pct,1.0,90.73188317045062,0.87,0.7905761785468296
accuracy_70pct,1.0,85.97902530132328,0.77,0.7391963759245403
accuracy_60pct,1.0,81.7649917677976,0.72,0.6535930458675739
correlation_70pct,1.0,66.75070526551978,0.38,0.5671668092663112
correlation_60pct,1.0,68.93043959533033,0.39,0.5454087420659449
accuracy_80pct,1.0,91.88699978020003,0.86,0.8393001760083184
accuracy_70pct,1.0,83.17230529423574,0.75,0.6105521324387544
accuracy_60pct,1.0,82.21539666408135,0.71,0.7046626779070804
correlation_70pct,1.0,70.29752547424867,0.38,0.5533183203668867
correlation_60pct,1.0,70.29752547424867,0.38,0.5737689276371836
accuracy_80pct,1.0,90.94460902724798,0.86,0.801470286603615
accuracy_70pct,1.0,82.87810905795772,0.73,0.6386003900902273
accuracy_60pct,1.0,80.19111440664813,0.68,0.5340173872650604
correlation_70pct,1.0,71.22948092171403,0.41,0.6136419145864688
correlation_60pct,1.0,66.196944693511,0.33,0.5439718734310999
accuracy_80pct,1.0,92.6166646763547,0.87,0.8482055793397681
accuracy_70pct,1.0,84.39471263468712,0.76,0.7104905872023302
accuracy_60pct,1.0,82.04467012687327,0.7,0.7016461854447446
correlation_70pct,1.0,70.80478579574772,0.42,0.6296389634350641
correlation_60pct,1.0,67.80688699968351,0.41,0.5709538032310416
accuracy_80pct,1.0,90.60765688375224,0.87,0.7627013217256623
accuracy_70pct,1.0,84.39471263468714,0.76,0.6882595678496167
accuracy_60pct,1.0,77.59712025635795,0.65,0.6062214991696887
correlation_70pct,1.0,66.45023642625185,0.39,0.5442556265694665
correlation_60pct,1.0,67.18583569697277,0.34,0.5323198643558511
accuracy_80pct,1.0,90.79883567272893,0.86,0.796877775021307
accuracy_70pct,1.0,87.26838514405297,0.77,0.7892645023476577
accuracy_60pct,1.0,77.7775255114243,0.64,0.5890334120145756
correlation_70pct,1.0,75.17460963007437,0.48,0.6826658394671362
correlation_60pct,1.0,70.04907290085193,0.38,0.5790375678019926
accuracy_80pct,1.0,90.84117322074187,0.87,0.8109095789408941
accuracy_70pct,1.0,85.45089436885085,0.79,0.7548588148555578
accuracy_60pct,1.0,82.28159257873125,0.71,0.6591435946033268
correlation_70pct,1.0,72.25443687019883,0.46,0.6427150681733637
correlation_60pct,1.0,56.86044191803751,0.3,0.379109627852742
accuracy_80pct,1.0,90.54036615305027,0.85,0.8156052599660414
accuracy_70pct,1.0,88.16911480583938,0.82,0.7411180379552181
accuracy_60pct,1.0,80.85348857210082,0.67,0.6471171808674284
correlation_70pct,1.0,75.01915755769707,0.5,0.6918035980849999
correlation_60pct,1.0,66.60043098008029,0.35,0.39326789136174456
accuracy_80pct,1.0,90.20341400955454,0.86,0.7787675234905602
accuracy_70pct,1.0,80.46410180352913,0.73,0.5675993222347326
accuracy_60pct,1.0,78.52873747539967,0.65,0.6399099580443333
correlation_70pct,1.0,66.24344494402072,0.34,0.6215235923101586
correlation_60pct,1.0,64.12064617020658,0.31,0.5232552000467988
accuracy_80pct,1.0,87.84293619625399,0.83,0.7663660134494638
accuracy_70pct,1.0,81.82150896458923,0.74,0.6002052433391518
accuracy_60pct,1.0,79.04677133080907,0.69,0.6280095019059588
correlation_70pct,1.0,68.05050041373615,0.35,0.6109362647057455
correlation_60pct,1.0,68.59382568025825,0.43,0.6236695299478935
accuracy_80pct,1.0,89.69649191647913,0.85,0.6983224968969977
accuracy_70pct,1.0,86.58522049840802,0.77,0.7663700447735454
accuracy_60pct,1.0,81.67649219769861,0.73,0.5542639871571068
correlation_70pct,1.0,73.02058507058129,0.47,0.6401730612564479
correlation_60pct,1.0,72.62711573029392,0.46,0.6321199246899861
accuracy_80pct,1.0,92.06774326369002,0.88,0.824751483134538
accuracy_70pct,1.0,85.70936388852951,0.8,0.6653474381825012
accuracy_60pct,1.0,80.77576253591216,0.68,0.6577892314274801
correlation_70pct,1.0,72.49805028425146,0.4,0.6794106882144602
correlation_60pct,1.0,64.95408510129104,0.34,0.5178869753405348
accuracy_80pct,1.0,91.95395228247833,0.85,0.863069058436618
accuracy_70pct,1.0,83.78927402523082,0.75,0.7135404806664681
accuracy_60pct,1.0,80.6050359987041,0.67,0.6049044618218558
correlation_70pct,1.0,69.90405613396129,0.37,0.6312658391553647
correlation_60pct,1.0,65.0783113879894,0.34,0.5848741255042703
accuracy_80pct,1.0,92.62743821026504,0.87,0.8471462325179744
accuracy_70pct,1.0,86.38326817552098,0.78,0.7276622790532746
accuracy_60pct,1.0,85.25937735145051,0.77,0.6399268585487431
correlation_70pct,1.0,73.76102350064632,0.48,0.6270752374268412
correlation_60pct,1.0,66.09842817713009,0.33,0.5985823044758182
accuracy_80pct,1.0,90.8203827405496,0.86,0.8116366204157835
accuracy_70pct,1.0,83.27116003904031,0.78,0.5849162378297319
accuracy_60pct,1.0,79.34172415471551,0.7,0.6408860886149309
correlation_70pct,1.0,74.51189723619801,0.46,0.694461329424419
correlation_60pct,1.0,64.63834179719233,0.32,0.4992775125924814
accuracy_80pct,1.0,90.93383549333764,0.86,0.8102265727852033
accuracy_70pct,1.0,86.19175115812064,0.76,0.7667323854237152
accuracy_60pct,1.0,83.49398297290071,0.71,0.6640346033637514
correlation_70pct,1.0,70.61326877834738,0.4,0.6222065389379434
correlation_60pct,1.0,66.5231233030964,0.32,0.49318848804629617
accuracy_80pct,1.0,93.33631262622745,0.87,0.8604993873499175
accuracy_70pct,1.0,85.08865081424243,0.76,0.662671227285727
accuracy_60pct,1.0,82.64009179004766,0.7,0.6934625990877541
correlation_70pct,1.0,70.3335904192717,0.42,0.602216130556423
correlation_60pct,1.0,66.32117098020939,0.33,0.5279135856564454
accuracy_80pct,1.0,91.69548276279968,0.84,0.8782556160191726
accuracy_70pct,1.0,87.90988869853231,0.82,0.6958728867147178
accuracy_60pct,1.0,76.97047280750463,0.67,0.5606846227113964
correlation_70pct,1.0,76.66592179569109,0.47,0.7344646931148101
correlation_60pct,1.0,73.83874953683497,0.47,0.6854247443321941
accuracy_80pct,1.0,87.6101764468928,0.82,0.7952204990831155
accuracy_70pct,1.0,88.09029395359866,0.81,0.6839384854631643
accuracy_60pct,1.0,77.77786373984797,0.67,0.551379879993351
correlation_70pct,1.0,67.57930503726013,0.35,0.6002639220119931
correlation_60pct,1.0,60.73971333934169,0.26,0.4482422331691026
accuracy_80pct,1.0,90.34884913564993,0.83,0.8343160105914731
accuracy_70pct,1.0,86.34720323049795,0.74,0.7795159777205086
accuracy_60pct,1.0,84.0324690800787,0.73,0.6839983020674364
correlation_70pct,1.0,69.59315198920667,0.41,0.6083622825837056
correlation_60pct,1.0,63.064464436042854,0.28,0.46568598347942225
accuracy_80pct,1.0,88.64064841073906,0.85,0.7510823880033285
accuracy_70pct,1.0,82.59767411125361,0.76,0.6333131528347331
accuracy_60pct,1.0,79.57372731644827,0.72,0.5300320739079126
correlation_70pct,1.0,76.2412266697248,0.48,0.740610153196331
correlation_60pct,1.0,66.51268799760972,0.35,0.5400380143219694
accuracy_80pct,1.0,93.05663426715178,0.89,0.829459159175784
accuracy_70pct,1.0,85.76179851360547,0.75,0.7331363828480354
accuracy_60pct,1.0,83.29203065001369,0.72,0.692729993094119
correlation_70pct,1.0,70.66978597513902,0.42,0.516569379445455
correlation_60pct,1.0,66.87009239287406,0.32,0.5679596200136389
accuracy_80pct,1.0,90.1003965622532,0.83,0.7640216904614989
accuracy_70pct,1.0,85.12513411847023,0.76,0.7175235752943159
accuracy_60pct,1.0,80.39756766045559,0.7,0.6125585177837273
correlation_70pct,1.0,70.92901208244609,0.42,0.620897804291739
correlation_60pct,1.0,70.40538208089411,0.47,0.550005241922861
accuracy_80pct,1.0,90.49386590254055,0.84,0.8085127714872992
accuracy_70pct,1.0,86.39328512180289,0.79,0.7067339593841764
accuracy_60pct,1.0,75.24038678634943,0.66,0.4520416181449512
correlation_70pct,1.0,69.18924734343264,0.43,0.555798239020641
correlation_60pct,1.0,66.3881234824877,0.32,0.555436029560404
accuracy_80pct,1.0,89.89844423936617,0.84,0.7941180480475459
accuracy_70pct,1.0,84.14626006129039,0.76,0.6760172036272234
accuracy_60pct,1.0,74.6292722991395,0.67,0.36010866521652996
correlation_70pct,1.0,67.04040057087737,0.37,0.5531431690148214
correlation_60pct,1.0,60.67234247785861,0.31,0.3984038592620303
accuracy_80pct,1.0,89.42724886289015,0.84,0.7755953187978748
accuracy_70pct,1.0,87.32565892847303,0.78,0.800162005878483
accuracy_60pct,1.0,81.82083250774191,0.68,0.6521230380530013
correlation_70pct,1.0,69.35513472129662,0.38,0.6212703920043023
correlation_60pct,1.0,66.09283203098751,0.42,0.4947057626836152
accuracy_80pct,1.0,92.28046912048738,0.87,0.8593516878831177
accuracy_70pct,1.0,85.25937735145052,0.77,0.6511267277445691
accuracy_60pct,1.0,81.5627012164869,0.7,0.6451626849515845
correlation_70pct,1.0,70.41131645546037,0.41,0.57825741764587
correlation_60pct,1.0,67.63064444711395,0.42,0.563726023131667
accuracy_80pct,1.0,89.92373565047886,0.88,0.6817059295648861
accuracy_70pct,1.0,86.8332547126,0.81,0.6717019557295719
accuracy_60pct,1.0,80.64151930293188,0.67,0.6498887307447796
correlation_70pct,1.0,74.07676680474502,0.5,0.6010053462514752
correlation_60pct,1.0,62.32886516532193,0.33,0.500483419815686
accuracy_80pct,1.0,90.78431779552658,0.82,0.8427552641424126
accuracy_70pct,1.0,84.41550311487939,0.77,0.6385063939497608
accuracy_60pct,1.0,79.5849192095634,0.68,0.5782434801387201
correlation_70pct,1.0,71.86096752991145,0.45,0.6319649634242461
correlation_60pct,1.0,63.872193596809836,0.31,0.438985809504448
accuracy_80pct,1.0,90.44736565203085,0.83,0.748888385534137
accuracy_70pct,1.0,86.59523744468991,0.78,0.6783309067239379
accuracy_60pct,1.0,79.98882385533744,0.66,0.5668969345315108
correlation_70pct,1.0,74.11842789591064,0.45,0.6500225734682233
correlation_60pct,1.0,70.85128604625743,0.43,0.6295782749232544
accuracy_80pct,1.0,90.1468968127629,0.84,0.7886300457334648
accuracy_70pct,1.0,84.80939081437153,0.74,0.7411608759790974
accuracy_60pct,1.0,75.45761357406724,0.68,0.48407594389015157
correlation_70pct,1.0,77.65481279915284,0.48,0.7271713178574848
correlation_60pct,1.0,69.39119966631966,0.42,0.583299987591984
accuracy_80pct,1.0,92.9223910341715,0.88,0.861785849475061
accuracy_70pct,1.0,82.93386966712093,0.76,0.5754166241485192
accuracy_60pct,1.0,77.64286391923925,0.67,0.5078719834403747
correlation_70pct,1.0,73.64723251943462,0.45,0.6911358198068203
correlation_60pct,1.0,71.47793349511076,0.41,0.6333781291688518
accuracy_80pct,1.0,91.14580476250657,0.86,0.7710197041880664
accuracy_70pct,1.0,87.61535423383062,0.77,0.7278928898757806
accuracy_60pct,1.0,81.95617055677427,0.71,0.6466698871852115
correlation_70pct,1.0,68.96166538100925,0.37,0.6594764461210937
correlation_60pct,1.0,58.04712254188951,0.3,0.34031626188028385
accuracy_80pct,1.0,88.99178020301349,0.85,0.7083027915570108
accuracy_70pct,1.0,85.76213674202914,0.78,0.7031380965818181
accuracy_60pct,1.0,79.88988897975177,0.7,0.5459600302005343
correlation_70pct,1.0,69.12195661273067,0.41,0.6160110892809255
correlation_60pct,1.0,72.4203242480628,0.41,0.6478167436327876
accuracy_80pct,1.0,89.61918423949525,0.82,0.8565824611880565
accuracy_70pct,1.0,89.60390977466449,0.79,0.8432150391830358
accuracy_60pct,1.0,79.91034123152036,0.68,0.4864845922393766
correlation_70pct,1.0,73.40921525152457,0.42,0.6455027398634949
correlation_60pct,1.0,68.23642128499391,0.46,0.41343624855830396
accuracy_80pct,1.0,91.06883531394635,0.86,0.8619449723121168
accuracy_70pct,1.0,83.99122634811785,0.74,0.7867262508304024
accuracy_60pct,1.0,81.44849187607046,0.71,0.6688570222248987
correlation_70pct,1.0,68.06577487856693,0.38,0.6762633622130648
correlation_60pct,1.0,64.80864997519564,0.37,0.503913316229422
accuracy_80pct,1.0,88.9452799525038,0.84,0.6802999153708772
accuracy_70pct,1.0,89.24650537940013,0.82,0.7384862563018824
accuracy_60pct,1.0,78.65780292144213,0.71,0.545425529977018
correlation_70pct,1.0,72.46682449857252,0.42,0.6384859428082684
correlation_60pct,1.0,66.83886660719511,0.34,0.5363479845116033
accuracy_80pct,1.0,87.38592046855668,0.84,0.6599354735582031
accuracy_70pct,1.0,83.61854748802274,0.74,0.700592258253569
accuracy_60pct,1.0,81.90967030626456,0.7,0.6584322355924676
correlation_70pct,1.0,76.16350063353615,0.49,0.6916177723344697
correlation_60pct,1.0,73.16560183747191,0.48,0.5770756165062177
accuracy_80pct,1.0,87.22672405288733,0.82,0.7078451478761756
accuracy_70pct,1.0,84.90239131539094,0.76,0.7643082148868309
accuracy_60pct,1.0,81.49499212658016,0.72,0.5674760609970056
correlation_70pct,1.0,71.16219019101207,0.39,0.6908104604586758
correlation_60pct,1.0,69.03939141719792,0.36,0.6080793501767109
accuracy_80pct,1.0,90.49386590254056,0.84,0.7931102007489315
accuracy_70pct,1.0,92.78739121356278,0.88,0.8912407824755764
accuracy_60pct,1.0,79.09293335289513,0.67,0.5867896112920586
correlation_70pct,1.0,74.85886632597567,0.46,0.6387211015786292
correlation_60pct,1.0,65.14076295934728,0.3,0.5380883129260573
accuracy_80pct,1.0,88.56258414612675,0.83,0.7606561012422627
accuracy_70pct,1.0,86.92175428269897,0.8,0.7585781072162052
accuracy_60pct,1.0,81.81039720225523,0.71,0.6469997388083275
correlation_70pct,1.0,65.30105419106869,0.34,0.5425091269650629
correlation_60pct,1.0,67.44464344507509,0.38,0.5605230388093791
accuracy_80pct,1.0,90.88733524282793,0.85,0.838819057231423
accuracy_70pct,1.0,85.02169831196412,0.77,0.7144104195346823
accuracy_60pct,1.0,77.9898330090169,0.67,0.6054273841835051
correlation_70pct,1.0,65.50300651395571,0.33,0.6207705565145625
correlation_60pct,1.0,61.070650977490075,0.38,0.4038671789943825
accuracy_80pct,1.0,92.47198613788774,0.89,0.8426897834479473
accuracy_70pct,1.0,85.15635990414917,0.74,0.7568129302096113
accuracy_60pct,1.0,83.21430461382504,0.73,0.6685054509188022
correlation_70pct,1.0,75.17460963007439,0.48,0.657572372496472
correlation_60pct,1.0,66.3107356747227,0.36,0.5482443962778636
accuracy_80pct,1.0,89.32797575888081,0.85,0.6838752641878061
accuracy_70pct,1.0,87.27915867796331,0.77,0.7520812973198604
accuracy_60pct,1.0,85.65284669173789,0.78,0.6564240325312695
correlation_70pct,1.0,76.95043931411087,0.51,0.7140482528762842
correlation_60pct,1.0,70.83601158142665,0.4,0.6123593299951873
accuracy_80pct,1.0,92.78739121356278,0.88,0.8725814756802526
accuracy_70pct,1.0,86.68823794570936,0.8,0.7867747676480578
accuracy_60pct,1.0,78.94749822679974,0.7,0.6095436253771539
correlation_70pct,1.0,73.27455365933952,0.45,0.649330590444759
correlation_60pct,1.0,58.68904445557362,0.31,0.44976327589088694
accuracy_80pct,1.0,90.20341400955454,0.86,0.7711100712742746
accuracy_70pct,1.0,84.95890851218259,0.78,0.7226828836653701
accuracy_60pct,1.0,80.69803649972351,0.69,0.6572026282509308
correlation_70pct,1.0,76.79498724173355,0.53,0.7313942676329691
correlation_60pct,1.0,61.7542339823398,0.34,0.4752089849752932
accuracy_80pct,1.0,91.415804403724,0.86,0.826783134358617
accuracy_70pct,1.0,85.04740808228158,0.77,0.692612630396171
accuracy_60pct,1.0,84.43637372585275,0.71,0.6723627208169999
correlation_70pct,1.0,74.18571862661261,0.47,0.6133145555306663
correlation_60pct,1.0,70.26629968856973,0.4,0.6341651306828486
accuracy_80pct,1.0,90.67536597365898,0.85,0.8103033163151061
accuracy_70pct,1.0,82.94539978865969,0.75,0.6496700505354424
accuracy_60pct,1.0,79.79722670715599,0.71,0.46373046205314944
correlation_70pct,1.0,70.60842961900329,0.34,0.6685720173537057
correlation_60pct,1.0,65.25939309990306,0.39,0.458534942099083
accuracy_80pct,1.0,90.65415713426196,0.88,0.8100725324995891
accuracy_70pct,1.0,84.07896933058842,0.74,0.6917079665846109
accuracy_60pct,1.0,79.71882421412002,0.66,0.5187266562679892
correlation_70pct,1.0,72.80335828286348,0.45,0.6075653699969795
correlation_60pct,1.0,66.87493155221816,0.38,0.4998747835675123
accuracy_80pct,1.0,91.22428738632365,0.84,0.8554342078163818
accuracy_70pct,1.0,83.16186998874907,0.78,0.6097383816727472
accuracy_60pct,1.0,79.70914549626177,0.68,0.6212722410083676
correlation_70pct,1.0,74.51189723619802,0.46,0.684178788879969
correlation_60pct,1.0,67.57930503726014,0.35,0.5522653419620228
accuracy_80pct,1.0,88.4848581099381,0.84,0.7477930363116295
accuracy_70pct,1.0,80.44364955176054,0.75,0.5532951353334861
accuracy_60pct,1.0,80.1018582489207,0.7,0.5124192901263442
correlation_70pct,1.0,68.67714786258948,0.33,0.6128101632615756
correlation_60pct,1.0,68.68198702193358,0.39,0.5419263237544478
accuracy_80pct,1.0,92.87589078366179,0.87,0.8754593000010594
accuracy_70pct,1.0,86.70902842590161,0.81,0.7205811061124069
accuracy_60pct,1.0,78.30557631311562,0.69,0.4976721881179339
correlation_70pct,1.0,73.59029696343822,0.47,0.6582164057123349
correlation_60pct,1.0,59.23796586823829,0.3,0.3671436244751564
accuracy_80pct,1.0,91.56048294219097,0.84,0.8510408075557908
accuracy_70pct,1.0,85.97902530132328,0.77,0.7683421863341096
accuracy_60pct,1.0,77.71091123756965,0.68,0.6085726201329579
correlation_70pct,1.0,71.63822472683216,0.45,0.6780679573745042
correlation_60pct,1.0,60.33580869356764,0.28,0.4725119951997498
accuracy_80pct,1.0,88.4383578594284,0.83,0.7558928933190042
accuracy_70pct,1.0,83.48354766741403,0.74,0.6491569286885224
accuracy_60pct,1.0,76.44124705898011,0.67,0.5046533958820189
correlation_70pct,1.0,71.40020745892211,0.42,0.635305621818864
correlation_60pct,1.0,63.80490286610787,0.29,0.5296958540299331
accuracy_80pct,1.0,90.70659175933793,0.83,0.8231929987828006
accuracy_70pct,1.0,84.55016470706444,0.74,0.6691455048311551
accuracy_60pct,1.0,78.73102802671036,0.67,0.562172875323843
correlation_70pct,1.0,67.47035321539255,0.38,0.5611489384337696
correlation_60pct,1.0,68.68198702193358,0.39,0.5268702020156752
accuracy_80pct,1.0,90.8203827405496,0.86,0.8227431153840995
accuracy_70pct,1.0,84.67439099376281,0.74,0.6969593720073362
accuracy_60pct,1.0,81.22574907299116,0.71,0.6015393743342814
correlation_70pct,1.0,66.92143180272787,0.39,0.5677186209923929
correlation_60pct,1.0,68.79093884380117,0.36,0.5373845699493325
accuracy_80pct,1.0,89.49495795279688,0.82,0.8530817304681815
accuracy_70pct,1.0,85.48662108545024,0.8,0.7305667642419259
accuracy_60pct,1.0,77.19287738216025,0.64,0.6004320542450423
correlation_70pct,1.0,63.53565981251887,0.28,0.5503269255303956
correlation_60pct,1.0,62.45860746738178,0.31,0.48701744088132193
accuracy_80pct,1.0,91.48275690600231,0.85,0.8210393621601009
accuracy_70pct,1.0,83.4318696299665,0.78,0.6415877355001568
accuracy_60pct,1.0,78.79831875741232,0.69,0.5021407543279106
correlation_70pct,1.0,71.76245101353055,0.45,0.5628185570734985
correlation_60pct,1.0,64.99015004631407,0.38,0.44605828088103305
accuracy_80pct,1.0,94.12325130680219,0.89,0.8621545797940817
accuracy_70pct,1.0,84.74168172446478,0.76,0.6348725107390182
accuracy_60pct,1.0,80.36184094385621,0.69,0.6383006753051738
correlation_70pct,1.0,72.65834151597286,0.44,0.6501326955315326
correlation_60pct,1.0,72.34259821187416,0.42,0.6354191816465335
accuracy_80pct,1.0,92.1919695503884,0.88,0.8076218848269628
accuracy_70pct,1.0,87.04598056939734,0.8,0.7029197711115776
accuracy_60pct,1.0,83.95474304389003,0.74,0.5857922692126466
correlation_70pct,1.0,75.09688359388574,0.49,0.619031851370165
correlation_60pct,1.0,69.73816875609731,0.42,0.5774700760217204
accuracy_80pct,1.0,92.40469540718576,0.87,0.8863604594469894
accuracy_70pct,1.0,85.57512065554924,0.79,0.697331956006733
accuracy_60pct,1.0,79.76641928068182,0.69,0.6101161392039142
correlation_70pct,1.0,69.95055638447101,0.38,0.6484692725054543
correlation_60pct,1.0,61.84239532401514,0.3,0.5204761248605674
accuracy_80pct,1.0,91.93350003070974,0.87,0.8683173024423996
accuracy_70pct,1.0,85.46132967433755,0.76,0.7353730333805379
accuracy_60pct,1.0,74.61967371206234,0.62,0.41948072029385364
correlation_70pct,1.0,70.29192932810608,0.47,0.5749395667989425
correlation_60pct,1.0,67.11854496627079,0.32,0.581792863199556
accuracy_80pct,1.0,93.02090755055241,0.88,0.8759084139171378
accuracy_70pct,1.0,86.61602792488219,0.79,0.7196542240788706
accuracy_60pct,1.0,78.57557595433303,0.69,0.5739799361852628
correlation_70pct,1.0,74.17494509270227,0.47,0.6944169135282273
correlation_60pct,1.0,67.36657918046276,0.36,0.49665383291391163
accuracy_80pct,1.0,92.11424351419974,0.89,0.8317003421591659
accuracy_70pct,1.0,82.88812600423964,0.74,0.6283448764450958
accuracy_60pct,1.0,82.43813946716064,0.71,0.6896951205580967
correlation_70pct,1.0,73.83391037749087,0.41,0.7410811911167168
correlation_60pct,1.0,61.38155512224469,0.34,0.3170718402385366
accuracy_80pct,1.0,91.02233506343663,0.85,0.8426473387758203
accuracy_70pct,1.0,86.46099421170965,0.77,0.7604858282933727
accuracy_60pct,1.0,78.49751168972072,0.67,0.5914037400698685
correlation_70pct,1.0,73.1760371429586,0.45,0.650914635933611
correlation_60pct,1.0,69.01300479086308,0.44,0.5765049724535416
accuracy_80pct,1.0,92.63787351575172,0.84,0.9059990454549691
accuracy_70pct,1.0,86.50673787459094,0.79,0.7282153536595117
accuracy_60pct,1.0,78.17133308013533,0.68,0.5872339897710473
correlation_70pct,1.0,69.35513472129662,0.38,0.6429506115136252
correlation_60pct,1.0,65.08866656269498,0.38,0.5307932401411646
accuracy_80pct,1.0,92.75166449696341,0.87,0.8810985862072125
accuracy_70pct,1.0,85.72013742243985,0.8,0.6896876705044487
accuracy_60pct,1.0,80.24687501581134,0.71,0.5759400307471167
correlation_70pct,1.0,73.78741012698116,0.4,0.7037368703313247
correlation_60pct,1.0,70.83601158142667,0.4,0.5441123215366088
accuracy_80pct,1.0,90.34918736407359,0.86,0.8122876467385423
accuracy_70pct,1.0,87.1441588573546,0.77,0.7412794024151532
accuracy_60pct,1.0,82.21464007645292,0.72,0.6253898755240267
correlation_70pct,1.0,66.90615733789708,0.36,0.5619120273679333
correlation_60pct,1.0,72.92758456956187,0.45,0.6453200493125766
accuracy_80pct,1.0,91.06883531394635,0.86,0.836933631813713
accuracy_70pct,1.0,86.40405865571324,0.79,0.7386411550568648
accuracy_60pct,1.0,79.18517726628613,0.7,0.5789563693147837
correlation_70pct,1.0,69.55708704418365,0.37,0.6234584196999742
correlation_60pct,1.0,62.85207680766915,0.32,0.5003909935496226
accuracy_80pct,1.0,89.09105330702283,0.84,0.7664256219674608
accuracy_70pct,1.0,87.93109753792933,0.79,0.7554645548405278
accuracy_60pct,1.0,79.72959774803036,0.66,0.6004051607044799
correlation_70pct,1.0,74.9414315215084,0.51,0.6918119224356815
correlation_60pct,1.0,66.75070526551978,0.38,0.5122952245474942
accuracy_80pct,1.0,93.00011707036015,0.87,0.8778287506968231
accuracy_70pct,1.0,87.09248081990707,0.81,0.726471286410295
accuracy_60pct,1.0,78.97872401247866,0.68,0.47256711549686936
correlation_70pct,1.0,73.6007322689249,0.44,0.6013769301597416
correlation_60pct,1.0,73.2849889648262,0.42,0.6214092777665787
accuracy_80pct,1.0,89.4164753289798,0.84,0.7757368005531856
accuracy_70pct,1.0,88.69758396673546,0.83,0.8332543944441945
accuracy_60pct,1.0,82.18934866534025,0.68,0.6992596375966567
correlation_70pct,1.0,71.71595076302083,0.44,0.6557668534408754
correlation_60pct,1.0,67.5376439460945,0.4,0.5371127029428189
accuracy_80pct,1.0,87.63096692708505,0.83,0.7601722704497132
accuracy_70pct,1.0,85.46166790276119,0.79,0.7239372056850282
accuracy_60pct,1.0,81.76389695174551,0.7,0.5804832946179501
correlation_70pct,1.0,69.51058679367394,0.36,0.6674270092069235
correlation_60pct,1.0,65.91726633443533,0.35,0.48810628410893897
accuracy_80pct,1.0,90.03344405997487,0.84,0.806425426004063
accuracy_70pct,1.0,83.10535279195744,0.76,0.627973849819987
accuracy_60pct,1.0,82.14768757417463,0.73,0.5884656326725952
correlation_70pct,1.0,71.44186855008772,0.37,0.6616862391523871
correlation_60pct,1.0,65.26982840538975,0.36,0.541037089721341
accuracy_80pct,1.0,90.4161398663519,0.85,0.8044587499658019
accuracy_70pct,1.0,84.96968204609293,0.78,0.7280341508480506
accuracy_60pct,1.0,78.10404234943336,0.66,0.5648715121797092
correlation_70pct,1.0,72.92758456956187,0.45,0.6318596737673424
correlation_60pct,1.0,69.67087802539534,0.4,0.5138803007261311
accuracy_80pct,1.0,89.29300562990986,0.83,0.8076930314436547
accuracy_70pct,1.0,85.18165131526186,0.78,0.7002302783629618
accuracy_60pct,1.0,80.95650601940217,0.7,0.6303408749482022
correlation_70pct,1.0,71.29125563705452,0.45,0.6494017280894138
correlation_60pct,1.0,69.97618602400738,0.45,0.5666468774577407
accuracy_80pct,1.0,92.39392187327542,0.87,0.868394820091677
accuracy_70pct,1.0,82.75388277125936,0.73,0.6116018747874818
accuracy_60pct,1.0,79.41945019090417,0.69,0.5685083339667778
correlation_70pct,1.0,71.24475538654481,0.44,0.6289065652457416
correlation_60pct,1.0,66.90615733789708,0.36,0.4494272887181857
accuracy_80pct,1.0,90.55113968696061,0.85,0.8471229971150674
accuracy_70pct,1.0,86.33676792501126,0.77,0.7680834553232929
accuracy_60pct,1.0,82.74344746577266,0.76,0.5982319927089728
correlation_70pct,1.0,69.90405613396129,0.37,0.6417284434643237
correlation_60pct,1.0,68.33501793215594,0.39,0.6082643586615607
accuracy_80pct,1.0,91.85577399452109,0.88,0.8695124192776035
accuracy_70pct,1.0,87.76562851927011,0.8,0.8162637409454399
accuracy_60pct,1.0,80.64151930293188,0.67,0.6490750964789731
correlation_70pct,1.0,76.00320940181473,0.45,0.7276954204509218
correlation_60pct,1.0,71.87140283539813,0.42,0.6179731681259054
accuracy_80pct,1.0,90.8308180460363,0.83,0.8811122598587614
accuracy_70pct,1.0,87.89987175225039,0.81,0.7722372343172802
accuracy_60pct,1.0,78.15054259994308,0.67,0.585133365120539
correlation_70pct,1.0,72.86029383885989,0.43,0.6604627535813512
correlation_60pct,1.0,70.4473814004834,0.45,0.5745422411214315
accuracy_80pct,1.0,89.62920118577716,0.83,0.8180413758883224
accuracy_70pct,1.0,84.59666495757415,0.75,0.6703670541253886
accuracy_60pct,1.0,77.98015429115864,0.69,0.5762717162322564
correlation_70pct,1.0,75.69230525706011,0.49,0.6650127171215249
correlation_60pct,1.0,64.1102108647199,0.34,0.3955922028041369
accuracy_80pct,1.0,89.40679661112155,0.86,0.7694045859864261
accuracy_70pct,1.0,82.46343087827333,0.75,0.5930098020884206
accuracy_60pct,1.0,81.7854440195662,0.7,0.5775175814575946
correlation_70pct,1.0,71.44670770943183,0.43,0.672125071628574
correlation_60pct,1.0,75.72837020208316,0.53,0.6608318958959207
accuracy_80pct,1.0,89.84192704257453,0.82,0.8138668075479785
accuracy_70pct,1.0,84.06819579667808,0.74,0.7302850677042186
accuracy_60pct,1.0,76.46279412680082,0.67,0.46052788992677096
correlation_70pct,1.0,70.52476920824839,0.41,0.5958834710713893
correlation_60pct,1.0,69.34469941580996,0.41,0.535673277037961
accuracy_80pct,1.0,91.30201342251232,0.83,0.8609717864835207
accuracy_70pct,1.0,85.5186034587576,0.77,0.7592172604601349
accuracy_60pct,1.0,82.95583509414637,0.72,0.7220591375039799
correlation_70pct,1.0,67.11294882012821,0.41,0.5096676351563025
correlation_60pct,1.0,66.55325387355319,0.42,0.48783261845550374
accuracy_80pct,1.0,89.49495795279688,0.82,0.7830931783470115
accuracy_70pct,1.0,86.68373701478892,0.77,0.7115998428898584
accuracy_60pct,1.0,82.26189691459108,0.72,0.6344564414766511
correlation_70pct,1.0,74.19615393209929,0.44,0.6001014776565831
correlation_60pct,1.0,67.89504834135884,0.37,0.4936204321450422
accuracy_80pct,1.0,89.80994466926717,0.85,0.7393674156921574
accuracy_70pct,1.0,82.81039996805097,0.75,0.5594620580656174
accuracy_60pct,1.0,81.19452328731224,0.73,0.5896963323163236
correlation_70pct,1.0,74.54796218122105,0.5,0.6583423311707748
correlation_60pct,1.0,66.87493155221816,0.38,0.4814332955760591
accuracy_80pct,1.0,89.42724886289014,0.84,0.7942718956011691
accuracy_70pct,1.0,86.52794671398794,0.76,0.7845097858281477
accuracy_60pct,1.0,82.27191386087298,0.73,0.7007020063449813
correlation_70pct,1.0,67.29928844976081,0.34,0.5154420467093277
correlation_60pct,1.0,66.57964049988803,0.34,0.4924616123793407
accuracy_80pct,1.0,92.9324079804534,0.89,0.8003176099243192
accuracy_70pct,1.0,86.35128580221362,0.81,0.6363941081193017
accuracy_60pct,1.0,78.5127861545515,0.7,0.5818773497072254
correlation_70pct,1.0,73.72011939627919,0.38,0.6614879170142807
correlation_60pct,1.0,68.56819604072189,0.36,0.5367057149175717
accuracy_80pct,1.0,92.6166646763547,0.87,0.845000551898795
accuracy_70pct,1.0,83.79929097151275,0.76,0.6236038735777948
accuracy_60pct,1.0,79.6314194600731,0.69,0.5814745820425318
correlation_70pct,1.0,74.38767094949964,0.46,0.7132475526878239
correlation_60pct,1.0,65.0783113879894,0.34,0.48282560443133743
accuracy_80pct,1.0,88.76487469743743,0.85,0.7278401403848136
accuracy_70pct,1.0,88.9869410436694,0.79,0.7621424377075994
accuracy_60pct,1.0,82.04467012687327,0.7,0.7021022940002377
correlation_70pct,1.0,65.66329774567711,0.37,0.5740489555418079
correlation_60pct,1.0,62.35483343245201,0.29,0.3918532150230657
accuracy_80pct,1.0,89.55147514958851,0.84,0.8035639472665501
accuracy_70pct,1.0,87.35688471415196,0.76,0.7865813824034197
accuracy_60pct,1.0,75.96037296464586,0.69,0.5172244606454137
correlation_70pct,1.0,71.44670770943183,0.43,0.6280964144046618
correlation_60pct,1.0,64.71564947417622,0.35,0.40590921865471735
accuracy_80pct,1.0,90.03344405997487,0.84,0.840661285796568
accuracy_70pct,1.0,86.93218958818565,0.77,0.8223416372966506
accuracy_60pct,1.0,78.02665454166836,0.7,0.6098334839283925
correlation_70pct,1.0,65.49257120846903,0.36,0.5451057048579816
correlation_60pct,1.0,58.09362279239923,0.31,0.3385671318806785
accuracy_80pct,1.0,87.83216266234365,0.83,0.6992190629338146
accuracy_70pct,1.0,81.41802267801995,0.72,0.6488143387259087
accuracy_60pct,1.0,71.81144052971797,0.62,0.25781098684027626
correlation_70pct,1.0,68.72848727244329,0.4,0.5587594959259684
correlation_60pct,1.0,68.08656535875919,0.39,0.5078644301575355
accuracy_80pct,1.0,90.83081804603628,0.83,0.832464623873457
accuracy_70pct,1.0,82.36041343097197,0.72,0.5959278562561052
accuracy_60pct,1.0,78.2955593668337,0.68,0.45461126060195434
correlation_70pct,1.0,74.26344466280128,0.46,0.604497531309141
correlation_60pct,1.0,66.49189751741747,0.34,0.5237284084964116
accuracy_80pct,1.0,90.54036615305027,0.85,0.8062255495248593
accuracy_70pct,1.0,86.37834888539578,0.79,0.6773087157989751
accuracy_60pct,1.0,79.00027108029933,0.68,0.6173621735220071
correlation_70pct,1.0,72.07335515828515,0.41,0.6553238707047303
correlation_60pct,1.0,68.59942182640083,0.34,0.5702454180866521
accuracy_80pct,1.0,86.11360676272722,0.81,0.680766089511875
accuracy_70pct,1.0,88.83224555892052,0.8,0.8542388642866808
accuracy_60pct,1.0,83.88745231318808,0.72,0.7430411168291828
correlation_70pct,1.0,67.85898339633582,0.33,0.6645182478561065
correlation_60pct,1.0,67.35656223418086,0.35,0.6408520997815115
accuracy_80pct,1.0,87.64098387336698,0.84,0.7065224352524814
accuracy_70pct,1.0,84.3381954378955,0.74,0.7514892746306882
accuracy_60pct,1.0,78.54401194023043,0.68,0.6478469000604011
correlation_70pct,1.0,73.20726292863755,0.43,0.7189673209936209
correlation_60pct,1.0,69.96057333075294,0.39,0.5915168600636382
accuracy_80pct,1.0,90.19339706327263,0.85,0.8087491880021873
accuracy_70pct,1.0,81.5414923770899,0.73,0.5615623792061911
accuracy_60pct,1.0,79.258740599978,0.69,0.5796977992293015
correlation_70pct,1.0,69.89362082847462,0.4,0.5595928795840147
correlation_60pct,1.0,70.6597690288571,0.41,0.6209928584420492
accuracy_80pct,1.0,88.95605348641412,0.84,0.7632759799132114
accuracy_70pct,1.0,85.86557254853524,0.77,0.7357186344253059
accuracy_60pct,1.0,79.02556249141203,0.72,0.5562283014420827
correlation_70pct,1.0,68.80621330863194,0.39,0.6055164817033101
correlation_60pct,1.0,66.5279624624405,0.38,0.5511488775255015
accuracy_80pct,1.0,88.82105366580542,0.84,0.72021383530487
accuracy_70pct,1.0,85.73057272792654,0.77,0.7221582287085607
accuracy_60pct,1.0,82.15812287966129,0.7,0.6782692197037306
correlation_70pct,1.0,71.36414251389907,0.38,0.6547513351263622
correlation_60pct,1.0,70.69583397388014,0.45,0.5234835008257189
accuracy_80pct,1.0,89.66492790237655,0.84,0.7730517051733908
accuracy_70pct,1.0,88.27806662770698,0.79,0.7423342207424994
accuracy_60pct,1.0,83.8770170077014,0.75,0.6518933765581444
correlation_70pct,1.0,69.70210381107428,0.38,0.574053721631724
correlation_60pct,1.0,74.90536657648538,0.47,0.704179145585137
accuracy_80pct,1.0,90.94385243961956,0.87,0.7722418729094913
accuracy_70pct,1.0,83.96551657780039,0.74,0.7061609995791531
accuracy_60pct,1.0,80.36184094385621,0.69,0.6558386388797476
correlation_70pct,1.0,74.07192764540093,0.44,0.7121055372867777
correlation_60pct,1.0,59.90067826211465,0.32,0.3634414802333036
accuracy_80pct,1.0,92.40469540718576,0.87,0.8955431348007907
accuracy_70pct,1.0,83.72122670690042,0.74,0.6662698915139593
accuracy_60pct,1.0,74.29765780497374,0.63,0.4445640057924191
correlation_70pct,1.0,68.44880891336761,0.42,0.5581766728442211
correlation_60pct,1.0,67.47035321539254,0.38,0.5815760172655081
accuracy_80pct,1.0,90.48384895625864,0.83,0.8197594071134382
accuracy_70pct,1.0,85.10392527907322,0.79,0.7032516577825262
accuracy_60pct,1.0,78.91177151020035,0.69,0.5644305079131138
correlation_70pct,1.0,76.70198674071412,0.51,0.6564481777638624
correlation_60pct,1.0,68.8374390943109,0.37,0.5032918423258192
accuracy_80pct,1.0,86.93702874752975,0.83,0.7144453032156991
accuracy_70pct,1.0,83.60777395411239,0.74,0.6562530715570188
accuracy_60pct,1.0,80.88955351712386,0.71,0.5703913992439069
correlation_70pct,1.0,76.27245245540372,0.46,0.7109011033614787
correlation_60pct,1.0,73.49661960640141,0.53,0.5941307776056874
accuracy_80pct,1.0,88.70760091301739,0.84,0.7012258758469202
accuracy_70pct,1.0,84.9231817955832,0.77,0.7005130586554752
accuracy_60pct,1.0,80.5845837469355,0.69,0.5847487787519233
correlation_70pct,1.0,76.30851740042675,0.5,0.6464623170058887
correlation_60pct,1.0,66.2587194088515,0.37,0.513573262992103
accuracy_80pct,1.0,92.20274308429873,0.88,0.8170856527586151
accuracy_70pct,1.0,90.07510515114049,0.79,0.8028032777484977
accuracy_60pct,1.0,84.14667842049516,0.72,0.7018030007927403
correlation_70pct,1.0,73.56950648324597,0.46,0.583670626309908
correlation_60pct,1.0,69.82633009777264,0.38,0.626343680658111
accuracy_80pct,1.0,90.84083499231821,0.84,0.7920629675642943
accuracy_70pct,1.0,82.53038338055165,0.74,0.6009307227262553
accuracy_60pct,1.0,83.96551657780039,0.74,0.6897333915175186
correlation_70pct,1.0,66.78159282277507,0.33,0.5145815464147634
correlation_60pct,1.0,70.61810793769146,0.46,0.5872748268036522
accuracy_80pct,1.0,90.80960920663927,0.86,0.7868987458238681
accuracy_70pct,1.0,85.79786345862851,0.79,0.6597401426383487
accuracy_60pct,1.0,83.53598229248999,0.69,0.6987855676883237
correlation_70pct,1.0,74.35644516382071,0.48,0.6278169772293493
correlation_60pct,1.0,65.8812013894123,0.31,0.44740654880946246
accuracy_80pct,1.0,90.35962266956027,0.83,0.860953700500546
accuracy_70pct,1.0,83.7885174376024,0.76,0.6352290358284852
accuracy_60pct,1.0,77.8090895255269,0.65,0.5755974423906517
correlation_70pct,1.0,74.27387996828796,0.43,0.7203021953897126
correlation_60pct,1.0,71.81930643874583,0.5,0.5878869127476025
accuracy_80pct,1.0,88.04488851914103,0.82,0.7444920260796472
accuracy_70pct,1.0,86.4502206777993,0.77,0.7764701064101661
accuracy_60pct,1.0,81.13274857197175,0.69,0.6072415309405286
correlation_70pct,1.0,73.33148921533592,0.43,0.6915414948410029
correlation_60pct,1.0,65.17682790437033,0.34,0.5406340714820077
accuracy_80pct,1.0,89.09105330702283,0.84,0.8070076117457634
accuracy_70pct,1.0,88.59380993180571,0.81,0.7443183836955753
accuracy_60pct,1.0,79.96837160356884,0.68,0.6731968017735374
correlation_70pct,1.0,69.90405613396129,0.37,0.6758901405507285
correlation_60pct,1.0,62.45860746738178,0.31,0.4586266870843786
accuracy_80pct,1.0,88.68681043282513,0.83,0.7620960983341017
accuracy_70pct,1.0,85.5706197246288,0.76,0.7184246504470426
accuracy_60pct,1.0,77.95751240728589,0.67,0.4653717190861965
correlation_70pct,1.0,74.51189723619801,0.46,0.7037893608344373
correlation_60pct,1.0,63.65428995307465,0.37,0.5889994098814983
accuracy_80pct,1.0,91.21385208083697,0.87,0.8163330227289901
accuracy_70pct,1.0,85.55984619071846,0.76,0.6595751537530904
accuracy_60pct,1.0,78.27026795572101,0.64,0.6160778565902337
correlation_70pct,1.0,67.79611346577317,0.41,0.5146616342170715
correlation_60pct,1.0,66.89538380398675,0.36,0.5332566571038417
accuracy_80pct,1.0,88.09138876965073,0.83,0.7407781535095368
accuracy_70pct,1.0,84.26046940170684,0.75,0.7351538570566813
accuracy_60pct,1.0,77.10471604048493,0.68,0.5348020867533728
correlation_70pct,1.0,75.63536970106371,0.51,0.6230942059715803
correlation_60pct,1.0,66.88536685770484,0.35,0.5799244574968461
accuracy_80pct,1.0,88.96682702032446,0.84,0.7811303002572156
accuracy_70pct,1.0,84.99013429786153,0.76,0.7288270315563452
accuracy_60pct,1.0,78.69904565340299,0.7,0.5058811158750496
correlation_70pct,1.0,68.16429139494784,0.38,0.5455389200529366
correlation_60pct,1.0,69.4640865431642,0.35,0.6273056262174369
accuracy_80pct,1.0,89.4845226473102,0.85,0.7734652027457855
accuracy_70pct,1.0,86.14525090761092,0.75,0.7444606082811857
accuracy_60pct,1.0,84.61787379697118,0.72,0.7542927375912964
correlation_70pct,1.0,70.50431695647978,0.43,0.6084614236569421
correlation_60pct,1.0,68.44880891336761,0.42,0.45976800894999026
accuracy_80pct,1.0,90.48309236863021,0.84,0.7648322690207019
accuracy_70pct,1.0,84.8866984913554,0.77,0.6611891406294989
accuracy_60pct,1.0,78.78720699507832,0.66,0.5358308416035532
correlation_70pct,1.0,75.14338384439544,0.5,0.7049985875740579
correlation_60pct,1.0,67.61536998228317,0.39,0.5315833845053206
accuracy_80pct,1.0,89.4845226473102,0.85,0.8012991020082432
accuracy_70pct,1.0,83.91274372430077,0.76,0.7012705766028661
accuracy_60pct,1.0,80.40834119436593,0.7,0.7039727121824725
correlation_70pct,1.0,67.75003157446821,0.36,0.640943300908726
correlation_60pct,1.0,67.07688387510518,0.37,0.5885646798700035
accuracy_80pct,1.0,87.74441967987309,0.83,0.7560585400869009
accuracy_70pct,1.0,80.09668046198288,0.75,0.6101064841493847
accuracy_60pct,1.0,84.7628905638618,0.73,0.7657006032032433
correlation_70pct,1.0,71.90746778042117,0.46,0.647040506746694
correlation_60pct,1.0,68.8374390943109,0.37,0.5971530805163368
accuracy_80pct,1.0,91.22428738632365,0.84,0.8497162040657841
accuracy_70pct,1.0,84.44121288519685,0.77,0.6436794707650246
accuracy_60pct,1.0,79.58450085035862,0.72,0.46405871614059524
correlation_70pct,1.0,77.42163469058688,0.51,0.7240515296884813
correlation_60pct,1.0,63.95442056391894,0.33,0.458194790790807
accuracy_80pct,1.0,90.1264445609943,0.86,0.8326613297993087
accuracy_70pct,1.0,82.65460966725003,0.74,0.6902536528352863
accuracy_60pct,1.0,81.80071848439697,0.73,0.6688473986813359
correlation_70pct,1.0,70.85128604625744,0.43,0.6315542225468396
correlation_60pct,1.0,75.13854468505134,0.44,0.7366673324123407
accuracy_80pct,1.0,94.32554185811287,0.91,0.8705733084182193
accuracy_70pct,1.0,87.33567587475495,0.79,0.7175384886626179
accuracy_60pct,1.0,80.42879344613453,0.68,0.5842670531869105
correlation_70pct,1.0,72.07335515828515,0.41,0.6886354825486889
correlation_60pct,1.0,65.84997560373336,0.33,0.42067598368730963
accuracy_80pct,1.0,91.29157811702562,0.86,0.834138928027753
accuracy_70pct,1.0,83.93429079212146,0.76,0.6562957382001179
accuracy_60pct,1.0,81.02379675010414,0.72,0.5331468465464748
correlation_70pct,1.0,70.29752547424867,0.38,0.6416287168698152
correlation_60pct,1.0,72.62711573029394,0.46,0.6529702126164335
accuracy_80pct,1.0,90.1784608268655,0.85,0.7946031057722018
accuracy_70pct,1.0,86.24826835491227,0.78,0.7566216604811543
accuracy_60pct,1.0,77.07900627016747,0.68,0.5114981204291106
correlation_70pct,1.0,72.75685803235376,0.44,0.6356656742073705
correlation_60pct,1.0,65.31107113735061,0.35,0.4852570375799473
accuracy_80pct,1.0,93.92129898391516,0.9,0.8583109930726438
accuracy_70pct,1.0,82.41693062776362,0.74,0.6014143682305633
accuracy_60pct,1.0,81.4804742493778,0.68,0.6464944818050482
correlation_70pct,1.0,69.56192620352775,0.43,0.4750692204563601
correlation_60pct,1.0,67.66187023279288,0.4,0.49394586623622505
accuracy_80pct,1.0,88.76487469743743,0.85,0.6814990945672089
accuracy_70pct,1.0,86.65141641305789,0.77,0.653192755621645
accuracy_60pct,1.0,82.91307918692868,0.75,0.5919734418062635
correlation_70pct,1.0,71.79367679920948,0.43,0.588378483271989
correlation_60pct,1.0,72.38909846238387,0.43,0.620012994333061
accuracy_80pct,1.0,90.33841383016325,0.86,0.7713227008336933
accuracy_70pct,1.0,84.9231817955832,0.77,0.6771511899216146
accuracy_60pct,1.0,79.4555151359272,0.73,0.6077487192261645
correlation_70pct,1.0,65.37878022725734,0.33,0.4766525709926403
correlation_60pct,1.0,69.74860406158399,0.39,0.5695880844392833
accuracy_80pct,1.0,89.74223557936043,0.87,0.6496901682371463
accuracy_70pct,1.0,83.99046976048942,0.75,0.6457276761088634
accuracy_60pct,1.0,82.72265698558041,0.75,0.6830346728908089
correlation_70pct,1.0,68.91516513049953,0.36,0.6139434089536318
correlation_60pct,1.0,61.92012136020379,0.29,0.4111909912134388
accuracy_80pct,1.0,89.43802239680049,0.84,0.7580892493372364
accuracy_70pct,1.0,85.06819856247384,0.78,0.6924308082661279
accuracy_60pct,1.0,80.08182435635688,0.68,0.588916144715588
correlation_70pct,1.0,73.28982812417028,0.48,0.6573747710856237
correlation_60pct,1.0,69.07545636222095,0.4,0.5782333582893113
accuracy_80pct,1.0,91.146561350135,0.85,0.8517564498303926
accuracy_70pct,1.0,83.3180786487548,0.75,0.7255455728091755
accuracy_60pct,1.0,82.37084873645865,0.69,0.7240961690109557
correlation_70pct,1.0,72.70000260713849,0.39,0.713287743993275
correlation_60pct,1.0,68.96166538100925,0.37,0.5820213624617849
accuracy_80pct,1.0,91.48275690600231,0.85,0.818426612199127
accuracy_70pct,1.0,82.06996153798598,0.74,0.6706433439904531
accuracy_60pct,1.0,81.19452328731224,0.73,0.5495280258818112
correlation_70pct,1.0,74.4653969856883,0.45,0.6727920485606256
correlation_60pct,1.0,67.34612692869418,0.38,0.5382622941188876
accuracy_80pct,1.0,89.28223209599952,0.83,0.7700025552855685
accuracy_70pct,1.0,87.17988557395398,0.78,0.7330771916174055
accuracy_60pct,1.0,80.57381021302514,0.69,0.5874266320329983
correlation_70pct,1.0,69.59315198920669,0.41,0.6422549431597547
correlation_60pct,1.0,61.019391698417365,0.24,0.5672137197565139
accuracy_80pct,1.0,88.95605348641412,0.84,0.7513170096624248
accuracy_70pct,1.0,86.13481560212423,0.78,0.7350879618771691
accuracy_60pct,1.0,84.13548652738004,0.76,0.647845614986307
correlation_70pct,1.0,70.29752547424866,0.38,0.5777870842255796
correlation_60pct,1.0,65.18726320985701,0.31,0.5459581269797995
accuracy_80pct,1.0,92.87589078366177,0.87,0.8983212282706279
accuracy_70pct,1.0,84.21771349448913,0.78,0.6831416934474125
accuracy_60pct,1.0,79.17065938908377,0.66,0.6636337804436694
correlation_70pct,1.0,71.62745119292182,0.45,0.6490662236118632
correlation_60pct,1.0,57.575170577785066,0.31,0.2468961451107571
accuracy_80pct,1.0,90.16734906453149,0.82,0.78765997488791
accuracy_70pct,1.0,83.00191698545132,0.77,0.6458320879012228
accuracy_60pct,1.0,79.9780503214271,0.66,0.6145757691328563
correlation_70pct,1.0,74.9365923621643,0.45,0.7286259909979249
correlation_60pct,1.0,66.54391378328866,0.33,0.46397771104683
accuracy_80pct,1.0,86.76630221032167,0.82,0.7670093394372317
accuracy_70pct,1.0,83.9030650064425,0.78,0.6944148852404002
accuracy_60pct,1.0,82.19418782468432,0.74,0.616131500665831
correlation_70pct,1.0,71.9491288715868,0.41,0.6481905515630138
correlation_60pct,1.0,62.66539894961291,0.36,0.48320819792560665
accuracy_80pct,1.0,88.82181025343384,0.83,0.7983492553830372
accuracy_70pct,1.0,85.0321336174508,0.74,0.7444954029988744
accuracy_60pct,1.0,83.572047237513,0.73,0.7009592527228327
correlation_70pct,1.0,67.9727743775475,0.36,0.6052636058743368
correlation_60pct,1.0,63.87703275615394,0.37,0.4550981498055285
accuracy_80pct,1.0,89.14798886301924,0.82,0.8122032050461135
accuracy_70pct,1.0,83.2135480261966,0.74,0.536463787541669
accuracy_60pct,1.0,80.0561145860394,0.68,0.5908626230299999
correlation_70pct,1.0,69.87283034828236,0.39,0.6380518715084106
correlation_60pct,1.0,67.65703107344879,0.34,0.49293358506012536
accuracy_80pct,1.0,90.06917077657425,0.85,0.8086154349720983
accuracy_70pct,1.0,89.44845770228717,0.81,0.8325240958305469
accuracy_60pct,1.0,76.21774766827242,0.68,0.4018683127867524
correlation_70pct,1.0,64.37393790294743,0.37,0.590950957769632
correlation_60pct,1.0,70.29192932810608,0.47,0.5899994495423541
accuracy_80pct,1.0,90.75309200984763,0.84,0.7833604474313483
accuracy_70pct,1.0,87.64140223257174,0.8,0.723811489313322
accuracy_60pct,1.0,80.91526328744132,0.71,0.5950089389645786
correlation_70pct,1.0,75.9615483106491,0.5,0.7034047672367396
correlation_60pct,1.0,69.70210381107428,0.38,0.5984886366561156
accuracy_80pct,1.0,92.52892169388413,0.87,0.8866302427458526
accuracy_70pct,1.0,84.20353384571044,0.77,0.6457791773385858
accuracy_60pct,1.0,80.9003270510342,0.71,0.5770327577183245
correlation_70pct,1.0,76.8727132779222,0.52,0.7108095506423038
correlation_60pct,1.0,68.12263030378222,0.43,0.5094251783873227
accuracy_80pct,1.0,89.8107012568956,0.84,0.8195956032399577
accuracy_70pct,1.0,88.23682389574613,0.8,0.8166242282921496
accuracy_60pct,1.0,78.26323876510267,0.68,0.5609887322115682
correlation_70pct,1.0,70.69583397388014,0.45,0.6174517455599516
correlation_60pct,1.0,67.41307943097249,0.37,0.5508260025788716
accuracy_80pct,1.0,90.74265670436095,0.87,0.7886014994064197
accuracy_70pct,1.0,87.26838514405296,0.77,0.7930165286582745
accuracy_60pct,1.0,80.6310839974452,0.7,0.6378053574325309
correlation_70pct,1.0,75.0656578082068,0.51,0.6913154992461292
correlation_60pct,1.0,65.62681444144931,0.37,0.4357495279270047
accuracy_80pct,1.0,87.38251435368832,0.83,0.6611833532194202
accuracy_70pct,1.0,85.64282974545597,0.77,0.7541292797709319
accuracy_60pct,1.0,77.39441134584251,0.67,0.501993588306808
correlation_70pct,1.0,72.34259821187415,0.42,0.6234723404342369
correlation_60pct,1.0,67.4911436955848,0.39,0.44234562622377993
accuracy_80pct,1.5,93.73213124234363,0.85,0.8164988981596047
accuracy_70pct,1.5,89.17221136649182,0.78,0.6578212612891797
accuracy_60pct,1.5,88.51928971677707,0.7,0.6922271561532094
correlation_70pct,1.5,83.29222841590564,0.41,0.625590799270944
correlation_60pct,1.5,82.3404158392735,0.46,0.5669827823736202
accuracy_80pct,1.5,93.25709163798986,0.84,0.8202539447813028
accuracy_70pct,1.5,88.124262457089,0.78,0.6382323863136213
accuracy_60pct,1.5,85.72065608333956,0.69,0.5674489829177221
correlation_70pct,1.5,81.82087582613593,0.35,0.5784562402580518
correlation_60pct,1.5,83.29222841590565,0.41,0.640313973706553
accuracy_80pct,1.5,94.4064334437806,0.87,0.8392158878370709
accuracy_70pct,1.5,88.72745239561704,0.73,0.6775962727888536
accuracy_60pct,1.5,86.62265449505459,0.71,0.5734079806757316
correlation_70pct,1.5,85.92355626114747,0.45,0.6772200600648853
correlation_60pct,1.5,79.00808554732444,0.34,0.46885078038390426
accuracy_80pct,1.5,94.78715847443345,0.85,0.7969423340787194
accuracy_70pct,1.5,90.03687608325522,0.79,0.6395219496723675
accuracy_60pct,1.5,86.10320287306219,0.69,0.5215910284455186
correlation_70pct,1.5,86.64409223929286,0.5,0.6348039975678671
correlation_60pct,1.5,83.94873045382909,0.39,0.5854022157024464
accuracy_80pct,1.5,93.75518796947435,0.87,0.7713195333754496
accuracy_70pct,1.5,89.7966362730808,0.73,0.7233105045872025
accuracy_60pct,1.5,86.29356538838861,0.68,0.6076169589524899
correlation_70pct,1.5,81.2871219751083,0.39,0.5728569978511355
correlation_60pct,1.5,79.22332654885136,0.37,0.5195099024569934
accuracy_80pct,1.5,94.51138146716286,0.85,0.8908239034299638
accuracy_70pct,1.5,89.46396677820617,0.8,0.713756911800905
accuracy_60pct,1.5,84.9129722453254,0.7,0.6003355917599724
correlation_70pct,1.5,81.36363638529569,0.38,0.6086611291617848
correlation_60pct,1.5,77.12757431370696,0.31,0.49114096730056733
accuracy_80pct,1.5,92.4849197358576,0.84,0.7591414749023601
accuracy_70pct,1.5,90.29485292701227,0.75,0.7213499273525914
accuracy_60pct,1.5,85.70467767889579,0.67,0.580264764641285
correlation_70pct,1.5,82.99691787719694,0.44,0.6272231269336572
correlation_60pct,1.5,77.17380809041538,0.34,0.43641022125017137
accuracy_80pct,1.5,92.54545574160124,0.81,0.7892801026949814
accuracy_70pct,1.5,88.07802868038057,0.75,0.6112896579246014
accuracy_60pct,1.5,89.67570984525477,0.73,0.684659040649689
correlation_70pct,1.5,85.7420938275778,0.48,0.6729754082634577
correlation_60pct,1.5,83.39717643928793,0.39,0.6144029280242297
accuracy_80pct,1.5,92.46894133141386,0.82,0.8280260344612387
accuracy_70pct,1.5,88.27021295477678,0.76,0.7419551181019618
accuracy_60pct,1.5,85.62096462357447,0.69,0.545112937360028
correlation_70pct,1.5,80.57548607871968,0.36,0.5602823940380954
correlation_60pct,1.5,71.9182307226187,0.26,0.3370376762667112
accuracy_80pct,1.5,94.59679595910701,0.86,0.8577365893942478
accuracy_70pct,1.5,88.77368617232545,0.76,0.7101989049054057
accuracy_60pct,1.5,87.46244072561747,0.68,0.6338488989739144
correlation_70pct,1.5,84.27964131956486,0.44,0.6805943273891759
correlation_60pct,1.5,78.45479816485867,0.41,0.5210877427182878
accuracy_80pct,1.5,92.77849690664169,0.88,0.7463462922414054
accuracy_70pct,1.5,90.09559032992908,0.74,0.6796035459706208
accuracy_60pct,1.5,87.47134080737425,0.7,0.6155393777933929
correlation_70pct,1.5,83.14277998373956,0.33,0.6583107664951039
correlation_60pct,1.5,81.44015079548308,0.37,0.5506521374357748
accuracy_80pct,1.5,88.80746474028274,0.82,0.648112711906421
accuracy_70pct,1.5,90.96915512844923,0.77,0.7722198686810093
accuracy_60pct,1.5,85.903940275979,0.68,0.6061527588856672
correlation_70pct,1.5,84.29744148307836,0.48,0.673262509407524
correlation_60pct,1.5,77.37307068749857,0.35,0.4818731304290316
accuracy_80pct,1.5,93.33360604817724,0.83,0.7552429459033455
accuracy_70pct,1.5,91.40501401756727,0.8,0.7049532296289682
accuracy_60pct,1.5,87.95883562047916,0.68,0.5340476831165117
correlation_70pct,1.5,83.17655855169683,0.39,0.5777072159310392
correlation_60pct,1.5,82.97911771368341,0.4,0.5410527434196917
accuracy_80pct,1.5,94.41351176646756,0.87,0.8586677278569541
accuracy_70pct,1.5,91.1506175620189,0.74,0.8077533705621737
accuracy_60pct,1.5,84.51970361477623,0.66,0.5461332207358717
correlation_70pct,1.5,82.11445299692004,0.39,0.5962303805540708
correlation_60pct,1.5,77.50829934435981,0.29,0.5160410927827959
accuracy_80pct,1.5,93.03647375039876,0.84,0.7992015725928848
accuracy_70pct,1.5,88.14561774759692,0.77,0.6266737629452873
accuracy_60pct,1.5,84.59093620013212,0.72,0.5099110664972895
correlation_70pct,1.5,85.13540595457147,0.43,0.6926832870170895
correlation_60pct,1.5,82.4186636173855,0.38,0.5738262468076151
accuracy_80pct,1.5,92.7304413708635,0.83,0.7886795910990724
accuracy_70pct,1.5,90.30375300876904,0.77,0.7789473834069964
accuracy_60pct,1.5,81.9186058805848,0.68,0.4365349645134032
correlation_70pct,1.5,80.9366775779344,0.37,0.5672801294161033
correlation_60pct,1.5,80.85126308599025,0.36,0.6001294423643975
accuracy_80pct,1.5,93.02939542771176,0.84,0.8096824098249099
accuracy_70pct,1.5,91.24311037665004,0.75,0.7519971226832531
accuracy_60pct,1.5,88.37333921908929,0.72,0.6222066514071888
correlation_70pct,1.5,84.89522927432793,0.51,0.6653277888724459
correlation_60pct,1.5,82.02903850497589,0.38,0.5796080372105945
accuracy_80pct,1.5,95.10026917665567,0.86,0.8328719672608446
accuracy_70pct,1.5,90.1133904934426,0.78,0.7177861781632033
accuracy_60pct,1.5,87.7222393284443,0.66,0.654033479364758
correlation_70pct,1.5,81.32630269034402,0.37,0.5510132179559653
correlation_60pct,1.5,81.25868836191341,0.4,0.6037944929203811
accuracy_80pct,1.5,93.66269515484322,0.86,0.7907151789624722
accuracy_70pct,1.5,87.02117968922099,0.73,0.5895165508592458
accuracy_60pct,1.5,83.83121950675103,0.69,0.4770701586978319
correlation_70pct,1.5,84.65146626846094,0.4,0.6726607950910725
correlation_60pct,1.5,76.95316494161,0.39,0.4136737043241926
accuracy_80pct,1.5,94.19827076494063,0.84,0.8689250683787301
accuracy_70pct,1.5,88.02286956070111,0.75,0.6896219640368372
accuracy_60pct,1.5,87.93748032997124,0.69,0.6921038216937815
correlation_70pct,1.5,81.91519039983683,0.38,0.6369882627199375
correlation_60pct,1.5,81.69812763924011,0.33,0.6230149112331287
accuracy_80pct,1.5,93.42609886280839,0.84,0.8091683138329089
accuracy_70pct,1.5,89.17038960742207,0.76,0.6923949773326696
accuracy_60pct,1.5,86.70099066431175,0.72,0.5823805549352734
correlation_70pct,1.5,80.66090057066383,0.37,0.5199724492154191
correlation_60pct,1.5,79.75890215894879,0.35,0.5555519754188453
accuracy_80pct,1.5,95.0237547664683,0.87,0.8608179325911829
accuracy_70pct,1.5,89.73084370371997,0.78,0.6926701185249198
accuracy_60pct,1.5,89.30744002335308,0.72,0.6982823158703092
correlation_70pct,1.5,82.24427950650282,0.41,0.5825104235974398
correlation_60pct,1.5,78.13452074880429,0.31,0.4693263211902173
accuracy_80pct,1.5,90.13642195935905,0.85,0.6556990020631869
accuracy_70pct,1.5,90.47276023358754,0.77,0.6802638077252599
accuracy_60pct,1.5,85.7331112920907,0.66,0.592072073297113
correlation_70pct,1.5,81.3814365488092,0.42,0.6011247905573948
correlation_60pct,1.5,79.76780224070555,0.37,0.5498365130733054
accuracy_80pct,1.5,93.53286864526045,0.84,0.809961262823241
accuracy_70pct,1.5,88.93561507445698,0.76,0.6475911043671057
accuracy_60pct,1.5,86.1316364862571,0.68,0.5408029034762144
correlation_70pct,1.5,81.12704009326083,0.36,0.572908768978288
correlation_60pct,1.5,78.22883532250519,0.34,0.3894007271731628
accuracy_80pct,1.5,94.9953211532734,0.88,0.8733221957212269
accuracy_70pct,1.5,89.43018821024887,0.74,0.7186133813605692
accuracy_60pct,1.5,86.72942427750667,0.71,0.588530186883172
correlation_70pct,1.5,83.90954973859336,0.41,0.658441976935483
correlation_60pct,1.5,84.56431840859219,0.46,0.641031533197008
accuracy_80pct,1.5,92.76069674312818,0.84,0.7522213119490582
accuracy_70pct,1.5,91.0064888234009,0.78,0.6913417408617502
accuracy_60pct,1.5,90.36064549637311,0.7,0.7165371081352492
correlation_70pct,1.5,85.10512532109252,0.47,0.6455574319700088
correlation_60pct,1.5,79.22514830792117,0.39,0.4698399732536611
accuracy_80pct,1.5,93.37446293882151,0.89,0.7610550043252325
accuracy_70pct,1.5,89.04764142052625,0.74,0.6704145495274192
accuracy_60pct,1.5,86.52478479435929,0.73,0.5471225301663794
correlation_70pct,1.5,82.60902613271193,0.37,0.5806303346286598
correlation_60pct,1.5,79.78733577214368,0.34,0.49022495259760074
accuracy_80pct,1.5,93.04537383215552,0.86,0.757788690953954
accuracy_70pct,1.5,89.52268102488001,0.75,0.7036893476769694
accuracy_60pct,1.5,86.48574966278483,0.69,0.6243033824967092
correlation_70pct,1.5,82.74957448312126,0.43,0.5525200425327962
correlation_60pct,1.5,77.3641706057418,0.33,0.46895845686233795
accuracy_80pct,1.5,94.04524194456587,0.86,0.8296420677213051
accuracy_70pct,1.5,91.08300323358827,0.77,0.7122350011487517
accuracy_60pct,1.5,86.92163381311715,0.67,0.5997085711697934
correlation_70pct,1.5,82.11445299692004,0.39,0.5816302157288551
correlation_60pct,1.5,81.61987986112813,0.41,0.5791810843868597
accuracy_80pct,1.5,91.90493210812156,0.85,0.7974271660692425
accuracy_70pct,1.5,93.13434345109405,0.82,0.8261756888812871
accuracy_60pct,1.5,86.26868690218811,0.64,0.6583114482339976
correlation_70pct,1.5,82.6179262144687,0.39,0.6308617900260647
correlation_60pct,1.5,75.13136795466637,0.31,0.44281627027090575
accuracy_80pct,1.5,89.50130047315781,0.81,0.678856870819326
accuracy_70pct,1.5,89.07251990672675,0.78,0.63751429353514
accuracy_60pct,1.5,85.12469005115975,0.68,0.6020196726679821
correlation_70pct,1.5,82.77985511660022,0.39,0.6327338156969681
correlation_60pct,1.5,79.24652885964335,0.33,0.5566819913194673
accuracy_80pct,1.5,91.25368663381533,0.85,0.7298842727754792
accuracy_70pct,1.5,91.88713194460803,0.81,0.8024684725847119
accuracy_60pct,1.5,88.63313782191611,0.7,0.7267413651212046
correlation_70pct,1.5,81.36363638529568,0.38,0.6149887227430946
correlation_60pct,1.5,78.92267105538029,0.33,0.5170515349273813
accuracy_80pct,1.5,93.02939542771176,0.84,0.807317276960049
accuracy_70pct,1.5,92.42978587739242,0.79,0.7889849489776252
accuracy_60pct,1.5,87.07281561320785,0.68,0.5523414127505686
correlation_70pct,1.5,86.81665459110576,0.45,0.7212037323133267
correlation_60pct,1.5,85.24035397795376,0.41,0.6416358874554486
accuracy_80pct,1.5,91.68969110659461,0.82,0.7688193094222682
accuracy_70pct,1.5,93.99010808610066,0.81,0.8498195514774395
accuracy_60pct,1.5,87.38054942936591,0.72,0.5679440660468642
correlation_70pct,1.5,79.92788412255301,0.4,0.5873792672921135
correlation_60pct,1.5,78.76258917353282,0.3,0.5123289250663572
accuracy_80pct,1.5,93.53286864526044,0.84,0.7769095001112072
accuracy_70pct,1.5,93.30335067591255,0.82,0.7463589398522577
accuracy_60pct,1.5,87.90904671677634,0.7,0.5888982519599588
correlation_70pct,1.5,87.1013316801331,0.47,0.6407844258276982
correlation_60pct,1.5,82.38132992243385,0.37,0.5554118434788899
accuracy_80pct,1.5,91.50640691395516,0.83,0.7256939610570102
accuracy_70pct,1.5,89.81443643659432,0.77,0.7000736765637334
accuracy_60pct,1.5,86.4999063081588,0.69,0.5913196324675241
correlation_70pct,1.5,84.84182878378738,0.39,0.7250770752249673
correlation_60pct,1.5,80.11824663787945,0.39,0.5580913793369666
accuracy_80pct,1.5,94.98642107151665,0.86,0.872344961308683
accuracy_70pct,1.5,91.45127305548999,0.78,0.7617401240666515
accuracy_60pct,1.5,84.89517208181186,0.66,0.5841779937231035
correlation_70pct,1.5,84.27964131956485,0.44,0.6492161418184055
correlation_60pct,1.5,84.39348942470389,0.44,0.6486812682054717
accuracy_80pct,1.5,93.46343255776003,0.85,0.8131403541198216
accuracy_70pct,1.5,92.14510878836508,0.77,0.7609256668661359
accuracy_60pct,1.5,85.45025596213314,0.66,0.6250031504538631
correlation_70pct,1.5,82.89370322173926,0.39,0.6072401025905871
correlation_60pct,1.5,77.6096922407477,0.32,0.4870381817174235
accuracy_80pct,1.5,93.86195775192643,0.87,0.7573504836598788
accuracy_70pct,1.5,89.06361982496999,0.76,0.6390885092984975
accuracy_60pct,1.5,87.36457102492217,0.7,0.5595583511898081
correlation_70pct,1.5,83.49149101298885,0.42,0.5926016001435752
correlation_60pct,1.5,81.81024237645454,0.4,0.5295676300637037
accuracy_80pct,1.5,92.46894133141384,0.82,0.7933124279426997
accuracy_70pct,1.5,87.9249998600058,0.77,0.6130815960186655
accuracy_60pct,1.5,89.7913797094636,0.75,0.733239063674417
correlation_70pct,1.5,80.5203522202545,0.31,0.5991405417344422
correlation_60pct,1.5,78.968930093303,0.31,0.4980857643771314
accuracy_80pct,1.5,92.56143414604499,0.83,0.8069920815968739
accuracy_70pct,1.5,89.18818977093558,0.8,0.7078215102995583
accuracy_60pct,1.5,87.51052152260996,0.68,0.7350141045646904
correlation_70pct,1.5,82.93820363052308,0.49,0.6653418930658257
correlation_60pct,1.5,78.38186414287995,0.32,0.5911083830066635
accuracy_80pct,1.5,92.40132700298324,0.85,0.7820350542473986
accuracy_70pct,1.5,90.32680973589977,0.79,0.6236402477308645
accuracy_60pct,1.5,85.13359013291651,0.7,0.5468439689888558
correlation_70pct,1.5,83.89891628891198,0.46,0.6648615316381618
correlation_60pct,1.5,82.91150338525279,0.43,0.6013753791894911
accuracy_80pct,1.5,91.12386012423252,0.83,0.7108244053836884
accuracy_70pct,1.5,89.92302797811618,0.79,0.6961693712689766
accuracy_60pct,1.5,88.00151427019318,0.76,0.6252261788203486
correlation_70pct,1.5,83.50929117650236,0.46,0.6244170853368158
correlation_60pct,1.5,77.87654390504723,0.35,0.4297693052947801
accuracy_80pct,1.5,92.00988013150383,0.83,0.7166106915339356
accuracy_70pct,1.5,88.88397915047011,0.81,0.6184294763179076
accuracy_60pct,1.5,85.34530793875086,0.68,0.5794640444257282
correlation_70pct,1.5,82.60902613271193,0.37,0.61683969433541
correlation_60pct,1.5,80.26237537649746,0.35,0.4889017156626192
accuracy_80pct,1.5,95.49879437082205,0.88,0.8873701967413659
accuracy_70pct,1.5,89.01030772557459,0.73,0.6992258967949208
accuracy_60pct,1.5,87.07463737227764,0.7,0.6765561897134451
correlation_70pct,1.5,85.18163973127992,0.46,0.6953317768970789
correlation_60pct,1.5,77.5136190379079,0.41,0.4516392238659736
accuracy_80pct,1.5,91.61317669640724,0.83,0.7416401133213155
accuracy_70pct,1.5,91.57402124238578,0.8,0.7175149549060511
accuracy_60pct,1.5,86.1992508146877,0.65,0.6193475109532253
correlation_70pct,1.5,89.0761574874515,0.53,0.7569160575728991
correlation_60pct,1.5,75.48365937212432,0.3,0.45608426637067156
accuracy_80pct,1.5,93.28197012419038,0.88,0.790567735255841
accuracy_70pct,1.5,88.78258625408222,0.78,0.6334798025115049
accuracy_60pct,1.5,87.19374204103389,0.68,0.5796322423853689
correlation_70pct,1.5,83.75836793850266,0.4,0.639991366651545
correlation_60pct,1.5,84.00204255322448,0.42,0.6098055037136757
accuracy_80pct,1.5,95.69805696790526,0.89,0.8614146424765167
accuracy_70pct,1.5,89.43908829200565,0.76,0.6819174310920021
accuracy_60pct,1.5,86.39313652570672,0.69,0.6050363186643769
correlation_70pct,1.5,80.73741498085121,0.36,0.603339742569407
correlation_60pct,1.5,77.03675767448436,0.38,0.43227680845476235
accuracy_80pct,1.5,92.69126065562779,0.85,0.745919933187396
accuracy_70pct,1.5,90.31973141321279,0.79,0.6570904042528305
accuracy_60pct,1.5,83.77606038707155,0.69,0.4792624020595736
correlation_70pct,1.5,83.7494678567459,0.38,0.627033120083774
correlation_60pct,1.5,83.09296581882245,0.4,0.6819334252366103
accuracy_80pct,1.5,94.79423679712042,0.85,0.8295895900700846
accuracy_70pct,1.5,89.71486529927623,0.76,0.6779058961368064
accuracy_60pct,1.5,84.9378826628277,0.64,0.5263334296161156
correlation_70pct,1.5,85.1265058728147,0.41,0.655703222044134
correlation_60pct,1.5,81.33520277210079,0.39,0.5512390136588529
accuracy_80pct,1.5,93.71077595183571,0.86,0.8467963775547567
accuracy_70pct,1.5,89.56183647890145,0.78,0.7197759515946153
accuracy_60pct,1.5,87.23471925412511,0.73,0.6372441639414809
correlation_70pct,1.5,82.72114086992636,0.44,0.6138685173822552
correlation_60pct,1.5,77.6861813897208,0.36,0.4603375445157508
accuracy_80pct,1.5,90.83392647158799,0.83,0.7877397255681251
accuracy_70pct,1.5,90.04213264687243,0.77,0.6949779428166348
accuracy_60pct,1.5,85.05340694337528,0.72,0.47966299467568446
correlation_70pct,1.5,82.19446534158574,0.48,0.5458438468468796
correlation_60pct,1.5,79.2411267123649,0.41,0.47038443747347386
accuracy_80pct,1.5,92.79803043807985,0.85,0.7660933331948155
accuracy_70pct,1.5,89.20064497968673,0.77,0.6905530130076364
accuracy_60pct,1.5,86.8646529343679,0.65,0.6294372183223352
correlation_70pct,1.5,81.05052568307345,0.37,0.6224610549040651
correlation_60pct,1.5,79.1878146129695,0.38,0.5559704514969401
accuracy_80pct,1.5,92.28747889784418,0.85,0.7908142866518757
accuracy_70pct,1.5,91.75548367595546,0.77,0.7512889005804415
accuracy_60pct,1.5,86.63155457681135,0.73,0.6036177183110607
correlation_70pct,1.5,87.2240798670289,0.49,0.727457914925389
correlation_60pct,1.5,80.7658485940461,0.35,0.597252751188119
accuracy_80pct,1.5,91.69859118835137,0.84,0.7940879150254528
accuracy_70pct,1.5,91.26091054016354,0.79,0.7736327016379543
accuracy_60pct,1.5,84.6193950745413,0.66,0.6148652553828863
correlation_70pct,1.5,85.96088995609914,0.46,0.7273764517125976
correlation_60pct,1.5,78.94399441458641,0.42,0.48406702480366254
accuracy_80pct,1.5,94.60387428179399,0.86,0.8545188931482927
accuracy_70pct,1.5,92.4316076364622,0.81,0.8053752765576776
accuracy_60pct,1.5,85.45195739875595,0.69,0.5667354774303371
correlation_70pct,1.5,82.3688494524684,0.45,0.61329255756043
correlation_60pct,1.5,77.23252233708924,0.29,0.45051309734694306
accuracy_80pct,1.5,94.12175635475324,0.85,0.8419875155089013
accuracy_70pct,1.5,90.49411552409546,0.76,0.7372131377170175
accuracy_60pct,1.5,87.80580680010439,0.7,0.6363468472256042
correlation_70pct,1.5,85.16210619984176,0.49,0.6057748773602278
correlation_60pct,1.5,79.9100839590395,0.36,0.5197904119661605
accuracy_80pct,1.5,92.29273546146139,0.83,0.7353963319230444
accuracy_70pct,1.5,90.8107494220103,0.82,0.6944074445093695
accuracy_60pct,1.5,87.10659418116512,0.74,0.6185250944967329
correlation_70pct,1.5,85.13540595457147,0.43,0.6888648401179059
correlation_60pct,1.5,81.96142417654525,0.41,0.5986800027657377
accuracy_80pct,1.5,94.32101895183644,0.86,0.8287597145926117
accuracy_70pct,1.5,92.36034978989201,0.8,0.6949424852360389
accuracy_60pct,1.5,85.43780075338199,0.69,0.49464969619168486
correlation_70pct,1.5,80.29970907144912,0.36,0.5010966257956678
correlation_60pct,1.5,80.86016316774703,0.38,0.47780197031253413
accuracy_80pct,1.5,92.80510876076681,0.85,0.7638397135780465
accuracy_70pct,1.5,88.49790916505486,0.76,0.6874177298952456
accuracy_60pct,1.5,84.38803008490937,0.67,0.5085549335361765
correlation_70pct,1.5,82.88480313998251,0.37,0.6626450257137684
correlation_60pct,1.5,79.30166271810855,0.38,0.5848215199553557
accuracy_80pct,1.5,93.30517243498235,0.84,0.8267757545545826
accuracy_70pct,1.5,91.97962475923916,0.82,0.739655017081241
accuracy_60pct,1.5,84.52872401897996,0.67,0.5514551800206631
correlation_70pct,1.5,82.06463883200294,0.46,0.5592680573738087
correlation_60pct,1.5,81.1145596232954,0.44,0.5068248851637603
accuracy_80pct,1.5,96.56272168466865,0.9,0.8942222660985766
accuracy_70pct,1.5,91.9404693052177,0.79,0.7087541193131461
accuracy_60pct,1.5,89.72194362196319,0.76,0.6809778262281103
correlation_70pct,1.5,86.05520452980005,0.49,0.6621777730619285
correlation_60pct,1.5,81.24978828015665,0.38,0.5951835388049962
accuracy_80pct,1.5,92.10237294613498,0.84,0.7320642498988965
accuracy_70pct,1.5,91.57402124238578,0.8,0.7565710356613663
accuracy_60pct,1.5,84.41473033017967,0.73,0.509249206646768
correlation_70pct,1.5,83.58753895461436,0.38,0.6551314958744945
correlation_60pct,1.5,80.97401127288607,0.38,0.5750223556882885
accuracy_80pct,1.5,93.54884704970418,0.86,0.7668161759858889
accuracy_70pct,1.5,94.97752098975988,0.84,0.8199164031967873
accuracy_60pct,1.5,87.10307098547253,0.69,0.5474854922589779
correlation_70pct,1.5,85.71539358230751,0.42,0.621416507595884
correlation_60pct,1.5,80.7925488393164,0.41,0.41347762539790867
accuracy_80pct,1.5,91.81243929349043,0.84,0.7305174770364795
accuracy_70pct,1.5,89.7913797094636,0.75,0.7214360851376427
accuracy_60pct,1.5,82.17840448341164,0.66,0.40422558794630825
correlation_70pct,1.5,83.50929117650237,0.46,0.6600101874121919
correlation_60pct,1.5,78.08828697209586,0.28,0.4907105446422315
accuracy_80pct,1.5,94.60387428179399,0.86,0.8287301829405929
accuracy_70pct,1.5,87.38052416815165,0.77,0.5622697649259046
accuracy_60pct,1.5,87.77922020719355,0.68,0.7161935055130825
correlation_70pct,1.5,83.33846219261409,0.44,0.6239415968327409
correlation_60pct,1.5,79.84249489182314,0.34,0.5706283247510693
accuracy_80pct,1.5,92.4849197358576,0.84,0.7575600347898501
accuracy_70pct,1.5,89.3536738000615,0.75,0.6814362726192723
accuracy_60pct,1.5,88.5655234934855,0.73,0.6857961336527642
correlation_70pct,1.5,86.71170656772348,0.47,0.743168073555339
correlation_60pct,1.5,78.19857995024051,0.33,0.41285841752899916
accuracy_80pct,1.5,89.48702350533688,0.82,0.6309693113635869
accuracy_70pct,1.5,92.29995936780962,0.77,0.8032147273016247
accuracy_60pct,1.5,86.25620643222267,0.72,0.5890353473828597
correlation_70pct,1.5,83.5502052596627,0.37,0.6424617269842716
correlation_60pct,1.5,80.07201286117102,0.36,0.505060926871404
accuracy_80pct,1.5,93.82462405697476,0.86,0.8089544508052444
accuracy_70pct,1.5,89.12767902640623,0.78,0.6650625841656065
accuracy_60pct,1.5,88.02289482191539,0.7,0.6718479982650737
correlation_70pct,1.5,83.78506818377295,0.46,0.6663894290327219
correlation_60pct,1.5,80.40465709483138,0.34,0.4910624586791274
accuracy_80pct,1.5,94.19827076494063,0.84,0.8570566397770786
accuracy_70pct,1.5,91.43529465104623,0.76,0.752369118612755
accuracy_60pct,1.5,90.20943843506812,0.74,0.6975466792402192
correlation_70pct,1.5,86.24556704512648,0.48,0.637391435317801
correlation_60pct,1.5,81.7248278845104,0.39,0.585638584963003
accuracy_80pct,1.5,94.34407567896716,0.88,0.7917198521941787
accuracy_70pct,1.5,87.56027849501098,0.76,0.6234019162266274
accuracy_60pct,1.5,87.01410136653399,0.73,0.6112016759309066
correlation_70pct,1.5,80.52925230201126,0.33,0.567227729451924
correlation_60pct,1.5,75.47475929036754,0.28,0.31387984316839623
accuracy_80pct,1.5,95.3671461021695,0.84,0.8582579645446183
accuracy_70pct,1.5,88.86617898695658,0.77,0.592521162961563
accuracy_60pct,1.5,90.11156873437284,0.76,0.6733131375002023
correlation_70pct,1.5,82.82608889330865,0.42,0.5879013179839152
correlation_60pct,1.5,83.56800542317623,0.41,0.6087965742647126
accuracy_80pct,1.5,92.04903558552527,0.86,0.7296522167980314
accuracy_70pct,1.5,91.18439612997616,0.8,0.739012445055767
accuracy_60pct,1.5,85.01792026870768,0.68,0.4523539757911722
correlation_70pct,1.5,81.79244221294104,0.36,0.6060062296872127
correlation_60pct,1.5,81.05052568307345,0.37,0.5098391259523859
accuracy_80pct,1.5,94.7017439824893,0.84,0.8706025349224609
accuracy_70pct,1.5,89.01920780733136,0.75,0.7325163946949957
accuracy_60pct,1.5,84.8470912848194,0.66,0.5575353855900438
correlation_70pct,1.5,81.67501371959331,0.46,0.616374559731511
correlation_60pct,1.5,81.58427953410107,0.33,0.6412647992500904
accuracy_80pct,1.5,93.38873990664243,0.88,0.7564262612750893
accuracy_70pct,1.5,90.78587093580978,0.78,0.711425723770794
accuracy_60pct,1.5,86.74542794316469,0.68,0.5995919587871367
correlation_70pct,1.5,81.31740260858727,0.35,0.5826704529434649
correlation_60pct,1.5,80.2428418450593,0.38,0.5397207900418162
accuracy_80pct,1.5,94.12175635475324,0.85,0.8406235658109097
accuracy_70pct,1.5,88.20077686727637,0.77,0.6762466261915524
accuracy_60pct,1.5,86.0266884628748,0.7,0.607410850786813
correlation_70pct,1.5,83.09296581882245,0.4,0.6511321144029663
correlation_60pct,1.5,80.08091294292778,0.38,0.5663947206718074
accuracy_80pct,1.5,92.17363079270514,0.85,0.8182305540829987
accuracy_70pct,1.5,92.02236060146927,0.75,0.8218176988901628
accuracy_60pct,1.5,83.83121950675103,0.69,0.5478589722250496
correlation_70pct,1.5,79.69128783051815,0.38,0.5892201317988592
correlation_60pct,1.5,80.92777749617764,0.35,0.6509883143031758
accuracy_80pct,1.5,94.31211887007967,0.84,0.820662441478044
accuracy_70pct,1.5,92.89774715905921,0.8,0.798425398717879
accuracy_60pct,1.5,87.44290719417933,0.71,0.6635163609689447
correlation_70pct,1.5,85.54283123049461,0.47,0.5893882854756021
correlation_60pct,1.5,83.70855377358556,0.47,0.4866514370632552
accuracy_80pct,1.5,92.80693051983661,0.87,0.7576286356973535
accuracy_70pct,1.5,91.95656803210844,0.8,0.7790299679646047
accuracy_60pct,1.5,86.65475688760333,0.69,0.6019250863197466
correlation_70pct,1.5,82.89370322173926,0.39,0.6652910696914234
correlation_60pct,1.5,78.60956035315806,0.32,0.5195937029577369
accuracy_80pct,1.5,93.76946493729528,0.86,0.8166938726700192
accuracy_70pct,1.5,92.34437138544827,0.78,0.7711804100577692
accuracy_60pct,1.5,84.176432601522,0.68,0.5296118304062166
correlation_70pct,1.5,85.14430603632823,0.45,0.6669104479193214
correlation_60pct,1.5,81.73372796626717,0.41,0.6142825599245678
accuracy_80pct,1.5,93.85305767016965,0.85,0.7738608435422561
accuracy_70pct,1.5,91.16841772553242,0.78,0.7652366687462943
accuracy_60pct,1.5,86.89135317963819,0.71,0.6423291338505545
correlation_70pct,1.5,80.32998970492807,0.32,0.5564502440124788
correlation_60pct,1.5,83.21571400571827,0.42,0.5802389421294089
accuracy_80pct,1.5,94.42241184822433,0.89,0.8427267696029151
accuracy_70pct,1.5,88.10828405264526,0.76,0.7039908666752982
accuracy_60pct,1.5,84.49124474036705,0.72,0.5679866218173425
correlation_70pct,1.5,81.91519039983683,0.38,0.6210122303130474
correlation_60pct,1.5,79.41551082324759,0.38,0.5616048034823703
accuracy_80pct,1.5,95.37604618392626,0.86,0.8680796864065076
accuracy_70pct,1.5,89.99772062923377,0.76,0.6846001243366953
accuracy_60pct,1.5,87.41802870797882,0.67,0.5968275633671718
correlation_70pct,1.5,84.13909296915551,0.38,0.6568738263122929
correlation_60pct,1.5,79.59697325681725,0.35,0.514973628699574
accuracy_80pct,1.5,93.04355207308573,0.84,0.7807405065332449
accuracy_70pct,1.5,90.31083133145601,0.77,0.7169123599103738
accuracy_60pct,1.5,86.88597629357403,0.74,0.5628913671740704
correlation_70pct,1.5,84.10707896775195,0.49,0.6135912374791143
correlation_60pct,1.5,78.43699800134516,0.37,0.5365745108121097
accuracy_80pct,1.5,91.20219629348969,0.84,0.7060615036845399
accuracy_70pct,1.5,88.19369854458941,0.77,0.6586585643053696
accuracy_60pct,1.5,82.92214277234899,0.67,0.5132858542554466
correlation_70pct,1.5,82.77985511660022,0.39,0.6446594859747808
correlation_60pct,1.5,79.08459995751181,0.33,0.46052532075721864
accuracy_80pct,1.5,95.39910291105699,0.88,0.8111791036866661
accuracy_70pct,1.5,91.09190331534504,0.79,0.7169848004825659
accuracy_60pct,1.5,86.1956956876933,0.7,0.48523021043695236
correlation_70pct,1.5,84.67816651373123,0.46,0.656143315356112
correlation_60pct,1.5,77.72536210495653,0.34,0.4285595194397066
accuracy_80pct,1.5,93.74103132410039,0.87,0.7921548796362878
accuracy_70pct,1.5,88.09218532575454,0.75,0.5356696477775899
accuracy_60pct,1.5,86.9892228803335,0.69,0.5534554897819413
correlation_70pct,1.5,80.49007158677553,0.35,0.43629395962486006
correlation_60pct,1.5,81.55399890062212,0.37,0.4954267556668425
accuracy_80pct,1.5,92.24124512113576,0.82,0.8019056256878222
accuracy_70pct,1.5,90.06533495766439,0.73,0.7631284255779307
accuracy_60pct,1.5,86.47855101765087,0.7,0.6281587629445314
correlation_70pct,1.5,81.03099215163532,0.4,0.6372782205642943
correlation_60pct,1.5,77.5349995896301,0.35,0.45082392723950676
accuracy_80pct,1.5,94.52028154891963,0.87,0.8486856246371508
accuracy_70pct,1.5,89.63835088908885,0.77,0.6425261204451357
accuracy_60pct,1.5,88.62068261316496,0.73,0.6636333953777969
correlation_70pct,1.5,85.56063139400814,0.51,0.6482590654645315
correlation_60pct,1.5,80.54705246552479,0.37,0.567930382010073
accuracy_80pct,1.5,92.76069674312816,0.84,0.8053054370291165
accuracy_70pct,1.5,91.00648882340089,0.78,0.7744946453198922
accuracy_60pct,1.5,84.21194453740388,0.67,0.5398621754905059
correlation_70pct,1.5,81.36363638529569,0.38,0.6304065852372479
correlation_60pct,1.5,78.13278738087968,0.38,0.48981918355586324
accuracy_80pct,1.5,93.89223838540538,0.83,0.8458635451253075
accuracy_70pct,1.5,89.73974378547673,0.8,0.7149609551248768
accuracy_60pct,1.5,85.19412613866015,0.67,0.6365804408382147
correlation_70pct,1.5,81.9240904815936,0.4,0.6207458964150089
correlation_60pct,1.5,82.76205495308669,0.35,0.6546871790407252
accuracy_80pct,1.5,92.53115351256602,0.87,0.7353011739778965
accuracy_70pct,1.5,90.03505432418544,0.77,0.6984943467178636
accuracy_60pct,1.5,89.10817742626989,0.71,0.6745138560123224
correlation_70pct,1.5,85.73319374582104,0.46,0.7086907592486478
correlation_60pct,1.5,73.58176758678465,0.33,0.40069970115113046
accuracy_80pct,1.5,92.20206440590005,0.84,0.7303986962460514
accuracy_70pct,1.5,91.47262834599789,0.77,0.7506087106620638
accuracy_60pct,1.5,84.96276114902822,0.68,0.43432164425759345
correlation_70pct,1.5,86.05520452980005,0.49,0.6602044553350297
correlation_60pct,1.5,82.63572637798221,0.43,0.588295569876608
accuracy_80pct,1.5,93.54884704970418,0.86,0.809694838430362
accuracy_70pct,1.5,90.90861912270559,0.8,0.7408213067637932
accuracy_60pct,1.5,87.85388759709687,0.7,0.6453277703231269
correlation_70pct,1.5,82.16426716183713,0.32,0.6334870813265017
correlation_60pct,1.5,81.70702772099688,0.35,0.6275783298344969
accuracy_80pct,1.5,92.0187802132606,0.85,0.7573442145375252
accuracy_70pct,1.5,90.93887449497026,0.81,0.7340480340448691
accuracy_60pct,1.5,88.91781491094346,0.72,0.7340990410261057
correlation_70pct,1.5,81.11814001150407,0.34,0.6197650290991434
correlation_60pct,1.5,76.42299147879105,0.33,0.4681721296059369
accuracy_80pct,1.5,92.12554999571266,0.85,0.6959490549568855
accuracy_70pct,1.5,89.02626086880404,0.8,0.5753530568613856
accuracy_60pct,1.5,85.52139348625636,0.68,0.5542290132436235
correlation_70pct,1.5,85.24925405971052,0.43,0.6314868042213176
correlation_60pct,1.5,80.45100452389926,0.41,0.5028779473667496
accuracy_80pct,1.5,94.98642107151663,0.86,0.890596983470902
accuracy_70pct,1.5,88.12244069801922,0.76,0.6204408317655544
accuracy_60pct,1.5,85.61036310519489,0.64,0.5904877792236922
correlation_70pct,1.5,78.38894246556694,0.32,0.5160947340719404
correlation_60pct,1.5,76.02631330490873,0.28,0.5148497413288202
accuracy_80pct,1.5,93.26416996067684,0.84,0.8105866579031492
accuracy_70pct,1.5,89.36965220450524,0.77,0.6893258645146145
accuracy_60pct,1.5,84.1300785023666,0.66,0.5331663429399724
correlation_70pct,1.5,83.75836793850266,0.4,0.701376296471963
correlation_60pct,1.5,77.61151399981748,0.34,0.5921742976385241
accuracy_80pct,1.5,92.55435582335801,0.83,0.800556694611465
accuracy_70pct,1.5,90.19880498538676,0.79,0.7322961560718966
accuracy_60pct,1.5,89.38395443354045,0.71,0.7481347665211706
correlation_70pct,1.5,82.43646378089903,0.42,0.5958128170116459
correlation_60pct,1.5,76.49060580722167,0.3,0.3423587651397504
accuracy_80pct,1.5,94.7017439824893,0.84,0.8598199186297031
accuracy_70pct,1.5,88.86617898695657,0.77,0.6172038780044214
accuracy_60pct,1.5,86.9446652790336,0.74,0.5494670709386058
correlation_70pct,1.5,83.14809967728765,0.45,0.5764162335390002
correlation_60pct,1.5,80.82282947279536,0.37,0.4854403822437599
accuracy_80pct,1.5,92.88344493002398,0.86,0.7937188686898279
accuracy_70pct,1.5,89.23982569492244,0.75,0.7524054278752694
accuracy_60pct,1.5,84.89699384088166,0.68,0.6179521654315265
correlation_70pct,1.5,83.18728039252338,0.43,0.6585776981612684
correlation_60pct,1.5,73.2276796714712,0.27,0.3969358279391081
accuracy_80pct,1.5,94.24450454164906,0.87,0.8231894407931767
accuracy_70pct,1.5,88.7896645767692,0.78,0.6461397787616573
accuracy_60pct,1.5,87.57628883075652,0.68,0.6057887416643848
correlation_70pct,1.5,81.27648852542693,0.44,0.5329072245739684
correlation_60pct,1.5,76.21482879995108,0.3,0.3951649442529607
accuracy_80pct,1.5,91.0100120190935,0.83,0.6852293304848134
accuracy_70pct,1.5,88.0993839708885,0.74,0.6471102355183914
accuracy_60pct,1.5,85.14604534166767,0.67,0.5278799140670539
correlation_70pct,1.5,85.06779162614086,0.46,0.644935594423981
correlation_60pct,1.5,81.29070236331697,0.29,0.5754512763106353
accuracy_80pct,1.5,90.8640615214057,0.85,0.6880140655671535
accuracy_70pct,1.5,93.89223838540538,0.83,0.836055066263805
accuracy_60pct,1.5,85.79364729783433,0.63,0.6472537082612638
correlation_70pct,1.5,82.7406744013645,0.41,0.6685270841062085
correlation_60pct,1.5,82.19096740710741,0.38,0.5360857813284031
accuracy_80pct,1.5,91.65235741164295,0.81,0.783907532552122
accuracy_70pct,1.5,89.14195599422716,0.77,0.6544033965085014
accuracy_60pct,1.5,84.64965044680599,0.67,0.572962943307367
correlation_70pct,1.5,81.25868836191341,0.4,0.5769420131861241
correlation_60pct,1.5,80.80502930928182,0.33,0.5245725136147216
accuracy_80pct,1.5,95.26037631971744,0.84,0.8571618797375083
accuracy_70pct,1.5,85.95907413444418,0.73,0.5737113149048868
accuracy_60pct,1.5,86.17789552417979,0.66,0.6021012216271537
correlation_70pct,1.5,84.94504343924504,0.44,0.670094523022805
correlation_60pct,1.5,80.70713434737226,0.4,0.5206984884655321
accuracy_80pct,1.5,93.349584452621,0.85,0.8422850464124421
accuracy_70pct,1.5,89.70766665414229,0.77,0.7277606023814011
accuracy_60pct,1.5,89.6970651357627,0.72,0.7821891918262674
correlation_70pct,1.5,85.24035397795376,0.41,0.7252979933814027
correlation_60pct,1.5,78.17719939851833,0.39,0.5168328498622381
accuracy_80pct,1.5,94.05232026725285,0.86,0.7794307625615695
accuracy_70pct,1.5,90.89264071826186,0.78,0.7298518403195962
accuracy_60pct,1.5,84.38985184397916,0.69,0.48795765767086235
correlation_70pct,1.5,83.35984274433628,0.38,0.64191612392945
correlation_60pct,1.5,76.96564541157542,0.31,0.43399435224960187
accuracy_80pct,1.5,92.17180903363537,0.83,0.7249539436147122
accuracy_70pct,1.5,89.91412789635942,0.77,0.6907341432503088
accuracy_60pct,1.5,84.97166123078499,0.7,0.5180477852810778
correlation_70pct,1.5,82.90260330349602,0.41,0.5825628279865179
correlation_60pct,1.5,79.34257680126886,0.29,0.5616041797471257
accuracy_80pct,1.5,92.08821630076099,0.84,0.7687772894562089
accuracy_70pct,1.5,88.47473211547718,0.75,0.620209633694119
accuracy_60pct,1.5,87.953458734415,0.71,0.6430440645959294
correlation_70pct,1.5,84.75468092391861,0.45,0.6356764006813819
correlation_60pct,1.5,84.27964131956486,0.44,0.6469277821838213
accuracy_80pct,1.5,92.89052325271098,0.86,0.7503012493496549
accuracy_70pct,1.5,87.6100673987138,0.74,0.6188668997636433
accuracy_60pct,1.5,83.11068352860563,0.64,0.5009978471398004
correlation_70pct,1.5,81.49528465394826,0.42,0.6009231182742933
correlation_60pct,1.5,80.20366112982359,0.4,0.48431390914372324
accuracy_80pct,1.5,93.06672912266343,0.85,0.8376023531778584
accuracy_70pct,1.5,91.57402124238578,0.8,0.7671344066049756
accuracy_60pct,1.5,88.1456430088112,0.72,0.6464748758816957
correlation_70pct,1.5,80.57366431964991,0.34,0.5940499739336961
correlation_60pct,1.5,78.7234084582971,0.32,0.5357180383776985
accuracy_80pct,1.5,94.48112609489819,0.84,0.8512831413430464
accuracy_70pct,1.5,94.76935831091993,0.81,0.8819014147160363
accuracy_60pct,1.5,88.98542923937407,0.69,0.7490011375953485
correlation_70pct,1.5,86.32208145531386,0.47,0.7204884043212002
correlation_60pct,1.5,80.74631506260798,0.38,0.5961031218116009
accuracy_80pct,1.5,91.50640691395517,0.83,0.769868627581995
accuracy_70pct,1.5,86.91623166583871,0.75,0.626494653101684
accuracy_60pct,1.5,86.89135317963819,0.71,0.6573226005359316
correlation_70pct,1.5,80.67870073417735,0.41,0.6107403910246425
correlation_60pct,1.5,75.26304148453322,0.3,0.43667361194595794
accuracy_80pct,1.5,94.12175635475324,0.85,0.8348408039837504
accuracy_70pct,1.5,89.17221136649184,0.78,0.6821925168817741
accuracy_60pct,1.5,86.78640515625591,0.73,0.6154333165748748
correlation_70pct,1.5,83.8722160436417,0.4,0.6259119269673767
correlation_60pct,1.5,80.24457521298392,0.31,0.5584691987761041
accuracy_80pct,1.5,92.7304413708635,0.83,0.7697401373351752
accuracy_70pct,1.5,91.75730543502524,0.79,0.7709286765306294
accuracy_60pct,1.5,87.99969251112341,0.74,0.5924843340141476
correlation_70pct,1.5,83.8722160436417,0.4,0.6435279439297883
correlation_60pct,1.5,81.61805810205834,0.39,0.5969091547713458
accuracy_80pct,1.5,93.61828313720457,0.85,0.844456735549026
accuracy_70pct,1.5,87.31475686000508,0.77,0.626774705532226
accuracy_60pct,1.5,86.53906176218022,0.72,0.5639734136032128
correlation_70pct,1.5,87.2240798670289,0.49,0.7589332128553221
correlation_60pct,1.5,78.59002682171992,0.35,0.4908263642984981
accuracy_80pct,1.5,93.18057722780247,0.85,0.7763095363599716
accuracy_70pct,1.5,90.38026741895642,0.76,0.7040812461158341
accuracy_60pct,1.5,85.64414167315216,0.7,0.5518536821223491
correlation_70pct,1.5,84.10707896775195,0.49,0.6372845017512
correlation_60pct,1.5,78.94937130065057,0.39,0.5188130411181817
accuracy_80pct,1.5,90.44430135917837,0.83,0.771132243170083
accuracy_70pct,1.5,88.47655387454697,0.77,0.6838836253084241
accuracy_60pct,1.5,85.36654290681182,0.68,0.5725688484320273
correlation_70pct,1.5,80.95447774144793,0.41,0.5990315902665542
correlation_60pct,1.5,77.3641706057418,0.33,0.46480530857166896
accuracy_80pct,1.5,92.59876784099666,0.84,0.7469989963094089
accuracy_70pct,1.5,90.26457229353332,0.79,0.6776456594842387
accuracy_60pct,1.5,85.54274877676428,0.67,0.5052351257101204
correlation_70pct,1.5,81.03099215163532,0.4,0.514348387337795
correlation_60pct,1.5,80.11824663787944,0.39,0.5519402886722797
accuracy_80pct,1.5,90.7644903840876,0.84,0.6868915385450822
accuracy_70pct,1.5,89.96036167306784,0.8,0.7028736592836098
accuracy_60pct,1.5,85.62816326870842,0.68,0.5920619916832919
correlation_70pct,1.5,84.73688076040509,0.41,0.6422020684535562
correlation_60pct,1.5,78.03847280717876,0.35,0.45133622844539645
accuracy_80pct,1.5,91.42989250376779,0.84,0.7266009845874041
accuracy_70pct,1.5,88.81994521024816,0.74,0.6988840750925546
accuracy_60pct,1.5,85.72955616509631,0.71,0.5954700241508037
correlation_70pct,1.5,82.31371559400321,0.4,0.6378605927766912
correlation_60pct,1.5,78.18260154579679,0.31,0.5911175901944008
accuracy_80pct,1.5,91.73592488330304,0.85,0.7481590599274497
accuracy_70pct,1.5,92.46894133141384,0.82,0.8384706318151784
accuracy_60pct,1.5,84.27418197977033,0.67,0.5346378318305294
correlation_70pct,1.5,85.96088995609914,0.46,0.7052289428368594
correlation_60pct,1.5,78.71982807008843,0.42,0.4901728302273246
accuracy_80pct,1.5,95.4614606758704,0.87,0.9079607594065521
accuracy_70pct,1.5,88.78784281769941,0.76,0.6656983326371395
accuracy_60pct,1.5,83.60170153740316,0.67,0.5318357874248807
correlation_70pct,1.5,80.71961481733769,0.32,0.6426690652057334
correlation_60pct,1.5,81.1145596232954,0.44,0.581695945680669
accuracy_80pct,1.5,95.57530878100945,0.87,0.9001844431181345
accuracy_70pct,1.5,92.0615160554907,0.78,0.7844312535017975
accuracy_60pct,1.5,85.84340427023535,0.71,0.5793240256603206
correlation_70pct,1.5,83.49149101298883,0.42,0.6170135204206518
correlation_60pct,1.5,76.02449154583894,0.26,0.43696166475266146
accuracy_80pct,1.5,94.00608649054442,0.83,0.8088844154196714
accuracy_70pct,1.5,91.28226583067148,0.78,0.7311028589024336
accuracy_60pct,1.5,84.41120713448707,0.68,0.4767829581256879
correlation_70pct,1.5,86.32208145531386,0.47,0.6507575234941219
correlation_60pct,1.5,83.2068139239615,0.4,0.6078110946779695
accuracy_80pct,1.5,93.03829550946854,0.86,0.7558973088574811
accuracy_70pct,1.5,91.75730543502524,0.79,0.7383046103561236
accuracy_60pct,1.5,89.5991954350674,0.74,0.6822538968366026
correlation_70pct,1.5,83.9220302085588,0.33,0.606498468416103
correlation_60pct,1.5,83.11076598233598,0.44,0.6183841369833323
accuracy_80pct,1.5,92.66282704243288,0.86,0.7697517673466072
accuracy_70pct,1.5,91.36585856354583,0.77,0.754617075278533
accuracy_60pct,1.5,86.72942427750665,0.71,0.6540899694084605
correlation_70pct,1.5,82.7122407881696,0.42,0.6466928055272002
correlation_60pct,1.5,79.17706751092867,0.39,0.5130125235105337
accuracy_80pct,1.5,91.8960320263648,0.83,0.7195276797141094
accuracy_70pct,1.5,89.52268102488,0.75,0.685540758762161
accuracy_60pct,1.5,87.57628883075652,0.68,0.6103045724796025
correlation_70pct,1.5,82.70334070641285,0.4,0.5104231074477509
correlation_60pct,1.5,80.9918114363996,0.42,0.5273703979373076
accuracy_80pct,1.5,93.06672912266343,0.85,0.7756701302574547
accuracy_70pct,1.5,91.64345732988619,0.79,0.7669893095952861
accuracy_60pct,1.5,83.4700280075363,0.68,0.4414476656641375
correlation_70pct,1.5,86.31318137355709,0.45,0.7124633839524387
correlation_60pct,1.5,82.40803016770413,0.43,0.5460370117308893
accuracy_80pct,1.5,91.81243929349043,0.84,0.7619233751737512
accuracy_70pct,1.5,88.39113938260282,0.76,0.665057002566393
accuracy_60pct,1.5,86.72052419574989,0.69,0.6401994161762959
correlation_70pct,1.5,83.77616810201619,0.44,0.6880016514552176
correlation_60pct,1.5,78.30534973269258,0.33,0.5091808136664754
accuracy_80pct,1.5,96.43997349777284,0.88,0.9382618421365188
accuracy_70pct,1.5,90.02797600149846,0.77,0.7683638694591095
accuracy_60pct,1.5,87.12087114898605,0.73,0.6713233381397561
correlation_70pct,1.5,81.72482788451042,0.39,0.6367233415406767
correlation_60pct,1.5,81.13594017501758,0.38,0.5973928282317321
accuracy_80pct,1.5,90.92459752714934,0.82,0.7311243757645173
accuracy_70pct,1.5,92.53655565984448,0.79,0.8430779188921903
accuracy_60pct,1.5,85.5338486950075,0.65,0.6112442366723194
correlation_70pct,1.5,84.71908059689157,0.37,0.7462514761972686
correlation_60pct,1.5,76.66143479110995,0.32,0.4957431030938068
accuracy_80pct,1.5,94.01498657230118,0.85,0.8388170950183009
accuracy_70pct,1.5,89.45506669644939,0.78,0.6912917789917624
accuracy_60pct,1.5,89.06194364956144,0.68,0.7430121235538105
correlation_70pct,1.5,84.76358100567538,0.47,0.7274476268623006
correlation_60pct,1.5,87.87168182319557,0.45,0.7565545528181682
accuracy_80pct,1.5,93.04355207308573,0.84,0.7409589661552767
accuracy_70pct,1.5,89.22554872710151,0.76,0.6329897618005479
accuracy_60pct,1.5,88.76481135178297,0.69,0.6484512550988344
correlation_70pct,1.5,84.67816651373123,0.46,0.5961637186988235
correlation_60pct,1.5,82.62500453715568,0.39,0.5452894442072642
accuracy_80pct,1.5,95.27109816054397,0.88,0.9060379505711904
accuracy_70pct,1.5,89.10280054020572,0.74,0.698692529237501
accuracy_60pct,1.5,84.90222514328458,0.71,0.5439810763258696
correlation_70pct,1.5,82.10373115609349,0.35,0.5993631569211365
correlation_60pct,1.5,79.25542894140011,0.35,0.5776113235222328
accuracy_80pct,1.5,92.3159125110391,0.84,0.7763213806356901
accuracy_70pct,1.5,90.50119384678244,0.76,0.7337336929970362
accuracy_60pct,1.5,87.75957302339597,0.67,0.674105465961795
correlation_70pct,1.5,79.27138208462958,0.42,0.5791509103861926
correlation_60pct,1.5,77.2663009050465,0.35,0.5338327294190213
accuracy_80pct,1.5,92.3870500351623,0.86,0.7511235587492283
accuracy_70pct,1.5,90.54742762349088,0.79,0.6900918264047744
accuracy_60pct,1.5,87.8555890337197,0.73,0.6328517012570225
correlation_70pct,1.5,83.98433078085614,0.47,0.6396248425106813
correlation_60pct,1.5,78.49213185981034,0.42,0.40380196141643787
accuracy_80pct,1.5,92.04903558552527,0.86,0.7221125025531802
accuracy_70pct,1.5,87.4820626482008,0.74,0.584520872974458
accuracy_60pct,1.5,90.11156873437282,0.76,0.6910638244262141
correlation_70pct,1.5,82.51471155901102,0.34,0.5744466527576139
correlation_60pct,1.5,82.50407810932965,0.39,0.48383834786310354
accuracy_80pct,1.5,91.42281418108081,0.84,0.7127390830879425
accuracy_70pct,1.5,88.47473211547718,0.75,0.5763230030793915
accuracy_60pct,1.5,84.98763963522875,0.72,0.5266816651700048
correlation_70pct,1.5,83.50039109474562,0.44,0.5853283313697216
correlation_60pct,1.5,81.08785937802512,0.38,0.5408439689413398
accuracy_80pct,1.5,93.34250612993401,0.85,0.827793158372727
accuracy_70pct,1.5,88.15454309056797,0.74,0.6908641396514236
accuracy_60pct,1.5,86.86817613006049,0.7,0.6032872256779299
correlation_70pct,1.5,85.27595430498081,0.49,0.697640628596825
correlation_60pct,1.5,80.10934655612267,0.37,0.4784527308365813
accuracy_80pct,1.5,95.45963891680061,0.85,0.863743441060897
accuracy_70pct,1.5,90.38026741895641,0.76,0.7280559471300535
accuracy_60pct,1.5,85.66012007759592,0.72,0.5295939621598276
correlation_70pct,1.5,78.62736051667159,0.36,0.4887941642735356
correlation_60pct,1.5,84.97347705243993,0.43,0.6503046881355915
accuracy_80pct,1.5,91.88895370367781,0.83,0.776395001900382
accuracy_70pct,1.5,90.3410867037207,0.78,0.6894740789253702
accuracy_60pct,1.5,84.29028070666104,0.68,0.5088488931107443
correlation_70pct,1.5,83.76726802025942,0.42,0.6045036852524017
correlation_60pct,1.5,82.42756369914227,0.4,0.6113640687996712
accuracy_80pct,1.5,94.71064406424607,0.86,0.8487646153958517
accuracy_70pct,1.5,89.83931492279484,0.81,0.639700506601802
accuracy_60pct,1.5,85.33285272999971,0.71,0.5506075971780102
correlation_70pct,1.5,83.95763053558585,0.41,0.6297178145322071
correlation_60pct,1.5,79.32119624954669,0.35,0.5017662561872628
accuracy_80pct,1.5,92.7304413708635,0.83,0.7792252822847316
accuracy_70pct,1.5,91.72702480154626,0.83,0.7390880598665147
accuracy_60pct,1.5,83.82231942499426,0.67,0.5222495480144931
correlation_70pct,1.5,82.70334070641283,0.4,0.6395165963934561
correlation_60pct,1.5,81.51666520567045,0.36,0.6527792375009133
accuracy_80pct,1.5,92.68236057387102,0.83,0.7779159955655474
accuracy_70pct,1.5,88.3697840920949,0.77,0.6549554780337462
accuracy_60pct,1.5,84.22792294184762,0.69,0.4901445595082941
correlation_70pct,1.5,82.7406744013645,0.41,0.5993599729277195
correlation_60pct,1.5,78.5508461064842,0.37,0.49691790210283515
accuracy_80pct,1.5,92.59168951830966,0.84,0.7976442024523847
accuracy_70pct,1.5,87.71865894023563,0.76,0.6297740138326918
accuracy_60pct,1.5,86.40559173445789,0.66,0.6106864125484902
correlation_70pct,1.5,83.34204258082275,0.34,0.6774002132718413
correlation_60pct,1.5,77.02967935179738,0.38,0.4456688629719519
accuracy_80pct,1.5,92.00280180881687,0.83,0.7531172943104124
accuracy_70pct,1.5,91.23603205396303,0.75,0.7818118844361366
accuracy_60pct,1.5,85.25989344680671,0.67,0.529298407800624
correlation_70pct,1.5,83.69965369182881,0.45,0.6169474251490984
correlation_60pct,1.5,81.52556528742721,0.38,0.5618357642850569
accuracy_80pct,1.5,94.09150098248857,0.84,0.8515115360575918
accuracy_70pct,1.5,91.16841772553242,0.78,0.7625088151513424
accuracy_60pct,1.5,86.59959776792387,0.69,0.666593698049397
correlation_70pct,1.5,86.24556704512648,0.48,0.671615570976662
correlation_60pct,1.5,78.17370146404,0.29,0.5429730292947001
accuracy_80pct,1.5,95.45963891680063,0.85,0.8539061790795736
accuracy_70pct,1.5,91.45127305548999,0.78,0.7520884818641275
accuracy_60pct,1.5,86.89843150232518,0.71,0.6382399454627805
correlation_70pct,1.5,84.08037872248165,0.43,0.6233999364934363
correlation_60pct,1.5,82.10373115609349,0.35,0.5913818252301031
accuracy_80pct,1.5,91.09360475196785,0.82,0.7206302846838372
accuracy_70pct,1.5,89.56183647890145,0.78,0.7130885361026866
accuracy_60pct,1.5,85.02499859139468,0.68,0.5525474262756681
correlation_70pct,1.5,85.45741673855048,0.46,0.7132896752707707
correlation_60pct,1.5,79.3674300262551,0.38,0.5423391852307454
accuracy_80pct,1.5,93.22683626572518,0.83,0.7973740821849506
accuracy_70pct,1.5,88.74343080006076,0.75,0.6585317178318613
accuracy_60pct,1.5,84.21561331675773,0.66,0.5716613309482396
correlation_70pct,1.5,84.45220367137776,0.39,0.6640864473296848
correlation_60pct,1.5,77.241422418846,0.31,0.47954365042319996
accuracy_80pct,1.5,94.01498657230118,0.85,0.8440706998386692
accuracy_70pct,1.5,89.62407392126791,0.78,0.7065799178404134
accuracy_60pct,1.5,84.33471798551398,0.64,0.5598317732419341
correlation_70pct,1.5,80.98291135464282,0.4,0.5295179920969451
correlation_60pct,1.5,77.67912832824811,0.31,0.48183736038415637
accuracy_80pct,1.5,94.01498657230118,0.85,0.810005374283838
accuracy_70pct,1.5,90.26641931381738,0.76,0.7334767629219026
accuracy_60pct,1.5,87.98371410667967,0.72,0.6223230444371176
correlation_70pct,1.5,83.77616810201619,0.44,0.5740408385152113
correlation_60pct,1.5,84.55541832683542,0.44,0.5910491073027707
accuracy_80pct,1.5,92.0187802132606,0.85,0.7848491044753882
accuracy_70pct,1.5,91.95656803210842,0.8,0.8223929790894698
accuracy_60pct,1.5,86.33624403810266,0.76,0.6196463756154611
correlation_70pct,1.5,85.55173131225138,0.49,0.7142156163302492
correlation_60pct,1.5,79.5150819605657,0.39,0.53210264203286
accuracy_80pct,1.5,93.41902054012138,0.84,0.8464759304167623
accuracy_70pct,1.5,90.00662071099055,0.78,0.7054307698407408
accuracy_60pct,1.5,84.35789503509167,0.65,0.52970685756456
correlation_70pct,1.5,87.47315662902919,0.43,0.7240890620333398
correlation_60pct,1.5,78.2270135634354,0.32,0.4390502122032897
accuracy_80pct,1.5,91.88713194460802,0.81,0.7658609251406435
accuracy_70pct,1.5,87.88766616505416,0.76,0.6812538104040707
accuracy_60pct,1.5,87.26499988760406,0.69,0.7081120388527771
correlation_70pct,1.5,84.41128958821741,0.48,0.6575416822875682
correlation_60pct,1.5,79.47422506992143,0.33,0.554978891035296
accuracy_80pct,1.5,95.5842088627662,0.89,0.8896358106397619
accuracy_70pct,1.5,88.3003480045945,0.78,0.6204947830177202
accuracy_60pct,1.5,84.61231675185432,0.66,0.5948530728407974
correlation_70pct,1.5,84.44330358962098,0.37,0.7034633030717637
correlation_60pct,1.5,84.08927880423842,0.45,0.6553039180206591
accuracy_80pct,1.5,89.96206310969065,0.83,0.6752041278714092
accuracy_70pct,1.5,87.88766616505414,0.76,0.7032256624360913
accuracy_60pct,1.5,85.99117652699292,0.71,0.6279218536945214
correlation_70pct,1.5,83.32956211085732,0.42,0.6406270844849794
correlation_60pct,1.5,81.39923671232273,0.46,0.5867380373648817
accuracy_80pct,1.5,93.70187587007894,0.84,0.8246167359439938
accuracy_70pct,1.5,89.90340605553287,0.73,0.7339069625426666
accuracy_60pct,1.5,85.82560410672183,0.67,0.5615927448650362
correlation_70pct,1.5,86.12281885823067,0.46,0.7379256968450303
correlation_60pct,1.5,78.72167509037249,0.39,0.5118274867946851
accuracy_80pct,1.5,91.300065994185,0.82,0.7946538786111706
accuracy_70pct,1.5,89.83579172710225,0.76,0.7221872775389331
accuracy_60pct,1.5,89.03874133876948,0.72,0.7022909433721243
correlation_70pct,1.5,80.17696088455331,0.34,0.5601963493583195
correlation_60pct,1.5,76.17749510499942,0.29,0.4879494530246633
accuracy_80pct,1.5,93.4438990263219,0.88,0.8222274154291181
accuracy_70pct,1.5,87.65106987301928,0.74,0.693147043667473
accuracy_60pct,1.5,85.16202374611142,0.69,0.6189684595796672
correlation_70pct,1.5,80.55768591520615,0.32,0.5927693038684274
correlation_60pct,1.5,76.6027205444361,0.37,0.47143197667297426
accuracy_80pct,1.5,96.16419649050226,0.88,0.9112899207107783
accuracy_70pct,1.5,89.64725097084559,0.79,0.732297266192737
accuracy_60pct,1.5,89.68816505400594,0.7,0.7623010556074187
correlation_70pct,1.5,81.83867598964946,0.39,0.5936735258471968
correlation_60pct,1.5,84.22982715464777,0.51,0.664458684837137
accuracy_80pct,1.5,94.12883467744024,0.85,0.830709707690215
accuracy_70pct,1.5,92.32839298100451,0.76,0.7838235811591332
accuracy_60pct,1.5,86.10320287306217,0.69,0.6142687850645616
correlation_70pct,1.5,80.9366775779344,0.37,0.5623937687563776
correlation_60pct,1.5,79.91898404079626,0.38,0.5548853122887071
accuracy_80pct,1.5,93.34068437086422,0.83,0.8207698279530727
accuracy_70pct,1.5,90.30193124969924,0.75,0.7100570211571925
accuracy_60pct,1.5,91.444194732803,0.78,0.7711391328442132
correlation_70pct,1.5,84.55541832683542,0.44,0.6545421274372922
correlation_60pct,1.5,82.58059251951704,0.38,0.6308947244954086
accuracy_80pct,1.5,90.83392647158799,0.83,0.7106795401619083
accuracy_70pct,1.5,88.75940920450454,0.77,0.6219198143171362
accuracy_60pct,1.5,86.07294750079751,0.68,0.5173299442521945
correlation_70pct,1.5,85.19053981303666,0.48,0.5592980265375931
correlation_60pct,1.5,80.05421269765749,0.32,0.5245753613751983
accuracy_80pct,1.5,91.6202550190942,0.83,0.7247453949825062
accuracy_70pct,1.5,89.07251990672675,0.78,0.5694083842224189
accuracy_60pct,1.5,80.42771975937693,0.65,0.27902683198379474
correlation_70pct,1.5,86.55694437942411,0.56,0.7097559153182003
correlation_60pct,1.5,81.49886504215692,0.32,0.45629028369549357
accuracy_80pct,1.5,90.83392647158799,0.83,0.7845877939299368
accuracy_70pct,1.5,90.72181173437355,0.76,0.7820211337939252
accuracy_60pct,1.5,83.30456923962467,0.68,0.503923450633699
correlation_70pct,1.5,82.55921196779484,0.44,0.6466396643623874
correlation_60pct,1.5,75.52989314883276,0.33,0.4339882390025162
accuracy_80pct,1.5,89.67030769797634,0.81,0.6700329384042272
accuracy_70pct,1.5,89.36257388181826,0.77,0.6925136486970591
accuracy_60pct,1.5,87.39482639718686,0.71,0.6727290356138267
correlation_70pct,1.5,83.75836793850266,0.4,0.6428646381295928
correlation_60pct,1.5,82.31371559400321,0.4,0.5967840701348626
accuracy_80pct,1.5,94.40461168471082,0.85,0.8498321352225081
accuracy_70pct,1.5,89.25580409936622,0.77,0.7122605443571296
accuracy_60pct,1.5,85.85768123805627,0.7,0.6397975442616143
correlation_70pct,1.5,84.1657932144258,0.44,0.6643891334199336
correlation_60pct,1.5,76.13833965097797,0.26,0.45986000661723014
accuracy_80pct,1.5,92.08821630076099,0.84,0.7784771148993958
accuracy_70pct,1.5,90.34108670372069,0.78,0.7439851129491301
accuracy_60pct,1.5,85.43597899431221,0.67,0.5810788457090186
correlation_70pct,1.5,81.66429187876678,0.42,0.5993576074336261
correlation_60pct,1.5,75.20606060578397,0.28,0.4073652088634528
accuracy_80pct,1.5,93.42609886280837,0.84,0.8059088393405874
accuracy_70pct,1.5,85.69037544986058,0.73,0.6103625759562076
accuracy_60pct,1.5,85.41118889925687,0.72,0.6445575647563296
correlation_70pct,1.5,79.70018791227491,0.4,0.5786682560042368
correlation_60pct,1.5,79.75000207719202,0.33,0.5770873470110504
accuracy_80pct,1.5,91.90311034905176,0.83,0.7054698706140852
accuracy_70pct,1.5,89.43018821024889,0.74,0.7270911612161883
accuracy_60pct,1.5,87.41802870797883,0.67,0.6636562715988807
correlation_70pct,1.5,84.15689313266904,0.42,0.6402871520990624
correlation_60pct,1.5,77.97085847874816,0.38,0.46958623786093323
accuracy_80pct,1.5,93.04537383215552,0.86,0.7818124121624245
accuracy_70pct,1.5,90.03505432418544,0.77,0.7024192852832145
accuracy_60pct,1.5,90.09559032992907,0.74,0.7569727320791083
correlation_70pct,1.5,83.87221604364171,0.4,0.6376762789436425
correlation_60pct,1.5,84.15689313266904,0.42,0.6793227335133636
accuracy_80pct,1.5,91.70566951103837,0.84,0.7435834351127751
accuracy_70pct,1.5,89.95146159131107,0.78,0.7164149894474412
accuracy_60pct,1.5,87.97663578399268,0.72,0.6542690841790071
correlation_70pct,1.5,84.35615572975223,0.43,0.6600386984577397
correlation_60pct,1.5,77.44958509768595,0.34,0.4492262441817593
accuracy_80pct,1.5,94.51138146716288,0.85,0.8432949948854632
accuracy_70pct,1.5,90.0653349576644,0.73,0.7557589347578666
accuracy_60pct,1.5,88.0691285986238,0.73,0.6621897690312403
correlation_70pct,1.5,80.22504168154578,0.34,0.5622130640775698
correlation_60pct,1.5,77.39977093276886,0.41,0.47322204979649385
accuracy_80pct,1.5,90.47273497237327,0.82,0.785325725708271
accuracy_70pct,1.5,88.49790916505489,0.76,0.7300986188935064
accuracy_60pct,1.5,88.02289482191539,0.7,0.7330915775040323
correlation_70pct,1.5,83.68185352831529,0.41,0.6809612038264485
correlation_60pct,1.5,77.95305831523461,0.34,0.5587886432131612
accuracy_80pct,1.5,93.93139383942682,0.86,0.8374434233834199
accuracy_70pct,1.5,91.17731780728919,0.8,0.7928795771825097
accuracy_60pct,1.5,87.08523889065722,0.75,0.5878328074550369
correlation_70pct,1.5,83.68717322186338,0.53,0.6004861514495451
correlation_60pct,1.5,82.75847456487803,0.45,0.5908349717869252
accuracy_80pct,1.5,90.67199756945647,0.83,0.6844158712265291
accuracy_70pct,1.5,91.57402124238578,0.8,0.7450621595110184
accuracy_60pct,1.5,88.36626089640231,0.72,0.6206005243050212
correlation_70pct,1.5,85.53393114873785,0.45,0.6781452287910121
correlation_60pct,1.5,82.81718881155189,0.4,0.5899851579713037
accuracy_80pct,1.5,91.99742492275269,0.86,0.7348705731614938
accuracy_70pct,1.5,90.67202283067074,0.78,0.7241789166878837
accuracy_60pct,1.5,85.24925999712534,0.72,0.5987208812922054
correlation_70pct,1.5,82.64462645973899,0.45,0.6297712360968074
correlation_60pct,1.5,79.49202523343497,0.37,0.522080253715001
accuracy_80pct,1.5,93.44207726725213,0.86,0.7739100914372342
accuracy_70pct,1.5,94.67148861022461,0.83,0.8602672962643594
accuracy_60pct,1.5,89.70414345844968,0.72,0.689846507754952
correlation_70pct,1.5,83.8224018787246,0.47,0.6118663616887289
correlation_60pct,1.5,80.20366112982359,0.4,0.5086777549768368
accuracy_80pct,1.5,92.84611123507231,0.85,0.7748864133114901
accuracy_70pct,1.5,87.12794947167303,0.73,0.5319573120596338
accuracy_60pct,1.5,82.9273993359662,0.65,0.3889625748937333
correlation_70pct,1.5,85.5250310669811,0.43,0.6836897245045578
correlation_60pct,1.5,82.5894926012738,0.4,0.5679842897837191
accuracy_80pct,1.5,93.61828313720459,0.85,0.8079508313553908
accuracy_70pct,1.5,88.94977171983095,0.76,0.5890700900986018
accuracy_60pct,1.5,87.9215019255275,0.67,0.6395020485915076
correlation_70pct,1.5,82.10555291516326,0.37,0.5545981067856555
correlation_60pct,1.5,81.75326149770531,0.38,0.5431116547601259
accuracy_80pct,1.5,92.7536184204412,0.84,0.8440017113869646
accuracy_70pct,1.5,91.16659596646264,0.76,0.7950280857130588
accuracy_60pct,1.5,83.25648844263216,0.68,0.5036298554548219
correlation_70pct,1.5,84.07147864072489,0.41,0.7220593756590333
correlation_60pct,1.5,78.14342083056104,0.33,0.5212941930072965
accuracy_80pct,1.5,95.57530878100944,0.87,0.9013025505772757
accuracy_70pct,1.5,89.73792202640695,0.78,0.6941883268197009
accuracy_60pct,1.5,87.46244072561748,0.68,0.6625390719000708
correlation_70pct,1.5,84.94504343924504,0.44,0.6922796901650143
correlation_60pct,1.5,76.46217219402676,0.31,0.45339549337424173
accuracy_80pct,1.5,92.35509322627482,0.82,0.7927027084788104
accuracy_70pct,1.5,85.9288187621795,0.72,0.5859249371204323
accuracy_60pct,1.5,87.03548191825618,0.67,0.6065686838308464
correlation_70pct,1.5,84.32945548448194,0.37,0.6936349524904052
correlation_60pct,1.5,80.01329861449716,0.41,0.5079545324066161
accuracy_80pct,1.5,94.19827076494063,0.84,0.8756945778966041
accuracy_70pct,1.5,89.60991727589393,0.78,0.728613496239118
accuracy_60pct,1.5,85.16202374611143,0.69,0.5257638889265454
correlation_70pct,1.5,80.02577908446258,0.33,0.5601157131904729
correlation_60pct,1.5,83.88111612539846,0.42,0.6212925622289036
accuracy_80pct,1.5,93.36556285706473,0.87,0.7783723589525378
accuracy_70pct,1.5,89.61699559858093,0.78,0.7206561575822041
accuracy_60pct,1.5,83.48077510957712,0.67,0.540736965048092
correlation_70pct,1.5,85.45741673855046,0.46,0.6948092511710691
correlation_60pct,1.5,77.04215982176282,0.3,0.476847263532793
accuracy_80pct,1.5,94.39753336202382,0.85,0.8027248526189538
accuracy_70pct,1.5,88.590401979686,0.77,0.6160274026443235
accuracy_60pct,1.5,83.55546776069471,0.64,0.5171282604908247
correlation_70pct,1.5,84.35615572975223,0.43,0.62633500707589
correlation_60pct,1.5,81.42951734580168,0.42,0.5616401096427558
accuracy_80pct,1.5,93.0756292044202,0.87,0.8408062827937263
accuracy_70pct,1.5,88.63666101760872,0.75,0.6877050371966621
accuracy_60pct,1.5,87.24890116071334,0.68,0.607025354071019
correlation_70pct,1.5,80.71603442912901,0.42,0.6161317903237454
correlation_60pct,1.5,81.64831347432302,0.4,0.5282334341950304
accuracy_80pct,1.5,92.27857881608743,0.83,0.8114273668138683
accuracy_70pct,1.5,89.08141998848352,0.8,0.6799322531441483
accuracy_60pct,1.5,85.70467767889579,0.67,0.6346951084353513
correlation_70pct,1.5,82.74067440136452,0.41,0.6364834089161541
correlation_60pct,1.5,80.86906324950378,0.4,0.5345974365402806
accuracy_80pct,1.5,91.41391409932405,0.82,0.754429759622303
accuracy_70pct,1.5,88.26839119570701,0.74,0.6495206933431205
accuracy_60pct,1.5,85.4146237038043,0.68,0.6008058332299436
correlation_70pct,1.5,82.73004095168314,0.46,0.569804925512324
correlation_60pct,1.5,78.79818950055987,0.38,0.4207433130122202
accuracy_80pct,1.5,90.82672782645403,0.84,0.6962083279019307
accuracy_70pct,1.5,92.8283110715588,0.81,0.7818832159162247
accuracy_60pct,1.5,87.09061577672139,0.72,0.6090630831097308
correlation_70pct,1.5,85.3524687151682,0.48,0.6607204447630077
correlation_60pct,1.5,78.64874106839378,0.3,0.4660882489848131
accuracy_80pct,1.5,94.28368525688478,0.85,0.848989464078065
accuracy_70pct,1.5,90.41760111390808,0.77,0.6964690451491211
accuracy_60pct,1.5,90.05825663497743,0.73,0.7555307042061072
correlation_70pct,1.5,84.47000383489129,0.43,0.656353917633343
correlation_60pct,1.5,80.67870073417737,0.41,0.5071174530702983
accuracy_80pct,1.5,93.85487942923943,0.87,0.7893187881869902
accuracy_70pct,1.5,89.40883291974097,0.75,0.6662012040125285
accuracy_60pct,1.5,88.29159350649898,0.7,0.6492733364828115
correlation_70pct,1.5,88.09764466554905,0.52,0.7319677861861027
correlation_60pct,1.5,79.91725067287163,0.45,0.5418820593127727
accuracy_80pct,1.5,90.0759112148297,0.83,0.6658066938391024
accuracy_70pct,1.5,90.34108670372069,0.78,0.7285599751259755
accuracy_60pct,1.5,87.47316256644402,0.72,0.6683282773184335
correlation_70pct,1.5,83.29222841590565,0.41,0.6638273640982377
correlation_60pct,1.5,76.65961303204017,0.3,0.49847328572668087
accuracy_80pct,1.5,95.39384634743979,0.9,0.884392477127603
accuracy_70pct,1.5,89.3536738000615,0.75,0.7173646502459234
accuracy_60pct,1.5,87.5781105898263,0.7,0.6559746440505604
correlation_70pct,1.5,81.69454725103145,0.43,0.6033319060896577
correlation_60pct,1.5,76.69521335906722,0.38,0.46312590482487836
accuracy_80pct,1.5,92.9048002205319,0.85,0.7919299767969439
accuracy_70pct,1.5,88.55124652566457,0.74,0.6562534649419148
accuracy_60pct,1.5,82.96837654905742,0.7,0.5469286731845903
correlation_70pct,1.5,80.79962716200339,0.41,0.5389034539734625
correlation_60pct,1.5,81.8297759078927,0.37,0.6362523206543811
accuracy_80pct,1.5,92.76069674312818,0.84,0.7697297080907571
accuracy_70pct,1.5,90.4887386380313,0.79,0.6890986733797732
accuracy_60pct,1.5,88.60470420872122,0.71,0.6904207998624229
correlation_70pct,1.5,87.09243159837635,0.45,0.6909212456728027
correlation_60pct,1.5,80.17340575755891,0.39,0.5461151717037598
accuracy_80pct,1.5,92.6841823329408,0.85,0.7571650723312124
accuracy_70pct,1.5,88.50498748774186,0.76,0.6450181782630052
accuracy_60pct,1.5,88.23287925982514,0.75,0.6930285777133303
correlation_70pct,1.5,82.39023000419061,0.39,0.5989800559023553
correlation_60pct,1.5,81.60207969761461,0.37,0.6009047275765212
accuracy_80pct,1.5,94.5344381942936,0.87,0.7934028758161467
accuracy_70pct,1.5,90.79294925849678,0.78,0.7059994979319063
accuracy_60pct,1.5,85.430722430695,0.69,0.540533585670594
correlation_70pct,1.5,83.10186590057923,0.42,0.595942646555179
correlation_60pct,1.5,80.00257677367063,0.37,0.46217487895636433
accuracy_80pct,1.5,90.91751920446235,0.82,0.6946625219858972
accuracy_70pct,1.5,90.15072418839426,0.79,0.6836119390280873
accuracy_60pct,1.5,86.60667609061085,0.69,0.5863208042322607
correlation_70pct,1.5,83.75836793850264,0.4,0.6448080101772341
correlation_60pct,1.5,78.70387492685896,0.35,0.4805338684950958
accuracy_80pct,1.5,92.98131463071928,0.84,0.810725000406114
accuracy_70pct,1.5,90.24139524395562,0.78,0.7156329077216782
accuracy_60pct,1.5,87.90014663501958,0.68,0.6292272392958919
correlation_70pct,1.5,82.1695868553852,0.44,0.6196540656161391
correlation_60pct,1.5,81.2871219751083,0.39,0.5297141392610164
accuracy_80pct,1.5,93.7392095650306,0.85,0.8295757278292124
accuracy_70pct,1.5,87.81640831848397,0.75,0.5838887825966417
accuracy_60pct,1.5,85.20828278403411,0.67,0.6000856912813154
correlation_70pct,1.5,82.12335307867679,0.41,0.6376998166101162
correlation_60pct,1.5,80.40110196783701,0.39,0.5318907736385986
accuracy_80pct,1.5,91.85162000872614,0.82,0.7953639333055924
accuracy_70pct,1.5,88.25949111395025,0.72,0.6753201143128817
accuracy_60pct,1.5,83.50920872277202,0.66,0.5003303769292697
correlation_70pct,1.5,83.5270913400159,0.5,0.600469835019704
correlation_60pct,1.5,77.30545635906795,0.38,0.3780247249488696
accuracy_80pct,1.5,94.22314925114115,0.88,0.8434218505746591
accuracy_70pct,1.5,88.00859259288018,0.76,0.6565502078995957
accuracy_60pct,1.5,82.01112395643021,0.64,0.4891206443794726
correlation_70pct,1.5,83.32956211085731,0.42,0.6257944953303093
correlation_60pct,1.5,78.48507879833764,0.37,0.506495461074237
accuracy_80pct,1.5,92.0187802132606,0.85,0.7597361611723281
accuracy_70pct,1.5,88.58320333455205,0.78,0.6499975833226102
accuracy_60pct,1.5,86.5247847943593,0.73,0.5898266309428775
correlation_70pct,1.5,78.51351241153253,0.36,0.4831313226926977
correlation_60pct,1.5,78.02957272542201,0.33,0.5109542973825298
accuracy_80pct,1.5,92.10419470520475,0.86,0.8042496123596952
accuracy_70pct,1.5,87.19200867310927,0.75,0.6861104547338606
accuracy_60pct,1.5,87.20446388186043,0.72,0.6422978076661832
correlation_70pct,1.5,84.14799305091228,0.4,0.730307970572578
correlation_60pct,1.5,73.45011931813208,0.29,0.47167645426160143
accuracy_80pct,1.5,93.34250612993401,0.85,0.8087245751561181
accuracy_70pct,1.5,90.88191887743531,0.74,0.7437447635189877
accuracy_60pct,1.5,84.8719697710199,0.7,0.4907917605422043
correlation_70pct,1.5,81.44015079548306,0.37,0.6281613176783296
correlation_60pct,1.5,78.495712248019,0.32,0.49607443166685566
accuracy_80pct,1.5,92.37107163071856,0.84,0.7682488607410252
accuracy_70pct,1.5,88.66691638987339,0.76,0.6887166851104396
accuracy_60pct,1.5,82.97548013295868,0.65,0.5147720711393599
correlation_70pct,1.5,86.44482964220967,0.49,0.6817028837187925
correlation_60pct,1.5,81.71592780275364,0.37,0.5859898514811843
accuracy_80pct,1.5,94.12883467744024,0.85,0.8441190110602149
accuracy_70pct,1.5,87.10659418116512,0.74,0.6551904221614007
accuracy_60pct,1.5,83.94691463217413,0.66,0.5741256321028012
correlation_70pct,1.5,80.95447774144792,0.41,0.6022460899001186
correlation_60pct,1.5,84.08037872248165,0.43,0.6715875955371666
accuracy_80pct,1.5,95.10916925841244,0.88,0.8845891117308161
accuracy_70pct,1.5,90.15072418839426,0.79,0.7471221345549326
accuracy_60pct,1.5,84.2760037388401,0.69,0.5262049028382597
correlation_70pct,1.5,83.28332833414888,0.39,0.6353567181084423
correlation_60pct,1.5,77.52609950787334,0.33,0.4237419847670245
accuracy_80pct,1.5,94.38863328026706,0.83,0.8288491995394308
accuracy_70pct,1.5,89.41773300149774,0.77,0.6183841060676415
accuracy_60pct,1.5,85.03037547745883,0.65,0.5166316610719447
correlation_70pct,1.5,81.99170481002422,0.37,0.5661091285144181
correlation_60pct,1.5,80.86906324950378,0.4,0.48999328164253414
accuracy_80pct,1.5,93.93139383942682,0.86,0.8228843442734854
accuracy_70pct,1.5,90.59550842048336,0.79,0.6825848512151326
accuracy_60pct,1.5,90.67557795766513,0.73,0.7227388583939288
correlation_70pct,1.5,81.79244221294104,0.36,0.5812198232041526
correlation_60pct,1.5,82.18206732535064,0.36,0.624212569005938
accuracy_80pct,1.5,93.29627235322559,0.82,0.8428471389238791
accuracy_70pct,1.5,89.43018821024889,0.74,0.7105029064416468
accuracy_60pct,1.5,86.65290986731927,0.72,0.555449520612204
correlation_70pct,1.5,82.3421492071981,0.39,0.6117940273194538
correlation_60pct,1.5,76.96564541157542,0.31,0.4558059102767468
accuracy_80pct,1.5,94.39753336202382,0.85,0.8656586115748689
accuracy_70pct,1.5,93.20195777952468,0.79,0.8125694902855395
accuracy_60pct,1.5,87.83961062927594,0.71,0.5897738651370686
correlation_70pct,1.5,82.9613175501699,0.36,0.6456167217545574
correlation_60pct,1.5,86.12281885823066,0.46,0.6859260630877335
accuracy_80pct,1.5,92.31591251103909,0.84,0.7742774237653876
accuracy_70pct,1.5,91.53486578836436,0.77,0.7377842923162464
accuracy_60pct,1.5,87.83608743358334,0.66,0.634690735819652
correlation_70pct,1.5,83.5003910947456,0.44,0.587358978896246
correlation_60pct,1.5,81.32630269034402,0.37,0.5853217011758627
accuracy_80pct,1.5,93.02939542771176,0.84,0.7876494963077655
accuracy_70pct,1.5,90.22723859858165,0.78,0.6920855742542388
accuracy_60pct,1.5,87.36457102492218,0.7,0.5857602722910242
correlation_70pct,1.5,82.69444062465608,0.38,0.602815632591736
correlation_60pct,1.5,78.41919783783163,0.33,0.458437775014213
accuracy_80pct,1.5,92.91370030228867,0.87,0.7812246656136569
accuracy_70pct,1.5,89.52268102488001,0.75,0.7216159433580582
accuracy_60pct,1.5,85.98045468616638,0.67,0.6094367901170976
correlation_70pct,1.5,80.87969669918516,0.35,0.5350688956850892
correlation_60pct,1.5,80.97401127288606,0.38,0.5383570633456508
accuracy_80pct,1.5,93.73213124234363,0.85,0.8528313755970744
accuracy_70pct,1.5,89.14195599422715,0.77,0.681763649993255
accuracy_60pct,1.5,84.67990581907065,0.68,0.569056802971876
correlation_70pct,1.5,82.83498897506541,0.44,0.5921951097234825
correlation_60pct,1.5,76.98344557508895,0.35,0.4488948400294306
accuracy_80pct,1.5,94.79605855619022,0.87,0.8567917495962614
accuracy_70pct,1.5,87.7257372629226,0.76,0.5973536135466978
accuracy_60pct,1.5,85.23316127023463,0.71,0.5144137458470779
correlation_70pct,1.5,81.66611363783656,0.44,0.5403423488147389
correlation_60pct,1.5,81.72482788451042,0.39,0.567091459922837
accuracy_80pct,1.5,94.78715847443344,0.85,0.8693296188413397
accuracy_70pct,1.5,93.97230792258715,0.77,0.8582424674699716
accuracy_60pct,1.5,85.24035991536857,0.7,0.6243711108052746
correlation_70pct,1.5,82.77985511660023,0.39,0.6394568884693103
correlation_60pct,1.5,79.283862554595,0.34,0.5145626604951882
accuracy_80pct,1.5,94.7017439824893,0.84,0.8994685610994275
accuracy_70pct,1.5,87.97125889792852,0.75,0.696874146978573
accuracy_60pct,1.5,86.37190155764577,0.69,0.6783523202988313
correlation_70pct,1.5,81.44905087723983,0.39,0.5508487767084969
correlation_60pct,1.5,78.21103515899166,0.3,0.5003214245491998
accuracy_80pct,1.5,92.91370030228866,0.87,0.7856401216386258
accuracy_70pct,1.5,88.2700926323298,0.77,0.5905710310604549
accuracy_60pct,1.5,85.108711646716,0.66,0.6266927276248911
correlation_70pct,1.5,79.52935892838663,0.38,0.50666952384104
correlation_60pct,1.5,76.1098807765688,0.32,0.37619736876074034
accuracy_80pct,1.5,93.53286864526044,0.84,0.8341339124898929
accuracy_70pct,1.5,91.0064888234009,0.78,0.7658913771381901
accuracy_60pct,1.5,89.09037726275633,0.67,0.754129301578952
correlation_70pct,1.5,76.93539003931075,0.3,0.4935077221786022
correlation_60pct,1.5,77.57233328458176,0.36,0.45806218152057826
accuracy_80pct,1.5,92.86746652558024,0.84,0.7575708879673968
accuracy_70pct,1.5,90.57953001603963,0.77,0.6833908006771243
accuracy_60pct,1.5,84.1069965140216,0.69,0.47719361127668664
correlation_70pct,1.5,84.40238950646066,0.46,0.6041436938797723
correlation_60pct,1.5,79.26606239108149,0.3,0.4659977083199355
accuracy_80pct,1.5,91.31604439862875,0.84,0.7269369719356811
accuracy_70pct,1.5,90.86238534599718,0.77,0.7628732435079244
accuracy_60pct,1.5,85.16202374611142,0.69,0.5500822729807818
correlation_70pct,1.5,82.78875519835698,0.41,0.5908051436524318
correlation_60pct,1.5,77.37307068749857,0.35,0.4872214816356874
accuracy_80pct,1.5,93.33360604817724,0.83,0.8250428569459052
accuracy_70pct,1.5,90.03505432418544,0.77,0.7043596356444314
accuracy_60pct,1.5,86.34687748778403,0.71,0.5633527933455097
correlation_70pct,1.5,83.6996536918288,0.45,0.6570227580144193
correlation_60pct,1.5,81.6572135560798,0.42,0.5882867516963514
accuracy_80pct,1.5,93.1218882423429,0.85,0.8456884716501998
accuracy_70pct,1.5,91.5669429196988,0.8,0.7858644315025685
accuracy_60pct,1.5,85.72603296940372,0.66,0.6132289540692312
correlation_70pct,1.5,83.59288390937674,0.45,0.6819605745444536
correlation_60pct,1.5,79.70908799403169,0.42,0.5509376003325095
accuracy_80pct,1.5,92.67710401025381,0.85,0.7922285532967676
accuracy_70pct,1.5,87.19200867310929,0.75,0.5959437078708935
accuracy_60pct,1.5,86.96604583075579,0.68,0.6268133865682655
correlation_70pct,1.5,82.82608889330865,0.42,0.5534850890091925
correlation_60pct,1.5,74.7506429240135,0.33,0.36977469733314927
accuracy_80pct,1.5,93.0489289591499,0.81,0.8255183386899636
accuracy_70pct,1.5,89.87679420140773,0.76,0.7394786279242845
accuracy_60pct,1.5,83.43087255351486,0.65,0.4406551174309099
correlation_70pct,1.5,82.80828872979512,0.38,0.6270795206904811
correlation_60pct,1.5,82.04683866848941,0.42,0.6039607562535093
accuracy_80pct,1.5,93.80864565253101,0.84,0.8607505927988752
accuracy_70pct,1.5,89.41773300149774,0.77,0.7030951131264209
accuracy_60pct,1.5,82.17840448341164,0.66,0.4888816839693469
correlation_70pct,1.5,81.4312507137263,0.35,0.593822808864827
correlation_60pct,1.5,83.11966606409274,0.46,0.6283711449748478
accuracy_80pct,1.5,91.61317669640724,0.83,0.7794556643250085
accuracy_70pct,1.5,89.21139208172755,0.76,0.7261279725940294
accuracy_60pct,1.5,87.02655657528514,0.7,0.6611571896500451
correlation_70pct,1.5,84.93614335748828,0.42,0.68840100786926
correlation_60pct,1.5,77.53317783056033,0.33,0.43446922970491597
accuracy_80pct,1.5,91.6967694292816,0.82,0.7778979965500553
accuracy_70pct,1.5,91.24311037665002,0.75,0.7719012829328882
accuracy_60pct,1.5,86.98922288033349,0.69,0.676799747078386
correlation_70pct,1.5,82.95241746841313,0.34,0.678273856659658
correlation_60pct,1.5,76.91756461458294,0.31,0.413306651435016
accuracy_80pct,1.5,93.93139383942682,0.86,0.811685330515111
accuracy_70pct,1.5,89.7913797094636,0.75,0.6977310623026589
accuracy_60pct,1.5,85.10148774036777,0.72,0.5270364219735529
correlation_70pct,1.5,85.45741673855048,0.46,0.7157648486004902
correlation_60pct,1.5,83.71745385534233,0.49,0.6151594518440647
accuracy_80pct,1.5,91.69859118835137,0.84,0.7558251902432421
accuracy_70pct,1.5,91.09715987896223,0.77,0.7145094654999015
accuracy_60pct,1.5,82.65162232869561,0.65,0.46839051440584545
correlation_70pct,1.5,80.72851489909445,0.34,0.6279131966042589
correlation_60pct,1.5,77.38904909194231,0.37,0.43303610115218544
accuracy_80pct,1.5,93.3780180658159,0.84,0.7691827467128027
accuracy_70pct,1.5,87.86278767885364,0.72,0.6803754916949588
accuracy_60pct,1.5,85.22426118847785,0.69,0.5540331880505358
correlation_70pct,1.5,85.35246871516819,0.48,0.6817834494244062
correlation_60pct,1.5,77.62041408157424,0.36,0.5075691894890486
accuracy_80pct,1.5,92.63977031530216,0.84,0.813292185951084
accuracy_70pct,1.5,90.69337812117865,0.77,0.7174388293889807
accuracy_60pct,1.5,84.8400129621324,0.66,0.5469697561573985
correlation_70pct,1.5,84.75468092391861,0.45,0.6598952658782554
correlation_60pct,1.5,79.76780224070555,0.37,0.46529077106379974
accuracy_80pct,1.5,94.41351176646756,0.87,0.832636198508493
accuracy_70pct,1.5,93.80682389346123,0.82,0.7945949889517913
accuracy_60pct,1.5,89.3466207385888,0.7,0.7052022184006189
correlation_70pct,1.5,83.9984874262301,0.47,0.5572223941092586
correlation_60pct,1.5,79.57917309330372,0.31,0.5110047698772149
accuracy_80pct,1.5,92.44758604090595,0.83,0.8037207567010596
accuracy_70pct,1.5,89.32524018686661,0.76,0.7538398839187375
accuracy_60pct,1.5,86.11210295481895,0.71,0.6475150970947748
correlation_70pct,1.5,82.29591543048969,0.36,0.6470770607982577
correlation_60pct,1.5,76.49060580722166,0.3,0.4995352171788607
accuracy_80pct,1.5,91.69859118835137,0.84,0.8092286379699788
accuracy_70pct,1.5,87.48914097088776,0.74,0.6786799909652599
accuracy_60pct,1.5,83.49493175495108,0.67,0.5180719685151586
correlation_70pct,1.5,87.10133168013311,0.47,0.7536019955623923
correlation_60pct,1.5,76.41053627003988,0.36,0.44808595653530786
accuracy_80pct,1.5,93.74103132410039,0.87,0.8158119401583943
accuracy_70pct,1.5,89.68276290672749,0.78,0.664014892995836
accuracy_60pct,1.5,86.99630120302047,0.69,0.5773507392919609
correlation_70pct,1.5,84.97347705243995,0.43,0.5926289795993495
correlation_60pct,1.5,78.17012107583135,0.39,0.4424897692442915
accuracy_80pct,1.5,94.6733103692944,0.85,0.8770731840759418
accuracy_70pct,1.5,93.09700975614238,0.81,0.8190435634275884
accuracy_60pct,1.5,87.08171569496463,0.7,0.614979047889487
correlation_70pct,1.5,85.44851665679371,0.44,0.681916269537868
correlation_60pct,1.5,81.63941339256627,0.38,0.5913294179826024
accuracy_80pct,1.5,92.76777506581516,0.84,0.7537341451362937
accuracy_70pct,1.5,90.57953001603961,0.77,0.7436282824647444
accuracy_60pct,1.5,87.67060340445742,0.71,0.6288061356310284
correlation_70pct,1.5,80.47943813709416,0.4,0.508116528346148
correlation_60pct,1.5,79.75890215894879,0.35,0.49821097992597296
accuracy_80pct,1.5,94.60569604086379,0.88,0.8509399798422719
accuracy_70pct,1.5,87.83253230658896,0.71,0.6019383270849769
accuracy_60pct,1.5,86.692090582555,0.7,0.5108151973076305
correlation_70pct,1.5,82.08775275164975,0.33,0.4877679380684176
correlation_60pct,1.5,82.32261567575999,0.42,0.521161161647572
accuracy_80pct,1.5,93.22865802479495,0.85,0.8057677458059664
accuracy_70pct,1.5,88.3982177052898,0.76,0.6334457318831672
accuracy_60pct,1.5,86.40923525259743,0.7,0.6396219949241009
correlation_70pct,1.5,80.13962718960164,0.33,0.5283440581656833
correlation_60pct,1.5,77.42822980717804,0.35,0.44026859883824004
accuracy_80pct,1.5,92.95995934021137,0.85,0.7401019260760683
accuracy_70pct,1.5,89.95146159131107,0.78,0.6196992110877517
accuracy_60pct,1.5,87.99801633571488,0.66,0.645430815868194
correlation_70pct,1.5,86.06410461155681,0.51,0.6373328781514948
correlation_60pct,1.5,80.66980065242059,0.39,0.49848614305117744
accuracy_80pct,1.5,91.97436819562195,0.84,0.7477571583704886
accuracy_70pct,1.5,86.92330998852569,0.75,0.5935795747219256
accuracy_60pct,1.5,86.9127084701461,0.7,0.6587862868716253
correlation_70pct,1.5,82.3404158392735,0.46,0.624668027919031
correlation_60pct,1.5,79.47422506992143,0.33,0.527498023375501
accuracy_80pct,1.5,95.10916925841244,0.88,0.8750192766274212
accuracy_70pct,1.5,91.24493213571981,0.77,0.766024429372718
accuracy_60pct,1.5,85.3915417154593,0.71,0.5583180352023563
correlation_70pct,1.5,81.98280472826747,0.35,0.5633146207811365
correlation_60pct,1.5,77.26812266411629,0.37,0.45197192638262895
accuracy_80pct,1.5,93.03647375039876,0.84,0.7909300728323766
accuracy_70pct,1.5,93.44745415331629,0.83,0.7952466489820523
accuracy_60pct,1.5,89.32341842779681,0.74,0.6856641287850636
correlation_70pct,1.5,84.9539435210018,0.46,0.6342086861691153
correlation_60pct,1.5,82.16958685538522,0.44,0.544230659859154
accuracy_80pct,1.5,94.99349939420361,0.86,0.8653561483151991
accuracy_70pct,1.5,88.27729127746377,0.76,0.6641240820185466
accuracy_60pct,1.5,84.77765519731899,0.67,0.538937457031116
correlation_70pct,1.5,81.5522655326975,0.44,0.6147804064554405
correlation_60pct,1.5,77.25032250060276,0.33,0.4972061107359095
accuracy_80pct,1.5,95.38494626568303,0.88,0.8602630311873163
accuracy_70pct,1.5,91.68786934752484,0.8,0.7234660543225823
accuracy_60pct,1.5,86.78640515625591,0.73,0.5520773820778628
correlation_70pct,1.5,81.71592780275364,0.37,0.6040880176830705
correlation_60pct,1.5,82.01123834146236,0.34,0.5978311324707622
accuracy_80pct,1.5,90.3446098994133,0.83,0.6914707689783163
accuracy_70pct,1.5,89.74500034909394,0.78,0.6702472397143002
accuracy_60pct,1.5,84.72613959577909,0.71,0.5799893758700365
correlation_70pct,1.5,81.61987986112813,0.41,0.5994320915721324
correlation_60pct,1.5,77.1916082539289,0.38,0.46404984919695447
accuracy_80pct,1.5,92.20914272858701,0.84,0.7289358696469133
accuracy_70pct,1.5,91.56512116062903,0.78,0.7337495380506484
accuracy_60pct,1.5,89.8945059737761,0.71,0.647722215366656
correlation_70pct,1.5,84.35615572975223,0.43,0.6411249250620142
correlation_60pct,1.5,82.38840824512081,0.37,0.5699527320784172
accuracy_80pct,1.5,90.55814946431741,0.83,0.6847833843312439
accuracy_70pct,1.5,87.99261418843643,0.74,0.640186597678444
accuracy_60pct,1.5,88.63313782191611,0.7,0.6890058001687016
correlation_70pct,1.5,87.30949435897307,0.5,0.7298920630249712
correlation_60pct,1.5,79.75890215894877,0.35,0.5943668855504477
accuracy_80pct,1.5,92.86746652558024,0.84,0.8252395806538834
accuracy_70pct,1.5,86.24900778708871,0.73,0.6043450477902821
accuracy_60pct,1.5,86.67611217811125,0.68,0.6836515950661337
correlation_70pct,1.5,86.31318137355709,0.45,0.7146914561713349
correlation_60pct,1.5,79.15221428594245,0.3,0.5091589767835142
accuracy_80pct,1.5,95.39384634743979,0.9,0.8527592068931023
accuracy_70pct,1.5,93.68589746563521,0.82,0.80405162987511
accuracy_60pct,1.5,88.32892720145064,0.71,0.6292853154544531
correlation_70pct,1.5,86.89316900129315,0.44,0.6371142720232381
correlation_60pct,1.5,81.90629031808008,0.36,0.575470914508988
accuracy_80pct,1.5,91.46014787603247,0.85,0.7415298125487169
accuracy_70pct,1.5,90.97805521020598,0.79,0.7432633711129756
accuracy_60pct,1.5,86.39851341177089,0.66,0.668595399993268
correlation_70pct,1.5,83.49149101298885,0.42,0.6069987434743368
correlation_60pct,1.5,75.98173044239454,0.38,0.4278812052085912
accuracy_80pct,1.5,92.66820392849706,0.83,0.8076274122263174
accuracy_70pct,1.5,87.02470288491358,0.78,0.5612013124380084
accuracy_60pct,1.5,89.20067024090102,0.72,0.7015968794139503
correlation_70pct,1.5,83.36516243788438,0.5,0.6056880756784062
correlation_60pct,1.5,80.82988253426807,0.42,0.572778534976555
accuracy_80pct,1.5,93.73030948327386,0.83,0.7711462757826331
accuracy_70pct,1.5,91.1078817197888,0.81,0.7265305880341978
accuracy_60pct,1.5,87.04438200001294,0.69,0.6332155505661312
correlation_70pct,1.5,81.74262804802393,0.43,0.5496893339161366
correlation_60pct,1.5,78.2288353225052,0.34,0.5273752124949803
accuracy_80pct,1.5,92.7536184204412,0.84,0.8155945471703937
accuracy_70pct,1.5,88.77186441325567,0.74,0.705816953718347
accuracy_60pct,1.5,85.64231991408239,0.68,0.5915589370506381
correlation_70pct,1.5,84.74578084216185,0.43,0.7200185355200117
correlation_60pct,1.5,80.06129102034447,0.32,0.5429545338022193
accuracy_80pct,1.5,96.64813617661278,0.91,0.9271558883214965
accuracy_70pct,1.5,89.14195599422715,0.77,0.6730209146502448
accuracy_60pct,1.5,83.0964065607847,0.65,0.47403171343079553
correlation_70pct,1.5,84.47890391664805,0.45,0.6363105090837373
correlation_60pct,1.5,75.25414140277647,0.28,0.4568102178590687
accuracy_80pct,1.5,91.60597805127328,0.84,0.7209578511873329
accuracy_70pct,1.5,89.59027009209636,0.77,0.6867635495456592
accuracy_60pct,1.5,84.14617722925732,0.67,0.5092444168519602
correlation_70pct,1.5,83.69075361007204,0.43,0.6470748054965476
correlation_60pct,1.5,79.87275026408783,0.35,0.5022821167247802
accuracy_80pct,1.5,92.44050771821895,0.83,0.7963962478680999
accuracy_70pct,1.5,89.9906423065468,0.76,0.7112176051571295
accuracy_60pct,1.5,88.94269339714396,0.76,0.6555400886912285
correlation_70pct,1.5,86.68500632245319,0.41,0.7317915399480809
correlation_60pct,1.5,79.283862554595,0.34,0.4749933345903387
accuracy_80pct,1.5,92.98131463071928,0.84,0.7920984055783858
accuracy_70pct,1.5,89.99589887016401,0.74,0.6805585269670342
accuracy_60pct,1.5,89.88387252409473,0.76,0.7338317107333371
correlation_70pct,1.5,83.17838031076661,0.41,0.6037054072266815
correlation_60pct,1.5,80.24457521298393,0.31,0.47590000438444774
accuracy_80pct,1.5,92.55435582335801,0.83,0.7572678041949434
accuracy_70pct,1.5,88.08510700306755,0.75,0.5839263708682678
accuracy_60pct,1.5,86.69391234162478,0.72,0.5988518359726313
correlation_70pct,1.5,87.49095679254273,0.47,0.7089642051426773
correlation_60pct,1.5,79.78733577214368,0.34,0.4869936639898337
accuracy_80pct,1.5,92.5792343095585,0.87,0.7569070973569895
accuracy_70pct,1.5,92.9510592584546,0.83,0.7816052590417742
accuracy_60pct,1.5,89.1259775897834,0.75,0.6976005828518561
correlation_70pct,1.5,85.04999146262733,0.42,0.6423935256112533
correlation_60pct,1.5,81.8191424582113,0.42,0.6125231018999352
accuracy_80pct,1.5,91.65941047311566,0.86,0.6946872983735265
accuracy_70pct,1.5,89.25580409936622,0.77,0.6794986542018435
accuracy_60pct,1.5,82.3865671622516,0.69,0.4111081342215144
correlation_70pct,1.5,81.40281710053141,0.36,0.6208154556563156
correlation_60pct,1.5,78.58112673996314,0.33,0.5019059826532724
accuracy_80pct,1.5,90.91751920446237,0.82,0.7423559174698006
accuracy_70pct,1.5,89.00140764381783,0.71,0.7185764086492531
accuracy_60pct,1.5,85.11578996940298,0.66,0.6322413199688484
correlation_70pct,1.5,82.69444062465608,0.38,0.6240956800511526
correlation_60pct,1.5,81.7248278845104,0.39,0.5967135123824754
accuracy_80pct,1.5,94.32809727452343,0.86,0.8030946873231404
accuracy_70pct,1.5,89.86067021330275,0.8,0.6401236798020953
accuracy_60pct,1.5,86.20985233306727,0.7,0.5353990595196304
correlation_70pct,1.5,82.11445299692004,0.39,0.6529733957365905
correlation_60pct,1.5,79.95816475603198,0.36,0.5481728871392503
accuracy_80pct,1.5,92.53115351256602,0.87,0.7397184928173507
accuracy_70pct,1.5,89.80735811390736,0.77,0.7446248413898602
accuracy_60pct,1.5,84.61754805425726,0.69,0.5442440258786093
correlation_70pct,1.5,79.42614427292895,0.33,0.5657495499819182
correlation_60pct,1.5,80.45273789182387,0.34,0.6217628204997548
accuracy_80pct,1.5,94.11285627299648,0.83,0.8641502266663244
accuracy_70pct,1.5,86.43937030241514,0.72,0.5869762850845525
accuracy_60pct,1.5,86.21705097820123,0.69,0.6083460224179094
correlation_70pct,1.5,82.6179262144687,0.39,0.6923348614993998
correlation_60pct,1.5,80.40292372690678,0.41,0.5685118528124822
accuracy_80pct,1.5,94.6733103692944,0.85,0.8610406672338828
accuracy_70pct,1.5,92.10777509341341,0.76,0.826612877038239
accuracy_60pct,1.5,86.61557617236761,0.71,0.6132452625655446
correlation_70pct,1.5,80.36559003195512,0.4,0.6179624287584017
correlation_60pct,1.5,81.30492213862183,0.43,0.5775654056775602
accuracy_80pct,1.5,94.06122034900962,0.88,0.8121734628019324
accuracy_70pct,1.5,86.60312096361645,0.74,0.6116472506925403
accuracy_60pct,1.5,86.03194502649201,0.68,0.5658094081519254
correlation_70pct,1.5,80.18412759838546,0.43,0.5095629029013685
correlation_60pct,1.5,73.16544222910474,0.27,0.3202948698647199
accuracy_80pct,1.5,91.8960320263648,0.83,0.7442731111233599
accuracy_70pct,1.5,86.61019928630344,0.74,0.5860534290123826
accuracy_60pct,1.5,83.4167159081409,0.65,0.5466147670998235
correlation_70pct,1.5,83.2068139239615,0.4,0.6127893251847933
correlation_60pct,1.5,81.75326149770531,0.38,0.5624123921119297
accuracy_80pct,1.5,91.78926224391273,0.83,0.7405794110084752
accuracy_70pct,1.5,88.25411422788608,0.75,0.6186687280533889
accuracy_60pct,1.5,85.39156697667356,0.66,0.587540118111686
correlation_70pct,1.5,84.7813811691889,0.51,0.627980243953921
correlation_60pct,1.5,77.45663815915866,0.39,0.44756965708240276
accuracy_80pct,1.5,95.37604618392625,0.86,0.8741015229483561
accuracy_70pct,1.5,88.56722493010831,0.76,0.6052843054171502
accuracy_60pct,1.5,89.12415583071362,0.73,0.6543732082678047
correlation_70pct,1.5,85.29375446849434,0.53,0.6336085968671858
correlation_60pct,1.5,82.52187827284317,0.43,0.6333342302365684
accuracy_80pct,1.5,94.71064406424605,0.86,0.8488965808193483
accuracy_70pct,1.5,90.62576379274805,0.8,0.7459245833405891
accuracy_60pct,1.5,83.50920872277203,0.66,0.5272523721300181
correlation_70pct,1.5,83.2335141692318,0.46,0.6254358094779513
correlation_60pct,1.5,79.77843569038691,0.32,0.60008938833787
accuracy_80pct,1.5,94.0079082496142,0.85,0.8637611118537843
accuracy_70pct,1.5,91.95656803210844,0.8,0.8035615524659399
accuracy_60pct,1.5,87.02658183649942,0.65,0.6883235196089088
correlation_70pct,1.5,79.50092531519172,0.39,0.6078419961818285
correlation_60pct,1.5,78.6949748451022,0.33,0.5601649014257198
accuracy_80pct,1.5,91.86759841316989,0.84,0.7615209658622057
accuracy_70pct,1.5,89.91412789635942,0.77,0.7259328490671865
accuracy_60pct,1.5,88.51928971677708,0.7,0.6421653895327919
correlation_70pct,1.5,82.56811204955162,0.46,0.5720754167438838
correlation_60pct,1.5,79.06506642607368,0.36,0.5739018973260958
accuracy_80pct,1.5,92.98131463071928,0.84,0.7896473103128783
accuracy_70pct,1.5,90.1418241066375,0.77,0.7260672298637083
accuracy_60pct,1.5,85.95017405268743,0.71,0.5671799758851399
correlation_70pct,1.5,83.09296581882246,0.4,0.619158166214907
correlation_60pct,1.5,80.3477898684416,0.36,0.5685781320685007
accuracy_80pct,1.5,96.23181081893287,0.85,0.9124920703521219
accuracy_70pct,1.5,90.5581747255317,0.78,0.7646420448837659
accuracy_60pct,1.5,85.97337636347939,0.67,0.6919469367014202
correlation_70pct,1.5,85.66557941739043,0.49,0.6845722526177657
correlation_60pct,1.5,75.59568571819358,0.28,0.486660706390827
accuracy_80pct,1.5,94.60387428179399,0.86,0.8512015359135341
accuracy_70pct,1.5,87.4588603374088,0.78,0.6062343841145488
accuracy_60pct,1.5,87.07281561320787,0.68,0.6522219280392857
correlation_70pct,1.5,82.7122407881696,0.42,0.6267179087497882
correlation_60pct,1.5,80.36732339987972,0.33,0.5300858461247504
accuracy_80pct,1.5,97.03776128902241,0.91,0.9093391823393395
accuracy_70pct,1.5,92.54363398253146,0.79,0.7398951463940422
accuracy_60pct,1.5,86.79886036500707,0.7,0.5567006199621196
correlation_70pct,1.5,86.44482964220967,0.49,0.6507916871744525
correlation_60pct,1.5,81.71592780275364,0.37,0.4758788109331198
accuracy_80pct,1.5,94.71064406424607,0.86,0.8530358291630412
accuracy_70pct,1.5,87.18308333013823,0.78,0.539212111663156
accuracy_60pct,1.5,86.79886036500706,0.7,0.6232195227794595
correlation_70pct,1.5,83.54130517790593,0.35,0.6585160957624024
correlation_60pct,1.5,82.4169302494609,0.45,0.5672057305569301
accuracy_80pct,1.5,93.35666277530797,0.85,0.7623395023271314
accuracy_70pct,1.5,88.26839119570701,0.74,0.6564826796364026
accuracy_60pct,1.5,83.07150281336992,0.66,0.5294778732895118
correlation_70pct,1.5,84.2707412378081,0.42,0.5959079523112535
correlation_60pct,1.5,75.71135558240242,0.3,0.412378353186592
accuracy_80pct,1.5,94.40643344378057,0.87,0.8706955777935471
accuracy_70pct,1.5,88.28436960015075,0.76,0.6340364100042375
accuracy_60pct,1.5,82.55193086893054,0.65,0.4172570504041614
correlation_70pct,1.5,84.47000383489127,0.43,0.679490389864664
correlation_60pct,1.5,78.85323496787989,0.34,0.4686830806146294
accuracy_80pct,1.5,92.44940779997572,0.85,0.8002349299087671
accuracy_70pct,1.5,88.66873814894316,0.78,0.7051901596143241
accuracy_60pct,1.5,85.42707891255544,0.65,0.5829653825263192
correlation_70pct,1.5,81.23198811664312,0.34,0.5961764871280048
correlation_60pct,1.5,81.11814001150407,0.34,0.6367025577617097
accuracy_80pct,1.5,96.1552964087455,0.86,0.8932785325425235
accuracy_70pct,1.5,89.41591124242794,0.75,0.70056016415284
accuracy_60pct,1.5,84.4503878497228,0.66,0.5108693286579327
correlation_70pct,1.5,83.17838031076661,0.41,0.6756026285335527
correlation_60pct,1.5,84.86852902905767,0.45,0.6151121830926682
accuracy_80pct,1.5,92.64684863798914,0.84,0.7785892102619778
accuracy_70pct,1.5,89.61517383951113,0.76,0.6818633791074213
accuracy_60pct,1.5,84.83989263968544,0.67,0.5100029073533165
correlation_70pct,1.5,85.38090232836309,0.47,0.6807421829364528
correlation_60pct,1.5,76.66143479110995,0.32,0.46495239354141576
accuracy_80pct,1.5,93.79974557077423,0.82,0.8374264730629378
accuracy_70pct,1.5,90.39624582340018,0.78,0.6553465614386933
accuracy_60pct,1.5,88.92489323363043,0.72,0.5824756587040446
correlation_70pct,1.5,82.12335307867679,0.41,0.5078341506069891
correlation_60pct,1.5,84.48780399840479,0.47,0.5521687263709258
accuracy_80pct,1.5,90.46383489061651,0.8,0.7475207350604106
accuracy_70pct,1.5,87.58160852430461,0.8,0.6471229227906203
accuracy_60pct,1.5,86.50172806722857,0.71,0.6540707511188069
correlation_70pct,1.5,81.22308803488635,0.32,0.6043024940070524
correlation_60pct,1.5,78.52059073421952,0.36,0.5398756569645086
accuracy_80pct,1.5,93.82462405697476,0.86,0.8289150359151356
accuracy_70pct,1.5,90.4638601518308,0.75,0.7511873754058208
accuracy_60pct,1.5,85.91991868042274,0.7,0.5841957282011242
correlation_70pct,1.5,82.49517802757288,0.37,0.6291762112171995
correlation_60pct,1.5,78.86222344078183,0.45,0.516935777673815
accuracy_80pct,1.5,95.48989428906529,0.86,0.8867624896271025
accuracy_70pct,1.5,90.29485292701227,0.75,0.7582621329393723
accuracy_60pct,1.5,83.90053527180446,0.69,0.5257199302315174
correlation_70pct,1.5,80.072012861171,0.36,0.5890836152184644
correlation_60pct,1.5,77.55453312106823,0.32,0.4721771367898956
accuracy_80pct,1.5,93.23573634748195,0.85,0.7886620941714667
accuracy_70pct,1.5,88.26119255057306,0.75,0.551105715222266
accuracy_60pct,1.5,88.76481135178297,0.69,0.653371423502773
correlation_70pct,1.5,84.48780399840481,0.47,0.6338245194347282
correlation_60pct,1.5,80.45981621451085,0.34,0.5701001385454505
accuracy_80pct,1.5,91.02428898691441,0.82,0.7436375387595343
accuracy_70pct,1.5,90.40332414608714,0.78,0.6411949238705411
accuracy_60pct,1.5,87.66170332270066,0.69,0.628753033419484
correlation_70pct,1.5,84.365055811509,0.45,0.6565103425146601
correlation_60pct,1.5,77.79297643338715,0.31,0.3950320277477247
accuracy_80pct,1.5,92.17180903363537,0.83,0.7682122573746422
accuracy_70pct,1.5,89.9906423065468,0.76,0.7476190298678143
accuracy_60pct,1.5,85.903940275979,0.68,0.5893491001191965
correlation_70pct,1.5,84.08037872248167,0.43,0.6762578850235157
correlation_60pct,1.5,78.1523209123178,0.35,0.4245186761225684
accuracy_80pct,1.5,94.32809727452343,0.86,0.7866983566929552
accuracy_70pct,1.5,91.86225345840751,0.77,0.7233474549126258
accuracy_60pct,1.5,84.75642022925805,0.67,0.4662269263575178
correlation_70pct,1.5,84.93614335748828,0.42,0.5916199220938854
correlation_60pct,1.5,77.93352478379649,0.37,0.4356997465053676
accuracy_80pct,1.5,92.10419470520475,0.86,0.7291907559184425
accuracy_70pct,1.5,86.65473162638905,0.74,0.5790951697631286
accuracy_60pct,1.5,87.49621929357474,0.74,0.5910272484248683
correlation_70pct,1.5,85.70649350055075,0.4,0.7138726532146155
correlation_60pct,1.5,79.62540687001214,0.34,0.48545326248917653
accuracy_80pct,1.5,94.71064406424605,0.86,0.8050398368514627
accuracy_70pct,1.5,88.72745239561702,0.73,0.5921534700867478
accuracy_60pct,1.5,89.49780253867951,0.71,0.668885145297361
correlation_70pct,1.5,84.93614335748828,0.42,0.6388286325166881
correlation_60pct,1.5,81.59317961585784,0.35,0.4678330035943837
accuracy_80pct,1.5,94.27478517512802,0.83,0.8921069692817517
accuracy_70pct,1.5,90.56525304821868,0.78,0.7612077859195202
accuracy_60pct,1.5,85.35238626143784,0.68,0.6093590764888668
correlation_70pct,1.5,81.32630269034402,0.37,0.6316278509641712
correlation_60pct,1.5,82.11263123785025,0.37,0.6536304793757505
accuracy_80pct,1.5,93.51151335475251,0.85,0.7880853368566358
accuracy_70pct,1.5,88.75233088181753,0.77,0.6540132395056308
accuracy_60pct,1.5,88.32002711969389,0.69,0.6585167438089439
correlation_70pct,1.5,78.55974618824096,0.39,0.33909819431915517
correlation_60pct,1.5,74.91965014883203,0.33,0.2903728784906393
accuracy_80pct,1.5,93.64671675039948,0.84,0.8271236391728957
accuracy_70pct,1.5,87.03007977097775,0.75,0.5902965452357116
accuracy_60pct,1.5,85.53029356801312,0.7,0.603394961209703
correlation_70pct,1.5,81.24088819839989,0.36,0.6512418946533225
correlation_60pct,1.5,79.44579145672654,0.34,0.5742262714551152
accuracy_80pct,1.5,90.18268099728176,0.83,0.5974161526259933
accuracy_70pct,1.5,90.38026741895642,0.76,0.6759879762073798
accuracy_60pct,1.5,88.7380858452984,0.68,0.6354375211050749
correlation_70pct,1.5,81.47575112251013,0.45,0.5474385262467971
correlation_60pct,1.5,80.14852727135839,0.35,0.5762833268361653
accuracy_80pct,1.5,90.96375298117079,0.85,0.7038122617852395
accuracy_70pct,1.5,90.1418241066375,0.77,0.691641632542951
accuracy_60pct,1.5,86.72942427750665,0.71,0.6132625572442005
correlation_70pct,1.5,83.58580558668976,0.45,0.6146677349744807
correlation_60pct,1.5,79.7767023224623,0.39,0.5875884624229366
accuracy_80pct,1.5,93.64841818702229,0.87,0.7668916384947371
accuracy_70pct,1.5,89.89632773284589,0.73,0.7585086758880399
accuracy_60pct,1.5,87.80932999579699,0.75,0.6255295515517798
correlation_70pct,1.5,82.37242984067709,0.35,0.6370817206196391
correlation_60pct,1.5,78.88533736042862,0.32,0.5843331018888515
accuracy_80pct,1.5,93.53994696794742,0.84,0.8046943363348433
accuracy_70pct,1.5,90.58660833872659,0.77,0.722291486629335
accuracy_60pct,1.5,84.94140585852031,0.69,0.5511683209685759
correlation_70pct,1.5,80.67870073417737,0.41,0.5563759294693476
correlation_60pct,1.5,78.92267105538029,0.33,0.4874982211749048
accuracy_80pct,1.5,91.42281418108081,0.84,0.736806034716879
accuracy_70pct,1.5,89.529759347567,0.75,0.6853791298492459
accuracy_60pct,1.5,83.16399562800105,0.67,0.37827834374182223
correlation_70pct,1.5,84.73688076040509,0.41,0.673867625892633
correlation_60pct,1.5,79.39771065973406,0.34,0.48808905752722137
accuracy_80pct,1.5,92.83013283062857,0.83,0.7968259012496285
accuracy_70pct,1.5,90.77697085405302,0.76,0.7478074919015204
accuracy_60pct,1.5,86.66183521029032,0.69,0.6004435968666901
correlation_70pct,1.5,82.45426394441256,0.46,0.5608466125781434
correlation_60pct,1.5,81.97032425830203,0.43,0.5811984536092144
accuracy_80pct,1.5,92.0187802132606,0.85,0.7280714523629859
accuracy_70pct,1.5,91.74840535326847,0.77,0.7735626991336662
accuracy_60pct,1.5,89.78247962770683,0.73,0.7545973085863835
correlation_70pct,1.5,82.7122407881696,0.42,0.6042874844415279
correlation_60pct,1.5,80.40292372690678,0.41,0.6007540992537835
accuracy_80pct,1.5,91.42281418108081,0.84,0.7108078109902425
accuracy_70pct,1.5,87.41262656070039,0.75,0.6223525506864183
accuracy_60pct,1.5,87.76309621908855,0.72,0.5933252920829393
correlation_70pct,1.5,85.65667933563367,0.47,0.671669899461442
correlation_60pct,1.5,78.63094090488025,0.26,0.42159387542274857
accuracy_80pct,1.5,93.04537383215552,0.86,0.7973766962246219
accuracy_70pct,1.5,91.28226583067146,0.78,0.7653945738848394
accuracy_60pct,1.5,85.1869274935262,0.68,0.5557470864244457
correlation_70pct,1.5,84.8596289473009,0.43,0.6071642312302876
correlation_60pct,1.5,82.40803016770413,0.43,0.6308631773797743
accuracy_80pct,1.5,93.41902054012138,0.84,0.7963101131637083
accuracy_70pct,1.5,91.84089816789961,0.78,0.751322484629057
accuracy_60pct,1.5,85.49833675912562,0.66,0.5329208691079509
correlation_70pct,1.5,86.729506731237,0.51,0.6723749500046385
correlation_60pct,1.5,81.25868836191341,0.4,0.5091135861590519
accuracy_80pct,1.5,91.90493210812156,0.85,0.7851211305063288
accuracy_70pct,1.5,89.32341842779682,0.74,0.7081045155273995
accuracy_60pct,1.5,85.86658131981305,0.72,0.6482871611943863
correlation_70pct,1.5,84.47890391664804,0.45,0.7086854399643633
correlation_60pct,1.5,76.78418297800576,0.34,0.4629131929035409
accuracy_80pct,1.5,89.707641392928,0.82,0.6644644200270416
accuracy_70pct,1.5,87.81823007755375,0.77,0.6207785864648627
accuracy_60pct,1.5,87.0887940176516,0.7,0.6532817868627413
correlation_70pct,1.5,83.35984274433628,0.38,0.6710359173178357
correlation_60pct,1.5,79.74642168898336,0.43,0.5694029416575158
accuracy_80pct,1.5,92.17180903363536,0.83,0.7538044232792946
accuracy_70pct,1.5,86.26510651397943,0.74,0.6095379437776648
accuracy_60pct,1.5,86.27218483666641,0.74,0.5866284199783968
correlation_70pct,1.5,84.74578084216185,0.43,0.6710363033416091
correlation_60pct,1.5,81.76216157946207,0.4,0.5590602634325772
accuracy_80pct,1.5,92.65392696067612,0.84,0.7113836185302203
accuracy_70pct,1.5,89.43908829200564,0.76,0.6791937588082555
accuracy_60pct,1.5,86.4928279854718,0.69,0.5868180573497118
correlation_70pct,1.5,84.86852902905767,0.45,0.6746631446125796
correlation_60pct,1.5,80.3477898684416,0.36,0.5346624439054644
accuracy_80pct,1.5,94.21424916938437,0.86,0.8232911936128421
accuracy_70pct,1.5,92.03126068322604,0.77,0.747665092029803
accuracy_60pct,1.5,86.74722444102018,0.75,0.5531393956194586
correlation_70pct,1.5,82.37950816336405,0.35,0.5529727490189734
correlation_60pct,1.5,80.26237537649746,0.35,0.43129136863634476
accuracy_80pct,1.5,94.22314925114114,0.88,0.822035088247944
accuracy_70pct,1.5,88.48363219723396,0.77,0.6172306462115408
accuracy_60pct,1.5,84.58911444106235,0.7,0.5655284820379305
correlation_70pct,1.5,83.83130196048137,0.49,0.5978734017171226
correlation_60pct,1.5,81.8013422946978,0.38,0.4912947053553264
accuracy_80pct,1.5,94.04524194456587,0.86,0.8403739771854075
accuracy_70pct,1.5,90.48166031534431,0.79,0.7103414511853161
accuracy_60pct,1.5,88.41957299579772,0.75,0.601261536378751
correlation_70pct,1.5,85.06779162614086,0.46,0.6517397189297215
correlation_60pct,1.5,79.36927704653915,0.35,0.5129223514448434
accuracy_80pct,1.5,93.34250612993401,0.85,0.806850630805612
accuracy_70pct,1.5,89.99064230654679,0.76,0.7616159235345599
accuracy_60pct,1.5,84.8400129621324,0.66,0.5734511403605729
correlation_70pct,1.5,80.27127545825421,0.37,0.5344980430467874
correlation_60pct,1.5,80.08091294292777,0.38,0.5297709551076837
accuracy_80pct,1.5,95.11624758109943,0.88,0.8447966919871724
accuracy_70pct,1.5,88.9124380248793,0.75,0.6922018715359508
accuracy_60pct,1.5,86.76152667005539,0.69,0.6673403874372957
correlation_70pct,1.5,84.14799305091228,0.4,0.6893897844505615
correlation_60pct,1.5,77.95305831523463,0.34,0.4938994791631717
accuracy_80pct,1.5,93.06672912266343,0.85,0.7901936545524616
accuracy_70pct,1.5,88.75050912274776,0.75,0.5882086881426263
accuracy_60pct,1.5,87.30585677824831,0.75,0.5458859674808713
correlation_70pct,1.5,86.32208145531385,0.47,0.6886782617806646
correlation_60pct,1.5,81.57179906413563,0.41,0.5240063101416733
accuracy_80pct,1.5,93.60938305544782,0.83,0.8035956406485162
accuracy_70pct,1.5,88.98002709209563,0.77,0.6256842950439259
accuracy_60pct,1.5,90.05461311683784,0.69,0.6716326835480196
correlation_70pct,1.5,82.53251172252455,0.38,0.6329576288625489
correlation_60pct,1.5,81.2586883619134,0.4,0.4814705061261036
accuracy_80pct,1.5,92.16473071094839,0.83,0.7901141376142469
accuracy_70pct,1.5,90.96915512844922,0.77,0.7641122161039154
accuracy_60pct,1.5,83.61597850522408,0.66,0.49478078196924513
correlation_70pct,1.5,83.3011284976624,0.43,0.6138080903845325
correlation_60pct,1.5,78.02067264366524,0.31,0.5115484985513534
accuracy_80pct,1.5,92.99021471247605,0.86,0.7684981438638263
accuracy_70pct,1.5,90.82502638983124,0.81,0.7178266589276714
accuracy_60pct,1.5,88.22923574168556,0.71,0.5914723075061918
correlation_70pct,1.5,83.09296581882246,0.4,0.5520833804740501
correlation_60pct,1.5,78.94937130065058,0.39,0.42418632825823843
accuracy_80pct,1.5,95.56640869925269,0.85,0.8722237628849885
accuracy_70pct,1.5,92.53655565984448,0.79,0.7721327222425697
accuracy_60pct,1.5,90.76807077229626,0.74,0.6931079962077921
correlation_70pct,1.5,86.25446712688324,0.5,0.6644660286234495
correlation_60pct,1.5,80.58438616047646,0.38,0.5491856767280339
accuracy_80pct,1.5,91.6967694292816,0.82,0.7479878511488455
accuracy_70pct,1.5,89.71486529927623,0.76,0.7163436730380672
accuracy_60pct,1.5,88.01581649922841,0.7,0.6403072830963397
correlation_70pct,1.5,84.31165532096841,0.33,0.64455775870654
correlation_60pct,1.5,83.2068139239615,0.4,0.6344784831818273
accuracy_80pct,1.5,92.35509322627482,0.82,0.8065457456088362
accuracy_70pct,1.5,89.53865942932376,0.77,0.6764415492329299
accuracy_60pct,1.5,86.80593868769404,0.7,0.6755851254092152
correlation_70pct,1.5,84.49670408016156,0.49,0.6657511223943148
correlation_60pct,1.5,78.817723031998,0.35,0.5235661338987083
accuracy_80pct,1.5,93.3709397431289,0.84,0.7911457332117704
accuracy_70pct,1.5,88.8643572278868,0.75,0.6020767597610373
accuracy_60pct,1.5,85.91991868042274,0.7,0.5563323942621167
correlation_70pct,1.5,81.1092399297473,0.32,0.5928756763837992
correlation_60pct,1.5,82.00060489178098,0.39,0.5295418037539286
accuracy_80pct,1.5,92.56851246873197,0.83,0.7157440983628457
accuracy_70pct,1.5,89.43908829200565,0.76,0.6457187028714908
accuracy_60pct,1.5,88.59932732265705,0.74,0.6201488857914799
correlation_70pct,1.5,81.83867598964945,0.39,0.5503133060714663
correlation_60pct,1.5,79.48312515167821,0.35,0.40053526431137676
accuracy_80pct,1.5,91.92628739862947,0.84,0.6627258931296663
accuracy_70pct,1.5,92.65040376498352,0.79,0.7202811489982247
accuracy_60pct,1.5,86.89843150232518,0.71,0.5236966369633802
correlation_70pct,1.5,82.10555291516326,0.37,0.5366828245983883
correlation_60pct,1.5,77.51719942611658,0.31,0.45306981804569724
accuracy_80pct,1.5,91.42099242201103,0.82,0.7446153797856464
accuracy_70pct,1.5,88.06912859862382,0.73,0.6394930786624391
accuracy_60pct,1.5,86.78276163811634,0.69,0.6163741581321994
correlation_70pct,1.5,85.63887917212014,0.43,0.6869929020013903
correlation_60pct,1.5,79.44394443644248,0.37,0.565504460666258
accuracy_80pct,1.5,91.21465150224086,0.81,0.7737681176106971
accuracy_70pct,1.5,88.17052149501171,0.76,0.6769586425921232
accuracy_60pct,1.5,88.08328524399778,0.73,0.6318445745586503
correlation_70pct,1.5,76.92648995755397,0.28,0.4057381572461133
correlation_60pct,1.5,77.50829934435981,0.29,0.5320536967501691
accuracy_80pct,1.5,94.59679595910703,0.86,0.8680303471875324
accuracy_70pct,1.5,93.20195777952468,0.79,0.8077287783916322
accuracy_60pct,1.5,87.41618168769477,0.7,0.645600168189863
correlation_70pct,1.5,83.30112849766242,0.43,0.6325002325506766
correlation_60pct,1.5,81.24088819839989,0.36,0.5060504891462694
accuracy_80pct,1.5,93.99900816785744,0.83,0.8246260784985017
accuracy_70pct,1.5,90.11339049344261,0.78,0.7088968947380118
accuracy_60pct,1.5,87.68490563349265,0.65,0.6586171832124251
correlation_70pct,1.5,86.04630444804329,0.47,0.6294018301504216
correlation_60pct,1.5,80.94557765969118,0.39,0.5964191696658817
accuracy_80pct,1.5,93.93139383942682,0.86,0.8240332336048888
accuracy_70pct,1.5,85.69037544986058,0.73,0.5114963861326832
accuracy_60pct,1.5,89.00138238260355,0.76,0.6516855838757261
correlation_70pct,1.5,83.70855377358556,0.47,0.6246226668675399
correlation_60pct,1.5,79.08459995751181,0.33,0.4489309186393044
accuracy_80pct,1.5,91.30714431687197,0.82,0.7460859498158287
accuracy_70pct,1.5,89.12597758978342,0.75,0.7448229482734072
accuracy_60pct,1.5,88.52281291246966,0.75,0.6740228305828412
correlation_70pct,1.5,78.18260154579677,0.31,0.5311593725485116
correlation_60pct,1.5,84.29744148307837,0.48,0.666061693983743
accuracy_80pct,1.5,92.7536184204412,0.84,0.771838717403123
accuracy_70pct,1.5,87.45703857833902,0.76,0.571500482320614
accuracy_60pct,1.5,87.22934236806094,0.76,0.5056452093468413
correlation_70pct,1.5,86.13171893998742,0.48,0.6870278615078232
correlation_60pct,1.5,84.07147864072489,0.41,0.6031846086971995
accuracy_80pct,1.5,92.32483785401013,0.81,0.8192843229020401
accuracy_70pct,1.5,88.09400708482433,0.77,0.6663607122292701
accuracy_60pct,1.5,86.49990630815878,0.69,0.5982720719969522
correlation_70pct,1.5,84.74578084216185,0.43,0.7281966938438911
correlation_60pct,1.5,74.61009457360417,0.27,0.45632907079777807
accuracy_80pct,1.5,93.81572397521799,0.84,0.8160745094189662
accuracy_70pct,1.5,89.99064230654679,0.76,0.7452643758953369
accuracy_60pct,1.5,84.30443735203502,0.68,0.5428174754987595
correlation_70pct,1.5,84.47890391664804,0.45,0.6774935343691985
correlation_60pct,1.5,79.6610071970392,0.42,0.49177560201306486
accuracy_80pct,1.5,93.07380744535041,0.85,0.782503333329691
accuracy_70pct,1.5,91.7110716583168,0.76,0.8185629736520931
accuracy_60pct,1.5,83.32592453013257,0.67,0.42589074411061606
correlation_70pct,1.5,82.79765528011374,0.43,0.6767793274970877
correlation_60pct,1.5,83.0342515721486,0.45,0.6531887308715357
accuracy_80pct,1.5,92.39242692122647,0.83,0.7518613241238453
accuracy_70pct,1.5,91.17549604821942,0.78,0.7239614662419321
accuracy_60pct,1.5,85.93237388917389,0.67,0.5505453710512147
correlation_70pct,1.5,83.74056777498913,0.36,0.6887780008313773
correlation_60pct,1.5,81.16437378821249,0.37,0.4988791481253628
accuracy_80pct,1.5,93.92249375767007,0.84,0.8373324835097293
accuracy_70pct,1.5,88.75415264088731,0.79,0.6319427643910301
accuracy_60pct,1.5,85.3132308074164,0.65,0.5322735425169675
correlation_70pct,1.5,83.03242981307882,0.43,0.591794129367027
correlation_60pct,1.5,83.67295344655852,0.39,0.616728778608358
accuracy_80pct,1.5,95.76567129633587,0.86,0.8762594214196494
accuracy_70pct,1.5,91.25383221747657,0.79,0.7359379322312957
accuracy_60pct,1.5,86.95188918538183,0.68,0.6574941638154754
correlation_70pct,1.5,83.68185352831527,0.41,0.6200271271893744
correlation_60pct,1.5,77.74134050940027,0.36,0.3763343123404574
accuracy_80pct,1.5,95.2692764014742,0.86,0.8700946718801068
accuracy_70pct,1.5,87.96943713885874,0.73,0.6269465323108203
accuracy_60pct,1.5,85.6281632687084,0.68,0.6059629366503262
correlation_70pct,1.5,83.33672882468947,0.51,0.6397346273481958
correlation_60pct,1.5,81.59317961585784,0.35,0.6331444276929769
accuracy_80pct,1.5,92.66820392849705,0.83,0.7787079041220605
accuracy_70pct,1.5,90.54924938256066,0.81,0.7135072358421674
accuracy_60pct,1.5,84.36849655347123,0.7,0.49903100196544714
correlation_70pct,1.5,83.6996536918288,0.45,0.5952615817122906
correlation_60pct,1.5,77.9317030247267,0.35,0.4159201086718549
accuracy_80pct,1.5,93.26599171974661,0.86,0.8279932314591993
accuracy_70pct,1.5,92.52227869202355,0.8,0.7834243000217824
accuracy_60pct,1.5,86.31136555190213,0.72,0.6214547727172005
correlation_70pct,1.5,80.55768591520615,0.32,0.5715918060332708
correlation_60pct,1.5,80.10396967005852,0.4,0.5131588126052777
accuracy_80pct,1.5,92.76069674312818,0.84,0.7869728114103776
accuracy_70pct,1.5,88.8359236146919,0.76,0.7067571672667928
accuracy_60pct,1.5,87.11904938991627,0.71,0.6122264981331177
correlation_70pct,1.5,82.5129781910864,0.41,0.6382160939607584
correlation_60pct,1.5,75.0940342597147,0.3,0.5085549677330693
accuracy_80pct,1.5,94.52028154891963,0.87,0.8559484457520111
accuracy_70pct,1.5,91.28934415335844,0.78,0.712772475724928
accuracy_60pct,1.5,86.76860499274238,0.69,0.623851915555891
correlation_70pct,1.5,83.0342515721486,0.45,0.5828945207367175
correlation_60pct,1.5,80.66090057066383,0.37,0.4925344853075892
accuracy_80pct,1.5,93.21975794303819,0.83,0.7868199451017759
accuracy_70pct,1.5,90.78587093580978,0.78,0.7182647316691126
accuracy_60pct,1.5,87.32721206875624,0.74,0.5086831384931852
correlation_70pct,1.5,86.1406190217442,0.5,0.6710068385308364
correlation_60pct,1.5,81.65721355607978,0.42,0.4823214634318049
accuracy_80pct,1.5,91.80353921173366,0.82,0.7752950750026525
accuracy_70pct,1.5,92.0401607649828,0.79,0.720099620058313
accuracy_60pct,1.5,86.29356538838861,0.68,0.511904887991693
correlation_70pct,1.5,87.49095679254272,0.47,0.7292861485389796
correlation_60pct,1.5,80.04531261590073,0.3,0.48575372403813316
accuracy_80pct,1.5,94.08442265980159,0.84,0.8351822811958777
accuracy_70pct,1.5,91.09898163803203,0.79,0.7083984840975376
accuracy_60pct,1.5,88.13674292705443,0.7,0.6176043300398522
correlation_70pct,1.5,83.61423919988465,0.44,0.6354478033979679
correlation_60pct,1.5,82.5894926012738,0.4,0.6044011401514479
accuracy_80pct,1.5,95.84218570652325,0.85,0.866764791493657
accuracy_70pct,1.5,88.7896645767692,0.78,0.5764093432264844
accuracy_60pct,1.5,88.25949111395025,0.72,0.6237497244370641
correlation_70pct,1.5,86.30428129180032,0.43,0.6412206208975483
correlation_60pct,1.5,81.05052568307346,0.37,0.46210465405490364
accuracy_80pct,1.5,93.664516913913,0.88,0.8101280208940607
accuracy_70pct,1.5,92.14693054743486,0.79,0.7717074789301356
accuracy_60pct,1.5,86.63510970380574,0.68,0.5868174680007586
correlation_70pct,1.5,79.94926467427521,0.34,0.5800076803125626
correlation_60pct,1.5,77.8303101283388,0.32,0.4560603626699121
accuracy_80pct,1.5,91.26088527894927,0.84,0.6846149178989516
accuracy_70pct,1.5,90.01017583798493,0.73,0.6923520083240766
accuracy_60pct,1.5,86.96786758982557,0.7,0.6415549687017448
correlation_70pct,1.5,82.89370322173929,0.39,0.5789343879941082
correlation_60pct,1.5,77.68976177792948,0.26,0.5121503228529244
accuracy_80pct,1.5,92.86746652558023,0.84,0.7959131166454333
accuracy_70pct,1.5,91.9636463547954,0.8,0.7777919562485924
accuracy_60pct,1.5,87.3504143795482,0.7,0.7029112367750333
correlation_70pct,1.5,85.83814176920333,0.44,0.7066005321384433
correlation_60pct,1.5,75.99961305963842,0.22,0.5002688751906534
accuracy_80pct,1.5,93.64671675039949,0.84,0.8177007952131611
accuracy_70pct,1.5,91.32667784831011,0.79,0.6897843157711193
accuracy_60pct,1.5,88.84130050075606,0.73,0.6659755609135776
correlation_70pct,1.5,83.10186590057923,0.42,0.6534826776704801
correlation_60pct,1.5,81.23198811664312,0.34,0.5914672688085174
accuracy_80pct,1.5,91.8889537036778,0.83,0.7483989192421225
accuracy_70pct,1.5,85.7579897782912,0.7,0.5218972919811107
accuracy_60pct,1.5,87.53187681311788,0.67,0.6630279211045744
correlation_70pct,1.5,83.69075361007204,0.43,0.6267484694201858
correlation_60pct,1.5,79.59523988889264,0.42,0.5257158428576919
accuracy_80pct,1.5,94.58789587735026,0.84,0.8654021095760198
accuracy_70pct,1.5,88.4676537927902,0.75,0.6463452763825711
accuracy_60pct,1.5,87.38592631543008,0.69,0.6203492339444062
correlation_70pct,1.5,84.3383555662387,0.39,0.6234860711201518
correlation_60pct,1.5,82.52361164076778,0.36,0.5830514634340802
accuracy_80pct,1.5,91.73592488330303,0.85,0.7474059793214222
accuracy_70pct,1.5,90.82320463076144,0.79,0.7065909799358205
accuracy_60pct,1.5,83.03061399142386,0.7,0.5437749099432254
correlation_70pct,1.5,81.49528465394826,0.42,0.6001780462263749
correlation_60pct,1.5,76.19529526851295,0.33,0.46758822628081986
accuracy_80pct,1.5,93.25709163798984,0.84,0.842104303499163
accuracy_70pct,1.5,90.42650119566484,0.79,0.7265837831656453
accuracy_60pct,1.5,84.47344457685352,0.68,0.5508498290697942
correlation_70pct,1.5,86.4359295604529,0.47,0.7369113857909738
correlation_60pct,1.5,80.01687900270582,0.31,0.587253894466272
accuracy_80pct,1.5,92.56325590511477,0.85,0.769762350173059
accuracy_70pct,1.5,91.13108403058075,0.77,0.7466342757871178
accuracy_60pct,1.5,88.41434169339479,0.72,0.6485831238251112
correlation_70pct,1.5,83.94873045382909,0.39,0.6341866472727492
correlation_60pct,1.5,79.2162482261644,0.37,0.465097403595602
accuracy_80pct,1.5,94.49002617665495,0.86,0.8137261387699655
accuracy_70pct,1.5,91.74840535326848,0.77,0.7618901142199531
accuracy_60pct,1.5,90.59906354747775,0.74,0.7453250051468916
correlation_70pct,1.5,84.77248108743214,0.49,0.6934522241199471
correlation_60pct,1.5,82.02013842321911,0.36,0.5803526073261744
accuracy_80pct,1.5,92.69126065562777,0.85,0.7331849916399116
accuracy_70pct,1.5,90.87484055474832,0.74,0.7369779377011595
accuracy_60pct,1.5,85.70649943796559,0.69,0.604957496057279
correlation_70pct,1.5,84.7155002086829,0.47,0.6620663848176837
correlation_60pct,1.5,78.351583509401,0.36,0.5533607442850342
accuracy_80pct,1.5,93.84597934748267,0.85,0.822858947993134
accuracy_70pct,1.5,88.30754664972845,0.77,0.6776149425497162
accuracy_60pct,1.5,86.22595105995799,0.71,0.5922781029618319
correlation_70pct,1.5,83.96653061734261,0.43,0.6759347358460053
correlation_60pct,1.5,78.30534973269258,0.33,0.4806648866110941
accuracy_80pct,1.5,93.42609886280837,0.84,0.7837288482920614
accuracy_70pct,1.5,87.51939634315245,0.75,0.5878705073185084
accuracy_60pct,1.5,85.05525396365934,0.69,0.5300683965757991
correlation_70pct,1.5,85.26705422322405,0.47,0.6721018529151613
correlation_60pct,1.5,85.86484201447362,0.5,0.6737901246798257
accuracy_80pct,1.5,93.34250612993401,0.85,0.7848924369209079
accuracy_70pct,1.5,88.48363219723396,0.77,0.6439921821856838
accuracy_60pct,1.5,85.35946458412482,0.68,0.5103828964748026
correlation_70pct,1.5,84.5376181633219,0.4,0.6900833186744937
correlation_60pct,1.5,75.94979889472133,0.29,0.40057867208703013
accuracy_80pct,1.5,92.6841823329408,0.85,0.7883640826598582
accuracy_70pct,1.5,86.547961843937,0.74,0.6141925619152409
accuracy_60pct,1.5,84.97166123078497,0.7,0.5489113387238408
correlation_70pct,1.5,81.93116880428059,0.4,0.593499481751014
correlation_60pct,1.5,80.44210444214251,0.39,0.5793584597993083
accuracy_80pct,1.5,93.45805567169586,0.88,0.7360989427711669
accuracy_70pct,1.5,86.7169690687555,0.74,0.5554944257602911
accuracy_60pct,1.5,85.2385381562988,0.68,0.5338077051046342
correlation_70pct,1.5,83.19618047428014,0.45,0.6043057344620243
correlation_60pct,1.5,78.77148925528958,0.32,0.5115949372192853
accuracy_80pct,1.5,95.27817648323095,0.88,0.8646305588287629
accuracy_70pct,1.5,89.60991727589393,0.78,0.7237568829959286
accuracy_60pct,1.5,84.69588422351441,0.7,0.5438244617856988
correlation_70pct,1.5,82.89370322173926,0.39,0.630504272851367
correlation_60pct,1.5,81.83867598964946,0.39,0.6016095110299159
accuracy_80pct,1.5,94.38863328026706,0.83,0.8256312069124131
accuracy_70pct,1.5,90.8837406365051,0.76,0.7543683540397156
accuracy_60pct,1.5,88.32892720145065,0.71,0.6870095108070403
correlation_70pct,1.5,84.46642344668261,0.53,0.5948919910852474
correlation_60pct,1.5,83.04315165390535,0.47,0.5704024683953347
accuracy_80pct,1.5,93.90113846716214,0.85,0.8046966429326577
accuracy_70pct,1.5,91.84271992696938,0.8,0.7603115056420957
accuracy_60pct,1.5,85.37374155194576,0.67,0.545602061632134
correlation_70pct,1.5,88.48726977795869,0.52,0.709663535878955
correlation_60pct,1.5,83.56618366410645,0.39,0.6312415917396732
accuracy_80pct,1.5,91.2235515839976,0.83,0.7370413002487696
accuracy_70pct,1.5,90.23613868033841,0.8,0.706494568417902
accuracy_60pct,1.5,86.28466530663187,0.66,0.5964554012161124
correlation_70pct,1.5,85.43961657503695,0.42,0.7005740073842652
correlation_60pct,1.5,79.89945050935813,0.41,0.5404125690542738
accuracy_80pct,1.5,92.74471833868444,0.82,0.7834749015940803
accuracy_70pct,1.5,89.74329891247112,0.75,0.6451062110086501
accuracy_60pct,1.5,86.86647469343768,0.67,0.6190727233872189
correlation_70pct,1.5,83.59643903637112,0.4,0.5932961541198482
correlation_60pct,1.5,80.87796333126055,0.42,0.5553266737077082
accuracy_80pct,1.5,95.77274961902285,0.86,0.8668953145753028
accuracy_70pct,1.5,92.6308702335454,0.82,0.809753573423052
accuracy_60pct,1.5,85.903940275979,0.68,0.5544138421824625
correlation_70pct,1.5,86.31318137355709,0.45,0.7057190456948432
correlation_60pct,1.5,81.70702772099688,0.35,0.565570849600742
accuracy_80pct,1.5,92.49381981761437,0.86,0.7528693199143005
accuracy_70pct,1.5,89.26825930811736,0.74,0.7025938444977614
accuracy_60pct,1.5,85.6601200775959,0.72,0.5213390179701639
correlation_70pct,1.5,80.19476104806682,0.38,0.5909010612514475
correlation_60pct,1.5,79.32119624954667,0.35,0.45901422843188344
accuracy_80pct,1.5,94.43486705697548,0.86,0.8423281948569185
accuracy_70pct,1.5,88.64556109936548,0.77,0.6262933726777657
accuracy_60pct,1.5,89.30744002335308,0.72,0.6776185142645075
correlation_70pct,1.5,83.69965369182879,0.45,0.5946446361216953
correlation_60pct,1.5,81.21953290789196,0.37,0.5823811638078755
accuracy_80pct,1.5,92.49381981761435,0.86,0.7970594800102662
accuracy_70pct,1.5,91.48152842775465,0.79,0.8087111066469403
accuracy_60pct,1.5,84.25294701170938,0.67,0.6278665869499209
correlation_70pct,1.5,82.36352975892032,0.33,0.7065661323754913
correlation_60pct,1.5,76.52620613424871,0.38,0.4753909681720013
accuracy_80pct,1.5,91.9654681138652,0.82,0.7768846276405439
accuracy_70pct,1.5,91.56512116062902,0.78,0.7526719762798164
accuracy_60pct,1.5,85.73845624685308,0.73,0.5727089293837859
correlation_70pct,1.5,84.1657932144258,0.44,0.6981391962129009
correlation_60pct,1.5,81.52556528742721,0.38,0.5359454340118784
accuracy_80pct,1.5,92.46894133141386,0.82,0.7768493774996574
accuracy_70pct,1.5,91.5669429196988,0.8,0.7775899639766666
accuracy_60pct,1.5,82.9273993359662,0.65,0.47773189842665936
correlation_70pct,1.5,79.18599285389972,0.36,0.4744498201392352
correlation_60pct,1.5,78.72875341305947,0.39,0.4595116138405761
accuracy_80pct,1.5,92.43868595914917,0.81,0.7781935281480471
accuracy_70pct,1.5,90.42650119566486,0.79,0.7306766929740112
accuracy_60pct,1.5,85.82742586579161,0.69,0.5961366257699526
correlation_70pct,1.5,84.12661249919009,0.46,0.6661144856196182
correlation_60pct,1.5,80.89576349477409,0.46,0.5800989479054879
accuracy_80pct,1.5,93.93139383942682,0.86,0.8086102320187786
accuracy_70pct,1.5,91.13816235326775,0.77,0.7478489545047591
accuracy_60pct,1.5,88.83947874168629,0.71,0.6317640183872227
correlation_70pct,1.5,81.04162560131668,0.35,0.5694200341942965
correlation_60pct,1.5,78.52949081597629,0.38,0.45265210580312515
accuracy_80pct,1.5,93.41012045836462,0.82,0.831355146013188
accuracy_70pct,1.5,90.70045644386563,0.77,0.7340230874836384
accuracy_60pct,1.5,84.53398058259717,0.65,0.542962176859815
correlation_70pct,1.5,79.283862554595,0.34,0.5306060786494939
correlation_60pct,1.5,76.18639518675619,0.31,0.40946074874908645
accuracy_80pct,1.5,93.34250612993401,0.85,0.8270713878346314
accuracy_70pct,1.5,89.15085607598392,0.79,0.7173149641061128
accuracy_60pct,1.5,87.26499988760406,0.69,0.7017945946653755
correlation_70pct,1.5,78.94047121889382,0.37,0.6016680397010161
correlation_60pct,1.5,77.99223903047034,0.32,0.5439921510204936
accuracy_80pct,1.5,92.94398093576763,0.83,0.7919432500926531
accuracy_70pct,1.5,89.20416817537932,0.82,0.6011923931503836
accuracy_60pct,1.5,85.3897199563895,0.69,0.563046560980562
correlation_70pct,1.5,84.46110375313452,0.41,0.6483182593582028
correlation_60pct,1.5,80.66980065242058,0.39,0.5381214977195339
accuracy_80pct,1.5,94.71954414600282,0.88,0.8549375705669884
accuracy_70pct,1.5,92.46894133141384,0.82,0.8029718611027068
accuracy_60pct,1.5,88.15272133149817,0.72,0.6855286337665684
correlation_70pct,1.5,82.22830110205908,0.39,0.5961297818974753
correlation_60pct,1.5,80.48833821885093,0.42,0.5578663930510659
accuracy_80pct,1.5,94.9953211532734,0.88,0.8786884147303358
accuracy_70pct,1.5,88.18479846283265,0.75,0.6519871885748828
accuracy_60pct,1.5,83.04306920017503,0.67,0.47432836515878146
correlation_70pct,1.5,85.54283123049461,0.47,0.7647456576807283
correlation_60pct,1.5,79.89055042760134,0.39,0.5799512262846185
accuracy_80pct,1.5,91.62915510085097,0.85,0.7740919790659762
accuracy_70pct,1.5,90.61686371099128,0.78,0.7842031356067608
accuracy_60pct,1.5,86.1796920220353,0.73,0.6835899022342263
correlation_70pct,1.5,84.76358100567538,0.47,0.725557003798735
correlation_60pct,1.5,74.11552143781228,0.29,0.43981760068069675
accuracy_80pct,1.5,93.73213124234363,0.85,0.8341125101256731
accuracy_70pct,1.5,90.10449041168584,0.76,0.7132334443278702
accuracy_60pct,1.5,85.97337636347939,0.67,0.6243817318592748
correlation_70pct,1.5,83.49149101298885,0.42,0.5723864263326448
correlation_60pct,1.5,82.5129781910864,0.41,0.6150299804513654
accuracy_80pct,1.5,92.88344493002398,0.86,0.7957440181125398
accuracy_70pct,1.5,89.75927731691486,0.77,0.6872191368929408
accuracy_60pct,1.5,86.50172806722856,0.71,0.6184880871321814
correlation_70pct,1.5,84.19422682762071,0.43,0.6285641706570317
correlation_60pct,1.5,81.33520277210079,0.39,0.5647209088394746
accuracy_80pct,1.5,93.26599171974662,0.86,0.8118573484042197
accuracy_70pct,1.5,90.64714434447022,0.74,0.7204237272310483
accuracy_60pct,1.5,88.55832484835155,0.74,0.5865817651247149
correlation_70pct,1.5,83.63203936339818,0.48,0.5311427623310877
correlation_60pct,1.5,80.75339338529496,0.38,0.5734460379402497
accuracy_80pct,1.5,94.0079082496142,0.85,0.8371340706280543
accuracy_70pct,1.5,90.73071181613031,0.78,0.7463901323543966
accuracy_60pct,1.5,85.99643309061011,0.69,0.5536127864446847
correlation_70pct,1.5,84.18532674586395,0.41,0.6813369151156513
correlation_60pct,1.5,81.39391701877464,0.34,0.5469412728414808
accuracy_80pct,1.5,94.29784190225874,0.85,0.8281582211549883
accuracy_70pct,1.5,91.84271992696938,0.8,0.8120782193062515
accuracy_60pct,1.5,88.73270895923422,0.71,0.6855377074914917
correlation_70pct,1.5,84.0981788859952,0.47,0.6458576059714872
correlation_60pct,1.5,78.02957272542201,0.33,0.4803369884144933
accuracy_80pct,1.5,93.82462405697474,0.86,0.8216778504946474
accuracy_70pct,1.5,90.86946366868415,0.77,0.7149523991080721
accuracy_60pct,1.5,86.62973281774158,0.71,0.5591261956785343
correlation_70pct,1.5,83.81350179696784,0.45,0.5940911841229255
correlation_60pct,1.5,79.66285421732326,0.39,0.48398747535160175
accuracy_80pct,1.5,93.19655563224623,0.87,0.8019252349407157
accuracy_70pct,1.5,90.73961189788709,0.8,0.7705360648697457
accuracy_60pct,1.5,84.20656765133971,0.7,0.5234838156493727
correlation_70pct,1.5,82.22830110205908,0.39,0.6649868608019449
correlation_60pct,1.5,79.36745528746937,0.33,0.5840484174455168
accuracy_80pct,1.5,93.33360604817724,0.83,0.7832210191843498
accuracy_70pct,1.5,89.2558040993662,0.77,0.6095235992454764
accuracy_60pct,1.5,88.68829694159558,0.7,0.6380923767686143
correlation_70pct,1.5,83.56800542317622,0.41,0.5827771649079091
correlation_60pct,1.5,81.92409048159361,0.4,0.4764079773311288
accuracy_80pct,1.5,93.10590983789915,0.83,0.8253346260444239
accuracy_70pct,1.5,91.63455724812943,0.77,0.7883216982045439
accuracy_60pct,1.5,85.07831069079009,0.71,0.5097417585136039
correlation_70pct,1.5,83.60533911812789,0.42,0.6313853347011363
correlation_60pct,1.5,77.85701037360911,0.38,0.5477114887859169
accuracy_80pct,1.5,91.22172982492783,0.81,0.7411942471088386
accuracy_70pct,1.5,88.20077686727639,0.77,0.5941621219354654
accuracy_60pct,1.5,88.87865945692201,0.69,0.6847144495197882
correlation_70pct,1.5,82.58059251951703,0.38,0.6104854454265287
correlation_60pct,1.5,79.50982539694849,0.41,0.5405375572782319
accuracy_80pct,1.5,94.07552257804483,0.82,0.8625125818937797
accuracy_70pct,1.5,89.95146159131107,0.78,0.7051030566980864
accuracy_60pct,1.5,88.94269339714396,0.76,0.685337083606455
correlation_70pct,1.5,81.4312507137263,0.35,0.5798704779755374
correlation_60pct,1.5,77.28765619555442,0.34,0.4632644974584979
accuracy_80pct,1.5,93.32470596642048,0.81,0.8266266818964901
accuracy_70pct,1.5,92.53655565984448,0.79,0.7883186224523164
accuracy_60pct,1.5,85.64231991408239,0.68,0.5319783722304393
correlation_70pct,1.5,82.87590305822573,0.35,0.6190713239619683
correlation_60pct,1.5,79.36927704653915,0.35,0.5839526938164643
accuracy_80pct,1.5,92.47784141317061,0.84,0.7983917681275257
accuracy_70pct,1.5,88.01749267463694,0.78,0.6652271407611016
accuracy_60pct,1.5,83.99132664981278,0.67,0.48389523534635204
correlation_70pct,1.5,79.77843569038691,0.32,0.5609515515526182
correlation_60pct,1.5,77.41040438245022,0.36,0.41116993877564834
accuracy_80pct,1.5,94.12175635475324,0.85,0.8647574326957332
accuracy_70pct,1.5,91.32852486859417,0.76,0.7738823500231803
accuracy_60pct,1.5,88.22033565992879,0.69,0.6912846207527038
correlation_70pct,1.5,82.35994937071165,0.43,0.6187143879114843
correlation_60pct,1.5,78.15590130052648,0.25,0.5376955439742693
accuracy_80pct,1.5,90.36766662654401,0.85,0.6860156499944104
accuracy_70pct,1.5,88.65971774473945,0.77,0.6737689349837952
accuracy_60pct,1.5,82.92739933596619,0.65,0.5551480320666041
correlation_70pct,1.5,79.29276263635177,0.36,0.5676144004048013
correlation_60pct,1.5,80.10579142912829,0.42,0.5488044574734894
accuracy_80pct,1.5,93.68589746563521,0.82,0.8629673224021934
accuracy_70pct,1.5,87.07631354768617,0.78,0.5754617146786548
accuracy_60pct,1.5,86.47855101765087,0.7,0.6315275515803735
correlation_70pct,1.5,78.84800366547697,0.31,0.5629234855345671
correlation_60pct,1.5,76.5065842116654,0.32,0.46271256451512127
accuracy_80pct,1.5,93.80682389346123,0.82,0.8038864595074162
accuracy_70pct,1.5,87.44996025565204,0.76,0.5587998217634564
accuracy_60pct,1.5,89.30744002335308,0.72,0.6857509598116132
correlation_70pct,1.5,82.1482315648773,0.45,0.5572826222713244
correlation_60pct,1.5,79.76953560863015,0.3,0.43980963779542614
accuracy_80pct,1.5,92.95288101752439,0.85,0.7762862185185443
accuracy_70pct,1.5,92.1380304656781,0.77,0.7526971469356344
accuracy_60pct,1.5,84.93788266282772,0.64,0.5016062904734243
correlation_70pct,1.5,86.51244397064029,0.46,0.6209183305571807
correlation_60pct,1.5,83.30112849766242,0.43,0.5741736461945369
accuracy_80pct,1.5,92.66820392849705,0.83,0.8309444939211653
accuracy_70pct,1.5,86.44119206148494,0.74,0.6260099485944367
accuracy_60pct,1.5,86.2953871474584,0.7,0.6750550463735073
correlation_70pct,1.5,80.33888978668483,0.34,0.5438212803363619
correlation_60pct,1.5,79.29276263635177,0.36,0.5157585878390945
accuracy_80pct,1.5,94.18937068318387,0.82,0.8559764299801316
accuracy_70pct,1.5,89.20249199997079,0.74,0.7005442902170648
accuracy_60pct,1.5,85.50541508181261,0.66,0.6104439081405911
correlation_70pct,1.5,83.69075361007204,0.43,0.6625159553777352
correlation_60pct,1.5,81.17327386996925,0.39,0.5628988951907081
accuracy_80pct,1.5,93.0756292044202,0.87,0.7582164837094584
accuracy_70pct,1.5,91.6416355708164,0.77,0.7252755646024653
accuracy_60pct,1.5,88.39298640288688,0.73,0.6797662099929436
correlation_70pct,1.5,81.41171718228816,0.38,0.5726117378778439
correlation_60pct,1.5,83.01645140863508,0.41,0.5205313163391785
accuracy_80pct,1.5,95.76567129633588,0.86,0.9026684485020223
accuracy_70pct,1.5,90.656044426227,0.76,0.7622107282050875
accuracy_60pct,1.5,87.7790746235323,0.74,0.6208138465929989
correlation_70pct,1.5,82.79765528011374,0.43,0.6280022547521993
correlation_60pct,1.5,83.6017839911335,0.47,0.6061742545772905
accuracy_80pct,1.5,93.02939542771178,0.84,0.8285096222033593
accuracy_70pct,1.5,90.656044426227,0.76,0.7713315444307772
accuracy_60pct,1.5,85.22963807454204,0.66,0.5629834652900907
correlation_70pct,1.5,84.8596289473009,0.43,0.6896606490591313
correlation_60pct,1.5,78.72167509037249,0.39,0.5012618013254884
accuracy_80pct,1.5,92.83013283062857,0.83,0.8050226718615989
accuracy_70pct,1.5,90.5403493008039,0.79,0.7033061750796248
accuracy_60pct,1.5,90.46386015183077,0.75,0.6660004572700876
correlation_70pct,1.5,82.12335307867679,0.41,0.5882265415999992
correlation_60pct,1.5,82.81718881155187,0.4,0.5689303612030826
accuracy_80pct,1.5,91.49932859126818,0.83,0.7238154772917788
accuracy_70pct,1.5,88.3679623330251,0.75,0.6116877126339766
accuracy_60pct,1.5,85.55872718120801,0.69,0.5183830805253636
correlation_70pct,1.5,82.34214920719812,0.39,0.6096103607431658
correlation_60pct,1.5,80.3210896231713,0.3,0.5403676155812966
accuracy_80pct,1.5,93.8370792657259,0.83,0.8285537843855909
accuracy_70pct,1.5,90.2894760409481,0.78,0.6537475218509532
accuracy_60pct,1.5,85.8825597242568,0.74,0.48406953631969235
correlation_70pct,1.5,87.1013316801331,0.47,0.7775022047252507
correlation_60pct,1.5,84.05367847721136,0.37,0.5725911417626343
accuracy_80pct,1.5,91.90493210812156,0.85,0.76705609726929
accuracy_70pct,1.5,87.22934236806094,0.76,0.6176048884934312
accuracy_60pct,1.5,87.61546954599224,0.66,0.6836997840719251
correlation_70pct,1.5,86.65299232104962,0.52,0.7344980725229118
correlation_60pct,1.5,78.351583509401,0.36,0.5620593627962189
accuracy_80pct,1.5,91.42099242201103,0.82,0.688248294021105
accuracy_70pct,1.5,92.73581825692767,0.8,0.7816314507780641
accuracy_60pct,1.5,86.60485433154106,0.67,0.5493605662853955
correlation_70pct,1.5,80.63246695746892,0.38,0.534471566510324
correlation_60pct,1.5,84.6105521853006,0.49,0.6131343580250419
accuracy_80pct,1.5,94.58789587735025,0.84,0.8222289240764704
accuracy_70pct,1.5,90.50119384678246,0.76,0.7017381038813032
accuracy_60pct,1.5,89.200670240901,0.72,0.6242028987324545
correlation_70pct,1.5,83.50929117650236,0.46,0.586443487229092
correlation_60pct,1.5,81.0309921516353,0.4,0.47166453560934307
accuracy_80pct,1.5,91.46014787603247,0.85,0.7107772763556978
accuracy_70pct,1.5,87.44288193296507,0.76,0.6177942055837189
accuracy_60pct,1.5,86.97494591251255,0.7,0.6242269883143442
correlation_70pct,1.5,85.2759543049808,0.49,0.7098947627199085
correlation_60pct,1.5,83.44167684807175,0.49,0.5934296744285726
accuracy_80pct,1.5,92.37107163071855,0.84,0.8064342941949785
accuracy_70pct,1.5,89.15441120297831,0.74,0.7570706574936841
accuracy_60pct,1.5,85.53567045407729,0.67,0.6560192306007235
correlation_70pct,1.5,83.50929117650237,0.46,0.67011618828918
correlation_60pct,1.5,79.09350003926859,0.35,0.5336711031321741
accuracy_80pct,1.5,93.46525431682981,0.87,0.8092869385536156
accuracy_70pct,1.5,89.69168824969853,0.75,0.681860245774729
accuracy_60pct,1.5,85.82034754310462,0.69,0.6028355432631437
correlation_70pct,1.5,83.35984274433628,0.38,0.5719466376072506
correlation_60pct,1.5,79.39771065973406,0.34,0.48881863565111877
accuracy_80pct,1.5,93.25709163798984,0.84,0.7950017574940443
accuracy_70pct,1.5,93.28737227146883,0.8,0.8172392586628128
accuracy_60pct,1.5,88.43387522483293,0.69,0.6829505711441166
correlation_70pct,1.5,82.48269755760745,0.45,0.576691734224887
correlation_60pct,1.5,77.4406850159292,0.32,0.4607651200001324
accuracy_80pct,1.5,91.622076778164,0.85,0.7521267109749722
accuracy_70pct,1.5,86.83263893296433,0.76,0.5866396595033895
accuracy_60pct,1.5,86.23828594626218,0.69,0.49599179677818545
correlation_70pct,1.5,85.25815414146727,0.45,0.636304667922099
correlation_60pct,1.5,75.51209298531923,0.29,0.3333742783860797
accuracy_80pct,1.5,94.58789587735025,0.84,0.8609407098392113
accuracy_70pct,1.5,92.29995936780962,0.77,0.7293346598174065
accuracy_60pct,1.5,85.41292226718149,0.65,0.492436841499068
correlation_70pct,1.5,87.13693200716017,0.55,0.7188540380777416
correlation_60pct,1.5,81.44905087723984,0.39,0.47239122450354465
accuracy_80pct,1.5,94.01498657230118,0.85,0.8134237540155533
accuracy_70pct,1.5,88.85727890519982,0.75,0.6407572488410602
accuracy_60pct,1.5,87.64216979126253,0.72,0.6458098281677064
correlation_70pct,1.5,84.80091470062703,0.48,0.6520633042280436
correlation_60pct,1.5,81.39033663056597,0.44,0.6061808202307187
accuracy_80pct,1.5,94.3369973562802,0.88,0.8500253351156513
accuracy_70pct,1.5,91.48152842775465,0.79,0.801337729531451
accuracy_60pct,1.5,85.09076589954122,0.68,0.5759356428147567
correlation_70pct,1.5,80.98291135464282,0.4,0.6135646656807394
correlation_60pct,1.5,80.63064519839915,0.36,0.5571984935045727
accuracy_80pct,1.5,94.52028154891963,0.87,0.8206068222096758
accuracy_70pct,1.5,88.78258625408222,0.78,0.5926570713109619
accuracy_60pct,1.5,89.21312544965217,0.69,0.6543335800789504
correlation_70pct,1.5,85.24035397795376,0.41,0.6276031756299554
correlation_60pct,1.5,83.32956211085731,0.42,0.5327847565167756
accuracy_80pct,1.5,92.79985219714962,0.87,0.7780093156080937
accuracy_70pct,1.5,88.31462497241543,0.77,0.7030964529241944
accuracy_60pct,1.5,83.31884620744559,0.67,0.5745075846726372
correlation_70pct,1.5,84.96992192544556,0.48,0.6828081651089896
correlation_60pct,1.5,77.13647439546372,0.33,0.4977593841091112
accuracy_80pct,1.5,94.70174398248929,0.84,0.8772878794451058
accuracy_70pct,1.5,90.12046881612959,0.78,0.708624378677248
accuracy_60pct,1.5,87.39482639718686,0.71,0.635112630904056
correlation_70pct,1.5,81.61987986112813,0.41,0.6385360067073427
correlation_60pct,1.5,80.94557765969117,0.39,0.5417976725402723
accuracy_80pct,1.5,92.78205203363609,0.83,0.821610424029404
accuracy_70pct,1.5,88.87325730964355,0.77,0.6918687497387954
accuracy_60pct,1.5,86.63693146287554,0.7,0.6651981726104076
correlation_70pct,1.5,80.01687900270583,0.31,0.6262259429962119
correlation_60pct,1.5,82.55921196779482,0.44,0.6184926026574429
accuracy_80pct,1.5,93.15922193729456,0.86,0.7693223146868314
accuracy_70pct,1.5,89.96743999575482,0.8,0.669813005590142
accuracy_60pct,1.5,88.85020058251283,0.75,0.6529945498171591
correlation_70pct,1.5,83.8224018787246,0.47,0.507870048980192
correlation_60pct,1.5,80.9366775779344,0.37,0.4121576824652232
accuracy_80pct,1.5,91.39255880881612,0.83,0.737593984962406
accuracy_70pct,1.5,91.94766795035166,0.78,0.7734700560576907
accuracy_60pct,1.5,85.25269480167276,0.68,0.508941030773774
correlation_70pct,1.5,84.28854140132161,0.46,0.619011141432559
correlation_60pct,1.5,79.33009633130344,0.37,0.47019745087482734
accuracy_80pct,1.5,92.76777506581516,0.84,0.7314072405321597
accuracy_70pct,1.5,88.27729127746377,0.76,0.6208968409033533
accuracy_60pct,1.5,83.82049766592448,0.65,0.4059063757239062
correlation_70pct,1.5,85.27595430498081,0.49,0.679028477963397
correlation_60pct,1.5,81.39033663056597,0.44,0.5131125259963192
accuracy_80pct,1.5,91.81951761617741,0.84,0.7408635464156965
accuracy_70pct,1.5,90.58660833872659,0.77,0.7408659598969828
accuracy_60pct,1.5,89.39285451529722,0.73,0.7297281068786734
correlation_70pct,1.5,83.02535149039184,0.43,0.6833125550667372
correlation_60pct,1.5,80.4705380553374,0.38,0.6243088784390477
accuracy_80pct,1.5,94.7960585561902,0.87,0.8463902053172038
accuracy_70pct,1.5,90.72533493006614,0.81,0.6918802439472177
accuracy_60pct,1.5,85.59082957375676,0.67,0.5592211138117026
correlation_70pct,1.5,83.86331596188494,0.38,0.6694199026739784
correlation_60pct,1.5,82.35104928895488,0.41,0.5569914678166468
accuracy_80pct,1.5,92.51702212840635,0.82,0.8353197044408172
accuracy_70pct,1.5,87.9001213738053,0.73,0.6571878832586034
accuracy_60pct,1.5,88.84837882344304,0.73,0.6846377578263179
correlation_70pct,1.5,84.48780399840481,0.47,0.704328448351546
correlation_60pct,1.5,80.63954528015591,0.38,0.5765637838950061
accuracy_80pct,1.5,92.37107163071856,0.84,0.7644294433022781
accuracy_70pct,1.5,91.26091054016356,0.79,0.7678776957913143
accuracy_60pct,1.5,85.68332238838788,0.68,0.5934418453109552
correlation_70pct,1.5,84.15689313266904,0.42,0.6335893159381997
correlation_60pct,1.5,81.24088819839987,0.36,0.5495776208893992
accuracy_80pct,1.5,91.31604439862875,0.84,0.7566264270303935
accuracy_70pct,1.5,85.9501740526874,0.71,0.5659077037509052
accuracy_60pct,1.5,87.46244072561747,0.68,0.6275986878799356
correlation_70pct,1.5,83.38654298960657,0.44,0.6727666424131893
correlation_60pct,1.5,78.97965193412954,0.35,0.5219091132589626
accuracy_80pct,1.5,93.94737224387056,0.88,0.817342668702807
accuracy_70pct,1.5,88.75050912274776,0.75,0.6769514059386426
accuracy_60pct,1.5,86.30246547014538,0.7,0.6328646037755665
correlation_70pct,1.5,85.10512532109252,0.47,0.6577744685935529
correlation_60pct,1.5,81.7248278845104,0.39,0.6159363894843649
accuracy_80pct,1.5,92.21804281034379,0.86,0.7002488241833856
accuracy_70pct,1.5,89.09387519723468,0.77,0.6251032363147102
accuracy_60pct,1.5,87.89306831233259,0.68,0.7101817001958441
correlation_70pct,1.5,82.57169243776028,0.36,0.5905807077729933
correlation_60pct,1.5,81.6305133108095,0.36,0.5146857806098041
accuracy_80pct,1.5,93.53286864526044,0.84,0.8085257548029366
accuracy_70pct,1.5,89.73084370371998,0.78,0.6306581640743157
accuracy_60pct,1.5,90.3873457416434,0.76,0.6852931750959933
correlation_70pct,1.5,85.9146561793907,0.43,0.6903214669524534
correlation_60pct,1.5,80.29970907144912,0.36,0.40738663439190964
accuracy_80pct,1.5,92.35509322627482,0.82,0.8111922277444282
accuracy_70pct,1.5,88.7896645767692,0.78,0.6500338993303084
accuracy_60pct,1.5,86.89135317963817,0.71,0.5934900114688593
correlation_70pct,1.5,85.09622523933575,0.45,0.623368533227826
correlation_60pct,1.5,80.22146129333711,0.44,0.5485590049106178
accuracy_80pct,1.5,94.10747938693231,0.86,0.7828319716526508
accuracy_70pct,1.5,91.47970666868488,0.77,0.7449173605506635
accuracy_60pct,1.5,85.47698146861771,0.67,0.5359467374442827
correlation_70pct,1.5,80.16632743487193,0.39,0.5459577018277306
correlation_60pct,1.5,84.48780399840481,0.47,0.625064851058451
accuracy_80pct,1.5,95.57530878100944,0.87,0.9028664141928191
accuracy_70pct,1.5,91.48152842775467,0.79,0.7729391320389241
accuracy_60pct,1.5,88.32892720145064,0.71,0.6489190288353466
correlation_70pct,1.5,82.7122407881696,0.42,0.6527248467700809
correlation_60pct,1.5,80.3477898684416,0.36,0.6098949392644148
accuracy_80pct,1.5,90.60440850224012,0.81,0.7045241329966058
accuracy_70pct,1.5,88.07802868038057,0.75,0.6318759503819271
accuracy_60pct,1.5,86.9340890218683,0.64,0.5906434010781314
correlation_70pct,1.5,84.47000383489127,0.43,0.6559464728868395
correlation_60pct,1.5,77.98149192842952,0.33,0.4400816183847847
accuracy_80pct,1.5,91.41391409932405,0.82,0.7622392040452536
accuracy_70pct,1.5,90.57770825696983,0.75,0.7100551095798504
accuracy_60pct,1.5,89.78065786863706,0.71,0.6877310885850895
correlation_70pct,1.5,82.30481551224645,0.38,0.597638624649621
correlation_60pct,1.5,80.35668995019834,0.38,0.5743071830906668
accuracy_80pct,1.5,93.92249375767007,0.84,0.8485364672361249
accuracy_70pct,1.5,88.41249467311073,0.75,0.6876756120807853
accuracy_60pct,1.5,86.06927872144367,0.69,0.5670283398730233
correlation_70pct,1.5,83.38827635753117,0.37,0.6907656779182028
correlation_60pct,1.5,81.53619873710858,0.33,0.5908596409261577
accuracy_80pct,1.5,91.77510559853876,0.83,0.7763565157483919
accuracy_70pct,1.5,91.51886212270632,0.8,0.7520507368686409
accuracy_60pct,1.5,83.69249291541146,0.65,0.5127766026682186
correlation_70pct,1.5,85.83814176920333,0.44,0.6776154888822719
correlation_60pct,1.5,81.26758844367016,0.42,0.5575391960744024
accuracy_80pct,1.5,92.95995934021137,0.85,0.7689768177406712
accuracy_70pct,1.5,89.99772062923378,0.76,0.6497918256612386
accuracy_60pct,1.5,85.44670083513876,0.71,0.5203590234225436
correlation_70pct,1.5,83.75836793850266,0.4,0.6716869143505564
correlation_60pct,1.5,79.62367350208754,0.41,0.477599311832676
accuracy_80pct,1.5,90.55814946431741,0.83,0.682426120408645
accuracy_70pct,1.5,89.01212948464436,0.75,0.6897749294188205
accuracy_60pct,1.5,85.95017405268742,0.71,0.5552867969395142
correlation_70pct,1.5,79.83541656913616,0.34,0.56284320637723
correlation_60pct,1.5,78.92267105538029,0.33,0.5079739941343874
accuracy_80pct,1.5,96.07522687156373,0.92,0.8640571047669033
accuracy_70pct,1.5,87.03715809366471,0.75,0.5522045882847992
accuracy_60pct,1.5,84.31518445407583,0.67,0.5583159063851413
correlation_70pct,1.5,84.59275202178708,0.45,0.6665714974389128
correlation_60pct,1.5,79.27496247283824,0.32,0.5112336544954326
accuracy_80pct,1.5,92.76959682488494,0.86,0.7398443023543159
accuracy_70pct,1.5,88.94977171983095,0.76,0.6088982247797855
accuracy_60pct,1.5,87.81655390214522,0.69,0.6487327635819861
correlation_70pct,1.5,82.03793858673265,0.4,0.5290375577147388
correlation_60pct,1.5,79.79623585390044,0.36,0.5389400274995255
accuracy_80pct,1.5,94.29966366132852,0.87,0.7986342284588245
accuracy_70pct,1.5,88.95159347890072,0.78,0.6996512522626287
accuracy_60pct,1.5,87.42510703066581,0.67,0.6513025369355204
correlation_70pct,1.5,84.29744148307837,0.48,0.6834832588783226
correlation_60pct,1.5,78.56864626999773,0.41,0.4777520341694249
accuracy_80pct,1.5,94.51845978984986,0.85,0.8426744849494259
accuracy_70pct,1.5,91.75730543502524,0.79,0.7708526116265413
accuracy_60pct,1.5,90.38552398257363,0.74,0.6786933494416405
correlation_70pct,1.5,81.33520277210079,0.39,0.5609788105453188
correlation_60pct,1.5,83.59643903637112,0.4,0.5956951478567062
accuracy_80pct,1.5,92.3550932262748,0.82,0.8080623765986382
accuracy_70pct,1.5,88.98002709209564,0.77,0.685934770535307
accuracy_60pct,1.5,84.86844657532731,0.65,0.5754129079013548
correlation_70pct,1.5,84.14441266270362,0.5,0.6407273781484799
correlation_60pct,1.5,77.419304464207,0.38,0.4657476748866581
accuracy_80pct,1.5,91.6967694292816,0.82,0.7768554028840347
accuracy_70pct,1.5,87.88584440598437,0.74,0.647270302081638
accuracy_60pct,1.5,88.71673055479047,0.69,0.6618130653717511
correlation_70pct,1.5,86.82555467286252,0.47,0.7171771304861776
correlation_60pct,1.5,82.63572637798222,0.43,0.6416912546113386
accuracy_80pct,1.5,93.46525431682981,0.87,0.813441572745321
accuracy_70pct,1.5,91.65053565257315,0.79,0.7708766362385385
accuracy_60pct,1.5,86.48745109940764,0.72,0.5738508114518059
correlation_70pct,1.5,83.4060765210447,0.41,0.6458493639919108
correlation_60pct,1.5,80.46163797358064,0.36,0.576311899381399
accuracy_80pct,1.5,93.84597934748268,0.85,0.8155417421588568
accuracy_70pct,1.5,90.80722622631768,0.77,0.744868875479726
accuracy_60pct,1.5,85.64596343222195,0.72,0.5336166886461458
correlation_70pct,1.5,86.44482964220967,0.49,0.7223489617764363
correlation_60pct,1.5,80.04357924797611,0.37,0.5200511591548856
accuracy_80pct,1.5,94.19827076494064,0.84,0.8589117743933362
accuracy_70pct,1.5,88.9337933153872,0.74,0.6385095853476811
accuracy_60pct,1.5,84.77239863370178,0.69,0.5002773540174655
correlation_70pct,1.5,83.76726802025942,0.42,0.6034347383823755
correlation_60pct,1.5,81.55399890062212,0.37,0.5441932417667015
accuracy_80pct,1.5,90.63466387450481,0.82,0.7321683482856077
accuracy_70pct,1.5,90.69337812117865,0.77,0.7398006327099054
accuracy_60pct,1.5,89.13305591247038,0.75,0.7334115739018563
correlation_70pct,1.5,84.08037872248164,0.43,0.6294366391563715
correlation_60pct,1.5,79.69128783051815,0.38,0.515431919492917
accuracy_80pct,1.5,95.46853899855739,0.87,0.8792122992347374
accuracy_70pct,1.5,91.76438375771222,0.79,0.755359402353044
accuracy_60pct,1.5,87.58701067158306,0.72,0.680120315589492
correlation_70pct,1.5,83.08406573706569,0.38,0.6298955040432251
correlation_60pct,1.5,81.7248278845104,0.39,0.5513059762702892
accuracy_80pct,1.5,93.93139383942682,0.86,0.819129330173079
accuracy_70pct,1.5,88.81286688756117,0.74,0.6831024111705255
accuracy_60pct,1.5,89.24872577667921,0.77,0.7019482105229778
correlation_70pct,1.5,80.73741498085121,0.36,0.5330260681042407
correlation_60pct,1.5,79.30166271810853,0.38,0.3846438771608947
accuracy_80pct,1.5,94.77825839267669,0.83,0.8686752527738715
accuracy_70pct,1.5,88.38223930084605,0.74,0.6503986077411924
accuracy_60pct,1.5,89.58139527155387,0.7,0.7234866389078546
correlation_70pct,1.5,73.75432993859755,0.28,0.3158021649563554
correlation_60pct,1.5,78.43517624227538,0.35,0.48877319052519186
accuracy_80pct,1.5,92.56143414604499,0.83,0.7652651668628667
accuracy_70pct,1.5,91.37475864530259,0.79,0.7571221655629674
accuracy_60pct,1.5,85.3364078569941,0.66,0.5798564859316108
correlation_70pct,1.5,83.69075361007204,0.43,0.609451866070559
correlation_60pct,1.5,80.9651111911293,0.36,0.5726161671015546
accuracy_80pct,1.5,93.29627235322559,0.82,0.8458349019396735
accuracy_70pct,1.5,88.56904668917811,0.78,0.6750885224617656
accuracy_60pct,1.5,85.85770649927058,0.65,0.6379900267754253
correlation_70pct,1.5,87.1013316801331,0.47,0.7495939634827196
correlation_60pct,1.5,79.31047440872014,0.31,0.47905866360996563
accuracy_80pct,1.5,93.90113846716216,0.85,0.8216614487546974
accuracy_70pct,1.5,89.9906423065468,0.76,0.693500034563877
accuracy_60pct,1.5,87.82360696361792,0.74,0.617741614263925
correlation_70pct,1.5,84.06257855896813,0.39,0.6349522943602341
correlation_60pct,1.5,82.52187827284318,0.43,0.5014680408795461
accuracy_80pct,1.5,93.53994696794742,0.84,0.8106010568923251
accuracy_70pct,1.5,90.47276023358756,0.77,0.7269423277464389
accuracy_60pct,1.5,86.5906976861671,0.67,0.6528055803126382
correlation_70pct,1.5,83.16058014725309,0.37,0.6840171185021825
correlation_60pct,1.5,82.51297819108642,0.41,0.5660549349607537
accuracy_80pct,1.5,92.45466436359293,0.83,0.7627198267486258
accuracy_70pct,1.5,88.38223930084605,0.74,0.6379414766973115
accuracy_60pct,1.5,87.74711781464482,0.7,0.6599430208403501
correlation_70pct,1.5,80.74631506260798,0.38,0.5470386308628329
correlation_60pct,1.5,77.76269579990819,0.35,0.5648238154164081
accuracy_80pct,1.5,93.99900816785744,0.83,0.8509486750707488
accuracy_70pct,1.5,90.59550842048336,0.79,0.7311720846156631
accuracy_60pct,1.5,85.23853815629879,0.68,0.5778708027745183
correlation_70pct,1.5,82.5894926012738,0.4,0.6710493357120467
correlation_60pct,1.5,78.80882295024125,0.33,0.563300032431481
accuracy_80pct,1.5,95.47036075762716,0.89,0.8699984148010811
accuracy_70pct,1.5,93.40829869929485,0.8,0.7916314084219552
accuracy_60pct,1.5,92.60416998827509,0.76,0.8193150486421396
correlation_70pct,1.5,85.92355626114747,0.45,0.6938963136252979
correlation_60pct,1.5,83.1285661458495,0.48,0.6377061779608696
accuracy_80pct,1.5,92.79095211539287,0.85,0.7612787941321368
accuracy_70pct,1.5,88.82176696931793,0.76,0.6826392637342968
accuracy_60pct,1.5,83.46112792577954,0.66,0.4628026659769881
correlation_70pct,1.5,83.77616810201619,0.44,0.5979170023724436
correlation_60pct,1.5,80.37622348163649,0.35,0.4739516746398944
accuracy_80pct,1.5,92.09529462344798,0.84,0.7223928019211434
accuracy_70pct,1.5,88.62250437223474,0.75,0.6712510487961609
accuracy_60pct,1.5,82.8579632484658,0.66,0.4635564203921651
correlation_70pct,1.5,85.34356863341142,0.46,0.7181390349576647
correlation_60pct,1.5,77.4139847706589,0.26,0.4435697251937791
accuracy_80pct,1.5,92.32481259279587,0.86,0.7170917766901381
accuracy_70pct,1.5,91.15951764377567,0.76,0.7459561074126771
accuracy_60pct,1.5,86.24730635046592,0.7,0.5356862438075178
correlation_70pct,1.5,83.75836793850266,0.4,0.5927488378361416
correlation_60pct,1.5,81.14484025677436,0.4,0.5986572840836978
accuracy_80pct,1.5,89.6792077797331,0.83,0.686435966584087
accuracy_70pct,1.5,92.62197015178862,0.8,0.8335986226520244
accuracy_60pct,1.5,85.61218486426466,0.66,0.6381018457657183
correlation_70pct,1.5,81.96142417654526,0.41,0.5440883952588055
correlation_60pct,1.5,80.21614159978903,0.32,0.6300901969492517
accuracy_80pct,1.5,94.9953211532734,0.88,0.8705835151119787
accuracy_70pct,1.5,91.07054802483714,0.8,0.7447132780527524
accuracy_60pct,1.5,82.27089729804275,0.67,0.42674722908915663
correlation_70pct,1.5,84.27074123780808,0.42,0.6605721613077021
correlation_60pct,1.5,80.51677183204583,0.41,0.5113843742845195
accuracy_80pct,1.5,91.76620551678201,0.81,0.8036786670747801
accuracy_70pct,1.5,91.28934415335846,0.78,0.755463324205938
accuracy_60pct,1.5,87.59226723520027,0.7,0.65466995893337
correlation_70pct,1.5,84.47890391664805,0.45,0.6974094013318783
correlation_60pct,1.5,81.1145596232954,0.44,0.5762243134088212
accuracy_80pct,1.5,93.80864565253103,0.84,0.8736661970406322
accuracy_70pct,1.5,90.3873457416434,0.76,0.7384751741734495
accuracy_60pct,1.5,85.1388466965337,0.68,0.563532062067617
correlation_70pct,1.5,82.21940102030231,0.37,0.6183504771827011
correlation_60pct,1.5,78.36756191384475,0.38,0.4491692741877698
accuracy_80pct,1.5,93.41012045836462,0.82,0.7974155739254364
accuracy_70pct,1.5,91.94766795035167,0.78,0.7514905924119708
accuracy_60pct,1.5,89.75930257812914,0.72,0.6511830343966764
correlation_70pct,1.5,85.33466855165466,0.44,0.6550240851288592
correlation_60pct,1.5,80.06311277941425,0.34,0.41679863986383775
accuracy_80pct,1.5,91.09360475196786,0.82,0.7358551339213697
accuracy_70pct,1.5,90.29485292701227,0.75,0.7457991248523456
accuracy_60pct,1.5,88.81104512849139,0.72,0.6881408559247819
correlation_70pct,1.5,84.13377921302224,0.55,0.6784747378982082
correlation_60pct,1.5,76.37675770208261,0.3,0.45670621833086317
accuracy_80pct,1.5,92.79803043807985,0.85,0.7922299704664478
accuracy_70pct,1.5,85.98213086157492,0.75,0.610803660345499
accuracy_60pct,1.5,85.58180916955303,0.66,0.5824568587739996
correlation_70pct,1.5,82.03793858673265,0.4,0.634367545767937
correlation_60pct,1.5,73.09782790067412,0.3,0.3771760800723044
accuracy_80pct,1.5,91.21453117979388,0.82,0.6754415158125416
accuracy_70pct,1.5,89.43908829200566,0.76,0.7116459184343993
accuracy_60pct,1.5,87.09061577672139,0.72,0.6292638221794575
correlation_70pct,1.5,81.9240904815936,0.4,0.6043507396741363
correlation_60pct,1.5,80.40292372690678,0.41,0.5556675294136099
accuracy_80pct,1.5,91.64331174622495,0.85,0.6854494812159386
accuracy_70pct,1.5,88.68289479431715,0.78,0.6321782189410746
accuracy_60pct,1.5,86.5871425591727,0.72,0.6437454234145044
correlation_70pct,1.5,80.35668995019836,0.38,0.5935564912338711
correlation_60pct,1.5,81.96142417654525,0.41,0.627617332708274
accuracy_80pct,1.5,92.67710401025381,0.85,0.8063283566280065
accuracy_70pct,1.5,93.04002887739314,0.79,0.8213844478180607
accuracy_60pct,1.5,80.75339932270978,0.67,0.4400814286383685
correlation_70pct,1.5,83.69075361007204,0.43,0.6345850499612355
correlation_60pct,1.5,78.8658038289905,0.35,0.549553318856442
accuracy_80pct,1.5,94.20717084669738,0.86,0.8114713528509911
accuracy_70pct,1.5,92.54363398253146,0.79,0.7097392950104839
accuracy_60pct,1.5,88.13674292705443,0.7,0.6165362917296647
correlation_70pct,1.5,85.46631682030724,0.48,0.667864751409092
correlation_60pct,1.5,81.09675945978188,0.4,0.4981216668511698
accuracy_80pct,1.5,90.833926471588,0.83,0.736752871412147
accuracy_70pct,1.5,85.56225037690061,0.74,0.5619698503743971
accuracy_60pct,1.5,90.462038392761,0.73,0.7329023882065825
correlation_70pct,1.5,80.94557765969117,0.39,0.6151860252191006
correlation_60pct,1.5,78.83552319551154,0.39,0.4598116837828177
accuracy_80pct,1.5,91.50640691395517,0.83,0.7161348553087712
accuracy_70pct,1.5,89.26825930811735,0.74,0.6731062703735772
accuracy_60pct,1.5,85.27587185125046,0.69,0.5416125945835524
correlation_70pct,1.5,80.1485272713584,0.35,0.553216809075103
correlation_60pct,1.5,84.15689313266904,0.42,0.6978729094329572
accuracy_80pct,1.5,93.77836501905205,0.88,0.8237681797568548
accuracy_70pct,1.5,91.05456962039338,0.78,0.7992023218377224
accuracy_60pct,1.5,84.68880590082743,0.7,0.5741161305762108
correlation_70pct,1.5,79.84246963060887,0.39,0.5391590090253234
correlation_60pct,1.5,77.563433202825,0.34,0.4823251609158825
accuracy_80pct,1.5,93.45453247600328,0.83,0.7793570062602789
accuracy_70pct,1.5,90.61686371099128,0.78,0.7304230343928456
accuracy_60pct,1.5,83.854421817543,0.65,0.5922212872965307
correlation_70pct,1.5,84.58385194003031,0.43,0.6676143468839423
correlation_60pct,1.5,81.7248278845104,0.39,0.6251895717435635
accuracy_80pct,1.5,94.40643344378059,0.87,0.8361347082892195
accuracy_70pct,1.5,89.80735811390736,0.77,0.6700455445678443
accuracy_60pct,1.5,85.73663448778329,0.71,0.5227931907559021
correlation_70pct,1.5,85.73319374582104,0.46,0.6909055775084421
correlation_60pct,1.5,78.17012107583133,0.39,0.4125187581656633
accuracy_80pct,1.5,91.89785378543456,0.85,0.814991242204024
accuracy_70pct,1.5,89.54573775201074,0.77,0.6751543152013443
accuracy_60pct,1.5,86.35225437384818,0.68,0.6229730510434518
correlation_70pct,1.5,81.56289898237888,0.39,0.5982147561720655
correlation_60pct,1.5,78.14342083056106,0.33,0.5714956646265652
accuracy_80pct,1.5,93.13434345109405,0.82,0.8548914653376131
accuracy_70pct,1.5,89.53158110663678,0.77,0.7245130284119401
accuracy_60pct,1.5,86.10320287306217,0.69,0.6441055832875913
correlation_70pct,1.5,82.42583033121767,0.47,0.6187412219132642
correlation_60pct,1.5,75.99238915329019,0.28,0.4291415367156876
accuracy_80pct,1.5,92.9297039679467,0.84,0.7850490091754995
accuracy_70pct,1.5,90.18990490362998,0.77,0.7415950054481704
accuracy_60pct,1.5,87.3556709431654,0.68,0.6248955061287337
correlation_70pct,1.5,83.0840657370657,0.38,0.6233311985311298
correlation_60pct,1.5,78.8942374421854,0.34,0.5024960251316337
accuracy_80pct,1.5,92.85318955775931,0.85,0.7855875772477415
accuracy_70pct,1.5,89.95146159131107,0.78,0.7158196481469072
accuracy_60pct,1.5,84.91115048625562,0.68,0.5602380185865647
correlation_70pct,1.5,84.32945548448194,0.37,0.6857284685285275
correlation_60pct,1.5,81.77106166121882,0.42,0.6062031027996639
accuracy_80pct,1.5,93.4438990263219,0.88,0.7676846067124666
accuracy_70pct,1.5,89.23092561316568,0.73,0.6303062118972145
accuracy_60pct,1.5,84.00022673156954,0.69,0.38066456483607203
correlation_70pct,1.5,83.36874282609304,0.4,0.6047668711880005
correlation_60pct,1.5,83.58580558668976,0.45,0.555907614994147
accuracy_80pct,1.5,92.66820392849705,0.83,0.7597577415103173
accuracy_70pct,1.5,93.13434345109405,0.82,0.7775288058290634
accuracy_60pct,1.5,89.48352557085857,0.72,0.6596114778335282
correlation_70pct,1.5,86.10501869471713,0.42,0.6298890846633862
correlation_60pct,1.5,78.55442649469286,0.27,0.4655077064919437
accuracy_80pct,1.5,93.85487942923945,0.87,0.8116147277207048
accuracy_70pct,1.5,90.00662071099055,0.78,0.6606799215773965
accuracy_60pct,1.5,88.32892720145064,0.71,0.6551867657289624
correlation_70pct,1.5,83.29222841590565,0.41,0.6181996441800803
correlation_60pct,1.5,79.29276263635177,0.36,0.546336282408766
accuracy_80pct,1.5,93.88516006271838,0.83,0.8194173343727845
accuracy_70pct,1.5,88.814568324184,0.77,0.6379651522082792
accuracy_60pct,1.5,83.45575103971538,0.69,0.37143722409914176
correlation_70pct,1.5,83.75836793850266,0.4,0.6486188615557343
correlation_60pct,1.5,79.41551082324759,0.38,0.5218490878347699
accuracy_80pct,1.5,92.18070911539212,0.85,0.8078045824797313
accuracy_70pct,1.5,88.58858022061622,0.75,0.6855396742188713
accuracy_60pct,1.5,81.77450240318109,0.67,0.5196304525448536
correlation_70pct,1.5,83.5502052596627,0.37,0.6934902927988243
correlation_60pct,1.5,80.78191538963503,0.46,0.6054578007301861
accuracy_80pct,1.5,93.32115083942608,0.86,0.8023331610715669
accuracy_70pct,1.5,87.68840356797097,0.75,0.6363061999258823
accuracy_60pct,1.5,90.08669024817232,0.72,0.7322882524963208
correlation_70pct,1.5,81.96500456475393,0.31,0.5955867795451023
correlation_60pct,1.5,79.58807317506049,0.33,0.5380904269719583
accuracy_80pct,1.5,93.91359367591329,0.82,0.830695273906283
accuracy_70pct,1.5,90.3126530905258,0.79,0.715984363817648
accuracy_60pct,1.5,85.3364078569941,0.66,0.6094011956630254
correlation_70pct,1.5,85.65667933563367,0.47,0.6332260338826979
correlation_60pct,1.5,82.0966528334065,0.35,0.6342307817904529
