simulation,grader_type,rbf_score,accuracy,spearman
0,accuracy_80pct,85.76002962256175,0.84,0.8427225506738605
0,accuracy_70pct,79.03237750217448,0.77,0.7177285367891102
0,accuracy_60pct,74.89771318988362,0.73,0.526636642616484
0,correlation_70pct,47.769783325481754,0.41,0.5223219914663989
0,correlation_60pct,51.49844183375273,0.45,0.5250541474717796
1,accuracy_80pct,87.814359937815,0.87,0.8016900727106827
1,accuracy_70pct,78.43804787402644,0.76,0.7285762827377021
1,accuracy_60pct,75.84405372373628,0.73,0.7007224823041149
1,correlation_70pct,50.63377711698935,0.44,0.5578973966758358
1,correlation_60pct,56.956429775550475,0.51,0.5378614647665259
2,accuracy_80pct,85.22003034012691,0.84,0.7561203014679746
2,accuracy_70pct,83.35536563859351,0.82,0.6757987990823375
2,accuracy_60pct,75.76204245924907,0.74,0.503214622962694
2,correlation_70pct,56.68643013433305,0.51,0.5462636552023098
2,correlation_60pct,50.49844184898271,0.44,0.5101114661061071
3,accuracy_80pct,88.67835375978254,0.88,0.7557326251886939
3,accuracy_70pct,74.57304775555508,0.72,0.5877678406894405
3,accuracy_60pct,79.1673773227832,0.77,0.7143101474308661
3,correlation_70pct,57.821094492313854,0.52,0.6418183691893746
3,correlation_60pct,52.82277180545337,0.47,0.5076131206931568
4,accuracy_80pct,86.35469469810772,0.85,0.852183465859791
4,accuracy_70pct,80.3563720264772,0.79,0.6712505924319456
4,accuracy_60pct,72.03371939837604,0.7,0.5165332952213336
4,correlation_70pct,55.09210052141499,0.49,0.6314588770055448
4,correlation_60pct,48.03911207190333,0.41,0.491526133607152
5,accuracy_80pct,88.3540237728519,0.87,0.8385297579020543
5,accuracy_70pct,78.43771242662852,0.76,0.6893933370907256
5,accuracy_60pct,72.03371939837604,0.7,0.4301708412651756
5,correlation_70pct,52.63310619173353,0.46,0.5559595175592095
5,correlation_60pct,45.715788457626445,0.38,0.4898863590047182
6,accuracy_80pct,87.21935941487111,0.86,0.8211390659207726
6,accuracy_70pct,80.3560365790793,0.79,0.610841520295591
6,accuracy_60pct,72.16972556117852,0.7,0.5906113783509294
6,correlation_70pct,56.82142995494176,0.51,0.6236730338715933
6,correlation_60pct,52.22810672990741,0.46,0.5254382029637613
7,accuracy_80pct,85.4896945339464,0.84,0.7762643257622477
7,accuracy_70pct,76.3030480838777,0.74,0.5754471508624027
7,accuracy_60pct,76.70838299310174,0.74,0.65529533051609
7,correlation_70pct,49.17444732467998,0.42,0.5747944321674893
7,correlation_60pct,59.27975338982736,0.54,0.5621928154569206
8,accuracy_80pct,85.49002998134432,0.84,0.8143977242239129
8,accuracy_70pct,77.62771350297626,0.76,0.6613031321609415
8,accuracy_60pct,72.43905430760009,0.7,0.5585553065301633
8,correlation_70pct,56.09176505878709,0.5,0.6516158875729108
8,correlation_60pct,54.36210017786239,0.48,0.568983848291865
9,accuracy_80pct,86.75969415993384,0.85,0.8549362894317404
9,accuracy_70pct,80.89670675630997,0.79,0.7421709030335311
9,accuracy_60pct,72.1693901137806,0.7,0.5394880287983459
9,correlation_70pct,54.09243598404289,0.48,0.564672055048874
9,correlation_60pct,54.686094717395086,0.49,0.5443900239061515
10,accuracy_80pct,89.21835304221737,0.88,0.8121674144928839
10,accuracy_70pct,78.16804823280903,0.76,0.6706559553312403
10,accuracy_60pct,76.57304772509511,0.74,0.6148332416349611
10,correlation_70pct,60.28008882199531,0.55,0.6287274877634245
10,correlation_60pct,60.414753195206096,0.55,0.5665338842506192
11,accuracy_80pct,86.94935977365368,0.86,0.757366213804167
11,accuracy_70pct,80.89536496671828,0.79,0.6636668566684871
11,accuracy_60pct,75.1143888275816,0.72,0.7268990419638053
11,correlation_70pct,55.09210052141499,0.49,0.6374407607741688
11,correlation_60pct,52.95743617866416,0.47,0.5291050860044951
12,accuracy_80pct,87.40902502859095,0.87,0.7648912969415889
12,accuracy_70pct,80.30170623336609,0.78,0.7498115653354138
12,accuracy_60pct,73.30472536655724,0.71,0.650816440800014
12,correlation_70pct,51.17344095202626,0.44,0.5902359142294854
12,correlation_60pct,48.094448759810305,0.42,0.4544284240389074
13,accuracy_80pct,89.08368866900659,0.88,0.8157399811610413
13,accuracy_70pct,74.57438954514676,0.72,0.6597182309635803
13,accuracy_60pct,74.43871882974221,0.72,0.5499787128444704
13,correlation_70pct,55.22710034202369,0.49,0.5622273812914244
13,correlation_60pct,50.90377675820676,0.44,0.5353907307324067
14,accuracy_80pct,86.49002996611435,0.85,0.8048617080010115
14,accuracy_70pct,78.1677127854111,0.76,0.6120718988104177
14,accuracy_60pct,76.1683837106669,0.74,0.5944097891314684
14,correlation_70pct,47.98511717358806,0.4,0.5845716103893909
14,correlation_60pct,54.4970999984711,0.48,0.5753548550548119
15,accuracy_80pct,89.35402375762193,0.88,0.8888430702320607
15,accuracy_70pct,85.2200303401269,0.84,0.7535918079658703
15,accuracy_60pct,70.57539594826045,0.68,0.5678829991676979
15,correlation_70pct,61.54975300058483,0.56,0.7072753902800931
15,correlation_60pct,53.687101074818834,0.48,0.4862873144770698
16,accuracy_80pct,92.21801754912951,0.91,0.9421083844740613
16,accuracy_70pct,80.76070059350748,0.79,0.6462698088450377
16,accuracy_60pct,74.43804793494635,0.72,0.5815988767788006
16,correlation_70pct,53.63277072910563,0.47,0.5204776261520505
16,correlation_60pct,44.770789713365474,0.38,0.4326502718034252
17,accuracy_80pct,86.48969451871642,0.85,0.7992767977944698
17,accuracy_70pct,82.35536565382348,0.81,0.623811622722937
17,accuracy_60pct,77.76237787618705,0.76,0.5940531622906177
17,correlation_70pct,51.4437760406416,0.44,0.6747629653439801
17,correlation_60pct,47.95911349180368,0.42,0.3846221482742038
18,accuracy_80pct,85.76036506995966,0.84,0.8152449521201082
18,accuracy_70pct,80.03204203954658,0.78,0.686532111781475
18,accuracy_60pct,76.4380479044864,0.74,0.5516828816690766
18,correlation_70pct,61.68475282119354,0.56,0.690171512307035
18,correlation_60pct,55.227100342023704,0.49,0.5905668675465748
19,accuracy_80pct,89.67835374455255,0.89,0.7735499289764062
19,accuracy_70pct,79.89670677153995,0.78,0.6407900572434144
19,accuracy_60pct,70.11573069332319,0.67,0.5070014040239206
19,correlation_70pct,66.2780760462279,0.61,0.7669912615777482
19,correlation_60pct,53.957436163434174,0.48,0.46430085721838626
20,accuracy_80pct,87.0843595942624,0.86,0.8279982281948612
20,accuracy_70pct,84.35570107076146,0.83,0.7404371888759138
20,accuracy_60pct,70.57506050086253,0.68,0.5443779771851062
20,correlation_70pct,51.63344165436144,0.45,0.5515107342672568
20,correlation_60pct,61.14475353875869,0.56,0.6057283930184425
21,accuracy_80pct,87.0843595942624,0.86,0.7862733029251143
21,accuracy_70pct,77.03237753263446,0.75,0.602404845485904
21,accuracy_60pct,73.03338393574813,0.71,0.49308715952508597
21,correlation_70pct,58.09075868613335,0.52,0.6203018282353292
21,correlation_60pct,48.769112415455936,0.42,0.43549978334399103
22,accuracy_80pct,88.94801795360203,0.88,0.7814242570596548
22,accuracy_70pct,82.89637127845208,0.81,0.8016903292665931
22,accuracy_60pct,76.03338389005818,0.74,0.6250146076982358
22,correlation_70pct,57.68609467170515,0.52,0.5815211743288718
22,correlation_60pct,55.87609576328287,0.51,0.48524132769623435
23,accuracy_80pct,88.2190239522432,0.87,0.7625311451540107
23,accuracy_70pct,81.89670674107998,0.8,0.6919712827605905
23,accuracy_60pct,73.97871812740702,0.71,0.5790049769751586
23,correlation_70pct,54.63243526647773,0.48,0.5804873219691572
23,correlation_60pct,53.497770908496925,0.47,0.4932902366979536
24,accuracy_80pct,91.94801790791209,0.91,0.9318086059406635
24,accuracy_70pct,82.62603618983674,0.81,0.7404499848679804
24,accuracy_60pct,70.43871889066213,0.68,0.4594600884487173
24,correlation_70pct,50.90377675820676,0.44,0.6065442823391844
24,correlation_60pct,42.12179432256626,0.34,0.4846535175437785
25,accuracy_80pct,85.4896945339464,0.84,0.7774010820530083
25,accuracy_70pct,77.30304806864771,0.75,0.672194509099035
25,accuracy_60pct,76.43871879928224,0.74,0.6679671650325619
25,correlation_70pct,59.41542410523192,0.54,0.614760880377204
25,correlation_60pct,45.770454250737565,0.39,0.32161007830099814
26,accuracy_80pct,86.22003032489692,0.85,0.8335569839435187
26,accuracy_70pct,82.49103636922803,0.81,0.7863170287729853
26,accuracy_60pct,72.84472466422206,0.7,0.6750357082139208
26,correlation_70pct,61.00975371814999,0.56,0.6381580571412839
26,correlation_60pct,52.68777198484466,0.47,0.5420916795582691
27,accuracy_80pct,88.94868884839788,0.88,0.8002950819522897
27,accuracy_70pct,80.76103604090541,0.79,0.6336394086662179
27,accuracy_60pct,75.70905390312757,0.73,0.6817878709129475
27,correlation_70pct,59.82042356705806,0.54,0.6027734653745976
27,correlation_60pct,53.092771446670795,0.47,0.5187692193690037
28,accuracy_80pct,84.76036508518965,0.83,0.777496044809455
28,accuracy_70pct,81.08603692263188,0.8,0.6091477006786704
28,accuracy_60pct,72.97938903743285,0.7,0.5937896305268685
28,correlation_70pct,61.14475353875869,0.56,0.6787603525396478
28,correlation_60pct,56.14609540450029,0.51,0.47684261061452204
29,accuracy_80pct,85.76036506995968,0.84,0.8584523647938639
29,accuracy_70pct,82.62603618983674,0.81,0.759269395544179
29,accuracy_60pct,79.30237714339191,0.77,0.7364865146916779
29,correlation_70pct,52.17344093679628,0.45,0.648825909140893
29,correlation_60pct,45.4454533690111,0.38,0.4982255773986398
30,accuracy_80pct,88.94902429579581,0.88,0.8719420906420436
30,accuracy_70pct,83.03103565166288,0.81,0.8065390668148056
30,accuracy_60pct,70.70972487407332,0.68,0.5571958903462612
30,correlation_70pct,46.71545299499853,0.39,0.6159086138834026
30,correlation_60pct,52.22743583511155,0.46,0.4586291145302819
31,accuracy_80pct,89.21835304221739,0.88,0.8388452918417171
31,accuracy_70pct,77.03271298003237,0.75,0.6686966207814743
31,accuracy_60pct,70.38573033454061,0.67,0.6575590141336373
31,correlation_70pct,58.09109413353128,0.52,0.6642430260382877
31,correlation_60pct,48.09411331241238,0.42,0.4601224815130169
32,accuracy_80pct,86.94902432625577,0.86,0.7539995047155993
32,accuracy_70pct,76.89737771202574,0.75,0.5220491115099055
32,accuracy_60pct,77.70804753047385,0.75,0.6642970576924089
32,correlation_70pct,60.685088283821436,0.55,0.7054783008615937
32,correlation_60pct,52.632770744335616,0.46,0.5218766688779687
33,accuracy_80pct,83.0313710990608,0.81,0.7979813129833147
33,accuracy_70pct,83.89536492102835,0.82,0.7476046423950365
33,accuracy_60pct,77.76271332358496,0.76,0.6028053139911633
33,correlation_70pct,53.03810565355967,0.46,0.5414891209971832
33,correlation_60pct,61.14475353875869,0.56,0.6124774428365974
34,accuracy_80pct,88.67835375978254,0.88,0.7795658487161689
34,accuracy_70pct,78.7613715187633,0.77,0.5950411237638561
34,accuracy_60pct,75.0323775630944,0.73,0.5146524357996154
34,correlation_70pct,59.280424284623216,0.54,0.6098708025132958
34,correlation_60pct,48.09377786501446,0.42,0.2577704128527955
35,accuracy_80pct,86.35469469810772,0.85,0.8187603994352994
35,accuracy_70pct,82.08637235479983,0.81,0.7199884283299228
35,accuracy_60pct,75.16771283110104,0.73,0.6101551992796542
35,correlation_70pct,55.821765417569665,0.5,0.6234264700155193
35,correlation_60pct,48.82411365596498,0.43,0.4241933593341208
36,accuracy_80pct,85.49002998134432,0.84,0.7914801677819578
36,accuracy_70pct,83.76103599521548,0.82,0.7951281108125706
36,accuracy_60pct,69.25073052916188,0.66,0.534862987230265
36,correlation_70pct,53.632435281707714,0.47,0.5606909062044876
36,correlation_60pct,47.04011842932708,0.4,0.4660940934833562
37,accuracy_80pct,90.21868847438533,0.89,0.9021760329155344
37,accuracy_70pct,80.76170693570127,0.79,0.7045350399041944
37,accuracy_60pct,78.08704331051558,0.77,0.5715142802913146
37,correlation_70pct,56.68643013433305,0.51,0.5987492326197684
37,correlation_60pct,51.68810744747256,0.46,0.501713012004311
38,accuracy_80pct,85.94969523628158,0.85,0.7214413232192244
38,accuracy_70pct,81.6257007576688,0.8,0.6948061964195356
38,accuracy_60pct,71.25005960390608,0.68,0.6117231530444297
38,correlation_70pct,61.41475317997612,0.56,0.6326660835136323
38,correlation_60pct,45.90478317655043,0.39,0.40240075254293606
39,accuracy_80pct,87.2193594148711,0.86,0.8382590930892758
39,accuracy_70pct,78.49271366713758,0.77,0.7040000305082087
39,accuracy_60pct,74.84304739677249,0.72,0.6442665544477695
39,correlation_70pct,57.68609467170515,0.52,0.645370414815197
39,correlation_60pct,46.95877805963573,0.41,0.3667948735460508
40,accuracy_80pct,89.2186884896153,0.88,0.8721623087086401
40,accuracy_70pct,79.62670713032253,0.78,0.6919157356416382
40,accuracy_60pct,73.62871990608996,0.72,0.5548488216942294
40,correlation_70pct,52.76777056494432,0.46,0.6549475740315734
40,correlation_60pct,53.092435999272865,0.47,0.5283331966533704
41,accuracy_80pct,86.94902432625575,0.86,0.7606106772239466
41,accuracy_70pct,83.4900300118043,0.82,0.7216651505897083
41,accuracy_60pct,70.89939048779316,0.69,0.5002722399880747
41,correlation_70pct,54.092435984042886,0.48,0.5348863589520344
41,correlation_60pct,53.957436163434174,0.48,0.6021572051844784
42,accuracy_80pct,90.54301846131594,0.9,0.7874842321547524
42,accuracy_70pct,78.49271366713756,0.77,0.5907215084941754
42,accuracy_60pct,66.8457310977957,0.64,0.26622461381017914
42,correlation_70pct,61.54975300058483,0.56,0.6281386075404292
42,correlation_60pct,55.68676559696097,0.5,0.44814011025878825
43,accuracy_80pct,86.81402450564704,0.86,0.7609452532133153
43,accuracy_70pct,77.76237787618705,0.76,0.6761914211331647
43,accuracy_60pct,76.43771245708848,0.74,0.6609451488351381
43,correlation_70pct,51.49844183375272,0.45,0.5794711559816962
43,correlation_60pct,50.0937778345545,0.44,0.5082399280568995
44,accuracy_80pct,85.22003034012691,0.84,0.7766862863336935
44,accuracy_70pct,78.35704295173302,0.77,0.6020120124160038
44,accuracy_60pct,74.43804793494637,0.72,0.5876774194830061
44,correlation_70pct,49.634112579617245,0.43,0.5382677761488687
44,correlation_60pct,49.95810711914994,0.44,0.37545327679208124
45,accuracy_80pct,87.81301814822329,0.87,0.7603427699681968
45,accuracy_70pct,80.76103604090542,0.79,0.6869842523410681
45,accuracy_60pct,77.7617069813912,0.76,0.6379275747481414
45,correlation_70pct,50.36377747577192,0.44,0.5754196331024971
45,correlation_60pct,40.3121308615419,0.33,0.4396125721803718
46,accuracy_80pct,85.22003034012691,0.84,0.761174541770496
46,accuracy_70pct,79.8973776663358,0.78,0.7488759728333338
46,accuracy_60pct,75.16838372589687,0.73,0.5971518161804227
46,correlation_70pct,58.41575956785982,0.53,0.589350843040194
46,correlation_60pct,47.904783146090466,0.41,0.4989430280319225
47,accuracy_80pct,86.0846950568903,0.85,0.7542309515684712
47,accuracy_70pct,80.16637096535945,0.78,0.7092161786675362
47,accuracy_60pct,75.4383833671143,0.73,0.6666612545056784
47,correlation_70pct,53.49777090849693,0.47,0.5616649504061902
47,correlation_60pct,50.76877693759805,0.44,0.5683954943333149
48,accuracy_80pct,84.49070089137015,0.83,0.7590001820356272
48,accuracy_70pct,80.0323774869445,0.78,0.7114391922606641
48,accuracy_60pct,75.43871881451223,0.73,0.6667072496673901
48,correlation_70pct,55.95676523817838,0.5,0.6083684535014195
48,correlation_60pct,47.22978404304692,0.41,0.39416690424446615
49,accuracy_80pct,85.49002998134432,0.84,0.787921030706326
49,accuracy_70pct,82.62637163723467,0.81,0.7749079241426352
49,accuracy_60pct,74.384388484029,0.71,0.7329740456818469
49,correlation_70pct,63.14408261350289,0.58,0.6517863491846656
49,correlation_60pct,51.49844183375273,0.45,0.5274361228497851
50,accuracy_80pct,87.35469468287774,0.86,0.8024815359115752
50,accuracy_70pct,82.3557011012214,0.81,0.63088261954902
50,accuracy_60pct,74.16838374112686,0.72,0.5616857146809993
50,correlation_70pct,63.54908207532902,0.58,0.7197650777190066
50,correlation_60pct,48.904447683462564,0.42,0.4721331949295869
51,accuracy_80pct,90.0836886537766,0.89,0.8461720354556264
51,accuracy_70pct,80.76204238309919,0.79,0.7281151092859783
51,accuracy_60pct,71.44006066502384,0.69,0.5351882586190648
51,correlation_70pct,64.00874733026627,0.59,0.6513147894590097
51,correlation_60pct,50.228777655163206,0.44,0.45118433142362985
52,accuracy_80pct,84.81402453610701,0.84,0.6886242818988735
52,accuracy_70pct,83.62570072720885,0.82,0.7921654560179046
52,accuracy_60pct,72.57472502300465,0.7,0.6350221958228541
52,correlation_70pct,58.28075974725111,0.53,0.5898525988304222
52,correlation_60pct,48.76944786285385,0.42,0.5450551121555814
53,accuracy_80pct,88.21935939964112,0.87,0.8484847090842208
53,accuracy_70pct,82.89603583105416,0.81,0.76786707199532
53,accuracy_60pct,77.84304735108255,0.75,0.7319419711151334
53,correlation_70pct,56.956429775550475,0.51,0.600849040504968
53,correlation_60pct,49.09377784978449,0.43,0.4069631917282949
54,accuracy_80pct,88.9490242957958,0.88,0.875880411969169
54,accuracy_70pct,81.35603656384932,0.8,0.707907894439934
54,accuracy_60pct,74.43838338234428,0.72,0.6284843899940042
54,correlation_70pct,50.823107283311245,0.45,0.46954513299659856
54,correlation_60pct,43.17545375825364,0.36,0.35970596110770336
55,accuracy_80pct,85.35536560813354,0.84,0.7937889249312378
55,accuracy_70pct,77.89737769679576,0.76,0.6145951499675633
55,accuracy_60pct,77.16838369543692,0.75,0.666089298121278
55,correlation_70pct,60.28008882199531,0.55,0.5716242229262566
55,correlation_60pct,60.145089001386594,0.55,0.612647567696583
56,accuracy_80pct,86.81435995304497,0.86,0.7522484753196936
56,accuracy_70pct,80.89603586151412,0.79,0.6804218491674598
56,accuracy_60pct,79.49103641491797,0.78,0.6048375093663122
56,correlation_70pct,52.497770923726904,0.46,0.5681291409160786
56,correlation_60pct,46.31045353317241,0.39,0.5415542371069445
57,accuracy_80pct,88.94868884839788,0.88,0.8361575818732588
57,accuracy_70pct,78.03204207000655,0.76,0.6508696603828672
57,accuracy_60pct,77.43838333665434,0.75,0.743183488136911
57,correlation_70pct,60.01008918077789,0.55,0.6546546230178287
57,correlation_60pct,46.04045389195498,0.39,0.5086253571914471
58,accuracy_80pct,86.35435925070979,0.85,0.807219162179029
58,accuracy_70pct,78.1677127854111,0.76,0.7401681158491042
58,accuracy_60pct,76.16804826326899,0.74,0.6739892474558836
58,correlation_70pct,55.3621001626324,0.49,0.6880305006859171
58,correlation_60pct,50.95844255131789,0.45,0.5212271744172097
59,accuracy_80pct,90.67768283452673,0.9,0.8039644557936415
59,accuracy_70pct,80.57204132198142,0.78,0.8012270592352895
59,accuracy_60pct,70.30405451745133,0.68,0.46221386211392285
59,correlation_70pct,53.36277108788821,0.47,0.5299481490623293
59,correlation_60pct,49.36411293839982,0.43,0.49319280571813423
60,accuracy_80pct,87.21969486226902,0.86,0.8226270460542028
60,accuracy_70pct,81.03170657691868,0.79,0.7554330915319492
60,accuracy_60pct,74.573383202953,0.72,0.5868849032285719
60,correlation_70pct,53.49777090849692,0.47,0.6065016400411086
60,correlation_60pct,48.36444840102772,0.42,0.4617048439308146
61,accuracy_80pct,85.49002998134432,0.84,0.8055540763616412
61,accuracy_70pct,80.4913718470859,0.79,0.6747062095935227
61,accuracy_60pct,72.76338429453071,0.71,0.5442654273842128
61,correlation_70pct,63.2790824341116,0.58,0.6676423747029935
61,correlation_60pct,50.49844184898271,0.44,0.48358130910418384
62,accuracy_80pct,84.22003035535688,0.83,0.7184955803374438
62,accuracy_70pct,79.89603587674411,0.78,0.6520042393601874
62,accuracy_60pct,77.03271298003237,0.75,0.650905406156367
62,correlation_70pct,57.551094851096444,0.52,0.6326161160172429
62,correlation_60pct,42.63578992321672,0.36,0.3582883957249167
63,accuracy_80pct,85.94902434148574,0.85,0.6855710862950846
63,accuracy_70pct,77.89737769679576,0.76,0.5951600420669104
63,accuracy_60pct,80.03204203954658,0.78,0.6947146749472797
63,correlation_70pct,58.95575885029467,0.53,0.6512135269478366
63,correlation_60pct,45.770454250737565,0.39,0.43193612208503723
64,accuracy_80pct,85.48935908654849,0.84,0.7841062086737067
64,accuracy_70pct,80.62603622029671,0.79,0.6742346720064611
64,accuracy_60pct,70.43938978545798,0.68,0.4904306143366377
64,correlation_70pct,51.768441474970146,0.45,0.6060009853479615
64,correlation_60pct,52.22810672990741,0.46,0.5326323135650282
65,accuracy_80pct,87.21935941487111,0.86,0.7526436923567523
65,accuracy_70pct,81.16704184492531,0.79,0.7343140717303627
65,accuracy_60pct,72.30405448699138,0.7,0.4026368281611361
65,correlation_70pct,55.76709962445854,0.49,0.5623662533735038
65,correlation_60pct,49.49911275900854,0.43,0.46166206564028145
66,accuracy_80pct,87.48969450348645,0.86,0.8322092242808059
66,accuracy_70pct,78.76204241355913,0.77,0.5108413432450483
66,accuracy_60pct,75.84371827633836,0.73,0.6244289766890713
66,correlation_70pct,52.76810601234225,0.46,0.5817741859521187
66,correlation_60pct,55.55176577635224,0.5,0.48241825517047326
67,accuracy_80pct,85.62536524935095,0.84,0.8228553327260046
67,accuracy_70pct,81.76103602567544,0.8,0.7030111866775035
67,accuracy_60pct,75.76271335404493,0.74,0.5040722275346999
67,correlation_70pct,56.82142995494176,0.51,0.5624117689783885
67,correlation_60pct,52.497770923726904,0.46,0.5164641592261758
68,accuracy_80pct,85.94935978888367,0.85,0.7232765018040038
68,accuracy_70pct,80.89603586151412,0.79,0.6923030110627522
68,accuracy_60pct,74.70871847095962,0.72,0.6517762568974318
68,correlation_70pct,50.57911132387821,0.43,0.6783152532214679
68,correlation_60pct,48.958442581777845,0.43,0.4602494636493536
69,accuracy_80pct,87.81368904301915,0.87,0.7622211186550601
69,accuracy_70pct,80.1670418601553,0.78,0.7079936390115051
69,accuracy_60pct,70.84506014207994,0.68,0.5923508926912089
69,correlation_70pct,51.768441474970146,0.45,0.5164481340526398
69,correlation_60pct,54.09210053664496,0.48,0.5233734309125833
70,accuracy_80pct,88.08435957903242,0.87,0.8662311666179807
70,accuracy_70pct,77.16737735324317,0.75,0.6327178559499844
70,accuracy_60pct,72.8437183220283,0.7,0.5799384249651042
70,correlation_70pct,54.95710070080627,0.49,0.5821074418065283
70,correlation_60pct,52.95743617866415,0.47,0.550258742481441
71,accuracy_80pct,85.22003034012691,0.84,0.746642906315776
71,accuracy_70pct,82.76103601044545,0.81,0.7477886637587176
71,accuracy_60pct,76.84338281371045,0.74,0.7090081432089165
71,correlation_70pct,49.039447504071276,0.42,0.5154591942553176
71,correlation_60pct,41.17713102570321,0.34,0.4173442546564234
72,accuracy_80pct,90.81301810253336,0.9,0.8319106270096495
72,accuracy_70pct,77.0333838748282,0.75,0.6795317181308088
72,accuracy_60pct,72.97905359003492,0.7,0.5657965901812972
72,correlation_70pct,64.14374715087499,0.59,0.7136132401324882
72,correlation_60pct,51.28310798564643,0.46,0.45969178538696825
73,accuracy_80pct,86.21969487749901,0.85,0.7085877786467109
73,accuracy_70pct,80.03170659214865,0.78,0.6331115940377724
73,accuracy_60pct,79.89670677153995,0.78,0.6303395118962852
73,correlation_70pct,52.03844111618757,0.45,0.49437529440952876
73,correlation_60pct,51.63310620696352,0.45,0.44874703629843066
74,accuracy_80pct,87.21935941487111,0.86,0.7822520957926122
74,accuracy_70pct,80.49170729448385,0.79,0.6446296070074042
74,accuracy_60pct,73.03472572533983,0.71,0.5164203166407063
74,correlation_70pct,62.2794178967395,0.57,0.6212604243512952
74,correlation_60pct,48.229113133021094,0.42,0.3751081312239053
75,accuracy_80pct,88.21902395224319,0.87,0.8112402800378087
75,accuracy_70pct,83.62603617460677,0.82,0.7690760974417764
75,accuracy_60pct,74.70871847095962,0.72,0.5954968533181477
75,correlation_70pct,55.36210016263241,0.49,0.5271747461814081
75,correlation_60pct,54.55210123898014,0.49,0.5207429243583296
76,accuracy_80pct,85.35536560813354,0.84,0.7629871028234562
76,accuracy_70pct,78.16804823280903,0.76,0.6531628494636073
76,accuracy_60pct,67.98140179797028,0.65,0.5031919329610103
76,correlation_70pct,58.95575885029467,0.53,0.6057949756415413
76,correlation_60pct,58.22609395414,0.52,0.6889957307360026
77,accuracy_80pct,88.94868884839788,0.88,0.8077330281418406
77,accuracy_70pct,79.43737696400062,0.77,0.7225021513621765
77,accuracy_60pct,76.43804790448641,0.74,0.6302109400817125
77,correlation_70pct,57.09142959615919,0.51,0.5644403301579928
77,correlation_60pct,51.363106565746094,0.45,0.47866488826731446
78,accuracy_80pct,87.48969450348645,0.86,0.8757353567121924
78,accuracy_70pct,77.89704224939783,0.76,0.6219437363194774
78,accuracy_60pct,79.89704221893788,0.78,0.7005529522826988
78,correlation_70pct,52.22810672990741,0.46,0.5114952417587487
78,correlation_60pct,43.31112447365819,0.36,0.3690952447896186
79,accuracy_80pct,87.08469504166032,0.86,0.7838947964380558
79,accuracy_70pct,80.62570077289878,0.79,0.6002670568231909
79,accuracy_60pct,72.30472538178722,0.7,0.5573240200505369
79,correlation_70pct,49.17444732467999,0.42,0.5810270288089955
79,correlation_60pct,53.09243599927287,0.47,0.49441997871989873
80,accuracy_80pct,87.08469504166031,0.86,0.8137879410391078
80,accuracy_70pct,81.03170657691868,0.79,0.7078963060065844
80,accuracy_60pct,73.30304812956764,0.71,0.5274890522059735
80,correlation_70pct,57.09142959615918,0.51,0.6354919845505396
80,correlation_60pct,47.90444769869255,0.41,0.43442312965440705
81,accuracy_80pct,87.08469504166031,0.86,0.7968054114758986
81,accuracy_70pct,81.35670745864516,0.8,0.7074663761824148
81,accuracy_60pct,74.4387188297422,0.72,0.6101156666629166
81,correlation_70pct,60.87475389754128,0.56,0.5766696335933562
81,correlation_60pct,51.22810674513739,0.45,0.4989514426024398
82,accuracy_80pct,86.35435925070979,0.85,0.7729300594954356
82,accuracy_70pct,78.57304769463515,0.76,0.7603521709331389
82,accuracy_60pct,72.11472432066947,0.69,0.598550314278495
82,correlation_70pct,56.09176505878709,0.5,0.6479805815249315
82,correlation_60pct,49.49911275900853,0.43,0.485735163649245
83,accuracy_80pct,87.94835341622995,0.87,0.7789615780144489
83,accuracy_70pct,83.085701444774,0.82,0.7264388797436991
83,accuracy_60pct,71.7093894114454,0.69,0.6065413594951515
83,correlation_70pct,53.95743616343418,0.48,0.5939990742622333
83,correlation_60pct,47.364112968859786,0.41,0.4235988410346124
84,accuracy_80pct,85.49036542874225,0.84,0.8086241262053444
84,accuracy_70pct,78.70804751524386,0.76,0.746138195031611
84,accuracy_60pct,75.30304809910768,0.73,0.5346888827548881
84,correlation_70pct,52.17310548939835,0.45,0.5862715535097538
84,correlation_60pct,47.364783863655624,0.41,0.49636122836182167
85,accuracy_80pct,87.94902431102578,0.87,0.767226506813357
85,accuracy_70pct,81.30204166553402,0.79,0.804529541895224
85,accuracy_60pct,74.84338284417042,0.72,0.6175148102689542
85,correlation_70pct,60.82008810443015,0.55,0.7186422028076702
85,correlation_60pct,45.77011880333964,0.39,0.40660133423379574
86,accuracy_80pct,83.48969456440636,0.82,0.7418969957087699
86,accuracy_70pct,81.49103638445801,0.8,0.7043446593295216
86,accuracy_60pct,70.033719428836,0.68,0.484520108933523
86,correlation_70pct,48.094448759810305,0.42,0.4951994939192424
86,correlation_60pct,51.68810744747257,0.46,0.5727842633410285
87,accuracy_80pct,89.35368831022402,0.88,0.8421838739483601
87,accuracy_70pct,78.4373769792306,0.76,0.6270352668821985
87,accuracy_60pct,73.43938973976803,0.71,0.5258059029943642
87,correlation_70pct,54.76743508708644,0.48,0.6062996617155479
87,correlation_60pct,50.76844149020013,0.44,0.39739788893933425
88,accuracy_80pct,85.62469435455512,0.84,0.8090205829528854
88,accuracy_70pct,85.22036578752483,0.84,0.7840957691468117
88,accuracy_60pct,69.70972488930329,0.67,0.5205805057367534
88,correlation_70pct,56.95609432815256,0.51,0.5825544228895653
88,correlation_60pct,42.98679448672756,0.35,0.49298642753193417
89,accuracy_80pct,84.76036508518965,0.83,0.8236119612389369
89,accuracy_70pct,83.22003037058685,0.82,0.6867651231596547
89,accuracy_60pct,70.89905504039523,0.69,0.4834988237387027
89,correlation_70pct,59.82042356705805,0.54,0.7130014311189018
89,correlation_60pct,48.36444840102773,0.42,0.533190474731991
90,accuracy_80pct,86.75969415993384,0.85,0.8596078703882369
90,accuracy_70pct,84.62502981718302,0.83,0.7659913124733868
90,accuracy_60pct,76.16804826326899,0.74,0.5941744632501148
90,correlation_70pct,57.226429416767886,0.51,0.62845904027698
90,correlation_60pct,48.22944858041901,0.42,0.4476275257809449
91,accuracy_80pct,85.21969489272898,0.84,0.7332372955716496
91,accuracy_70pct,79.03237750217448,0.77,0.6903208594775238
91,accuracy_60pct,73.03439027794191,0.71,0.5877154139773871
91,correlation_70pct,50.90377675820676,0.44,0.6239305366545446
91,correlation_60pct,51.687772000074645,0.46,0.4652505159959303
92,accuracy_80pct,84.21935946056104,0.83,0.666549933107996
92,accuracy_70pct,84.16603545704162,0.82,0.8433601089343593
92,accuracy_60pct,75.35637210262709,0.74,0.4259260409681392
92,correlation_70pct,61.14475353875869,0.56,0.6498870618624091
92,correlation_60pct,45.17545372779367,0.38,0.4718659929278102
93,accuracy_80pct,84.08536598214609,0.83,0.7226636745569434
93,accuracy_70pct,79.16637098058942,0.77,0.6589673030613294
93,accuracy_60pct,72.11438887327155,0.69,0.5921131580860486
93,correlation_70pct,64.27874697148371,0.59,0.711605602783983
93,correlation_60pct,42.98679448672756,0.35,0.5072349500651241
94,accuracy_80pct,86.08368871469652,0.85,0.7143623039474
94,accuracy_70pct,78.35670750433508,0.77,0.5697224206447641
94,accuracy_60pct,76.3030480838777,0.74,0.6549203005385056
94,correlation_70pct,58.0107601060337,0.53,0.5366826170955479
94,correlation_60pct,45.63511898273093,0.39,0.4324795195564197
95,accuracy_80pct,88.21868850484528,0.87,0.8105196714336145
95,accuracy_70pct,78.8960358919741,0.77,0.5987823881148804
95,accuracy_60pct,74.89838408467946,0.73,0.5423888167374072
95,correlation_70pct,52.903105832950956,0.46,0.5756876520577049
95,correlation_60pct,57.416095030487725,0.52,0.5836609217884314
96,accuracy_80pct,89.08301777421075,0.88,0.8131209769119615
96,accuracy_70pct,82.16637093489949,0.8,0.7976800162160301
96,accuracy_60pct,83.22003037058687,0.82,0.6484616464860637
96,correlation_70pct,58.82075902968596,0.53,0.6371248892540803
96,correlation_60pct,48.76911241545593,0.42,0.45916428073195403
97,accuracy_80pct,84.08503053474819,0.83,0.7159834327701823
97,accuracy_70pct,77.4377124418585,0.75,0.6916955804465929
97,accuracy_60pct,67.7103958145591,0.65,0.47704198814489523
97,correlation_70pct,57.416095030487725,0.52,0.610337357835645
97,correlation_60pct,42.90612501183206,0.36,0.39091064377871654
98,accuracy_80pct,85.49002998134432,0.84,0.801290826717605
98,accuracy_70pct,81.49103638445801,0.8,0.7139293749486314
98,accuracy_60pct,71.43905432283006,0.69,0.5318310647331267
98,correlation_70pct,58.145759926642405,0.53,0.6490343683521322
98,correlation_60pct,40.58213050275932,0.33,0.3864695641812059
99,accuracy_80pct,88.08402413163448,0.87,0.8006923170962729
99,accuracy_70pct,81.4907009370601,0.8,0.613221232495442
99,accuracy_60pct,74.43905427714013,0.72,0.6020231118536272
99,correlation_70pct,57.22642941676789,0.51,0.6468118908658709
99,correlation_60pct,54.687101059588855,0.49,0.545128756979286
100,accuracy_80pct,90.35368829499401,0.89,0.9165806693660886
100,accuracy_70pct,79.6263716829246,0.78,0.6766743771141874
100,accuracy_60pct,72.16972556117852,0.7,0.5319664555014207
100,correlation_70pct,58.28075974725111,0.53,0.580558382140615
100,correlation_60pct,58.55075938846854,0.53,0.5836087178357094
101,accuracy_80pct,86.35469469810772,0.85,0.8135727034324122
101,accuracy_70pct,78.35737839913094,0.77,0.6534602255530265
101,accuracy_60pct,74.76304881667284,0.73,0.5287988903940859
101,correlation_70pct,59.685423746449345,0.54,0.6705736463153046
101,correlation_60pct,47.76944787808384,0.41,0.5050386468301772
102,accuracy_80pct,91.67768281929675,0.91,0.8535787561610276
102,accuracy_70pct,79.62704257772046,0.78,0.6593229149866336
102,accuracy_60pct,72.84472466422207,0.7,0.6215881094382046
102,correlation_70pct,59.95542338766677,0.54,0.6857366903490875
102,correlation_60pct,48.03978296669918,0.41,0.5658826149839168
103,accuracy_80pct,86.08503050428823,0.85,0.7701624245926203
103,accuracy_70pct,83.22003037058687,0.82,0.6409760499373901
103,accuracy_60pct,76.16838371066692,0.74,0.612172591590687
103,correlation_70pct,56.82142995494176,0.51,0.5612540913326893
103,correlation_60pct,47.310118070544505,0.4,0.5439235645335915
104,accuracy_80pct,89.21835304221737,0.88,0.8250038521433268
104,accuracy_70pct,79.89704221893787,0.78,0.6506459186112573
104,accuracy_60pct,76.03338389005819,0.74,0.589127380069978
104,correlation_70pct,55.82142997017174,0.5,0.5505101149273073
104,correlation_60pct,59.41542410523192,0.54,0.5338808289370454
105,accuracy_80pct,86.94935977365367,0.86,0.7529845241233593
105,accuracy_70pct,80.76204238309917,0.79,0.7399892103069385
105,accuracy_60pct,74.43905427714013,0.72,0.6314342972970729
105,correlation_70pct,64.73841222642095,0.6,0.6568784613922093
105,correlation_60pct,51.0934423719266,0.45,0.516119346662696
106,accuracy_80pct,88.67868920718045,0.88,0.7794354710485321
106,accuracy_70pct,84.35570107076144,0.83,0.7703041542137881
106,accuracy_60pct,75.62771353343624,0.74,0.5681137632791922
106,correlation_70pct,59.685423746449345,0.54,0.6762877099193074
106,correlation_60pct,57.55075940369852,0.52,0.5585827739272097
107,accuracy_80pct,81.76137147307335,0.8,0.7551601564349252
107,accuracy_70pct,83.35570108599143,0.82,0.7380924493701034
107,accuracy_60pct,76.30371897867353,0.74,0.6939695713212892
107,correlation_70pct,47.309782623146575,0.4,0.5324460036582205
107,correlation_60pct,54.95710070080628,0.49,0.5928130903372929
108,accuracy_80pct,89.94801793837205,0.89,0.7984202711068482
108,accuracy_70pct,80.16670641275738,0.78,0.692267759667105
108,accuracy_60pct,70.3857303345406,0.67,0.5562181888745972
108,correlation_70pct,57.821094492313854,0.52,0.5824942793061971
108,correlation_60pct,58.28042429985319,0.53,0.5175336520272957
109,accuracy_80pct,85.94935978888367,0.85,0.7482772361971383
109,accuracy_70pct,82.35570110122141,0.81,0.7002372429313712
109,accuracy_60pct,72.57438957560672,0.7,0.5702700285638179
109,correlation_70pct,64.41374679209241,0.59,0.7307100855281631
109,correlation_60pct,43.905454101806235,0.37,0.3028940053395892
110,accuracy_80pct,88.2190239522432,0.87,0.8357104242675751
110,accuracy_70pct,77.03304842743029,0.75,0.6089188865605201
110,accuracy_60pct,73.11505975283741,0.7,0.6850509277057362
110,correlation_70pct,66.14307622561918,0.61,0.7551866881892699
110,correlation_60pct,45.90545407134627,0.39,0.44011687969456
111,accuracy_80pct,87.4890236086906,0.86,0.8040273492638519
111,accuracy_70pct,84.2200303553569,0.83,0.7269239730121518
111,accuracy_60pct,72.70972484361334,0.7,0.6241948841417753
111,correlation_70pct,57.22609396936997,0.51,0.6118421483265911
111,correlation_60pct,62.00941825552208,0.57,0.636396504566637
112,accuracy_80pct,89.0840241164045,0.88,0.8465105116927975
112,accuracy_70pct,81.03204202431661,0.79,0.780792931743449
112,accuracy_60pct,75.30371899390353,0.73,0.6504933447582534
112,correlation_70pct,51.22844219253531,0.45,0.5082235079318519
112,correlation_60pct,47.03978298192916,0.4,0.4895092434819763
113,accuracy_80pct,89.08368866900659,0.88,0.7543534777872631
113,accuracy_70pct,84.4900299965743,0.83,0.6460401079519245
113,accuracy_60pct,77.57338315726305,0.75,0.7081022856569752
113,correlation_70pct,54.497435445869016,0.48,0.5598109813868656
113,correlation_60pct,57.95609431292257,0.52,0.6128814496577502
114,accuracy_80pct,84.76036508518965,0.83,0.779430312920465
114,accuracy_70pct,85.35503016073561,0.84,0.7681547859027632
114,accuracy_60pct,73.76371972669865,0.72,0.48876994710087
114,correlation_70pct,56.82142995494176,0.51,0.6439532799624981
114,correlation_60pct,52.95743617866416,0.47,0.4234232206567457
115,accuracy_80pct,89.67868919195047,0.89,0.7758310889933036
115,accuracy_70pct,80.62603622029671,0.79,0.6553852064635499
115,accuracy_60pct,74.43905427714013,0.72,0.5275225937904633
115,correlation_70pct,66.73774130116514,0.62,0.6559866426790307
115,correlation_60pct,53.95710071603626,0.48,0.5084919834857197
116,accuracy_80pct,87.48969450348643,0.86,0.8490541034551411
116,accuracy_70pct,80.49204274188176,0.79,0.674836629928786
116,accuracy_60pct,68.30539633750298,0.66,0.4451658911448066
116,correlation_70pct,59.685423746449345,0.54,0.636917113362612
116,correlation_60pct,49.36411293839983,0.43,0.41501631350505297
117,accuracy_80pct,89.67868919195048,0.89,0.8435762057236147
117,accuracy_70pct,83.62603617460677,0.82,0.8209058208395884
117,accuracy_60pct,77.4377124418585,0.75,0.6989881485055682
117,correlation_70pct,62.46874806306142,0.58,0.6575196718304338
117,correlation_60pct,51.82310726808127,0.46,0.5472017245725641
118,accuracy_80pct,90.81301810253336,0.9,0.8421056657661976
118,accuracy_70pct,81.16704184492531,0.79,0.7613754266235929
118,accuracy_60pct,74.8990549794753,0.73,0.6159430651393349
118,correlation_70pct,57.09142959615918,0.51,0.6639404821290482
118,correlation_60pct,36.71847217387965,0.29,0.25001474550962144
119,accuracy_80pct,88.21902395224319,0.87,0.8340852649053119
119,accuracy_70pct,79.8973776663358,0.78,0.7106971664064836
119,accuracy_60pct,70.71006032147125,0.68,0.5537129583333231
119,correlation_70pct,54.82210088019756,0.49,0.5413706021716319
119,correlation_60pct,52.49810637112483,0.46,0.5549979015355312
120,accuracy_80pct,88.35435922024983,0.87,0.8743346303880749
120,accuracy_70pct,82.76137145784338,0.81,0.8022708249204198
120,accuracy_60pct,73.57438956037674,0.71,0.6543194173476753
120,correlation_70pct,63.873747509657576,0.59,0.6837974084343095
120,correlation_60pct,49.49911275900854,0.43,0.4874048022510293
121,accuracy_80pct,89.81301811776335,0.89,0.78354296549965
121,accuracy_70pct,83.49070090660013,0.82,0.7277350236020704
121,accuracy_60pct,71.97972450006075,0.69,0.5980513653650754
121,correlation_70pct,56.68643013433305,0.51,0.5927476465763066
121,correlation_60pct,52.768106012342244,0.46,0.6001868235938396
122,accuracy_80pct,85.35536560813354,0.84,0.8075861136216831
122,accuracy_70pct,79.89670677153995,0.78,0.6676229515206491
122,accuracy_60pct,82.62570074243882,0.81,0.6836642546817167
122,correlation_70pct,64.14374715087499,0.59,0.6532234295792613
122,correlation_60pct,59.28008883722529,0.54,0.5442114417204608
123,accuracy_80pct,86.81435995304497,0.86,0.7655947681124985
123,accuracy_70pct,83.76070054781755,0.82,0.7528559225643114
123,accuracy_60pct,69.16972560686845,0.67,0.40732014083868784
123,correlation_70pct,61.279753359367405,0.56,0.5886972221159423
123,correlation_60pct,48.904447683462564,0.42,0.5246478313285748
124,accuracy_80pct,89.81335356516126,0.89,0.8191928685107999
124,accuracy_70pct,84.62536526458095,0.83,0.7313566915604448
124,accuracy_60pct,78.43771242662852,0.76,0.654976080760217
124,correlation_70pct,54.497435445869016,0.48,0.49964155635791324
124,correlation_60pct,57.226429416767886,0.51,0.6131903091272194
125,accuracy_80pct,86.22003032489692,0.85,0.7651591117037029
125,accuracy_70pct,75.84405372373628,0.73,0.6837538349633326
125,accuracy_60pct,74.57405409774884,0.72,0.5983805722264028
125,correlation_70pct,60.28008882199531,0.55,0.6081455217205408
125,correlation_60pct,54.36243562526031,0.48,0.5490354824798592
126,accuracy_80pct,86.67969557983419,0.86,0.7228789326621171
126,accuracy_70pct,82.1667063822974,0.8,0.7633827703658443
126,accuracy_60pct,75.57338318772301,0.73,0.5867085267707658
126,correlation_70pct,61.684752821193534,0.56,0.6272213696028499
126,correlation_60pct,46.85045281560724,0.39,0.5462400849706782
127,accuracy_80pct,88.21868850484529,0.87,0.8197119332463094
127,accuracy_70pct,79.03237750217448,0.77,0.7276865646483323
127,accuracy_60pct,73.30405447176139,0.71,0.6078443494875995
127,correlation_70pct,56.226764879395795,0.5,0.654422664296757
127,correlation_60pct,49.68877837272837,0.44,0.462287134601475
128,accuracy_80pct,86.49002996611434,0.85,0.8564944933862821
128,accuracy_70pct,81.89670674108,0.8,0.7629340482957502
128,accuracy_60pct,74.43804793494637,0.72,0.5922871242160042
128,correlation_70pct,51.957771641292055,0.46,0.5781584451997186
128,correlation_60pct,52.22810672990741,0.46,0.5543065935600053
129,accuracy_80pct,88.3540237728519,0.87,0.8530436769452097
129,accuracy_70pct,80.89637130891205,0.79,0.704637687468192
129,accuracy_60pct,73.89871954730737,0.72,0.5863570623960557
129,correlation_70pct,52.49810637112482,0.46,0.5144875027460033
129,correlation_60pct,52.95777162606208,0.47,0.4899929266731787
130,accuracy_80pct,88.48902359346062,0.87,0.858849984931347
130,accuracy_70pct,76.76271333881496,0.75,0.6024718683068653
130,accuracy_60pct,75.16804827849896,0.73,0.5035550538855265
130,correlation_70pct,63.278746986713685,0.58,0.6879014966308935
130,correlation_60pct,48.499448221636435,0.42,0.4377623990572062
131,accuracy_80pct,88.21835305744736,0.87,0.7640644725574484
131,accuracy_70pct,80.302041680764,0.78,0.679489421839416
131,accuracy_60pct,76.43838335188433,0.74,0.6102214984601158
131,correlation_70pct,58.550759388468535,0.53,0.5625319547157451
131,correlation_60pct,60.1450890013866,0.55,0.6098072815731728
132,accuracy_80pct,85.08469507212027,0.84,0.7473004290981009
132,accuracy_70pct,81.35570111645139,0.8,0.6892835360923996
132,accuracy_60pct,78.43737697923059,0.76,0.7537680427815653
132,correlation_70pct,55.95676523817838,0.5,0.6589272135230482
132,correlation_60pct,39.0428021303503,0.32,0.41134155381784115
133,accuracy_80pct,90.67768283452672,0.9,0.8158773778821353
133,accuracy_70pct,78.76170696616123,0.77,0.6282486649052322
133,accuracy_60pct,74.03304847312023,0.72,0.5205711121195815
133,correlation_70pct,52.49810637112483,0.46,0.590547585461989
133,correlation_60pct,49.63377713221932,0.43,0.5322262400307398
134,accuracy_80pct,85.35503016073562,0.84,0.7752552314088563
134,accuracy_70pct,81.62670709986256,0.8,0.7303490725440385
134,accuracy_60pct,74.70905391835754,0.72,0.6292426368505825
134,correlation_70pct,63.144082613502896,0.58,0.6838889255122201
134,correlation_60pct,52.363106550516115,0.46,0.553079104902855
135,accuracy_80pct,89.21902393701322,0.88,0.8970887524159326
135,accuracy_70pct,76.6273780708083,0.75,0.6383671091114903
135,accuracy_60pct,76.16771281587106,0.74,0.6898762160815809
135,correlation_70pct,48.36411295362981,0.42,0.5011485116016149
135,correlation_60pct,54.28210159776273,0.49,0.5360322513711062
136,accuracy_80pct,86.81435995304498,0.86,0.7548150252831737
136,accuracy_70pct,78.0330484122003,0.76,0.6972179322640238
136,accuracy_60pct,72.1693901137806,0.7,0.517047056142751
136,correlation_70pct,53.36243564049029,0.47,0.5660013382157725
136,correlation_60pct,46.63478352010303,0.4,0.42711701883631015
137,accuracy_80pct,83.49036545920222,0.82,0.7393007042497997
137,accuracy_70pct,83.62536527981092,0.82,0.6848167791698662
137,accuracy_60pct,68.4403961581117,0.66,0.46065993834836133
137,correlation_70pct,63.143747166104966,0.58,0.6082541560283811
137,correlation_60pct,53.68710107481884,0.48,0.43608648475650513
138,accuracy_80pct,87.48969450348645,0.86,0.8477164605520241
138,accuracy_70pct,78.76170696616123,0.77,0.6118569205815071
138,accuracy_60pct,78.16737733801317,0.76,0.6473575166296333
138,correlation_70pct,55.95676523817838,0.5,0.6027606106843814
138,correlation_60pct,51.49844183375273,0.45,0.5263741096021174
139,accuracy_80pct,89.54301847654592,0.89,0.7668071257512631
139,accuracy_70pct,78.03170662260862,0.76,0.5985517958932581
139,accuracy_60pct,72.84371832202831,0.7,0.5526864581095948
139,correlation_70pct,57.82109449231386,0.52,0.6061156994560454
139,correlation_60pct,47.769783325481754,0.41,0.5186829554703576
140,accuracy_80pct,88.35402377285192,0.87,0.8545211057529208
140,accuracy_70pct,81.03170657691868,0.79,0.7641291208181555
140,accuracy_60pct,74.70838302356171,0.72,0.6328406546816059
140,correlation_70pct,57.95575886552464,0.52,0.6289811390115284
140,correlation_60pct,54.227435804651606,0.48,0.5886251305875825
141,accuracy_80pct,87.814359937815,0.87,0.7724294807185165
141,accuracy_70pct,79.30204169599399,0.77,0.7066102083463337
141,accuracy_60pct,72.3043899343893,0.7,0.5232443051224329
141,correlation_70pct,58.226093954139984,0.52,0.6378114401954154
141,correlation_60pct,58.280424299853195,0.53,0.5581524562202016
142,accuracy_80pct,87.08402414686446,0.86,0.7847010043584867
142,accuracy_70pct,80.30137078596816,0.78,0.7214011851466738
142,accuracy_60pct,74.03371936791608,0.72,0.6242048317104725
142,correlation_70pct,51.22844219253531,0.45,0.5285049409493151
142,correlation_60pct,45.90478317655043,0.39,0.43272766274668595
143,accuracy_80pct,83.7600296530217,0.82,0.750707799331085
143,accuracy_70pct,78.16737733801318,0.76,0.6721708344369641
143,accuracy_60pct,77.16704190584522,0.75,0.5736621862447048
143,correlation_70pct,62.009418255522085,0.57,0.6377023210891275
143,correlation_60pct,56.011095583891574,0.51,0.5089478945262628
144,accuracy_80pct,88.94835340099996,0.88,0.8121470349799156
144,accuracy_70pct,79.03204205477657,0.77,0.6822590741674698
144,accuracy_60pct,75.30338354650559,0.73,0.6321652686772121
144,correlation_70pct,63.14408261350289,0.58,0.6569055129990489
144,correlation_60pct,45.50011916212222,0.39,0.46255618242684066
145,accuracy_80pct,88.94868884839786,0.88,0.8194134251899642
145,accuracy_70pct,82.03137111429078,0.8,0.7846847215996459
145,accuracy_60pct,72.30405448699138,0.7,0.5358338755483887
145,correlation_70pct,56.3617647000045,0.5,0.7104564301174792
145,correlation_60pct,47.90444769869255,0.41,0.4511854573942028
146,accuracy_80pct,86.22003032489694,0.85,0.822501773853367
146,accuracy_70pct,78.357042951733,0.77,0.6339903340512834
146,accuracy_60pct,73.16838375635685,0.71,0.5573517049563484
146,correlation_70pct,58.550759388468535,0.53,0.6406189761955983
146,correlation_60pct,49.49877731161061,0.43,0.5172800336681468
147,accuracy_80pct,85.49036542874225,0.84,0.7938283149220389
147,accuracy_70pct,82.2207012806127,0.81,0.6907157381550304
147,accuracy_60pct,70.30438996484926,0.68,0.44785872446792996
147,correlation_70pct,58.68575920907725,0.53,0.6054370559130235
147,correlation_60pct,49.039112056673346,0.42,0.5173631445406652
148,accuracy_80pct,90.0836886537766,0.89,0.9058428098129006
148,accuracy_70pct,80.03137114475074,0.78,0.6685027874824674
148,accuracy_60pct,78.03170662260862,0.76,0.6208934876939955
148,correlation_70pct,50.17411186205209,0.43,0.5690833660014117
148,correlation_60pct,56.956094328152545,0.51,0.5910761399743344
149,accuracy_80pct,89.8136890125592,0.89,0.8619749960105009
149,accuracy_70pct,78.3567075043351,0.77,0.5671553546107502
149,accuracy_60pct,72.76371974192864,0.71,0.4700866697876058
149,correlation_70pct,61.14475353875869,0.56,0.694980977097467
149,correlation_60pct,49.95877801394579,0.44,0.46200080061321713
150,accuracy_80pct,86.62469433932513,0.85,0.7790562036363236
150,accuracy_70pct,81.62670709986256,0.8,0.655268525432107
150,accuracy_60pct,74.8433828441704,0.72,0.6480505780897841
150,correlation_70pct,60.41508864260402,0.55,0.5802124094599173
150,correlation_60pct,59.55042392584063,0.54,0.6151080259024407
151,accuracy_80pct,86.9483534314599,0.86,0.7265411495257297
151,accuracy_70pct,74.03304847312023,0.72,0.5799057752993061
151,accuracy_60pct,74.03338392051816,0.72,0.5701975700721034
151,correlation_70pct,57.740760464816276,0.53,0.554502185901934
151,correlation_60pct,51.768441474970146,0.45,0.6278376308118089
152,accuracy_80pct,84.49070089137015,0.83,0.7160597322974162
152,accuracy_70pct,79.1673773227832,0.77,0.6583865100698673
152,accuracy_60pct,74.57405409774884,0.72,0.6169340941403386
152,correlation_70pct,57.82109449231386,0.52,0.5682458251275182
152,correlation_60pct,51.82277182068335,0.46,0.4157883162390645
153,accuracy_80pct,87.94935975842371,0.87,0.7961892990139181
153,accuracy_70pct,80.1670418601553,0.78,0.6406480500575201
153,accuracy_60pct,75.16838372589689,0.73,0.5763378134073531
153,correlation_70pct,57.09142959615917,0.51,0.5971944825772777
153,correlation_60pct,51.36344201314401,0.45,0.4882687787211322
154,accuracy_80pct,86.08469505689031,0.85,0.765986332702121
154,accuracy_70pct,83.22103671278064,0.82,0.7608364212373442
154,accuracy_60pct,71.5743895908367,0.69,0.5975467852555021
154,correlation_70pct,49.3637774910019,0.43,0.48628952800295927
154,correlation_60pct,57.01076012126367,0.52,0.47671105463161917
155,accuracy_80pct,88.35435922024983,0.87,0.8593319428399019
155,accuracy_70pct,81.43704148614273,0.79,0.8020762746961746
155,accuracy_60pct,71.70905396404751,0.69,0.4921076702302414
155,correlation_70pct,53.22777126727951,0.47,0.5633198348404926
155,correlation_60pct,52.49810637112483,0.46,0.5269324307806794
156,accuracy_80pct,85.94969523628158,0.85,0.7663688654058188
156,accuracy_70pct,77.89804859159159,0.76,0.6806415586730075
156,accuracy_60pct,75.57304774032508,0.73,0.6467143933092097
156,correlation_70pct,59.55042392584063,0.54,0.6108751241641249
156,correlation_60pct,57.0110955686616,0.52,0.5266602507525417
157,accuracy_80pct,87.62435887669724,0.86,0.8706507753507995
157,accuracy_70pct,79.62670713032253,0.78,0.6753850461519558
157,accuracy_60pct,74.62838444346205,0.73,0.5468199768055726
157,correlation_70pct,44.12145884470837,0.36,0.5906838693635682
157,correlation_60pct,53.957100716036265,0.48,0.5590699987241118
158,accuracy_80pct,86.22003032489694,0.85,0.7765133920084877
158,accuracy_70pct,81.3017062181361,0.79,0.7531415439030144
158,accuracy_60pct,76.76304878621288,0.75,0.5947336548583855
158,correlation_70pct,58.82075902968595,0.53,0.675872159031855
158,correlation_60pct,54.82210088019757,0.49,0.5092294562665458
159,accuracy_80pct,88.62435886146726,0.87,0.914270918337425
159,accuracy_70pct,80.8970422037079,0.79,0.7619694711003875
159,accuracy_60pct,80.0320420395466,0.78,0.7175433646037424
159,correlation_70pct,59.280088837225286,0.54,0.5884713200353006
159,correlation_60pct,53.822436342825476,0.48,0.5194493437851688
160,accuracy_80pct,89.35402375762193,0.88,0.8898176692681067
160,accuracy_70pct,79.89737766633581,0.78,0.695574468495519
160,accuracy_60pct,75.03371935268609,0.73,0.5522264884515745
160,correlation_70pct,58.226093954139984,0.52,0.6393549363959008
160,correlation_60pct,56.551094866326416,0.51,0.5597097618702553
161,accuracy_80pct,91.21801756435949,0.9,0.8855189008830772
161,accuracy_70pct,80.22137220586849,0.79,0.683566621636064
161,accuracy_60pct,69.70905399450746,0.67,0.3834771410757755
161,correlation_70pct,50.3091116826608,0.43,0.6147819199691181
161,correlation_60pct,50.68844291010046,0.45,0.4324329295375214
162,accuracy_80pct,89.21868848961529,0.88,0.8490958157805807
162,accuracy_70pct,77.89771314419367,0.76,0.6670026404433613
162,accuracy_60pct,70.84506014207994,0.68,0.6355744478267537
162,correlation_70pct,51.958107088689985,0.46,0.5272662394715742
162,correlation_60pct,50.63344166959142,0.44,0.5242691604733082
163,accuracy_80pct,87.2193594148711,0.86,0.832392238104158
163,accuracy_70pct,77.70838297787176,0.75,0.7716887863968821
163,accuracy_60pct,70.89871959299731,0.69,0.47984680289337733
163,correlation_70pct,53.092771446670795,0.47,0.5721876428346786
163,correlation_60pct,47.63478350487305,0.41,0.5507675635359384
164,accuracy_80pct,89.94835338576998,0.89,0.8575886087859375
164,accuracy_70pct,81.03170657691868,0.79,0.7815143759199873
164,accuracy_60pct,73.76371972669864,0.72,0.5579346879229833
164,correlation_70pct,56.09176505878708,0.5,0.6269410581182773
164,correlation_60pct,47.17511824993579,0.4,0.5279169058619839
165,accuracy_80pct,86.8146954004429,0.86,0.7806201806466007
165,accuracy_70pct,82.76137145784337,0.81,0.7936548329946278
165,accuracy_60pct,75.1687191732948,0.73,0.6277105132492001
165,correlation_70pct,56.55109486632642,0.51,0.49006597732112694
165,correlation_60pct,52.2281067299074,0.46,0.498831632644749
166,accuracy_80pct,87.81368904301915,0.87,0.7419054848496685
166,accuracy_70pct,78.76204241355914,0.77,0.6472926605981568
166,accuracy_60pct,77.16804824803899,0.75,0.6963024002868914
166,correlation_70pct,51.63344165436144,0.45,0.5806655733221843
166,correlation_60pct,53.22777126727951,0.47,0.5131742805051643
167,accuracy_80pct,89.0840241164045,0.88,0.8432345077142305
167,accuracy_70pct,83.62603617460675,0.82,0.7327827981837733
167,accuracy_60pct,74.62838444346204,0.73,0.489526747627289
167,correlation_70pct,53.63277072910564,0.47,0.5769426998845043
167,correlation_60pct,48.49944822163644,0.42,0.42891546054489726
168,accuracy_80pct,87.35469468287772,0.86,0.8177232061878211
168,accuracy_70pct,79.62670713032253,0.78,0.6070378598857354
168,accuracy_60pct,75.30405444130145,0.73,0.6532185530926768
168,correlation_70pct,60.41508864260402,0.55,0.6773634172734556
168,correlation_60pct,49.49911275900853,0.43,0.4524474224974098
169,accuracy_80pct,87.21902396747318,0.86,0.7580069536005066
169,accuracy_70pct,84.3550301759656,0.83,0.6939475787990476
169,accuracy_60pct,72.84472466422206,0.7,0.578805373379088
169,correlation_70pct,59.55042392584063,0.54,0.6572501467034928
169,correlation_60pct,46.580453174389824,0.39,0.4879618948169887
170,accuracy_80pct,86.81402450564705,0.86,0.6736358903312826
170,accuracy_70pct,82.76137145784338,0.81,0.7226741009797307
170,accuracy_60pct,69.5750605160925,0.67,0.37773627305659263
170,correlation_70pct,62.27908244934159,0.57,0.5950314312606054
170,correlation_60pct,47.76978332548176,0.41,0.4613458463332295
171,accuracy_80pct,86.62469433932513,0.85,0.8341511137540939
171,accuracy_70pct,79.76170695093124,0.78,0.6733158581208082
171,accuracy_60pct,71.25073049870191,0.68,0.654062343772954
171,correlation_70pct,66.73774130116514,0.62,0.7107485636051021
171,correlation_60pct,48.95877802917576,0.43,0.4432368455022716
172,accuracy_80pct,88.21935939964112,0.87,0.8498197676266833
172,accuracy_70pct,81.03170657691868,0.79,0.719894972628355
172,accuracy_60pct,72.89771322034359,0.71,0.4664342991819854
172,correlation_70pct,51.82310726808128,0.46,0.5184368711359492
172,correlation_60pct,50.63377711698934,0.44,0.5611887421215052
173,accuracy_80pct,86.94868887885784,0.86,0.7091471734773375
173,accuracy_70pct,79.16771277018113,0.77,0.680887581095304
173,accuracy_60pct,75.62771353343622,0.74,0.5162231953596707
173,correlation_70pct,65.00841186763837,0.6,0.7017790892792332
173,correlation_60pct,46.17478281776785,0.39,0.43969893612130573
174,accuracy_80pct,85.67902470026831,0.85,0.6423586609802489
174,accuracy_70pct,78.76170696616123,0.77,0.5838361061869326
174,accuracy_60pct,77.76204242878912,0.76,0.5612692502239751
174,correlation_70pct,58.41575956785982,0.53,0.5014577175524758
174,correlation_60pct,46.500119146892246,0.4,0.38271882569086085
175,accuracy_80pct,87.48935905608853,0.86,0.8386401814558895
175,accuracy_70pct,78.89737768156577,0.77,0.7263102009917074
175,accuracy_60pct,70.44006068025382,0.68,0.5363901557710292
175,correlation_70pct,56.22676487939579,0.5,0.6020621483847541
175,correlation_60pct,47.22978404304692,0.41,0.3581395022854074
176,accuracy_80pct,85.35536560813354,0.84,0.8018921565771904
176,accuracy_70pct,78.62670714555252,0.77,0.5867113244951475
176,accuracy_60pct,70.70871853187954,0.68,0.496371514741413
176,correlation_70pct,60.41508864260402,0.55,0.6429342341211308
176,correlation_60pct,47.82444911859288,0.42,0.3673226139676114
177,accuracy_80pct,88.21935939964112,0.87,0.8652885846826139
177,accuracy_70pct,79.03237750217448,0.77,0.7047007223765365
177,accuracy_60pct,74.57371865035093,0.72,0.6576465869548183
177,correlation_70pct,60.010089180777896,0.55,0.5964565765906091
177,correlation_60pct,50.0937778345545,0.44,0.4961171112098019
178,accuracy_80pct,84.95003069890947,0.84,0.7391582103424652
178,accuracy_70pct,76.70804754570382,0.74,0.7140483858550964
178,accuracy_60pct,74.30371900913349,0.72,0.5547137738904038
178,correlation_70pct,58.49609359535741,0.52,0.6683869489457558
178,correlation_60pct,44.31112445842821,0.37,0.4718651775487622
179,accuracy_80pct,87.94868886362786,0.87,0.7721602137396867
179,accuracy_70pct,82.89637127845208,0.81,0.789822678740749
179,accuracy_60pct,80.89670675630997,0.79,0.7448030982603824
179,correlation_70pct,53.497435461099,0.47,0.5874893178094149
179,correlation_60pct,51.36344201314402,0.45,0.5432976381974014
180,accuracy_80pct,87.62469432409516,0.86,0.8587587355530544
180,accuracy_70pct,78.03271296480239,0.76,0.6434203717168185
180,accuracy_60pct,75.97871809694706,0.73,0.6667871832246991
180,correlation_70pct,64.19841294398611,0.6,0.5477097757222927
180,correlation_60pct,49.634112579617245,0.43,0.4891336512193177
181,accuracy_80pct,84.3550301759656,0.83,0.7430125497699397
181,accuracy_70pct,81.89637129368208,0.8,0.7558544086119166
181,accuracy_60pct,75.03371935268609,0.73,0.6296534342191844
181,correlation_70pct,58.550759388468535,0.53,0.6002057612895582
181,correlation_60pct,52.0931069092987,0.46,0.5522547040387614
182,accuracy_80pct,85.49002998134434,0.84,0.7887400952396867
182,accuracy_70pct,85.49002998134432,0.84,0.77182008246893
182,accuracy_60pct,72.43905430760009,0.7,0.544916407816432
182,correlation_70pct,52.09277146190078,0.46,0.536154891744948
182,correlation_60pct,54.82210088019757,0.49,0.5304552836657248
183,accuracy_80pct,84.62536526458095,0.83,0.7869512967594561
183,accuracy_70pct,78.89670678676994,0.77,0.6353906833323238
183,accuracy_60pct,77.03170663783861,0.75,0.5044061742673076
183,correlation_70pct,51.76844147497015,0.45,0.6014324625952643
183,correlation_60pct,50.633777116989336,0.44,0.5576515382068016
184,accuracy_80pct,87.62402342929931,0.86,0.8029555637778374
184,accuracy_70pct,78.89737768156577,0.77,0.6398732742580772
184,accuracy_60pct,72.03338395097812,0.7,0.40412099795827255
184,correlation_70pct,54.95710070080628,0.49,0.6112573033566785
184,correlation_60pct,52.632770744335616,0.46,0.5504380646212504
185,accuracy_80pct,87.35469468287772,0.86,0.8209761601537378
185,accuracy_70pct,81.76103602567544,0.8,0.6618255746889274
185,accuracy_60pct,72.84438921682414,0.7,0.5813495491408671
185,correlation_70pct,59.22575849151208,0.53,0.6810469557270635
185,correlation_60pct,51.09310692452868,0.45,0.48806856780215657
186,accuracy_80pct,85.62502980195303,0.84,0.7999698047393026
186,accuracy_70pct,82.16637093489949,0.8,0.7614223154225862
186,accuracy_60pct,71.43972521762592,0.69,0.4773707516833667
186,correlation_70pct,48.03978296669918,0.41,0.4560315621012525
186,correlation_60pct,50.90377675820676,0.44,0.49671711920836537
187,accuracy_80pct,87.48935905608852,0.86,0.8488298582753965
187,accuracy_70pct,76.49304914499545,0.75,0.5857143394247055
187,accuracy_60pct,76.57371861989095,0.74,0.7155260129874255
187,correlation_70pct,57.2264294167679,0.51,0.6589668991844783
187,correlation_60pct,45.310453548402386,0.38,0.4672726847420857
188,accuracy_80pct,92.67734735666886,0.92,0.8377007431092763
188,accuracy_70pct,79.76237784572709,0.78,0.6402844066695017
188,accuracy_60pct,73.43938973976803,0.71,0.5672151867599329
188,correlation_70pct,61.414753179976124,0.56,0.6370274930295079
188,correlation_60pct,58.82075902968596,0.53,0.6022567938001213
189,accuracy_80pct,86.21902398270315,0.85,0.7544330388892654
189,accuracy_70pct,79.4913718623159,0.78,0.6426698724864713
189,accuracy_60pct,74.57438954514676,0.72,0.7240766673347782
189,correlation_70pct,51.90344129557886,0.45,0.6230402358291309
189,correlation_60pct,47.76978332548177,0.41,0.48604048925316384
190,accuracy_80pct,90.21868847438532,0.89,0.8970703301223393
190,accuracy_70pct,83.08570144477402,0.82,0.7010075229447689
190,accuracy_60pct,76.3030480838777,0.74,0.5990197778512588
190,correlation_70pct,56.49676452061321,0.5,0.6407015729966463
190,correlation_60pct,54.14676632975609,0.49,0.45484292409174404
191,accuracy_80pct,86.35469469810774,0.85,0.8043321397038823
191,accuracy_70pct,81.0307002347249,0.79,0.7000991781985528
191,accuracy_60pct,73.9783826800091,0.71,0.6128035712783163
191,correlation_70pct,57.28075976248109,0.52,0.5589087599206168
191,correlation_60pct,49.228777670393185,0.43,0.4576254404988717
192,accuracy_80pct,86.35435925070979,0.85,0.7411223450733747
192,accuracy_70pct,81.03137112952075,0.79,0.6840603320784976
192,accuracy_60pct,74.89838408467946,0.73,0.4979436877210963
192,correlation_70pct,54.82210088019757,0.49,0.5995880679228874
192,correlation_60pct,48.499448221636435,0.42,0.42494347724903986
193,accuracy_80pct,84.08503053474819,0.83,0.7089065439935803
193,accuracy_70pct,80.43704150137272,0.78,0.7664466195920285
193,accuracy_60pct,77.3027126212498,0.75,0.6730181309288136
193,correlation_70pct,55.76709962445853,0.49,0.6713720108824434
193,correlation_60pct,48.76944786285385,0.42,0.5152274544953472
194,accuracy_80pct,87.2193594148711,0.86,0.8068434830519441
194,accuracy_70pct,78.4917073249438,0.77,0.5855236322522862
194,accuracy_60pct,71.89905502516524,0.7,0.48328337338324573
194,correlation_70pct,51.90344129557886,0.45,0.5904908907529139
194,correlation_60pct,49.634112579617245,0.43,0.5529343465862627
195,accuracy_80pct,88.3540237728519,0.87,0.8269198846745353
195,accuracy_70pct,83.76070054781755,0.82,0.7661992187273465
195,accuracy_60pct,76.30338353127561,0.74,0.6301590474788241
195,correlation_70pct,60.28008882199531,0.55,0.6214330059421975
195,correlation_60pct,54.82210088019757,0.49,0.5077820830432442
196,accuracy_80pct,90.94835337054,0.9,0.8558903377128895
196,accuracy_70pct,82.30170620290612,0.8,0.7985197059934687
196,accuracy_60pct,76.30304808387768,0.74,0.6370295712057669
196,correlation_70pct,58.550759388468535,0.53,0.6006280908072081
196,correlation_60pct,46.175453712563694,0.39,0.4460003086508395
197,accuracy_80pct,88.67902465457838,0.88,0.8269073128916352
197,accuracy_70pct,79.62670713032253,0.78,0.6890589790369327
197,accuracy_60pct,75.49271371282751,0.74,0.5315549791812506
197,correlation_70pct,60.68508828382144,0.55,0.7210196062298039
197,correlation_60pct,50.95743620912412,0.45,0.48678342959661725
198,accuracy_80pct,88.21868850484528,0.87,0.790444174354859
198,accuracy_70pct,76.89804860682158,0.75,0.638238265938141
198,accuracy_60pct,72.84438921682414,0.7,0.5935501052244864
198,correlation_70pct,64.33341276459483,0.6,0.5960571763201558
198,correlation_60pct,56.956429775550475,0.51,0.5471340267710659
199,accuracy_80pct,84.21868856576519,0.83,0.6357217933064995
199,accuracy_70pct,79.57271223200726,0.77,0.807373876680881
199,accuracy_60pct,75.30371899390352,0.73,0.6802988313112963
199,correlation_70pct,55.95609434338253,0.5,0.5259990565339279
199,correlation_60pct,50.498777296380624,0.44,0.5429584797634002
200,accuracy_80pct,88.94835340099996,0.88,0.7979662792254392
200,accuracy_70pct,79.22204311589432,0.78,0.6205932498454834
200,accuracy_60pct,77.89670680199991,0.76,0.582213881110499
200,correlation_70pct,59.955423387666755,0.54,0.7155276869534808
200,correlation_60pct,58.68575920907725,0.53,0.6126635043679822
201,accuracy_80pct,86.62435889192722,0.85,0.8229602958438558
201,accuracy_70pct,79.62637168292461,0.78,0.6576417502653542
201,accuracy_60pct,69.25005963436604,0.66,0.5212229690022617
201,correlation_70pct,51.82277182068335,0.46,0.5004827090639027
201,correlation_60pct,44.770789713365474,0.38,0.3636407776857068
202,accuracy_80pct,88.81335358039124,0.88,0.7646308084999516
202,accuracy_70pct,78.62704259295043,0.77,0.6328136277861868
202,accuracy_60pct,71.16939012901058,0.69,0.4835646092795336
202,correlation_70pct,56.82142995494176,0.51,0.5756011685172344
202,correlation_60pct,45.44578881640902,0.38,0.4275833338135597
203,accuracy_80pct,86.49002996611436,0.85,0.8749080352805853
203,accuracy_70pct,81.49137183185594,0.8,0.7118792549245059
203,accuracy_60pct,74.57371865035093,0.72,0.6912047127155545
203,correlation_70pct,54.092435984042886,0.48,0.6340636152345456
203,correlation_60pct,46.22978405827689,0.4,0.4024884406056502
204,accuracy_80pct,85.22003034012691,0.84,0.7532171684653112
204,accuracy_70pct,78.76237786095706,0.77,0.6618691746797665
204,accuracy_60pct,71.44006066502384,0.69,0.49849021181018355
204,correlation_70pct,58.82075902968596,0.53,0.6506812763122234
204,correlation_60pct,56.55109486632642,0.51,0.5042810261912714
205,accuracy_80pct,87.0843595942624,0.86,0.7630308602983079
205,accuracy_70pct,77.03237753263444,0.75,0.580933299536669
205,accuracy_60pct,75.84405372373628,0.73,0.7273921081150871
205,correlation_70pct,64.60341240581225,0.6,0.6537565819756945
205,correlation_60pct,46.770118788109656,0.4,0.42296603447221603
206,accuracy_80pct,83.49070090660013,0.82,0.7289298395347188
206,accuracy_70pct,83.49036545920221,0.82,0.7017243570375432
206,accuracy_60pct,75.03338390528818,0.73,0.510890155201272
206,correlation_70pct,67.9270714522571,0.64,0.6526367768513525
206,correlation_60pct,41.58213048752934,0.34,0.3935526399694801
207,accuracy_80pct,88.48935904085855,0.87,0.9051493320521662
207,accuracy_70pct,83.22003037058687,0.82,0.6858504314982353
207,accuracy_60pct,69.2510659765598,0.66,0.5960818765843957
207,correlation_70pct,62.00941825552208,0.57,0.5866531205169624
207,correlation_60pct,57.14609538927031,0.52,0.5510692216704886
208,accuracy_80pct,85.94969523628158,0.85,0.7134318736393161
208,accuracy_70pct,81.76170692047128,0.8,0.7258812681260525
208,accuracy_60pct,77.16771280064107,0.75,0.6154466450114223
208,correlation_70pct,51.49844183375272,0.45,0.6098436726729917
208,correlation_60pct,55.2271003420237,0.49,0.5693761394721181
209,accuracy_80pct,86.48969451871642,0.85,0.8231273619090409
209,accuracy_70pct,81.89637129368207,0.8,0.730715563387662
209,accuracy_60pct,76.7077120983059,0.74,0.6478708360898398
209,correlation_70pct,55.09210052141499,0.49,0.5963715627258278
209,correlation_60pct,49.634112579617245,0.43,0.5264776974670786
210,accuracy_80pct,87.9493597584237,0.87,0.7779519190903351
210,accuracy_70pct,80.62670711509254,0.79,0.6568940430626174
210,accuracy_60pct,74.97905355957496,0.72,0.6457517359571174
210,correlation_70pct,54.227435804651606,0.48,0.5263329028487232
210,correlation_60pct,52.687771984844666,0.47,0.47734675991155345
211,accuracy_80pct,86.49002996611435,0.85,0.8360950740559684
211,accuracy_70pct,80.3563720264772,0.79,0.5844962578108274
211,accuracy_60pct,73.3040544717614,0.71,0.49067737911742226
211,correlation_70pct,61.00975371814998,0.56,0.5479667191849613
211,correlation_60pct,53.36277108788822,0.47,0.5159608821849896
212,accuracy_80pct,85.08469507212027,0.84,0.7246536777899398
212,accuracy_70pct,78.76271330835499,0.77,0.7173552256963359
212,accuracy_60pct,71.250395051304,0.68,0.6342502955107303
212,correlation_70pct,54.55210123898014,0.49,0.5434249533585227
212,correlation_60pct,50.90377675820676,0.44,0.6130748874136978
213,accuracy_80pct,89.21902393701323,0.88,0.8506873220883446
213,accuracy_70pct,84.76036508518963,0.83,0.7592931468187746
213,accuracy_60pct,71.8997259199611,0.7,0.4288763439855248
213,correlation_70pct,61.009753718149994,0.56,0.6053101657170832
213,correlation_60pct,55.3621001626324,0.49,0.5597450439255652
214,accuracy_80pct,84.62536526458095,0.83,0.7887646999375145
214,accuracy_70pct,81.89637129368207,0.8,0.7755675976449243
214,accuracy_60pct,77.03338387482822,0.75,0.6747651493651557
214,correlation_70pct,62.87408297228548,0.58,0.7052626804505348
214,correlation_60pct,50.553107642093835,0.45,0.4953211766648857
215,accuracy_80pct,89.21902393701322,0.88,0.8755954088234441
215,accuracy_70pct,81.35570111645137,0.8,0.6655799063068207
215,accuracy_60pct,75.8970422798578,0.74,0.543490438626616
215,correlation_70pct,58.550759388468535,0.53,0.602190188536511
215,correlation_60pct,41.717130308138046,0.34,0.409205912286924
216,accuracy_80pct,89.35402375762192,0.88,0.8916847829350897
216,accuracy_70pct,84.35536562336353,0.83,0.7240844586166295
216,accuracy_60pct,74.16871918852479,0.72,0.5680130500206462
216,correlation_70pct,53.227435819881585,0.47,0.567112572643784
216,correlation_60pct,53.82243634282547,0.48,0.47720208532342223
217,accuracy_80pct,84.62536526458094,0.83,0.7328729709020303
217,accuracy_70pct,80.62637166769463,0.79,0.6318773718733842
217,accuracy_60pct,71.65572996052805,0.68,0.6912187350456611
217,correlation_70pct,57.09142959615917,0.51,0.5848924786481989
217,correlation_60pct,53.95710071603626,0.48,0.5095527022966615
218,accuracy_80pct,89.08402411640452,0.88,0.8511589478833945
218,accuracy_70pct,82.4903654744322,0.81,0.6445233121879697
218,accuracy_60pct,76.7077120983059,0.74,0.6516526512543088
218,correlation_70pct,50.039112041443374,0.43,0.5604946942441735
218,correlation_60pct,58.14575992664241,0.53,0.4760363154398528
219,accuracy_80pct,90.94835337053999,0.9,0.8435451426033143
219,accuracy_70pct,82.8963712784521,0.81,0.779916024678312
219,accuracy_60pct,77.03304842743029,0.75,0.47689167860479664
219,correlation_70pct,55.95676523817837,0.5,0.5518679741036112
219,correlation_60pct,52.49810637112483,0.46,0.49470667551478525
220,accuracy_80pct,85.62536524935095,0.84,0.832977520883569
220,accuracy_70pct,77.30304806864771,0.75,0.6546811462339462
220,accuracy_60pct,74.43838338234428,0.72,0.5246795432682082
220,correlation_70pct,57.956094312922566,0.52,0.6629224628592857
220,correlation_60pct,48.769447862853866,0.42,0.47864725053333135
221,accuracy_80pct,85.35435926593978,0.84,0.7216160647506802
221,accuracy_70pct,80.03204203954658,0.78,0.7323885406330681
221,accuracy_60pct,70.57539594826044,0.68,0.5025024646021444
221,correlation_70pct,59.28042428462321,0.54,0.535385608766521
221,correlation_60pct,55.55176577635224,0.5,0.5114746472566734
222,accuracy_80pct,85.81469541567289,0.85,0.7384213207285477
222,accuracy_70pct,78.30271260601981,0.76,0.7033097923213857
222,accuracy_60pct,73.5737186655809,0.71,0.5976784330588542
222,correlation_70pct,55.092100521414984,0.49,0.587013865809456
222,correlation_60pct,47.30978262314658,0.4,0.52220810398993
223,accuracy_80pct,89.08368866900659,0.88,0.8225417621469245
223,accuracy_70pct,79.16704187538525,0.77,0.67675956509937
223,accuracy_60pct,68.25106599178979,0.65,0.5064889544293935
223,correlation_70pct,61.54975300058483,0.56,0.7158352004915639
223,correlation_60pct,50.90377675820677,0.44,0.5481921294083633
224,accuracy_80pct,88.35368832545399,0.87,0.8198569213289697
224,accuracy_70pct,78.62670714555252,0.77,0.5948041142183796
224,accuracy_60pct,73.11472430543948,0.7,0.6444579758564032
224,correlation_70pct,56.68643013433305,0.51,0.6393245265704964
224,correlation_60pct,49.3637774910019,0.43,0.5053978913954081
225,accuracy_80pct,84.4900299965743,0.83,0.7627053942741481
225,accuracy_70pct,81.89637129368207,0.8,0.7617133802563208
225,accuracy_60pct,71.70972485884334,0.69,0.5976346695636527
225,correlation_70pct,63.2790824341116,0.58,0.6874278847498589
225,correlation_60pct,51.95810708868999,0.46,0.47689769488643785
226,accuracy_80pct,88.9490242957958,0.88,0.8550213735784327
226,accuracy_70pct,78.30237715862188,0.76,0.7040013479421211
226,accuracy_60pct,80.35503023688551,0.79,0.5832728682600338
226,correlation_70pct,50.958442551317894,0.45,0.48723341850242796
226,correlation_60pct,56.55143031372434,0.51,0.5427993165171248
227,accuracy_80pct,89.81301811776333,0.89,0.8154858764046317
227,accuracy_70pct,86.62502978672306,0.85,0.852610560491552
227,accuracy_60pct,76.30204174168394,0.74,0.5948616278976564
227,correlation_70pct,56.956094328152545,0.51,0.5730744100004456
227,correlation_60pct,49.22911311779111,0.43,0.49646101717022034
228,accuracy_80pct,88.94868884839788,0.88,0.8146645061520771
228,accuracy_70pct,83.62502983241299,0.82,0.7299932174320156
228,accuracy_60pct,74.43905427714013,0.72,0.6320924132860465
228,correlation_70pct,57.09109414876126,0.51,0.5633229820930249
228,correlation_60pct,60.41508864260402,0.55,0.6559294858085519
229,accuracy_80pct,88.2190239522432,0.87,0.8154694683607372
229,accuracy_70pct,78.0330484122003,0.76,0.6856728215357988
229,accuracy_60pct,74.57438954514677,0.72,0.6731354118989377
229,correlation_70pct,59.22575849151208,0.53,0.6898277904437884
229,correlation_60pct,47.76978332548177,0.41,0.4680022779506294
230,accuracy_80pct,83.49036545920221,0.82,0.7603922049082733
230,accuracy_70pct,84.62536526458094,0.83,0.7694451062067881
230,accuracy_60pct,73.30438991915933,0.71,0.5772695899846042
230,correlation_70pct,59.55042392584063,0.54,0.658838677703699
230,correlation_60pct,49.498106416814764,0.43,0.3972085938333307
231,accuracy_80pct,88.35402377285192,0.87,0.8120619507330883
231,accuracy_70pct,79.7610360561354,0.78,0.580729618294663
231,accuracy_60pct,79.03237750217448,0.77,0.631679992909623
231,correlation_70pct,50.03911204144338,0.43,0.5632038201546447
231,correlation_60pct,52.41743689622932,0.47,0.35020162615887845
232,accuracy_80pct,87.2193594148711,0.86,0.811140543820097
232,accuracy_70pct,82.76103601044545,0.81,0.7741749772024975
232,accuracy_60pct,75.30371899390352,0.73,0.6614306252008284
232,correlation_70pct,49.633777132219315,0.43,0.5379396089973
232,correlation_60pct,60.604418808925935,0.56,0.5538383472975331
233,accuracy_80pct,86.35503014550564,0.85,0.8156514692468698
233,accuracy_70pct,79.89603587674411,0.78,0.6532683820451077
233,accuracy_60pct,71.1697255764085,0.69,0.5410287422642276
233,correlation_70pct,54.76743508708644,0.48,0.6610008178152829
233,correlation_60pct,50.49810640158479,0.44,0.489113716690447
234,accuracy_80pct,85.75969417516382,0.84,0.8059541919148525
234,accuracy_70pct,81.89670674108,0.8,0.7756877061367713
234,accuracy_60pct,73.30438991915932,0.71,0.6287733845132348
234,correlation_70pct,56.09176505878708,0.5,0.5724820966038202
234,correlation_60pct,51.36344201314402,0.45,0.5826831934314661
235,accuracy_80pct,88.35435922024983,0.87,0.826847674873412
235,accuracy_70pct,82.03137111429078,0.8,0.7102468889279999
235,accuracy_60pct,76.0333838900582,0.74,0.5565574618532825
235,correlation_70pct,66.60274148055645,0.62,0.6460079058465813
235,correlation_60pct,58.955758850294664,0.53,0.5595681283009354
236,accuracy_80pct,86.0846950568903,0.85,0.7031431283769392
236,accuracy_70pct,81.89670674107998,0.8,0.7264282356537193
236,accuracy_60pct,78.1677127854111,0.76,0.6215189031724248
236,correlation_70pct,62.414417717348215,0.57,0.6319725818015294
236,correlation_60pct,53.76777054971434,0.47,0.5309956052011006
237,accuracy_80pct,84.68036650508999,0.84,0.6579011959837712
237,accuracy_70pct,78.89670678676994,0.77,0.6308501814667629
237,accuracy_60pct,73.7643906214945,0.72,0.5442512767446938
237,correlation_70pct,52.22810672990741,0.46,0.5093594208836987
237,correlation_60pct,62.00908280812416,0.57,0.5695136913371783
238,accuracy_80pct,86.3546946981077,0.85,0.7649291888139804
238,accuracy_70pct,77.70838297787176,0.75,0.7272586895138123
238,accuracy_60pct,76.03338389005819,0.74,0.6114028696439341
238,correlation_70pct,52.63310619173354,0.46,0.5368768674105877
238,correlation_60pct,44.31112445842821,0.37,0.38823877397785317
239,accuracy_80pct,87.35469468287774,0.86,0.8050324512501532
239,accuracy_70pct,83.35570108599143,0.82,0.7203257095006094
239,accuracy_60pct,72.43972520239593,0.7,0.5281729350128697
239,correlation_70pct,53.497770908496925,0.47,0.5531980206665675
239,correlation_60pct,62.00941825552208,0.57,0.6259663532341521
240,accuracy_80pct,85.030700173805,0.83,0.8278525059894566
240,accuracy_70pct,83.76103599521548,0.82,0.7756080781501039
240,accuracy_60pct,75.03338390528818,0.73,0.49313962095675984
240,correlation_70pct,50.039112041443374,0.43,0.5077408920189128
240,correlation_60pct,56.82142995494176,0.51,0.511859911233394
241,accuracy_80pct,89.67801829715464,0.89,0.7992734645228842
241,accuracy_70pct,77.62637171338457,0.76,0.5527663593537742
241,accuracy_60pct,71.11505978329737,0.68,0.6191132685005014
241,correlation_70pct,45.44578881640902,0.38,0.599509116669618
241,correlation_60pct,45.90545407134627,0.39,0.5048571291249349
242,accuracy_80pct,90.35368829499401,0.89,0.9253052081666133
242,accuracy_70pct,81.03103568212283,0.79,0.6722614616010391
242,accuracy_60pct,76.3030480838777,0.74,0.6093482349502777
242,correlation_70pct,54.95676525340835,0.49,0.5853864333969766
242,correlation_60pct,48.17478278730789,0.41,0.555332244831706
243,accuracy_80pct,85.49002998134432,0.84,0.8100664927703453
243,accuracy_70pct,83.49070090660013,0.82,0.7252110205806788
243,accuracy_60pct,77.30304806864771,0.75,0.6509138750529773
243,correlation_70pct,57.22642941676789,0.51,0.6558467097397355
243,correlation_60pct,47.04011842932708,0.4,0.4355626103208433
244,accuracy_80pct,88.2190239522432,0.87,0.8225973784940944
244,accuracy_70pct,80.30237712816194,0.78,0.7727870705975823
244,accuracy_60pct,72.89905500993527,0.71,0.511686515239728
244,correlation_70pct,62.144418076130805,0.57,0.5987011275141773
244,correlation_60pct,52.82277180545337,0.47,0.44234553099192214
245,accuracy_80pct,89.08368866900659,0.88,0.8265712216378546
245,accuracy_70pct,77.16838369543693,0.75,0.668505029846122
245,accuracy_60pct,78.89737768156577,0.77,0.6904935300007677
245,correlation_70pct,55.497099983241114,0.49,0.6283752012782726
245,correlation_60pct,53.95710071603625,0.48,0.5428430563397372
246,accuracy_80pct,87.62435887669724,0.86,0.8396613656478477
246,accuracy_70pct,78.89670678676993,0.77,0.6571254326334718
246,accuracy_60pct,75.43871881451223,0.73,0.606660367970246
246,correlation_70pct,56.95642977555047,0.51,0.5982296866193744
246,correlation_60pct,52.09310690929869,0.46,0.45974729485748456
247,accuracy_80pct,85.49036542874225,0.84,0.8133410953952461
247,accuracy_70pct,83.49036545920221,0.82,0.7327242984972681
247,accuracy_60pct,71.71039575363918,0.69,0.6395998386098968
247,correlation_70pct,57.3614292373766,0.51,0.6960589277841772
247,correlation_60pct,46.36511932628353,0.4,0.49544901191712337
248,accuracy_80pct,86.0846950568903,0.85,0.7768860794075978
248,accuracy_70pct,79.57271223200725,0.77,0.8127494557458449
248,accuracy_60pct,73.43871884497219,0.71,0.5650540133054585
248,correlation_70pct,52.2281067299074,0.46,0.5421045035769614
248,correlation_60pct,51.0934423719266,0.45,0.47786908477384077
249,accuracy_80pct,86.21902398270315,0.85,0.7067286437543787
249,accuracy_70pct,77.70804753047383,0.75,0.6825414114131859
249,accuracy_60pct,72.3043899343893,0.7,0.45256854005978664
249,correlation_70pct,55.2271003420237,0.49,0.522770902526292
249,correlation_60pct,54.687101059588855,0.49,0.5156180225750643
250,accuracy_80pct,87.35469468287772,0.86,0.842841981915514
250,accuracy_70pct,80.43737694877063,0.78,0.7815210122427141
250,accuracy_60pct,72.84506011161999,0.7,0.6550056971051939
250,correlation_70pct,63.2790824341116,0.58,0.6987549886161648
250,correlation_60pct,54.68676561219094,0.49,0.5225448726854637
251,accuracy_80pct,88.48935904085855,0.87,0.8569809430221698
251,accuracy_70pct,82.3557011012214,0.81,0.663084641689942
251,accuracy_60pct,72.70972484361336,0.7,0.5728862034647071
251,correlation_70pct,53.03810565355966,0.46,0.5972046906077354
251,correlation_60pct,52.95777162606208,0.47,0.5007047880152495
252,accuracy_80pct,89.08368866900659,0.88,0.775024971572116
252,accuracy_70pct,78.49204277234173,0.77,0.5408534952891776
252,accuracy_60pct,75.70871845572964,0.73,0.6222376837218141
252,correlation_70pct,61.54975300058483,0.56,0.6407558056064313
252,correlation_60pct,56.821429954941756,0.51,0.583942174710243
253,accuracy_80pct,89.94835338576998,0.89,0.8085135954260267
253,accuracy_70pct,78.16771278541111,0.76,0.6073052751348111
253,accuracy_60pct,77.30304806864771,0.75,0.640442466332302
253,correlation_70pct,55.36210016263241,0.49,0.6206096695980894
253,correlation_60pct,54.82210088019757,0.49,0.5406789902837074
254,accuracy_80pct,88.21902395224319,0.87,0.8115149277180539
254,accuracy_70pct,80.49070095229007,0.79,0.6186588283862333
254,accuracy_60pct,73.30371902436347,0.71,0.5231642928393913
254,correlation_70pct,56.55143031372434,0.51,0.5768771619342254
254,correlation_60pct,54.09243598404289,0.48,0.5225003236686937
255,accuracy_80pct,86.0846950568903,0.85,0.7259327165940155
255,accuracy_70pct,84.62536526458095,0.83,0.8058795909348188
255,accuracy_60pct,78.89704223416784,0.77,0.6201935150940651
255,correlation_70pct,60.14508900138661,0.55,0.5664156745893763
255,correlation_60pct,55.821765417569665,0.5,0.5440294482798381
256,accuracy_80pct,88.08368868423656,0.87,0.8114124501063539
256,accuracy_70pct,79.03137115998072,0.77,0.6710513965783161
256,accuracy_60pct,71.4380479806363,0.69,0.4735247041161867
256,correlation_70pct,50.039112041443374,0.43,0.6083674520933141
256,correlation_60pct,40.90713138448579,0.34,0.35999750733190766
257,accuracy_80pct,86.48969451871642,0.85,0.8431039413423611
257,accuracy_70pct,76.03371933745612,0.74,0.6642746818048572
257,accuracy_60pct,71.76405520455654,0.7,0.5201900666158624
257,correlation_70pct,52.497770923726904,0.46,0.5761890197366443
257,correlation_60pct,48.174111892512045,0.41,0.5013126715744338
258,accuracy_80pct,88.35368832545399,0.87,0.822014025238392
258,accuracy_70pct,79.89603587674411,0.78,0.6053393467145928
258,accuracy_60pct,74.70838302356171,0.72,0.5998773969217255
258,correlation_70pct,49.0941132971824,0.43,0.40930946094036535
258,correlation_60pct,59.41542410523192,0.54,0.6353378801405588
259,accuracy_80pct,85.76036506995968,0.84,0.8342155818433763
259,accuracy_70pct,79.76170695093124,0.78,0.6557026776105491
259,accuracy_60pct,73.16838375635685,0.71,0.5356910966446098
259,correlation_70pct,63.14408261350289,0.58,0.6965154531184496
259,correlation_60pct,49.68877837272838,0.44,0.4411595674179281
260,accuracy_80pct,86.2193594301011,0.85,0.7841584751594557
260,accuracy_70pct,79.89670677153995,0.78,0.6928888202711694
260,accuracy_60pct,76.30204174168392,0.74,0.5835236958718512
260,correlation_70pct,60.68508828382144,0.55,0.7220406018422383
260,correlation_60pct,52.687436537446736,0.47,0.4794166021473372
261,accuracy_80pct,86.62469433932513,0.85,0.8443749265669381
261,accuracy_70pct,81.89670674107998,0.8,0.7821000639655816
261,accuracy_60pct,74.57371865035093,0.72,0.6345137644916617
261,correlation_70pct,55.95676523817838,0.5,0.6285899868790107
261,correlation_60pct,53.497770908496925,0.47,0.5579223671093864
262,accuracy_80pct,87.94902431102577,0.87,0.7701271801556053
262,accuracy_70pct,80.0323774869445,0.78,0.7338453136340035
262,accuracy_60pct,78.43771242662852,0.76,0.7295367617108427
262,correlation_70pct,56.956429775550475,0.51,0.5901680606588899
262,correlation_60pct,59.41542410523192,0.54,0.6016189118850594
263,accuracy_80pct,86.21969487749901,0.85,0.7758539416729108
263,accuracy_70pct,84.22003035535688,0.83,0.7022170973301078
263,accuracy_60pct,78.89670678676993,0.77,0.6438062156379931
263,correlation_70pct,60.55008846321273,0.55,0.6773170971136484
263,correlation_60pct,48.22877768562317,0.42,0.3425319466204083
264,accuracy_80pct,89.62402339883934,0.88,0.9266852467258605
264,accuracy_70pct,79.3567074891051,0.78,0.584679365275909
264,accuracy_60pct,75.30371899390352,0.73,0.6217903890846304
264,correlation_70pct,58.36109377474871,0.52,0.7114924696228926
264,correlation_60pct,48.03944751930126,0.41,0.4614484794515711
265,accuracy_80pct,87.81368904301915,0.87,0.7450168655620166
265,accuracy_70pct,78.03271296480239,0.76,0.6917112268848
265,accuracy_60pct,75.57371863512094,0.73,0.6493008365170118
265,correlation_70pct,58.95575885029466,0.53,0.7103700676547547
265,correlation_60pct,54.55210123898014,0.49,0.47193903403370774
266,accuracy_80pct,86.62469433932513,0.85,0.8354183205305097
266,accuracy_70pct,78.89704223416786,0.77,0.6949487662668538
266,accuracy_60pct,75.43838336711431,0.73,0.616622629386733
266,correlation_70pct,56.49676452061321,0.5,0.64654835485118
266,correlation_60pct,54.09210053664496,0.48,0.5165211379886233
267,accuracy_80pct,88.94902429579581,0.88,0.8433245971084656
267,accuracy_70pct,80.03170659214865,0.78,0.7136618094442605
267,accuracy_60pct,73.57371866558088,0.71,0.6029810290873573
267,correlation_70pct,57.82075904491593,0.52,0.6548906273884635
267,correlation_60pct,53.957436163434174,0.48,0.5616220864687244
268,accuracy_80pct,86.94902432625577,0.86,0.7571456271698596
268,accuracy_70pct,81.76137147307335,0.8,0.7309449595120883
268,accuracy_60pct,75.03304845789025,0.73,0.5419028013977347
268,correlation_70pct,61.1447535387587,0.56,0.5991129795369508
268,correlation_60pct,51.4174369114593,0.46,0.42273214904487
269,accuracy_80pct,88.54368938657174,0.88,0.7827528333414693
269,accuracy_70pct,81.49137183185593,0.8,0.7036276457252858
269,accuracy_60pct,74.57371865035091,0.72,0.6641471722998269
269,correlation_70pct,53.092771446670795,0.47,0.5670313023087055
269,correlation_60pct,50.68777201530462,0.45,0.45735811752157124
270,accuracy_80pct,86.2193594301011,0.85,0.7453723907982103
270,accuracy_70pct,81.49170727925387,0.8,0.7241912504468739
270,accuracy_60pct,79.22103677370056,0.78,0.5903127108008625
270,correlation_70pct,62.54941753795693,0.57,0.6963683897881049
270,correlation_60pct,51.03877657881547,0.44,0.5930978475346415
271,accuracy_80pct,89.21902393701322,0.88,0.8743569084601461
271,accuracy_70pct,80.76103604090542,0.79,0.6123743711278548
271,accuracy_60pct,73.70938938098544,0.71,0.6020513408862171
271,correlation_70pct,58.82075902968596,0.53,0.6734760995746069
271,correlation_60pct,58.09109413353127,0.52,0.6333448562934748
272,accuracy_80pct,88.8140244751871,0.88,0.7830427864892903
272,accuracy_70pct,80.62670711509256,0.79,0.6663654632510718
272,accuracy_60pct,72.9800599322287,0.7,0.6211660842706297
272,correlation_70pct,54.36243562526032,0.48,0.516104043911549
272,correlation_60pct,47.499783684264344,0.41,0.5463223752164623
273,accuracy_80pct,85.81469541567287,0.85,0.7016249659613788
273,accuracy_70pct,79.89704221893787,0.78,0.7056942689829132
273,accuracy_60pct,73.70871848618961,0.71,0.5704600377442125
273,correlation_70pct,57.82109449231386,0.52,0.5955965807715522
273,correlation_60pct,50.95844255131789,0.45,0.386260962135124
274,accuracy_80pct,91.21835301175742,0.9,0.9298213971161772
274,accuracy_70pct,78.76237786095707,0.77,0.6970515025252872
274,accuracy_60pct,75.89804862205156,0.74,0.6034504596818488
274,correlation_70pct,55.09176507401706,0.49,0.5716336938482026
274,correlation_60pct,48.22944858041902,0.42,0.5081838163067215
275,accuracy_80pct,84.62502981718302,0.83,0.7635061542790245
275,accuracy_70pct,80.08570149046395,0.79,0.6101605656387993
275,accuracy_60pct,71.5743895908367,0.69,0.5317363018983042
275,correlation_70pct,52.49810637112483,0.46,0.6114587969936741
275,correlation_60pct,48.634448042245154,0.42,0.4998806893542216
276,accuracy_80pct,84.76070053258756,0.83,0.837024521370863
276,accuracy_70pct,81.62603620506674,0.8,0.7025578992319516
276,accuracy_60pct,72.70938939621544,0.7,0.5839794838122669
276,correlation_70pct,50.039112041443374,0.43,0.6234369409563048
276,correlation_60pct,49.688778372728365,0.44,0.5028606699198525
277,accuracy_80pct,89.40768320853928,0.89,0.7446748246688832
277,accuracy_70pct,81.35637201124723,0.8,0.7250747708068137
277,accuracy_60pct,80.16704186015528,0.78,0.7551777297790366
277,correlation_70pct,50.22877765516321,0.44,0.5410990666085185
277,correlation_60pct,53.09277144667079,0.47,0.5827220477915394
278,accuracy_80pct,85.62502980195305,0.84,0.8324826992260667
278,accuracy_70pct,82.62536529504091,0.81,0.7168295258325823
278,accuracy_60pct,75.89771317465365,0.74,0.5730868900588694
278,correlation_70pct,62.41441771734821,0.57,0.7351457298858866
278,correlation_60pct,53.95743616343419,0.48,0.5891641608605444
279,accuracy_80pct,85.16536454701577,0.83,0.8432040567065191
279,accuracy_70pct,78.3023771586219,0.76,0.6335993449359372
279,accuracy_60pct,77.03338387482822,0.75,0.6126234325801883
279,correlation_70pct,54.497435445869016,0.48,0.5763342500631886
279,correlation_60pct,55.09176507401706,0.49,0.5674377887557283
280,accuracy_80pct,87.94902431102578,0.87,0.7965267068942314
280,accuracy_70pct,77.89670680199991,0.76,0.605830678281581
280,accuracy_60pct,74.43905427714012,0.72,0.609966683704912
280,correlation_70pct,56.55143031372434,0.51,0.5280452521745582
280,correlation_60pct,42.446459756894804,0.35,0.41724077861011477
281,accuracy_80pct,84.95003069890949,0.84,0.7472881932828322
281,accuracy_70pct,79.43670606920477,0.77,0.7217681235590294
281,accuracy_60pct,67.0347258167197,0.65,0.40983450109702724
281,correlation_70pct,51.49844183375272,0.45,0.595746475238611
281,correlation_60pct,39.85280105400256,0.32,0.430788845149446
282,accuracy_80pct,84.62536526458094,0.83,0.7456073577898163
282,accuracy_70pct,79.03170660737865,0.77,0.6265446789465478
282,accuracy_60pct,71.84472467945204,0.69,0.5719848154757747
282,correlation_70pct,59.685088299051415,0.54,0.5852558859652605
282,correlation_60pct,57.821094492313854,0.52,0.605207013242388
283,accuracy_80pct,87.62469432409516,0.86,0.8769766443574281
283,accuracy_70pct,82.89570038365625,0.81,0.7434127171297161
283,accuracy_60pct,73.97905357480495,0.71,0.6610759953785317
283,correlation_70pct,57.14609538927031,0.52,0.5413587654074005
283,correlation_60pct,47.310118070544505,0.4,0.5691641522064561
284,accuracy_80pct,85.08503051951821,0.84,0.7342992176346566
284,accuracy_70pct,79.16771277018113,0.77,0.7416160934346147
284,accuracy_60pct,70.89972593519107,0.69,0.45746385970301007
284,correlation_70pct,60.41508864260402,0.55,0.6719337384610744
284,correlation_60pct,48.904447683462564,0.42,0.5279546102328878
285,accuracy_80pct,88.35402377285192,0.87,0.8478809088385327
285,accuracy_70pct,81.76103602567544,0.8,0.7389764158473038
285,accuracy_60pct,75.57338318772301,0.73,0.6465664261693697
285,correlation_70pct,54.22743580465159,0.48,0.5936937514702244
285,correlation_60pct,46.90511860871837,0.4,0.4836791640077074
286,accuracy_80pct,83.49070090660013,0.82,0.7610452872107796
286,accuracy_70pct,79.62704257772045,0.78,0.6666955866977632
286,accuracy_60pct,72.84438921682415,0.7,0.6208705293410384
286,correlation_70pct,49.3094471452887,0.42,0.5902503313643581
286,correlation_60pct,45.90444772915251,0.39,0.42508923831986195
287,accuracy_80pct,88.0840241316345,0.87,0.8046050598536014
287,accuracy_70pct,82.76137145784338,0.81,0.7742763377069797
287,accuracy_60pct,74.84438918636418,0.72,0.6870722556964535
287,correlation_70pct,49.30944714528869,0.42,0.5369927852575118
287,correlation_60pct,53.63277072910563,0.47,0.5746079377420443
288,accuracy_80pct,89.94868883316789,0.89,0.892542815173591
288,accuracy_70pct,87.67902466980837,0.87,0.7525811608580839
288,accuracy_60pct,72.7090539488175,0.7,0.5579168547594489
288,correlation_70pct,49.499112759008526,0.43,0.4977291796097008
288,correlation_60pct,49.17444732467999,0.42,0.5832522226309593
289,accuracy_80pct,85.21969489272898,0.84,0.7725999741340375
289,accuracy_70pct,80.49170729448383,0.79,0.6994768551879802
289,accuracy_60pct,75.62804898083414,0.74,0.5914935617778394
289,correlation_70pct,56.41643049311563,0.51,0.57801468936721
289,correlation_60pct,48.03944751930126,0.41,0.5326965194444917
290,accuracy_80pct,88.21935939964114,0.87,0.8083579462974909
290,accuracy_70pct,76.03338389005819,0.74,0.5377693818823543
290,accuracy_60pct,76.4380479044864,0.74,0.6343113527852533
290,correlation_70pct,59.685423746449345,0.54,0.6401192081087242
290,correlation_60pct,51.63344165436144,0.45,0.4935455438763515
291,accuracy_80pct,88.08402413163448,0.87,0.8094040022054753
291,accuracy_70pct,79.1673773227832,0.77,0.7079782312248583
291,accuracy_60pct,76.30371897867353,0.74,0.6929164916271989
291,correlation_70pct,60.22542302888418,0.54,0.6791329632098846
291,correlation_60pct,58.55075938846853,0.53,0.5953537614039158
292,accuracy_80pct,88.0840241316345,0.87,0.8133228391695044
292,accuracy_70pct,75.76304880144285,0.74,0.6094250686322693
292,accuracy_60pct,74.3037190091335,0.72,0.6181758022189325
292,correlation_70pct,57.685759224307226,0.52,0.619880794463087
292,correlation_60pct,48.9591134765737,0.43,0.4779419174849416
293,accuracy_80pct,86.219694877499,0.85,0.7783557818940945
293,accuracy_70pct,79.0327129495724,0.77,0.7181911101488162
293,accuracy_60pct,74.4383833823443,0.72,0.5866903023240173
293,correlation_70pct,56.68609468693513,0.51,0.5750880363034746
293,correlation_60pct,42.44679520429273,0.35,0.39507216760234354
294,accuracy_80pct,86.62469433932513,0.85,0.8145695283850533
294,accuracy_70pct,77.62737805557833,0.76,0.5636170476629412
294,accuracy_60pct,74.4383833823443,0.72,0.538216793745959
294,correlation_70pct,57.49642905798531,0.51,0.6323210097438269
294,correlation_60pct,46.76944789331382,0.4,0.36823549757585283
295,accuracy_80pct,84.49036544397222,0.83,0.7740029837008678
295,accuracy_70pct,79.62670713032253,0.78,0.63917789746675
295,accuracy_60pct,71.97972450006075,0.69,0.6132022179690138
295,correlation_70pct,50.76877693759805,0.44,0.5686683011811903
295,correlation_60pct,52.22777128250949,0.46,0.48595634517858344
296,accuracy_80pct,84.35536562336351,0.83,0.7482806612609997
296,accuracy_70pct,82.03137111429078,0.8,0.7881362002159298
296,accuracy_60pct,70.900061382589,0.69,0.5065841823460246
296,correlation_70pct,52.768106012342244,0.46,0.5656695261820084
296,correlation_60pct,50.49877729638063,0.44,0.5415149295486391
297,accuracy_80pct,84.35570107076144,0.83,0.8178671411114391
297,accuracy_70pct,86.81435995304497,0.86,0.7978105021107587
297,accuracy_60pct,78.76204241355916,0.77,0.6947587081834231
297,correlation_70pct,61.27975335936741,0.56,0.7003485156372843
297,correlation_60pct,44.63545444535884,0.38,0.4723216372488266
298,accuracy_80pct,88.08435957903241,0.87,0.8020228090793299
298,accuracy_70pct,79.03170660737865,0.77,0.6248704645162086
298,accuracy_60pct,78.62737804034836,0.77,0.5776125943172519
298,correlation_70pct,56.82142995494176,0.51,0.5958805811227315
298,correlation_60pct,55.95676523817838,0.5,0.5824576382113922
299,accuracy_80pct,88.94868884839786,0.88,0.7860964310527646
299,accuracy_70pct,75.30371899390352,0.73,0.5831607285663423
299,accuracy_60pct,74.16871918852479,0.72,0.5468674066832687
299,correlation_70pct,49.039447504071276,0.42,0.556555227545152
299,correlation_60pct,55.68676559696095,0.5,0.5545972068181739
300,accuracy_80pct,85.62469435455512,0.84,0.7743921239413204
300,accuracy_70pct,81.3017062181361,0.79,0.7678096728568633
300,accuracy_60pct,77.7077120830759,0.75,0.6783509628103199
300,correlation_70pct,59.82042356705804,0.54,0.7094749343378804
300,correlation_60pct,46.905118608718375,0.4,0.46339318370689697
301,accuracy_80pct,85.62502980195305,0.84,0.809964147633722
301,accuracy_70pct,78.16704189061525,0.76,0.6452303440139382
301,accuracy_60pct,70.76472611458236,0.69,0.4591425709495473
301,correlation_70pct,54.82210088019757,0.49,0.48280825979752956
301,correlation_60pct,51.49844183375273,0.45,0.5892916469728396
302,accuracy_80pct,85.08469507212027,0.84,0.7206100511176002
302,accuracy_70pct,85.81469541567287,0.85,0.7322477679913778
302,accuracy_60pct,78.62637169815459,0.77,0.5958516438373702
302,correlation_70pct,48.444782428525315,0.41,0.5953918921349706
302,correlation_60pct,58.28075974725111,0.53,0.590839585055371
303,accuracy_80pct,84.95003069890949,0.84,0.7112569537069867
303,accuracy_70pct,81.6257007576688,0.8,0.6471247211688941
303,accuracy_60pct,78.89670678676993,0.77,0.5947054012407221
303,correlation_70pct,61.279753359367405,0.56,0.5991023996345034
303,correlation_60pct,53.55210125421013,0.48,0.41046799358916225
304,accuracy_80pct,83.76103599521548,0.82,0.815516252213026
304,accuracy_70pct,80.16737730755321,0.78,0.7868412546502259
304,accuracy_60pct,74.57438954514676,0.72,0.71582292259632
304,correlation_70pct,53.95676526863833,0.48,0.52440088003911
304,correlation_60pct,40.987465411983365,0.33,0.4626261911978754
305,accuracy_80pct,87.21902396747318,0.86,0.8003417047023581
305,accuracy_70pct,80.49137184708592,0.79,0.7052219077247431
305,accuracy_60pct,76.30371897867354,0.74,0.7177792031544687
305,correlation_70pct,51.498106386354806,0.45,0.5559244775226517
305,correlation_60pct,43.04078938504284,0.36,0.4208850442289957
306,accuracy_80pct,87.81368904301915,0.87,0.7395935783053964
306,accuracy_70pct,76.89771315942366,0.75,0.6345514655657531
306,accuracy_60pct,80.35570113168137,0.79,0.6147156885300695
306,correlation_70pct,46.580453174389824,0.39,0.518135633581872
306,correlation_60pct,51.22844219253531,0.45,0.5441232914694217
307,accuracy_80pct,87.3543592354798,0.86,0.800682272297408
307,accuracy_70pct,82.6253652950409,0.81,0.6710845608053021
307,accuracy_60pct,80.89670675630997,0.79,0.6766505526916714
307,correlation_70pct,55.41643050834561,0.5,0.4596534901537313
307,correlation_60pct,56.22676487939579,0.5,0.5846805992343792
308,accuracy_80pct,86.219694877499,0.85,0.7605731635897458
308,accuracy_70pct,78.03204207000654,0.76,0.6200188225201334
308,accuracy_60pct,74.57438954514676,0.72,0.6204809455879357
308,correlation_70pct,51.90344129557886,0.45,0.5611555430475229
308,correlation_60pct,60.14508900138661,0.55,0.6074367225507783
309,accuracy_80pct,85.49036542874225,0.84,0.7327695073292269
309,accuracy_70pct,78.89704223416784,0.77,0.5683237791909088
309,accuracy_60pct,73.11472430543948,0.7,0.575097957044723
309,correlation_70pct,53.497435461098995,0.47,0.40314670952835885
309,correlation_60pct,57.95609431292257,0.52,0.5834762977434139
310,accuracy_80pct,89.21868848961529,0.88,0.846106049631221
310,accuracy_70pct,80.16670641275738,0.78,0.6916564324464428
310,accuracy_60pct,73.70938938098546,0.71,0.6488347374053062
310,correlation_70pct,59.95542338766676,0.54,0.6769437033734244
310,correlation_60pct,43.4461242942669,0.36,0.41728238065055473
311,accuracy_80pct,86.94902432625577,0.86,0.7583838183372447
311,accuracy_70pct,83.22070126538271,0.82,0.7485056876802615
311,accuracy_60pct,69.3857303497706,0.66,0.5903930936009442
311,correlation_70pct,52.03844111618757,0.45,0.6309304976296722
311,correlation_60pct,55.362100162632416,0.49,0.6276231889272781
312,accuracy_80pct,88.81301813299332,0.88,0.752801935886179
312,accuracy_70pct,81.2210367432406,0.8,0.6127486891886279
312,accuracy_60pct,75.16804827849896,0.73,0.5698711401398407
312,correlation_70pct,61.279753359367405,0.56,0.6413824759855576
312,correlation_60pct,50.63344166959142,0.44,0.5150225145957352
313,accuracy_80pct,90.08335320637869,0.89,0.835018189184522
313,accuracy_70pct,81.89637129368208,0.8,0.7078087601970806
313,accuracy_60pct,72.70938939621543,0.7,0.533157176514775
313,correlation_70pct,61.41475317997612,0.56,0.6347931922297806
313,correlation_60pct,50.95844255131789,0.45,0.43960785594852564
314,accuracy_80pct,88.08435957903241,0.87,0.8267104868486929
314,accuracy_70pct,78.30271260601982,0.76,0.6549347301184566
314,accuracy_60pct,74.30304811433766,0.72,0.48842135043508567
314,correlation_70pct,63.738747689048864,0.59,0.655112163241181
314,correlation_60pct,54.2274358046516,0.48,0.5581256941779477
315,accuracy_80pct,86.62502978672306,0.85,0.8684489242793886
315,accuracy_70pct,80.62670711509256,0.79,0.7105381070442339
315,accuracy_60pct,77.43737699446058,0.75,0.6869488981966
315,correlation_70pct,66.46774165994772,0.62,0.7151876019225462
315,correlation_60pct,48.363777506231884,0.42,0.3985453656474431
316,accuracy_80pct,87.81368904301915,0.87,0.7975358366428313
316,accuracy_70pct,83.08603689217192,0.82,0.7404198150823056
316,accuracy_60pct,77.16771280064108,0.75,0.6957716548012406
316,correlation_70pct,54.95710070080628,0.49,0.5473203567253138
316,correlation_60pct,50.36377747577192,0.44,0.48419183811362176
317,accuracy_80pct,85.81435996827496,0.85,0.6487880995889344
317,accuracy_70pct,86.08503050428823,0.85,0.7320217195645132
317,accuracy_60pct,76.76304878621288,0.75,0.5596557279545195
317,correlation_70pct,50.039112041443374,0.43,0.5688898872255687
317,correlation_60pct,49.36411293839983,0.43,0.3662362553947836
318,accuracy_80pct,86.22003032489692,0.85,0.738181582513029
318,accuracy_70pct,79.16737732278321,0.77,0.6972621142998747
318,accuracy_60pct,70.7093894266754,0.68,0.5417474840476574
318,correlation_70pct,62.68441735856564,0.57,0.7391305764636686
318,correlation_60pct,48.76944786285385,0.42,0.5362055208767093
319,accuracy_80pct,85.08469507212027,0.84,0.7173433514628529
319,accuracy_70pct,78.4373769792306,0.76,0.7086718094495018
319,accuracy_60pct,75.43871881451223,0.73,0.6819689965729072
319,correlation_70pct,56.82142995494176,0.51,0.6236447669577545
319,correlation_60pct,49.49877731161061,0.43,0.4606079028078324
320,accuracy_80pct,86.62502978672306,0.85,0.8382668816450058
320,accuracy_70pct,76.16838371066692,0.74,0.6231712196545711
320,accuracy_60pct,73.43905429237012,0.71,0.5298437804928077
320,correlation_70pct,58.091094133531286,0.52,0.6520805257843918
320,correlation_60pct,53.95743616343418,0.48,0.508734044707886
321,accuracy_80pct,84.3550301759656,0.83,0.7161214033232584
321,accuracy_70pct,80.03204203954658,0.78,0.6881840064801175
321,accuracy_60pct,72.97972448483078,0.7,0.626711838029056
321,correlation_70pct,58.955758850294664,0.53,0.6304787233341709
321,correlation_60pct,55.28176613513483,0.5,0.49477063631580914
322,accuracy_80pct,85.94969523628158,0.85,0.7080566196395979
322,accuracy_70pct,79.62637168292461,0.78,0.5738088025758066
322,accuracy_60pct,74.43905427714013,0.72,0.5811192638704179
322,correlation_70pct,54.63243526647773,0.48,0.706035038172853
322,correlation_60pct,50.363442028373996,0.44,0.476221277043432
323,accuracy_80pct,87.3543592354798,0.86,0.8063377340292406
323,accuracy_70pct,78.8977131289637,0.77,0.6713060268520685
323,accuracy_60pct,78.1677127854111,0.76,0.667462791825577
323,correlation_70pct,61.41475317997612,0.56,0.6756398206393196
323,correlation_60pct,44.77078971336547,0.38,0.49728501283347765
324,accuracy_80pct,85.35503016073561,0.84,0.7942949804919619
324,accuracy_70pct,80.76170693570127,0.79,0.7540047089697182
324,accuracy_60pct,73.84371830679831,0.71,0.6548361652177915
324,correlation_70pct,44.98612356147177,0.37,0.544869177552958
324,correlation_60pct,45.85078827823514,0.38,0.5144485657722034
325,accuracy_80pct,88.35435922024983,0.87,0.8684269952921441
325,accuracy_70pct,81.4907009370601,0.8,0.6491707375510802
325,accuracy_60pct,74.30405445653142,0.72,0.646482226483858
325,correlation_70pct,58.550759388468535,0.53,0.695384818861845
325,correlation_60pct,47.44511789115322,0.4,0.5385291921969473
326,accuracy_80pct,86.94935977365368,0.86,0.7705207982052333
326,accuracy_70pct,81.62670709986257,0.8,0.6996019429012876
326,accuracy_60pct,73.57405411297883,0.71,0.582306298677493
326,correlation_70pct,57.09142959615918,0.51,0.6231278334063138
326,correlation_60pct,49.36411293839983,0.43,0.4567521560857872
327,accuracy_80pct,92.54234753606013,0.92,0.8630747191566664
327,accuracy_70pct,80.302041680764,0.78,0.7264230149710463
327,accuracy_60pct,74.8987195320774,0.73,0.576544322102548
327,correlation_70pct,53.63277072910563,0.47,0.599994585111623
327,correlation_60pct,45.905118623948354,0.39,0.4624484577677255
328,accuracy_80pct,87.62435887669723,0.86,0.8510963429790114
328,accuracy_70pct,81.76137147307335,0.8,0.7246340270458922
328,accuracy_60pct,75.573383187723,0.73,0.6734565370572536
328,correlation_70pct,55.22676489462578,0.49,0.5135503394904165
328,correlation_60pct,55.95676523817837,0.5,0.5721337513846506
329,accuracy_80pct,88.08435957903241,0.87,0.8520537650341187
329,accuracy_70pct,83.89570036842626,0.82,0.7752204027065839
329,accuracy_60pct,71.38505942451478,0.68,0.6151611404881678
329,correlation_70pct,56.28143067250692,0.51,0.48193294970240164
329,correlation_60pct,47.17511824993579,0.4,0.4695363040098378
330,accuracy_80pct,83.085701444774,0.82,0.7291287206356497
330,accuracy_70pct,78.30304805341773,0.76,0.7472588550449193
330,accuracy_60pct,74.30304811433766,0.72,0.5670999096059114
330,correlation_70pct,51.3087762200329,0.44,0.6365633566112102
330,correlation_60pct,46.63478352010303,0.4,0.4640975064152322
331,accuracy_80pct,90.67768283452672,0.9,0.7977198791174064
331,accuracy_70pct,80.62670711509254,0.79,0.6852612828274961
331,accuracy_60pct,76.16838371066692,0.74,0.6005868037154894
331,correlation_70pct,52.03844111618757,0.45,0.5900967673915901
331,correlation_60pct,55.55176577635224,0.5,0.5348611731737524
332,accuracy_80pct,86.94902432625577,0.86,0.7580853237147114
332,accuracy_70pct,78.57304769463515,0.76,0.7429906129219731
332,accuracy_60pct,68.84573106733575,0.66,0.5139959995984557
332,correlation_70pct,55.956429790780454,0.5,0.6150499463105323
332,correlation_60pct,46.175453712563694,0.39,0.4765599669367492
333,accuracy_80pct,86.75969415993384,0.85,0.8361753164125816
333,accuracy_70pct,78.62704259295045,0.77,0.5943829311271117
333,accuracy_60pct,75.24938864819032,0.72,0.7543615333930017
333,correlation_70pct,52.49810637112482,0.46,0.6055278112901421
333,correlation_60pct,54.36243562526032,0.48,0.57253043538336
334,accuracy_80pct,86.48902362392059,0.85,0.7693296233418816
334,accuracy_70pct,83.62603617460678,0.82,0.8029557234005603
334,accuracy_60pct,74.8987195320774,0.73,0.631857771249728
334,correlation_70pct,55.821765417569665,0.5,0.5976066454380601
334,correlation_60pct,51.95777164129206,0.46,0.5090810441864813
335,accuracy_80pct,84.625029817183,0.83,0.7741007177913093
335,accuracy_70pct,81.3560365638493,0.8,0.6789831907057957
335,accuracy_60pct,81.22103674324059,0.8,0.630842514449573
335,correlation_70pct,49.90411222083466,0.43,0.5232204668916401
335,correlation_60pct,45.175789175191596,0.38,0.5514870494544815
336,accuracy_80pct,85.22036578752483,0.84,0.7769589205470689
336,accuracy_70pct,78.30271260601981,0.76,0.7038198229616041
336,accuracy_60pct,77.16771280064108,0.75,0.6873261622260659
336,correlation_70pct,52.63310619173354,0.46,0.5629994403994876
336,correlation_60pct,46.90511860871837,0.4,0.5168811707801616
337,accuracy_80pct,90.0836886537766,0.89,0.8531207127352195
337,accuracy_70pct,77.57304770986514,0.75,0.6598735052296516
337,accuracy_60pct,76.43838335188433,0.74,0.6494266310260972
337,correlation_70pct,54.76743508708644,0.48,0.5976249087135884
337,correlation_60pct,51.363442013144024,0.45,0.5024524519354244
338,accuracy_80pct,86.219694877499,0.85,0.7499093844819232
338,accuracy_70pct,81.76137147307335,0.8,0.6912866367404593
338,accuracy_60pct,79.4373769640006,0.77,0.7312033825384651
338,correlation_70pct,53.95743616343418,0.48,0.5411404865340133
338,correlation_60pct,51.498106386354806,0.45,0.5418410291695833
339,accuracy_80pct,86.219694877499,0.85,0.7851320070590009
339,accuracy_70pct,81.89670674107998,0.8,0.7677285030741271
339,accuracy_60pct,72.70972484361336,0.7,0.5747321325367849
339,correlation_70pct,54.82210088019757,0.49,0.537643985344439
339,correlation_60pct,42.0417957424666,0.35,0.4251280624613629
340,accuracy_80pct,86.48969451871642,0.85,0.8265935527549765
340,accuracy_70pct,80.89670675630997,0.79,0.7325897217393086
340,accuracy_60pct,73.84405375419625,0.71,0.6681101159705833
340,correlation_70pct,52.36310655051612,0.46,0.5695999176197292
340,correlation_60pct,48.09411331241238,0.42,0.5007483937182584
341,accuracy_80pct,89.21902393701322,0.88,0.8627193116061478
341,accuracy_70pct,82.49103636922804,0.81,0.7122673542883181
341,accuracy_60pct,72.25039503607402,0.69,0.6712158125636019
341,correlation_70pct,53.09277144667078,0.47,0.49653305060055886
341,correlation_60pct,47.95911349180368,0.42,0.30009669539690453
342,accuracy_80pct,89.08335322160866,0.88,0.8298656917558261
342,accuracy_70pct,78.0327129648024,0.76,0.6784224224082996
342,accuracy_60pct,72.57438957560672,0.7,0.6369545423715605
342,correlation_70pct,57.82109449231385,0.52,0.6336221762536275
342,correlation_60pct,48.3641129536298,0.42,0.4457294308349914
343,accuracy_80pct,86.8146954004429,0.86,0.7554213573140629
343,accuracy_70pct,80.89670675630997,0.79,0.6973747362709457
343,accuracy_60pct,77.16737735324315,0.75,0.6623234995753817
343,correlation_70pct,59.685423746449345,0.54,0.6889688897941824
343,correlation_60pct,57.41609503048773,0.52,0.5925099066000925
344,accuracy_80pct,86.9496952210516,0.86,0.8010767128493751
344,accuracy_70pct,80.03137114475075,0.78,0.6695631727579985
344,accuracy_60pct,71.11573067809321,0.68,0.6559135173749215
344,correlation_70pct,54.362435625260304,0.48,0.6433543597397254
344,correlation_60pct,42.50079010260801,0.36,0.3822158749531203
345,accuracy_80pct,88.81368902778917,0.88,0.7699933208840742
345,accuracy_70pct,81.89603584628415,0.8,0.6620007296701341
345,accuracy_60pct,72.84472466422207,0.7,0.5845730726070915
345,correlation_70pct,60.41508864260402,0.55,0.6038086792338391
345,correlation_60pct,51.68810744747256,0.46,0.5216710095532608
346,accuracy_80pct,88.21935939964112,0.87,0.8527182746447395
346,accuracy_70pct,80.89603586151411,0.79,0.6937349795991622
346,accuracy_60pct,79.1673773227832,0.77,0.7288397718649813
346,correlation_70pct,58.68575920907725,0.53,0.6238005922486204
346,correlation_60pct,50.0937778345545,0.44,0.47834480937541296
347,accuracy_80pct,88.0840241316345,0.87,0.8409881960017206
347,accuracy_70pct,76.89603592243404,0.75,0.5369420544957196
347,accuracy_60pct,72.70905394881751,0.7,0.6140249678294064
347,correlation_70pct,52.687771984844666,0.47,0.5612676102482148
347,correlation_60pct,54.956765253408356,0.49,0.593107825832075
348,accuracy_80pct,86.76002960733176,0.85,0.8632390114783633
348,accuracy_70pct,78.76204241355913,0.77,0.6559193442970129
348,accuracy_60pct,70.57506050086253,0.68,0.5283978058695337
348,correlation_70pct,56.2267648793958,0.5,0.6155986032008266
348,correlation_60pct,54.092435984042886,0.48,0.5650612168307129
349,accuracy_80pct,86.62502978672305,0.85,0.859584826924282
349,accuracy_70pct,77.357042966963,0.76,0.5322081314971566
349,accuracy_60pct,77.16771280064107,0.75,0.6703123528454249
349,correlation_70pct,58.145759926642405,0.53,0.5416942512216757
349,correlation_60pct,41.98679450195755,0.34,0.41934171844475193
350,accuracy_80pct,88.3540237728519,0.87,0.8695596446206368
350,accuracy_70pct,79.16704187538527,0.77,0.7648946691801911
350,accuracy_60pct,77.76204242878912,0.76,0.6499929557547617
350,correlation_70pct,57.55109485109644,0.52,0.6562849120618751
350,correlation_60pct,50.49810640158479,0.44,0.5530010129015489
351,accuracy_80pct,86.08402416209445,0.85,0.7295949773063165
351,accuracy_70pct,80.6257007728988,0.79,0.6267032022455831
351,accuracy_60pct,76.1683837106669,0.74,0.6612099858235279
351,correlation_70pct,58.41575956785982,0.53,0.5863674848383079
351,correlation_60pct,55.821429970171735,0.5,0.5969233778053852
352,accuracy_80pct,83.4900300118043,0.82,0.7296386175970676
352,accuracy_70pct,81.62637165246466,0.8,0.7692491087924114
352,accuracy_60pct,69.25106597655981,0.66,0.5728195442847028
352,correlation_70pct,55.49709998324112,0.49,0.6090406624635231
352,correlation_60pct,47.41944965676676,0.42,0.4316921947224453
353,accuracy_80pct,89.21835304221739,0.88,0.8011659679864473
353,accuracy_70pct,76.30338353127561,0.74,0.6595048011541874
353,accuracy_60pct,72.3850594092848,0.69,0.6364099222978512
353,correlation_70pct,58.550759388468535,0.53,0.6003723722119757
353,correlation_60pct,48.49911277423851,0.42,0.3967314377345352
354,accuracy_80pct,86.35469469810772,0.85,0.7978179657372038
354,accuracy_70pct,80.76137148830333,0.79,0.6974473594143588
354,accuracy_60pct,70.84539558947787,0.68,0.5991595069863713
354,correlation_70pct,60.41508864260402,0.55,0.6462482777635054
354,correlation_60pct,54.82210088019757,0.49,0.55792131098818
355,accuracy_80pct,86.35469469810772,0.85,0.8306060792507056
355,accuracy_70pct,86.08435960949237,0.85,0.7737232144931137
355,accuracy_60pct,68.98073088794447,0.66,0.6217647264132247
355,correlation_70pct,55.821765417569665,0.5,0.6205612766646321
355,correlation_60pct,36.853471994488345,0.29,0.3717840882068677
356,accuracy_80pct,89.9486888331679,0.89,0.8227666987102361
356,accuracy_70pct,79.30237714339191,0.77,0.661786481416098
356,accuracy_60pct,78.89704223416786,0.77,0.5545774950346802
356,correlation_70pct,52.76810601234225,0.46,0.5400308773801332
356,correlation_60pct,52.82277180545337,0.47,0.43150328751459655
357,accuracy_80pct,86.62435889192722,0.85,0.8221040759171517
357,accuracy_70pct,85.62536524935095,0.84,0.8101882720881554
357,accuracy_60pct,75.84371827633835,0.73,0.6728011213336504
357,correlation_70pct,55.092100521414984,0.49,0.5973233617425258
357,correlation_60pct,49.039447504071276,0.42,0.5601367846911285
358,accuracy_80pct,88.48902359346062,0.87,0.8538933089305424
358,accuracy_70pct,81.1667063975274,0.79,0.7229400931491428
358,accuracy_60pct,77.03304842743029,0.75,0.6078626086464671
358,correlation_70pct,53.902770370323054,0.47,0.6038126675649245
358,correlation_60pct,48.499448221636435,0.42,0.48367583685072313
359,accuracy_80pct,84.49036544397222,0.83,0.7656561311622576
359,accuracy_70pct,81.62637165246464,0.8,0.7356579195751333
359,accuracy_60pct,72.84438921682414,0.7,0.6196753134134297
359,correlation_70pct,53.362771087888206,0.47,0.5798826885555179
359,correlation_60pct,53.55210125421013,0.48,0.48784597526637014
360,accuracy_80pct,87.21868852007526,0.86,0.7474076493118668
360,accuracy_70pct,80.03204203954658,0.78,0.7067557547648746
360,accuracy_60pct,73.43972518716595,0.71,0.6211742849985263
360,correlation_70pct,64.2787469714837,0.59,0.6897311546738382
360,correlation_60pct,56.68643013433305,0.51,0.5738515248937318
361,accuracy_80pct,86.21969487749901,0.85,0.7832866420743979
361,accuracy_70pct,81.89637129368207,0.8,0.758578256833891
361,accuracy_60pct,70.8443892472841,0.68,0.5078622638658329
361,correlation_70pct,51.768441474970146,0.45,0.5792875000721698
361,correlation_60pct,50.95844255131789,0.45,0.4920997317552473
362,accuracy_80pct,90.08335320637869,0.89,0.8435941152394769
362,accuracy_70pct,77.03237753263446,0.75,0.6307281177297512
362,accuracy_60pct,72.11472432066947,0.69,0.6279822760147081
362,correlation_70pct,55.092100521414984,0.49,0.5828596039842712
362,correlation_60pct,49.68844292533045,0.44,0.42478635987339214
363,accuracy_80pct,87.21935941487111,0.86,0.7964497623971502
363,accuracy_70pct,83.49070090660013,0.82,0.7171778938346068
363,accuracy_60pct,70.8457310368758,0.68,0.5730526026074958
363,correlation_70pct,63.9284133027687,0.6,0.5288333170151707
363,correlation_60pct,49.49911275900853,0.43,0.4859977539904749
364,accuracy_80pct,90.21835302698739,0.89,0.8811136371954728
364,accuracy_70pct,77.89804859159159,0.76,0.671692119408992
364,accuracy_60pct,72.97972448483078,0.7,0.6489903315541056
364,correlation_70pct,54.09210053664496,0.48,0.5595816466365431
364,correlation_60pct,51.958107088689985,0.46,0.5419125350576804
365,accuracy_80pct,85.35503016073561,0.84,0.7859151536664669
365,accuracy_70pct,79.62637168292461,0.78,0.6412029742531238
365,accuracy_60pct,72.43871886020216,0.7,0.5551501411844633
365,correlation_70pct,53.362771087888206,0.47,0.5898172565168035
365,correlation_60pct,53.41710143360142,0.48,0.470978712139329
366,accuracy_80pct,86.4893590713185,0.85,0.787250141479465
366,accuracy_70pct,80.0323774869445,0.78,0.7321847117550303
366,accuracy_60pct,74.8433828441704,0.72,0.6458860602878367
366,correlation_70pct,66.73740585376723,0.62,0.6720700329097334
366,correlation_60pct,50.22877765516321,0.44,0.49839370223028157
367,accuracy_80pct,89.2190239370132,0.88,0.8855215389279881
367,accuracy_70pct,80.76137148830333,0.79,0.6795178580464668
367,accuracy_60pct,73.30371902436347,0.71,0.5422157484039867
367,correlation_70pct,55.092100521414984,0.49,0.6185431908183896
367,correlation_60pct,49.09377784978448,0.43,0.3855786897770947
368,accuracy_80pct,87.62469432409516,0.86,0.8890905250491117
368,accuracy_70pct,80.49170729448385,0.79,0.669310454312199
368,accuracy_60pct,75.16771283110104,0.73,0.6054765951526732
368,correlation_70pct,51.36344201314402,0.45,0.520905484955799
368,correlation_60pct,42.1767955630753,0.35,0.46889198245887476
369,accuracy_80pct,90.94801792314207,0.9,0.857398373888337
369,accuracy_70pct,79.89704221893788,0.78,0.6860645259812794
369,accuracy_60pct,70.98039541008659,0.68,0.6106744558912983
369,correlation_70pct,65.73807676379306,0.61,0.7064540639111772
369,correlation_60pct,53.49777090849692,0.47,0.582603969241855
370,accuracy_80pct,83.62603617460677,0.82,0.8123151851100354
370,accuracy_70pct,80.30237712816192,0.78,0.7835056904434776
370,accuracy_60pct,68.71106669412497,0.66,0.5680219960784992
370,correlation_70pct,52.76810601234224,0.46,0.6078633423702814
370,correlation_60pct,50.22877765516321,0.44,0.5115608328243811
371,accuracy_80pct,85.22036578752483,0.84,0.7494264939727937
371,accuracy_70pct,79.43737696400062,0.77,0.733535198113505
371,accuracy_60pct,69.38606579716851,0.66,0.5462316007351895
371,correlation_70pct,60.55008846321273,0.55,0.6181868700617659
371,correlation_60pct,52.903105832950956,0.46,0.5486266846993567
372,accuracy_80pct,88.21868850484529,0.87,0.8214340754501567
372,accuracy_70pct,79.76204239832917,0.78,0.6928110345262747
372,accuracy_60pct,70.30506085964511,0.68,0.4714332436741663
372,correlation_70pct,59.28042428462321,0.54,0.6032370603854151
372,correlation_60pct,60.1450890013866,0.55,0.597467807046195
373,accuracy_80pct,84.76070053258758,0.83,0.8217110279935623
373,accuracy_70pct,80.89637130891204,0.79,0.7125168587457285
373,accuracy_60pct,76.1683837106669,0.74,0.6809643303200231
373,correlation_70pct,55.63209980384983,0.49,0.6608112945271031
373,correlation_60pct,45.4997837147243,0.39,0.33655564283044254
374,accuracy_80pct,87.21969486226902,0.86,0.8257367402723504
374,accuracy_70pct,77.89771314419367,0.76,0.651730443287018
374,accuracy_60pct,73.84371830679832,0.71,0.629220638371078
374,correlation_70pct,58.82075902968596,0.53,0.6647062200136157
374,correlation_60pct,54.821765432799644,0.49,0.5551212035908415
375,accuracy_80pct,89.08368866900659,0.88,0.8284172957976867
375,accuracy_70pct,80.30237712816192,0.78,0.7594728337834257
375,accuracy_60pct,73.70871848618962,0.71,0.5713815543955668
375,correlation_70pct,53.76777054971434,0.47,0.6031834100803418
375,correlation_60pct,52.36277110311819,0.46,0.5065717116107028
376,accuracy_80pct,88.81335358039124,0.88,0.7610264208306825
376,accuracy_70pct,75.76304880144285,0.74,0.5757756805416425
376,accuracy_60pct,73.5737186655809,0.71,0.5719117902050909
376,correlation_70pct,55.41676595574353,0.5,0.4561831539237348
376,correlation_60pct,57.09142959615918,0.51,0.6223220938494981
377,accuracy_80pct,88.62435886146726,0.87,0.9108382299207641
377,accuracy_70pct,81.62603620506673,0.8,0.6737440046040921
377,accuracy_60pct,74.30338356173559,0.72,0.5652551278644568
377,correlation_70pct,55.22710034202369,0.49,0.6001441634452017
377,correlation_60pct,49.499112759008526,0.43,0.4438962005763961
378,accuracy_80pct,88.21868850484529,0.87,0.7962949887802451
378,accuracy_70pct,81.43670603874482,0.79,0.8047235239367567
378,accuracy_60pct,72.97838269523909,0.7,0.5623258997033386
378,correlation_70pct,59.280424284623216,0.54,0.5891700942148032
378,correlation_60pct,48.76944786285386,0.42,0.49643830001017186
379,accuracy_80pct,86.48935907131849,0.85,0.8030490808191428
379,accuracy_70pct,78.89704223416786,0.77,0.6656702483296121
379,accuracy_60pct,77.16771280064108,0.75,0.6351698272815137
379,correlation_70pct,59.14508901661657,0.54,0.5556659686833219
379,correlation_60pct,57.68609467170515,0.52,0.6219765566235834
380,accuracy_80pct,83.95003071413947,0.83,0.7467550178110832
380,accuracy_70pct,82.08570146000397,0.81,0.7397158342042179
380,accuracy_60pct,72.1693901137806,0.7,0.6238512928418093
380,correlation_70pct,55.497099983241114,0.49,0.7255273994346709
380,correlation_60pct,42.09646153557773,0.36,0.4041398603352658
381,accuracy_80pct,89.35368831022402,0.88,0.8638237404237079
381,accuracy_70pct,76.84338281371046,0.74,0.7034267560564949
381,accuracy_60pct,78.03204207000653,0.76,0.6091298932448361
381,correlation_70pct,57.09142959615919,0.51,0.6014145472469478
381,correlation_60pct,55.821429970171735,0.5,0.5699798170932857
382,accuracy_80pct,86.35435925070978,0.85,0.7880275553143776
382,accuracy_70pct,83.49070090660013,0.82,0.7598266976534218
382,accuracy_60pct,77.16737735324315,0.75,0.5491878706448292
382,correlation_70pct,59.955423387666755,0.54,0.6040246448444341
382,correlation_60pct,43.58145956227354,0.36,0.4875577169403661
383,accuracy_80pct,90.81301810253336,0.9,0.8566317825254275
383,accuracy_70pct,81.3560365638493,0.8,0.652585461044974
383,accuracy_60pct,76.30304808387768,0.74,0.6158574493393533
383,correlation_70pct,63.1440826135029,0.58,0.70436157434493
383,correlation_60pct,45.769783355941726,0.39,0.435258923250368
384,accuracy_80pct,88.08435957903242,0.87,0.7782621350106372
384,accuracy_70pct,79.57271223200726,0.77,0.7540174650975506
384,accuracy_60pct,72.30338359219553,0.7,0.4554247083858682
384,correlation_70pct,55.497099983241114,0.49,0.5686863821972811
384,correlation_60pct,56.68643013433305,0.51,0.6344087126606421
385,accuracy_80pct,89.21902393701322,0.88,0.8765674415165126
385,accuracy_70pct,79.6263716829246,0.78,0.5893636714574562
385,accuracy_60pct,76.30371897867353,0.74,0.6943335484844882
385,correlation_70pct,60.68508828382144,0.55,0.6313068993769363
385,correlation_60pct,51.82277182068334,0.46,0.4426483013844085
386,accuracy_80pct,86.35503014550565,0.85,0.8019723886044072
386,accuracy_70pct,78.43804787402644,0.76,0.7315924947653032
386,accuracy_60pct,74.76338426407075,0.73,0.5238378791119838
386,correlation_70pct,56.226764879395795,0.5,0.6668683487330983
386,correlation_60pct,50.68844291010046,0.45,0.489020048194652
387,accuracy_80pct,88.08435957903242,0.87,0.8511716797661687
387,accuracy_70pct,80.16737730755321,0.78,0.6949154446002773
387,accuracy_60pct,72.84438921682414,0.7,0.5695088894337371
387,correlation_70pct,59.685423746449345,0.54,0.5647589012715241
387,correlation_60pct,51.49844183375273,0.45,0.5663290234048541
388,accuracy_80pct,85.08469507212027,0.84,0.757833179564461
388,accuracy_70pct,77.76237787618705,0.76,0.6930307328680199
388,accuracy_60pct,72.30371903959346,0.7,0.5467658688743905
388,correlation_70pct,55.95642979078045,0.5,0.6490816569815394
388,correlation_60pct,41.771125206453334,0.35,0.41290334761696873
389,accuracy_80pct,86.35469469810772,0.85,0.7566907285081386
389,accuracy_70pct,84.76070053258758,0.83,0.8078104445957796
389,accuracy_60pct,76.70838299310174,0.74,0.6811594370645232
389,correlation_70pct,53.95743616343418,0.48,0.5380690477953317
389,correlation_60pct,54.227100357253676,0.48,0.5417398010899539
390,accuracy_80pct,87.21969486226902,0.86,0.8172471188211229
390,accuracy_70pct,81.89637129368207,0.8,0.7820588745501679
390,accuracy_60pct,74.84304739677249,0.72,0.6161124541778216
390,correlation_70pct,60.41508864260402,0.55,0.5990559679529792
390,correlation_60pct,51.498106386354806,0.45,0.5020583453145004
391,accuracy_80pct,87.08435959426241,0.86,0.7920319957994428
391,accuracy_70pct,82.03137111429079,0.8,0.7555170260141294
391,accuracy_60pct,72.439389754998,0.7,0.563487197141242
391,correlation_70pct,61.279753359367405,0.56,0.6356780781074372
391,correlation_60pct,55.497099983241114,0.49,0.6209733792157174
392,accuracy_80pct,87.08469504166031,0.86,0.789395561918769
392,accuracy_70pct,79.30271259078984,0.77,0.6796925126552628
392,accuracy_60pct,76.8427119189146,0.74,0.6559958485571789
392,correlation_70pct,69.06173581023789,0.65,0.6943864140373788
392,correlation_60pct,49.229113117791115,0.43,0.40052199466233745
393,accuracy_80pct,84.95036614630742,0.84,0.7661135154442272
393,accuracy_70pct,82.76103601044547,0.81,0.7470783714804131
393,accuracy_60pct,77.57338315726305,0.75,0.7554798749733675
393,correlation_70pct,56.226764879395795,0.5,0.6193462550799087
393,correlation_60pct,51.498441833752736,0.45,0.542599334261281
394,accuracy_80pct,89.48868813083271,0.88,0.8761771176779649
394,accuracy_70pct,77.35737841436091,0.76,0.5466402928605227
394,accuracy_60pct,79.43771241139854,0.77,0.7672633447224344
394,correlation_70pct,50.579111323878216,0.43,0.6421121184344113
394,correlation_60pct,51.82310726808128,0.46,0.48446123893173987
395,accuracy_80pct,86.2193594301011,0.85,0.772530544633251
395,accuracy_70pct,83.08603689217192,0.82,0.6960520924970376
395,accuracy_60pct,78.43771242662851,0.76,0.7348292774570155
395,correlation_70pct,54.36243562526031,0.48,0.6085100532115177
395,correlation_60pct,54.2274358046516,0.48,0.6325474672429415
396,accuracy_80pct,88.21902395224319,0.87,0.7854913691511812
396,accuracy_70pct,81.76137147307335,0.8,0.6903228915968176
396,accuracy_60pct,75.16905462069272,0.73,0.5956912352171256
396,correlation_70pct,59.82042356705806,0.54,0.6561246366186536
396,correlation_60pct,54.36210017786239,0.48,0.5439129307007893
397,accuracy_80pct,86.49002996611435,0.85,0.7778203707198849
397,accuracy_70pct,81.89570039888622,0.8,0.6802213765982803
397,accuracy_60pct,75.51938828940771,0.72,0.7469754171366516
397,correlation_70pct,55.2271003420237,0.49,0.5369869106658511
397,correlation_60pct,50.63377711698934,0.44,0.46125508227044815
398,accuracy_80pct,91.81268263990547,0.91,0.878296414635246
398,accuracy_70pct,81.49103638445803,0.8,0.6443610898286832
398,accuracy_60pct,75.30405444130143,0.73,0.6934007286995043
398,correlation_70pct,59.82042356705805,0.54,0.709940512767505
398,correlation_60pct,53.877102135936596,0.49,0.43924836079270435
399,accuracy_80pct,85.76036506995968,0.84,0.8214466424390519
399,accuracy_70pct,82.7603651156496,0.81,0.6838476957225414
399,accuracy_60pct,73.3043899191593,0.71,0.5176832806928445
399,correlation_70pct,48.03978296669918,0.41,0.5458314966904556
399,correlation_60pct,53.22777126727951,0.47,0.528922065910555
400,accuracy_80pct,87.94935975842371,0.87,0.8082991452804382
400,accuracy_70pct,82.03137111429078,0.8,0.7548545417217448
400,accuracy_60pct,74.70905391835755,0.72,0.6448232332311683
400,correlation_70pct,55.09210052141499,0.49,0.5534334247825664
400,correlation_60pct,56.68643013433305,0.51,0.5362478215714391
401,accuracy_80pct,87.2193594148711,0.86,0.7940021634659639
401,accuracy_70pct,80.35603657907929,0.79,0.5964527214554487
401,accuracy_60pct,75.43871881451223,0.73,0.6172544108579565
401,correlation_70pct,56.22676487939579,0.5,0.5890166017277416
401,correlation_60pct,49.90411222083466,0.43,0.5558854159173731
402,accuracy_80pct,88.0840241316345,0.87,0.8413496415153747
402,accuracy_70pct,82.76036511564962,0.81,0.7395064875894073
402,accuracy_60pct,75.76137156445324,0.74,0.5184687242962103
402,correlation_70pct,52.0931069092987,0.46,0.5456242441538693
402,correlation_60pct,48.03978296669918,0.41,0.5548727479459323
403,accuracy_80pct,84.35570107076144,0.83,0.7973652664155025
403,accuracy_70pct,81.76137147307335,0.8,0.7498161694056212
403,accuracy_60pct,78.30271260601981,0.76,0.7401076219084467
403,correlation_70pct,52.36310655051612,0.46,0.5575802562389701
403,correlation_60pct,50.09344238715658,0.44,0.47729674839041714
404,accuracy_80pct,87.35469468287774,0.86,0.8730849759997736
404,accuracy_70pct,78.70771206784593,0.76,0.7778029676524971
404,accuracy_60pct,73.4390542923701,0.71,0.6012859572649317
404,correlation_70pct,52.63310619173353,0.46,0.592996291983374
404,correlation_60pct,48.3641129536298,0.42,0.4764951044085453
405,accuracy_80pct,88.81368902778917,0.88,0.7982996381467536
405,accuracy_70pct,79.76237784572709,0.78,0.7173471273986051
405,accuracy_60pct,76.76271333881495,0.75,0.5763684860431711
405,correlation_70pct,60.28008882199531,0.55,0.5905602113869773
405,correlation_60pct,54.36210017786238,0.48,0.5985527315550453
406,accuracy_80pct,85.62536524935096,0.84,0.8175560973406475
406,accuracy_70pct,83.085701444774,0.82,0.6834525942370236
406,accuracy_60pct,71.57472503823463,0.69,0.5720911876018716
406,correlation_70pct,47.310118070544505,0.4,0.5039775763717784
406,correlation_60pct,46.58045317438983,0.39,0.49529042506807164
407,accuracy_80pct,90.67835372932258,0.9,0.8668549961790295
407,accuracy_70pct,77.168048248039,0.75,0.6270534140042582
407,accuracy_60pct,74.034054815314,0.72,0.5942893791391852
407,correlation_70pct,55.2271003420237,0.49,0.6158529035065771
407,correlation_60pct,57.28109520987902,0.52,0.5737187975722834
408,accuracy_80pct,90.94835337053999,0.9,0.9015833181099572
408,accuracy_70pct,78.76170696616123,0.77,0.706018795015199
408,accuracy_60pct,72.3043899343893,0.7,0.5899563012560424
408,correlation_70pct,56.551094866326416,0.51,0.5609257399881911
408,correlation_60pct,46.36511932628353,0.4,0.4511990108698484
409,accuracy_80pct,85.219694892729,0.84,0.7434566417026877
409,accuracy_70pct,87.21935941487111,0.86,0.8105071667360566
409,accuracy_60pct,74.30405445653142,0.72,0.6132664368055974
409,correlation_70pct,54.36210017786239,0.48,0.6114241043229007
409,correlation_60pct,53.36277108788821,0.47,0.6029665625230588
410,accuracy_80pct,86.21902398270316,0.85,0.7585773391391081
410,accuracy_70pct,80.302041680764,0.78,0.7669697071178591
410,accuracy_60pct,73.30438991915932,0.71,0.6167135000250958
410,correlation_70pct,46.44545335378112,0.39,0.5694946399667985
410,correlation_60pct,46.499783699494316,0.4,0.409608267219093
411,accuracy_80pct,85.67969559506417,0.85,0.7533031933609692
411,accuracy_70pct,79.22237856329225,0.78,0.7182426127812258
411,accuracy_60pct,73.16771286156101,0.71,0.5535613914777001
411,correlation_70pct,49.229113117791115,0.43,0.5411925236330755
411,correlation_60pct,45.50011916212222,0.39,0.4534050679002248
412,accuracy_80pct,87.89469396531257,0.86,0.9079676317155276
412,accuracy_70pct,75.57405408251886,0.73,0.6471375154982688
412,accuracy_60pct,75.30371899390352,0.73,0.5636005983520439
412,correlation_70pct,57.95609431292257,0.52,0.5659548759547725
412,correlation_60pct,48.904447683462564,0.42,0.43931974348776737
413,accuracy_80pct,85.9500306836795,0.85,0.7783957785551326
413,accuracy_70pct,80.76170693570126,0.79,0.6770616891573361
413,accuracy_60pct,75.30405444130145,0.73,0.6263700107522433
413,correlation_70pct,56.41643049311564,0.51,0.518555341288546
413,correlation_60pct,55.68676559696095,0.5,0.5773827316489357
414,accuracy_80pct,91.08301774375079,0.9,0.8851410264384552
414,accuracy_70pct,83.76103599521548,0.82,0.8247056486325881
414,accuracy_60pct,76.1683837106669,0.74,0.6674432195223614
414,correlation_70pct,43.256794127944985,0.35,0.5580004559563492
414,correlation_60pct,53.55210125421013,0.48,0.466256308598092
415,accuracy_80pct,85.8150308630708,0.85,0.7528995320418497
415,accuracy_70pct,82.03070021949493,0.8,0.7354834106758003
415,accuracy_60pct,77.03338387482822,0.75,0.6331215459074684
415,correlation_70pct,57.68609467170515,0.52,0.6137040551681314
415,correlation_60pct,52.55176582204218,0.47,0.43312798018451476
416,accuracy_80pct,85.94969523628158,0.85,0.7527059889108829
416,accuracy_70pct,80.03204203954658,0.78,0.7053746023097326
416,accuracy_60pct,73.57405411297881,0.71,0.5980296147964731
416,correlation_70pct,58.226093954139984,0.52,0.6879471265467338
416,correlation_60pct,52.687436537446736,0.47,0.43716945593322937
417,accuracy_80pct,84.0853659821461,0.83,0.7367402729371623
417,accuracy_70pct,81.03137112952076,0.79,0.7398878608540719
417,accuracy_60pct,76.30304808387768,0.74,0.6710215219593527
417,correlation_70pct,58.82075902968596,0.53,0.6356054706761814
417,correlation_60pct,49.68877837272837,0.44,0.3450791417778828
418,accuracy_80pct,89.94768249097413,0.89,0.802833344502056
418,accuracy_70pct,78.89603589197408,0.77,0.6442387770718881
418,accuracy_60pct,72.3043899343893,0.7,0.5809888268289064
418,correlation_70pct,59.95542338766676,0.54,0.7116928580771202
418,correlation_60pct,49.76911240022596,0.43,0.5367009835865809
419,accuracy_80pct,87.21868852007526,0.86,0.7679415571898857
419,accuracy_70pct,80.2213722058685,0.79,0.6288922592592893
419,accuracy_60pct,74.57405409774884,0.72,0.6581420444281842
419,correlation_70pct,56.82142995494176,0.51,0.5909299299777356
419,correlation_60pct,56.55143031372434,0.51,0.5462674673999344
420,accuracy_80pct,91.40734773068141,0.91,0.8256253714507832
420,accuracy_70pct,78.7613715187633,0.77,0.644348518653558
420,accuracy_60pct,73.84438920159417,0.71,0.7030633694837839
420,correlation_70pct,46.905118608718375,0.4,0.5409227726283979
420,correlation_60pct,51.28277253824851,0.46,0.4192697460002886
421,accuracy_80pct,88.0840241316345,0.87,0.7853651440053152
421,accuracy_70pct,85.62536524935095,0.84,0.8066332490701581
421,accuracy_60pct,78.30204171122396,0.76,0.6422667131661247
421,correlation_70pct,46.500119146892246,0.4,0.4146999871036615
421,correlation_60pct,49.95844256654786,0.44,0.40105650231253487
422,accuracy_80pct,85.8150308630708,0.85,0.7706405754739234
422,accuracy_70pct,81.62637165246466,0.8,0.7283959529565104
422,accuracy_60pct,76.16838371066692,0.74,0.6582741603035112
422,correlation_70pct,51.76844147497015,0.45,0.6133684370886033
422,correlation_60pct,49.55377855211967,0.44,0.4161144891855602
423,accuracy_80pct,87.08469504166031,0.86,0.7690489448001148
423,accuracy_70pct,79.30204169599399,0.77,0.6992937216964213
423,accuracy_60pct,71.52039469252142,0.68,0.6846889244877151
423,correlation_70pct,55.821765417569665,0.5,0.5475701857635571
423,correlation_60pct,55.3621001626324,0.49,0.5604067078591812
424,accuracy_80pct,88.94768250620412,0.88,0.7667522070735578
424,accuracy_70pct,82.49070092183011,0.81,0.7488682867836463
424,accuracy_60pct,75.30237720431182,0.73,0.6123324877335465
424,correlation_70pct,51.633441654361434,0.45,0.5889983905371218
424,correlation_60pct,50.36377747577191,0.44,0.4891936547045668
425,accuracy_80pct,88.08368868423656,0.87,0.8083453388809217
425,accuracy_70pct,79.16737732278318,0.77,0.7040877470911107
425,accuracy_60pct,79.89704221893787,0.78,0.7772961265959811
425,correlation_70pct,44.176124637819505,0.37,0.5413489915613916
425,correlation_60pct,43.58145956227353,0.36,0.49703464892606086
426,accuracy_80pct,88.94902429579581,0.88,0.8383097914699786
426,accuracy_70pct,80.03204203954658,0.78,0.7132643657303853
426,accuracy_60pct,76.30271263647977,0.74,0.650582821923211
426,correlation_70pct,67.73740583853726,0.63,0.7560084831417057
426,correlation_60pct,47.579782264364,0.4,0.5298613856108503
427,accuracy_80pct,88.08435957903241,0.87,0.7884986293330036
427,accuracy_70pct,78.76237786095706,0.77,0.6110761854661506
427,accuracy_60pct,74.24972411081822,0.71,0.6668474707743071
427,correlation_70pct,60.82008810443015,0.55,0.6692082758737864
427,correlation_60pct,56.55143031372434,0.51,0.4760994956536979
428,accuracy_80pct,92.08301772852082,0.91,0.9065619570253797
428,accuracy_70pct,80.03204203954658,0.78,0.707256463494407
428,accuracy_60pct,73.57304777078505,0.71,0.5081408497064162
428,correlation_70pct,58.550759388468535,0.53,0.6254564425174719
428,correlation_60pct,55.821765417569665,0.5,0.5933421240602272
429,accuracy_80pct,89.08402411640452,0.88,0.8653482088038174
429,accuracy_70pct,79.30237714339191,0.77,0.731293644472032
429,accuracy_60pct,77.03237753263444,0.75,0.6417245027984881
429,correlation_70pct,65.00841186763839,0.6,0.7257217410457277
429,correlation_60pct,55.36210016263241,0.49,0.6743252201907716
430,accuracy_80pct,87.9493597584237,0.87,0.7907440906291648
430,accuracy_70pct,80.76170693570126,0.79,0.6566467678115421
430,accuracy_60pct,73.43871884497219,0.71,0.5033081687008544
430,correlation_70pct,62.14441807613079,0.57,0.5802719555042196
430,correlation_60pct,54.36243562526031,0.48,0.5458502881207309
431,accuracy_80pct,89.0840241164045,0.88,0.8414263586379461
431,accuracy_70pct,80.76103604090542,0.79,0.609386629861957
431,accuracy_60pct,71.11505978329735,0.68,0.6058346414052288
431,correlation_70pct,59.280424284623216,0.54,0.5295021898910046
431,correlation_60pct,51.03877657881547,0.44,0.5958659244346496
432,accuracy_80pct,91.08268229635287,0.9,0.8459586604990114
432,accuracy_70pct,79.0327129495724,0.77,0.6999179393695787
432,accuracy_60pct,73.57338321818298,0.71,0.518284307249792
432,correlation_70pct,64.00841188286836,0.59,0.6380754088785351
432,correlation_60pct,45.90545407134627,0.39,0.42421061673112714
433,accuracy_80pct,91.08301774375079,0.9,0.890416064807216
433,accuracy_70pct,78.16704189061525,0.76,0.6420611422409261
433,accuracy_60pct,72.84472466422207,0.7,0.6782170689130582
433,correlation_70pct,45.44545336901109,0.38,0.5128257145053629
433,correlation_60pct,47.58011771176193,0.4,0.5780918492807251
434,accuracy_80pct,85.94902434148574,0.85,0.6661664325133463
434,accuracy_70pct,83.03103565166289,0.81,0.7647926942480663
434,accuracy_60pct,72.43905430760009,0.7,0.5125910745066676
434,correlation_70pct,56.821429954941756,0.51,0.5390854092940233
434,correlation_60pct,43.176124653049484,0.36,0.32665712442420297
435,accuracy_80pct,86.94902432625577,0.86,0.7577414057126167
435,accuracy_70pct,80.89670675630997,0.79,0.7332891142266571
435,accuracy_60pct,71.8440537846562,0.69,0.5000647706212952
435,correlation_70pct,48.17444733990997,0.41,0.5030238935272972
435,correlation_60pct,51.0934423719266,0.45,0.4951761534528626
436,accuracy_80pct,87.94935975842371,0.87,0.8182676905955142
436,accuracy_70pct,80.35704292127303,0.79,0.7017396181391744
436,accuracy_60pct,71.57237690644916,0.69,0.41627584829138103
436,correlation_70pct,55.821429970171735,0.5,0.5820539010737739
436,correlation_60pct,52.227435835111564,0.46,0.4938278865168409
437,accuracy_80pct,89.94835338576998,0.89,0.8292745584810629
437,accuracy_70pct,77.76237787618705,0.76,0.529944673867554
437,accuracy_60pct,76.62771351820624,0.75,0.5231890917971226
437,correlation_70pct,50.363442028373996,0.44,0.46324417866775713
437,correlation_60pct,55.68643014956302,0.5,0.4791629286088634
438,accuracy_80pct,86.03036471117709,0.84,0.8503113106144466
438,accuracy_70pct,83.49103635399806,0.82,0.72916139780909
438,accuracy_60pct,69.98039542531656,0.67,0.46892726811197655
438,correlation_70pct,61.00975371814999,0.56,0.6189923344188344
438,correlation_60pct,47.76978332548176,0.41,0.47300727870864306
439,accuracy_80pct,87.03002924854918,0.85,0.9098492098841485
439,accuracy_70pct,82.62570074243882,0.81,0.7239836286475582
439,accuracy_60pct,70.71006032147123,0.68,0.5811014769905724
439,correlation_70pct,53.49777090849692,0.47,0.6175956254754729
439,correlation_60pct,53.82243634282547,0.48,0.5244512018141712
440,accuracy_80pct,88.94835340099996,0.88,0.8220531616616882
440,accuracy_70pct,79.76137150353331,0.78,0.6916505225373041
440,accuracy_60pct,72.03371939837605,0.7,0.540943012469823
440,correlation_70pct,46.63511896750096,0.4,0.48564065937337625
440,correlation_60pct,45.63545443012886,0.39,0.4412842374348598
441,accuracy_80pct,89.0840241164045,0.88,0.8277674263167364
441,accuracy_70pct,78.4373769792306,0.76,0.6403546116135944
441,accuracy_60pct,72.71006029101127,0.7,0.5878694369707712
441,correlation_70pct,60.55008846321273,0.55,0.6028952238299337
441,correlation_60pct,56.09176505878708,0.5,0.5191236872471497
442,accuracy_80pct,87.81368904301915,0.87,0.7641364107145442
442,accuracy_70pct,78.16737733801318,0.76,0.6600113560804095
442,accuracy_60pct,72.1693901137806,0.7,0.517734856378691
442,correlation_70pct,62.00941825552208,0.57,0.5949699912870939
442,correlation_60pct,48.76911241545593,0.42,0.5152403515524451
443,accuracy_80pct,86.8146954004429,0.86,0.8279995465308866
443,accuracy_70pct,78.49103643014796,0.77,0.6139586347302982
443,accuracy_60pct,66.98140181320026,0.64,0.5841973065470007
443,correlation_70pct,51.363442013144024,0.45,0.5964803109038608
443,correlation_60pct,44.77078971336547,0.38,0.4307803837065489
444,accuracy_80pct,87.08402414686446,0.86,0.74960963025846
444,accuracy_70pct,82.89603583105418,0.81,0.7313731289880441
444,accuracy_60pct,77.84304735108256,0.75,0.7408093999384129
444,correlation_70pct,51.363442013144024,0.45,0.5263567476997746
444,correlation_60pct,61.1447535387587,0.56,0.6438047412619058
445,accuracy_80pct,86.49002996611435,0.85,0.7605703922049306
445,accuracy_70pct,84.76002963779173,0.83,0.715927466886701
445,accuracy_60pct,75.84271193414459,0.73,0.5367056379860974
445,correlation_70pct,51.49844183375272,0.45,0.4973670710674156
445,correlation_60pct,50.63344166959142,0.44,0.44553824601720393
446,accuracy_80pct,84.81435998350494,0.84,0.683767977631801
446,accuracy_70pct,79.76237784572707,0.78,0.7338984743334976
446,accuracy_60pct,74.89704229508777,0.73,0.48194073984541486
446,correlation_70pct,54.82210088019757,0.49,0.5760835610362522
446,correlation_60pct,58.1457599266424,0.53,0.6090499545778325
447,accuracy_80pct,85.08469507212027,0.84,0.7687623128682199
447,accuracy_70pct,79.03204205477655,0.77,0.7295380377227714
447,accuracy_60pct,69.57539596349044,0.67,0.5714736231641577
447,correlation_70pct,57.28109520987901,0.52,0.6205710198578609
447,correlation_60pct,50.68810746270255,0.45,0.5005537111209001
448,accuracy_80pct,87.81368904301914,0.87,0.7874207070178048
448,accuracy_70pct,84.03103563643289,0.82,0.8402686384661624
448,accuracy_60pct,73.76304883190281,0.72,0.5529812562887304
448,correlation_70pct,55.551430328954325,0.5,0.5647788129911785
448,correlation_60pct,49.49911275900854,0.43,0.5306299341188776
449,accuracy_80pct,91.94801790791209,0.91,0.8856100886104576
449,accuracy_70pct,80.03204203954658,0.78,0.7193827525481865
449,accuracy_60pct,70.57573139565837,0.68,0.5118803607525995
449,correlation_70pct,58.09109413353128,0.52,0.611329387150849
449,correlation_60pct,56.686094686935135,0.51,0.5128833351066917
450,accuracy_80pct,88.0840241316345,0.87,0.8303262220587029
450,accuracy_70pct,80.76170693570126,0.79,0.7214895962050794
450,accuracy_60pct,71.3047253970172,0.69,0.5566561032630185
450,correlation_70pct,47.17511824993579,0.4,0.5107944439650682
450,correlation_60pct,50.82344273070918,0.45,0.47914222605866646
451,accuracy_80pct,86.75969415993384,0.85,0.8367807254283208
451,accuracy_70pct,81.76137147307335,0.8,0.6978369350709397
451,accuracy_60pct,73.30304812956763,0.71,0.4428684281537473
451,correlation_70pct,60.09042320827547,0.54,0.6828969473858233
451,correlation_60pct,55.2271003420237,0.49,0.5819659465689875
452,accuracy_80pct,84.03070018903497,0.82,0.8083395550723727
452,accuracy_70pct,77.84304735108255,0.75,0.7396421949411226
452,accuracy_60pct,76.43771245708848,0.74,0.63849128063421
452,correlation_70pct,48.904447683462564,0.42,0.49539160639054275
452,correlation_60pct,50.363777475771926,0.44,0.5052691613151682
453,accuracy_80pct,88.94801795360203,0.88,0.7976239975808346
453,accuracy_70pct,85.219694892729,0.84,0.7608341704970178
453,accuracy_60pct,73.4390542923701,0.71,0.6467036630708696
453,correlation_70pct,52.768106012342244,0.46,0.600668873231269
453,correlation_60pct,45.310453548402386,0.38,0.4756883827023858
454,accuracy_80pct,87.0843595942624,0.86,0.7817269428722571
454,accuracy_70pct,78.84304733585257,0.76,0.7955077502066852
454,accuracy_60pct,76.1683837106669,0.74,0.6601434687276866
454,correlation_70pct,61.54975300058483,0.56,0.6706857602350247
454,correlation_60pct,49.3637774910019,0.43,0.46323588286601214
455,accuracy_80pct,89.94868883316789,0.89,0.8538774485838678
455,accuracy_70pct,80.1670418601553,0.78,0.7647753869657138
455,accuracy_60pct,71.84506012684997,0.69,0.5921930945941761
455,correlation_70pct,62.874082972285464,0.58,0.6432156100569116
455,correlation_60pct,53.82243634282547,0.48,0.48428830396998046
456,accuracy_80pct,85.35503016073561,0.84,0.7668221997119252
456,accuracy_70pct,80.49103639968799,0.79,0.6100792659223344
456,accuracy_60pct,76.3030480838777,0.74,0.6164655429510421
456,correlation_70pct,50.76877693759805,0.44,0.5835862760288442
456,correlation_60pct,55.821765417569665,0.5,0.5874625745856226
457,accuracy_80pct,85.49002998134432,0.84,0.7839005677440319
457,accuracy_70pct,78.57271224723723,0.76,0.7359392403225129
457,accuracy_60pct,72.43905430760009,0.7,0.4959671705398187
457,correlation_70pct,53.687436522216764,0.48,0.5467114443168846
457,correlation_60pct,49.90411222083466,0.43,0.5365234796854466
458,accuracy_80pct,86.48902362392059,0.85,0.7575145569074987
458,accuracy_70pct,85.03070017380499,0.83,0.862747818977957
458,accuracy_60pct,71.3047253970172,0.69,0.48038570275894504
458,correlation_70pct,57.68609467170515,0.52,0.5465506583550516
458,correlation_60pct,52.768106012342244,0.46,0.5922097664202293
459,accuracy_80pct,86.94935977365368,0.86,0.7694636348378896
459,accuracy_70pct,81.35670745864515,0.8,0.6875538191068891
459,accuracy_60pct,74.70871847095962,0.72,0.6382641337444458
459,correlation_70pct,62.54941753795693,0.57,0.7120506549960747
459,correlation_60pct,53.82243634282546,0.48,0.4900994541534562
460,accuracy_80pct,85.94969523628158,0.85,0.716736669929191
460,accuracy_70pct,79.16771277018111,0.77,0.7313402722074387
460,accuracy_60pct,76.16737736847314,0.74,0.5225793714035905
460,correlation_70pct,65.73807676379306,0.61,0.7004608353706301
460,correlation_60pct,51.82310726808128,0.46,0.4092063861576284
461,accuracy_80pct,88.81335358039125,0.88,0.8050050189249581
461,accuracy_70pct,81.35570111645137,0.8,0.651110567159245
461,accuracy_60pct,71.16838378681682,0.69,0.44529722798567906
461,correlation_70pct,47.904783146090466,0.41,0.5139168379328195
461,correlation_60pct,50.17411186205209,0.43,0.5987912023288788
462,accuracy_80pct,87.9493597584237,0.87,0.8041343113903481
462,accuracy_70pct,81.43637059134689,0.79,0.7541336366164437
462,accuracy_60pct,76.1683837106669,0.74,0.6256598204471687
462,correlation_70pct,51.768441474970146,0.45,0.5858033297439262
462,correlation_60pct,49.09377784978448,0.43,0.3753426269242072
463,accuracy_80pct,87.75935869730594,0.86,0.8401198833866758
463,accuracy_70pct,79.35637204170719,0.78,0.47621463563502986
463,accuracy_60pct,77.43804788925642,0.75,0.6208907585702393
463,correlation_70pct,62.54941753795692,0.57,0.6429495408261326
463,correlation_60pct,50.49877729638064,0.44,0.47760741241935584
464,accuracy_80pct,84.62570071197887,0.83,0.822578249699861
464,accuracy_70pct,81.03204202431661,0.79,0.7661356783161952
464,accuracy_60pct,74.30338356173557,0.72,0.5345500646336376
464,correlation_70pct,54.90243490769514,0.48,0.6707505447181139
464,correlation_60pct,46.5801177269919,0.39,0.4906777959643518
465,accuracy_80pct,91.54301844608597,0.91,0.869910743801653
465,accuracy_70pct,78.16737733801318,0.76,0.6887217110550053
465,accuracy_60pct,71.57472503823462,0.69,0.5702477445203324
465,correlation_70pct,58.955758850294664,0.53,0.6440666272254172
465,correlation_60pct,59.280424284623216,0.54,0.6143281732370389
466,accuracy_80pct,85.76036506995966,0.84,0.8225838092785646
466,accuracy_70pct,81.302041665534,0.79,0.7615800459459201
466,accuracy_60pct,72.9800599322287,0.7,0.612695559130806
466,correlation_70pct,62.819417179174344,0.57,0.7061827407756246
466,correlation_60pct,58.955758850294664,0.53,0.62691045190712
467,accuracy_80pct,90.08335320637869,0.89,0.8752961242342112
467,accuracy_70pct,80.49137184708592,0.79,0.7111433277866586
467,accuracy_60pct,76.43771245708848,0.74,0.6418114024461541
467,correlation_70pct,56.49676452061321,0.5,0.6599456679527512
467,correlation_60pct,56.55143031372434,0.51,0.5886885202868052
468,accuracy_80pct,88.94868884839788,0.88,0.7888280003815855
468,accuracy_70pct,77.89771314419367,0.76,0.6295533349836852
468,accuracy_60pct,71.30506084441512,0.69,0.5009144135111337
468,correlation_70pct,54.95710070080628,0.49,0.5624664797003922
468,correlation_60pct,59.28042428462321,0.54,0.580499310283205
469,accuracy_80pct,87.35402378808189,0.86,0.8124067121539407
469,accuracy_70pct,82.49103636922803,0.81,0.732634033655227
469,accuracy_60pct,73.70871848618961,0.71,0.602795053210311
469,correlation_70pct,60.685088283821436,0.55,0.6735798488096312
469,correlation_60pct,54.41710141837144,0.49,0.548512476838647
470,accuracy_80pct,86.35469469810772,0.85,0.796065730119718
470,accuracy_70pct,79.62637168292461,0.78,0.6365001849768243
470,accuracy_60pct,76.89637136983197,0.75,0.5535725506804763
470,correlation_70pct,48.03978296669918,0.41,0.5660443473626242
470,correlation_60pct,52.957771626062076,0.47,0.5670520037747219
471,accuracy_80pct,86.94935977365368,0.86,0.7694241145201508
471,accuracy_70pct,83.76070054781755,0.82,0.7853757714327397
471,accuracy_60pct,76.57338317249302,0.74,0.7183333227128077
471,correlation_70pct,53.497770908496925,0.47,0.5815073836388633
471,correlation_60pct,53.497770908496925,0.47,0.5873746921759737
472,accuracy_80pct,85.21969489272898,0.84,0.7149353314462003
472,accuracy_70pct,78.76204241355913,0.77,0.6410492137124497
472,accuracy_60pct,74.57371865035091,0.72,0.5963221335955542
472,correlation_70pct,54.63243526647773,0.48,0.5821144465211373
472,correlation_60pct,52.49810637112483,0.46,0.5424400727027804
473,accuracy_80pct,88.94835340099995,0.88,0.7924365904163522
473,accuracy_70pct,82.76137145784338,0.81,0.7448352124515878
473,accuracy_60pct,74.11438884281158,0.71,0.6576884161766896
473,correlation_70pct,47.17511824993579,0.4,0.5179181630518428
473,correlation_60pct,53.82243634282547,0.48,0.5290069705625978
474,accuracy_80pct,86.22003032489692,0.85,0.8084143805417672
474,accuracy_70pct,80.8970422037079,0.79,0.7308538054524935
474,accuracy_60pct,72.76338429453071,0.71,0.4454807407074494
474,correlation_70pct,62.00908280812417,0.57,0.6221860755759295
474,correlation_60pct,54.2274358046516,0.48,0.5449972805495936
475,accuracy_80pct,89.08335322160866,0.88,0.8048339757245249
475,accuracy_70pct,78.76271330835499,0.77,0.6654685489417167
475,accuracy_60pct,72.11472432066947,0.69,0.6301974350164984
475,correlation_70pct,62.414417717348215,0.57,0.6827975926654061
475,correlation_60pct,50.90377675820676,0.44,0.590496035060015
476,accuracy_80pct,86.35469469810772,0.85,0.7694307020361026
476,accuracy_70pct,82.89603583105418,0.81,0.7687454319192999
476,accuracy_60pct,78.1677127854111,0.76,0.6941542377743618
476,correlation_70pct,57.28109520987902,0.52,0.5509461516044595
476,correlation_60pct,55.41676595574353,0.5,0.5211868776411552
477,accuracy_80pct,86.81435995304497,0.86,0.741671035007071
477,accuracy_70pct,76.89737771202574,0.75,0.5907070242142037
477,accuracy_60pct,74.84438918636418,0.72,0.7023735310410013
477,correlation_70pct,55.09210052141499,0.49,0.6297315736131476
477,correlation_60pct,46.04011844455706,0.39,0.4806264266042527
478,accuracy_80pct,85.35536560813352,0.84,0.8232804445050381
478,accuracy_70pct,80.16637096535945,0.78,0.6943754031203897
478,accuracy_60pct,70.70972487407332,0.68,0.5279564375920774
478,correlation_70pct,51.63344165436144,0.45,0.5824329475761661
478,correlation_60pct,49.36411293839982,0.43,0.5139410215464585
479,accuracy_80pct,86.48969451871643,0.85,0.7806637276084092
479,accuracy_70pct,84.08469508735025,0.83,0.6744949086612876
479,accuracy_60pct,72.30506082918514,0.7,0.5011682329303829
479,correlation_70pct,54.362435625260304,0.48,0.5676660079256315
479,correlation_60pct,65.4677416751777,0.61,0.5932287528068251
480,accuracy_80pct,85.35536560813354,0.84,0.8164478237331354
480,accuracy_70pct,79.16771277018111,0.77,0.751795082398051
480,accuracy_60pct,70.03472577102976,0.68,0.46482476184202987
480,correlation_70pct,52.49810637112482,0.46,0.5748199497943958
480,correlation_60pct,53.822100895427546,0.48,0.524492974321458
481,accuracy_80pct,88.35435922024983,0.87,0.8764758286484269
481,accuracy_70pct,79.03204205477657,0.77,0.6458099549056127
481,accuracy_60pct,71.30472539701721,0.69,0.535095028468736
481,correlation_70pct,54.49743544586902,0.48,0.609145519299719
481,correlation_60pct,52.95743617866415,0.47,0.5386017451554436
482,accuracy_80pct,88.08368868423656,0.87,0.8057781262610927
482,accuracy_70pct,82.89603583105418,0.81,0.7925656327291156
482,accuracy_60pct,73.43871884497219,0.71,0.5893795726449738
482,correlation_70pct,52.768106012342244,0.46,0.6419488120466318
482,correlation_60pct,53.41710143360141,0.48,0.49550313288751163
483,accuracy_80pct,87.21969486226902,0.86,0.8123269130773395
483,accuracy_70pct,77.62737805557833,0.76,0.5934633727180588
483,accuracy_60pct,72.03506118796773,0.7,0.5407096638697091
483,correlation_70pct,58.68542376167932,0.53,0.5914187790163754
483,correlation_60pct,51.90344129557886,0.45,0.5638167255759263
484,accuracy_80pct,86.48969451871643,0.85,0.8377382711169943
484,accuracy_70pct,80.76204238309919,0.79,0.749457154902574
484,accuracy_60pct,74.70905391835755,0.72,0.6861291224775043
484,correlation_70pct,49.229113117791115,0.43,0.5133328954618246
484,correlation_60pct,48.41877874674093,0.43,0.42819582589453486
485,accuracy_80pct,88.8140244751871,0.88,0.8418888483978697
485,accuracy_70pct,83.62536527981092,0.82,0.711175364117173
485,accuracy_60pct,76.43804790448641,0.74,0.6204047154138898
485,correlation_70pct,48.57978224913402,0.41,0.5325779780769908
485,correlation_60pct,47.499783684264344,0.41,0.41471474238277717
486,accuracy_80pct,88.21868850484528,0.87,0.7866334632915446
486,accuracy_70pct,80.89637130891205,0.79,0.6671326012013139
486,accuracy_60pct,73.57338321818298,0.71,0.5248591983544336
486,correlation_70pct,48.76944786285386,0.42,0.5130002760133594
486,correlation_60pct,50.76877693759805,0.44,0.5034412690236132
487,accuracy_80pct,85.94969523628158,0.85,0.7522463260985325
487,accuracy_70pct,81.49137183185594,0.8,0.7253871817043666
487,accuracy_60pct,75.84405372373628,0.73,0.7321148396521293
487,correlation_70pct,53.36277108788821,0.47,0.611255719084828
487,correlation_60pct,49.49877731161062,0.43,0.48129191437626984
488,accuracy_80pct,88.21902395224319,0.87,0.8259751537327011
488,accuracy_70pct,82.3557011012214,0.81,0.6604752192312439
488,accuracy_60pct,78.49204277234173,0.77,0.5992406381684282
488,correlation_70pct,61.54975300058483,0.56,0.6583447469449492
488,correlation_60pct,57.55109485109644,0.52,0.5872342750259683
489,accuracy_80pct,86.94902432625577,0.86,0.7248683644655705
489,accuracy_70pct,85.76002962256175,0.84,0.8167917651983653
489,accuracy_60pct,78.03237751740447,0.76,0.6433335768381677
489,correlation_70pct,59.28042428462321,0.54,0.6053206453318705
489,correlation_60pct,51.90344129557886,0.45,0.5416085578173783
490,accuracy_80pct,89.8136890125592,0.89,0.8156768668050175
490,accuracy_70pct,78.03237751740447,0.76,0.588501994872416
490,accuracy_60pct,72.97938903743285,0.7,0.5442228745883014
490,correlation_70pct,58.14575992664241,0.53,0.552432979166274
490,correlation_60pct,49.49911275900854,0.43,0.4504248616887967
491,accuracy_80pct,86.62502978672305,0.85,0.8365554624269111
491,accuracy_70pct,82.62536529504092,0.81,0.6821110531793355
491,accuracy_60pct,77.4377124418585,0.75,0.6736097245411843
491,correlation_70pct,54.36243562526031,0.48,0.6393856220605028
491,correlation_60pct,47.03978298192916,0.4,0.46516955290704387
492,accuracy_80pct,87.81402449041708,0.87,0.7604665313791975
492,accuracy_70pct,78.16737733801317,0.76,0.6084361464022293
492,accuracy_60pct,79.89704221893787,0.78,0.7080064521311092
492,correlation_70pct,53.902770370323054,0.47,0.6394959395163371
492,correlation_60pct,67.46740619731983,0.63,0.7096511412687514
493,accuracy_80pct,84.35503017596561,0.83,0.7330602131894239
493,accuracy_70pct,77.168048248039,0.75,0.6364336801536468
493,accuracy_60pct,74.57338320295298,0.72,0.5849603364366106
493,correlation_70pct,56.09176505878708,0.5,0.5269158426940262
493,correlation_60pct,56.09176505878708,0.5,0.6812806764273835
494,accuracy_80pct,88.5430184917759,0.88,0.7724180867035304
494,accuracy_70pct,81.62603620506673,0.8,0.7559867065076571
494,accuracy_60pct,76.1683837106669,0.74,0.7154074658398945
494,correlation_70pct,45.90545407134627,0.39,0.5559905430505999
494,correlation_60pct,48.634112594847224,0.42,0.5611375704617075
495,accuracy_80pct,91.08301774375079,0.9,0.8660977965135921
495,accuracy_70pct,80.6260362202967,0.79,0.6375806203459742
495,accuracy_60pct,74.43804793494637,0.72,0.5297226088886975
495,correlation_70pct,58.550759388468535,0.53,0.5437535871177593
495,correlation_60pct,50.36377747577191,0.44,0.442881089361219
496,accuracy_80pct,88.94868884839786,0.88,0.8411181381380184
496,accuracy_70pct,80.302041680764,0.78,0.7722005127768495
496,accuracy_60pct,70.76472611458236,0.69,0.4944287332927929
496,correlation_70pct,60.469754435715146,0.56,0.595370744683413
496,correlation_60pct,44.44612427903692,0.37,0.5437043812131864
497,accuracy_80pct,87.67902466980836,0.87,0.7629131149041396
497,accuracy_70pct,81.49170727925386,0.8,0.7341401321207683
497,accuracy_60pct,72.57506047040258,0.7,0.648382046182215
497,correlation_70pct,46.175453712563694,0.39,0.5461581327201942
497,correlation_60pct,48.634448042245154,0.42,0.5367326899353552
498,accuracy_80pct,89.67835374455255,0.89,0.8006919816085855
498,accuracy_70pct,84.35536562336351,0.83,0.752701405999599
498,accuracy_60pct,78.16737733801317,0.76,0.6483088783181352
498,correlation_70pct,54.36243562526031,0.48,0.608443165231119
498,correlation_60pct,54.687101059588855,0.49,0.5248347490388409
499,accuracy_80pct,89.21902393701322,0.88,0.8494240437015632
499,accuracy_70pct,82.16670638229742,0.8,0.8055567736590701
499,accuracy_60pct,76.57304772509511,0.74,0.662110877129676
499,correlation_70pct,61.279753359367405,0.56,0.6612469880810339
499,correlation_60pct,44.90578953397418,0.38,0.39392485680902484
500,accuracy_80pct,88.21902395224319,0.87,0.8181239681778755
500,accuracy_70pct,83.62603617460677,0.82,0.7875705982240525
500,accuracy_60pct,74.84405373896625,0.72,0.6875742091001193
500,correlation_70pct,58.361093774748696,0.52,0.6828573320970529
500,correlation_60pct,51.49844183375273,0.45,0.572566321525684
501,accuracy_80pct,85.62502980195303,0.84,0.7797450157213478
501,accuracy_70pct,80.30170623336609,0.78,0.7303825321025648
501,accuracy_60pct,78.5723767998393,0.76,0.692251098755808
501,correlation_70pct,65.33307730196692,0.61,0.6188541152540368
501,correlation_60pct,45.63478353533301,0.39,0.3865774722325196
502,accuracy_80pct,91.81268263990546,0.91,0.8725867782327641
502,accuracy_70pct,82.08536601260604,0.81,0.6544387304023501
502,accuracy_60pct,75.16905462069272,0.73,0.6892601905872647
502,correlation_70pct,49.03911205667336,0.42,0.495083507642039
502,correlation_60pct,50.363777475771926,0.44,0.5125717246608614
503,accuracy_80pct,88.21935939964112,0.87,0.8592357921614836
503,accuracy_70pct,81.76170692047128,0.8,0.6767521716872934
503,accuracy_60pct,73.43905429237012,0.71,0.49975303094267504
503,correlation_70pct,58.82075902968596,0.53,0.6166816339535772
503,correlation_60pct,53.76777054971434,0.47,0.49010523703981185
504,accuracy_80pct,84.49036544397224,0.83,0.7983294753846653
504,accuracy_70pct,76.57371861989095,0.74,0.687835896975583
504,accuracy_60pct,74.43771248754844,0.72,0.5521222859402294
504,correlation_70pct,56.49676452061322,0.5,0.6126893436034799
504,correlation_60pct,49.903776773436746,0.43,0.5311873926755677
505,accuracy_80pct,86.62469433932513,0.85,0.8260542501836938
505,accuracy_70pct,77.62737805557833,0.76,0.613417528841325
505,accuracy_60pct,74.43905427714013,0.72,0.633679849965737
505,correlation_70pct,57.63142887859402,0.51,0.7322952106999882
505,correlation_60pct,50.768776937598055,0.44,0.557205480977972
506,accuracy_80pct,84.2203658027548,0.83,0.738697065125742
506,accuracy_70pct,83.22036581798477,0.82,0.710658758085039
506,accuracy_60pct,70.44006068025382,0.68,0.4843025754874459
506,correlation_70pct,55.68676559696095,0.5,0.5941305810609522
506,correlation_60pct,47.63478350487305,0.41,0.43069727414784065
507,accuracy_80pct,87.35435923547982,0.86,0.8461052131733636
507,accuracy_70pct,81.0320420243166,0.79,0.7755330006469021
507,accuracy_60pct,75.43804791971638,0.73,0.6024675739958812
507,correlation_70pct,57.68609467170515,0.52,0.6129402285481408
507,correlation_60pct,51.95777164129206,0.46,0.4953528733293004
508,accuracy_80pct,82.35637199601726,0.81,0.7051585457367878
508,accuracy_70pct,78.76103607136538,0.77,0.5858672367484259
508,accuracy_60pct,71.57405414343879,0.69,0.5218770708005819
508,correlation_70pct,59.82042356705805,0.54,0.6878270049499613
508,correlation_60pct,47.04011842932708,0.4,0.5387739523326359
509,accuracy_80pct,87.08402414686446,0.86,0.770286315054493
509,accuracy_70pct,81.76137147307335,0.8,0.7572032684856879
509,accuracy_60pct,74.03371936791608,0.72,0.5835022677933728
509,correlation_70pct,53.95743616343418,0.48,0.5594165323387619
509,correlation_60pct,56.09142961138916,0.5,0.6385698055376402
510,accuracy_80pct,88.35435922024983,0.87,0.831930114391431
510,accuracy_70pct,83.89603581582419,0.82,0.8208900220743702
510,accuracy_60pct,73.43938973976803,0.71,0.5195542946600913
510,correlation_70pct,52.76777056494432,0.46,0.5021233391311296
510,correlation_60pct,55.76709962445854,0.49,0.6158045666212906
511,accuracy_80pct,89.08402411640452,0.88,0.8232085482714585
511,accuracy_70pct,76.03237754786443,0.74,0.5629668592554751
511,accuracy_60pct,73.70804759139376,0.71,0.55738045461528
511,correlation_70pct,62.00941825552208,0.57,0.6715892763352663
511,correlation_60pct,48.3641129536298,0.42,0.3768784706130394
512,accuracy_80pct,87.9493597584237,0.87,0.8128025115157961
512,accuracy_70pct,79.43737696400062,0.77,0.7511451028678995
512,accuracy_60pct,71.57506048563255,0.69,0.5989154376633462
512,correlation_70pct,57.55109485109644,0.52,0.5390177455859828
512,correlation_60pct,52.768106012342244,0.46,0.6160651162604728
513,accuracy_80pct,88.21868850484528,0.87,0.8308340398691076
513,accuracy_70pct,76.57338317249302,0.74,0.6847838262558171
513,accuracy_60pct,73.84405375419624,0.71,0.6861884287837983
513,correlation_70pct,61.549417553186906,0.56,0.676612033821535
513,correlation_60pct,49.76911240022596,0.43,0.4703384997082236
514,accuracy_80pct,88.75935868207596,0.87,0.8861438790395876
514,accuracy_70pct,78.8977131289637,0.77,0.7247146845087898
514,accuracy_60pct,76.30271263647977,0.74,0.5777882115467389
514,correlation_70pct,61.27975335936741,0.56,0.6394779256979218
514,correlation_60pct,51.363106565746094,0.45,0.5183888004333511
515,accuracy_80pct,83.49070090660013,0.82,0.751399006721863
515,accuracy_70pct,78.89637133937202,0.77,0.5798962253035616
515,accuracy_60pct,76.3030480838777,0.74,0.6470346622266488
515,correlation_70pct,51.768441474970146,0.45,0.5873675675151189
515,correlation_60pct,49.95810711914994,0.44,0.33608072559471636
516,accuracy_80pct,88.35402377285192,0.87,0.8473604413106997
516,accuracy_70pct,81.62603620506673,0.8,0.7090425264285166
516,accuracy_60pct,74.57438954514676,0.72,0.6834976531076333
516,correlation_70pct,58.550759388468535,0.53,0.6374065785928483
516,correlation_60pct,52.0931069092987,0.46,0.5060929000045644
517,accuracy_80pct,84.81402453610701,0.84,0.6792549191047054
517,accuracy_70pct,79.22237856329225,0.78,0.6627381059246025
517,accuracy_60pct,77.03304842743029,0.75,0.6689870068724685
517,correlation_70pct,49.768776952828034,0.43,0.5117987775752632
517,correlation_60pct,56.55143031372435,0.51,0.5670564366893501
518,accuracy_80pct,83.22003037058687,0.82,0.7111018793768002
518,accuracy_70pct,80.22070131107266,0.79,0.5835989876993382
518,accuracy_60pct,70.84539558947787,0.68,0.6415018149210763
518,correlation_70pct,58.0107601060337,0.53,0.622407465026014
518,correlation_60pct,47.09411332764236,0.41,0.4864536043376476
519,accuracy_80pct,88.0840241316345,0.87,0.822391762422785
519,accuracy_70pct,84.49070089137015,0.83,0.7989727260263225
519,accuracy_60pct,72.57438957560672,0.7,0.5309564787531175
519,correlation_70pct,62.1444180761308,0.57,0.6311131969602163
519,correlation_60pct,51.363442013144024,0.45,0.49322953552764315
520,accuracy_80pct,88.21935939964112,0.87,0.8588976656700306
520,accuracy_70pct,80.2213722058685,0.79,0.5290049854989167
520,accuracy_60pct,70.57539594826046,0.68,0.507909404746835
520,correlation_70pct,63.2790824341116,0.58,0.6594849496199862
520,correlation_60pct,44.71612392025434,0.37,0.5020884209816402
521,accuracy_80pct,88.9490242957958,0.88,0.8361354018000592
521,accuracy_70pct,79.89670677153994,0.78,0.683053597074796
521,accuracy_60pct,73.62871990608994,0.72,0.5124716454959155
521,correlation_70pct,56.82142995494176,0.51,0.5706302258536075
521,correlation_60pct,50.49844184898271,0.44,0.5326165974222502
522,accuracy_80pct,89.94835338576998,0.89,0.8176126350107439
522,accuracy_70pct,79.43737696400063,0.77,0.7586238484756583
522,accuracy_60pct,71.57405414343879,0.69,0.5493416189251618
522,correlation_70pct,53.95743616343418,0.48,0.6078930416145532
522,correlation_60pct,51.49844183375272,0.45,0.5052669277327839
523,accuracy_80pct,87.54368940180173,0.87,0.7443686747950101
523,accuracy_70pct,83.76103599521548,0.82,0.81881864245528
523,accuracy_60pct,74.16838374112686,0.72,0.5262031474042037
523,correlation_70pct,58.550759388468535,0.53,0.601530230099983
523,correlation_60pct,49.95810711914994,0.44,0.43679764651572217
524,accuracy_80pct,86.22003032489692,0.85,0.7584818284116159
524,accuracy_70pct,81.62637165246466,0.8,0.6684942794468131
524,accuracy_60pct,73.89771320511359,0.72,0.47158752431081713
524,correlation_70pct,63.2790824341116,0.58,0.6236526499057183
524,correlation_60pct,54.36243562526032,0.48,0.5365591095385439
525,accuracy_80pct,88.21935939964112,0.87,0.8422617737110708
525,accuracy_70pct,82.4903654744322,0.81,0.646570086081492
525,accuracy_60pct,76.76237789141702,0.75,0.5934518166607943
525,correlation_70pct,59.95542338766676,0.54,0.6685392387590546
525,correlation_60pct,49.958778013945796,0.44,0.39691273335285576
526,accuracy_80pct,86.94902432625577,0.86,0.7419379661961244
526,accuracy_70pct,81.49137183185594,0.8,0.6932984165680908
526,accuracy_60pct,77.84304735108255,0.75,0.7135377968693647
526,correlation_70pct,60.68508828382144,0.55,0.6494312965668385
526,correlation_60pct,54.092435984042886,0.48,0.534926238128264
527,accuracy_80pct,84.49036544397224,0.83,0.7419629328456654
527,accuracy_70pct,85.35536560813355,0.84,0.7482390709400993
527,accuracy_60pct,74.16838374112686,0.72,0.5297437734821375
527,correlation_70pct,53.17310547416837,0.46,0.5944839974805064
527,correlation_60pct,52.63310619173353,0.46,0.5641442920433806
528,accuracy_80pct,85.62536524935096,0.84,0.843974211217021
528,accuracy_70pct,85.22036578752483,0.84,0.7961385605957428
528,accuracy_60pct,75.76271335404493,0.74,0.61108350826814
528,correlation_70pct,58.82042358228803,0.53,0.6820451714632566
528,correlation_60pct,56.09176505878708,0.5,0.6393439558675155
529,accuracy_80pct,84.35469472856768,0.83,0.681987722729121
529,accuracy_70pct,82.76103601044545,0.81,0.7574935692829299
529,accuracy_60pct,77.16804824803899,0.75,0.6221392437899953
529,correlation_70pct,55.956429790780454,0.5,0.5934500407718476
529,correlation_60pct,50.95810710391997,0.45,0.4140700876721067
530,accuracy_80pct,85.35536560813354,0.84,0.7853698169028183
530,accuracy_70pct,79.70771205261596,0.77,0.8191107788679596
530,accuracy_60pct,71.16905468161265,0.69,0.4803852688890832
530,correlation_70pct,54.09243598404289,0.48,0.5761365115497247
530,correlation_60pct,46.90444771392253,0.4,0.4705635142401469
531,accuracy_80pct,90.0836886537766,0.89,0.8689369110743533
531,accuracy_70pct,80.8970422037079,0.79,0.7595062170389424
531,accuracy_60pct,72.25005958867611,0.69,0.6762334076447861
531,correlation_70pct,60.01008918077789,0.55,0.5789040403032333
531,correlation_60pct,61.3340837050806,0.57,0.4763278490970158
532,accuracy_80pct,86.219694877499,0.85,0.7791981080956611
532,accuracy_70pct,77.76204242878913,0.76,0.5699391710145825
532,accuracy_60pct,71.84539557424789,0.69,0.5542381586007243
532,correlation_70pct,61.73941861430466,0.57,0.5390102953414051
532,correlation_60pct,58.68575920907724,0.53,0.560909981366983
533,accuracy_80pct,87.08335325206862,0.86,0.6900727953063337
533,accuracy_70pct,81.35637201124723,0.8,0.6371260492518409
533,accuracy_60pct,74.3037190091335,0.72,0.5165549112420887
533,correlation_70pct,59.22575849151208,0.53,0.6546108250475985
533,correlation_60pct,56.82109450754384,0.51,0.5341058346742312
534,accuracy_80pct,88.81335358039124,0.88,0.7787685126279277
534,accuracy_70pct,82.76070056304754,0.81,0.7424247942187618
534,accuracy_60pct,73.57371866558091,0.71,0.5658064830125393
534,correlation_70pct,48.03978296669918,0.41,0.6240557872657378
534,correlation_60pct,46.82444913382286,0.41,0.3690085799992484
535,accuracy_80pct,86.48969451871642,0.85,0.799760559205443
535,accuracy_70pct,85.22036578752483,0.84,0.78274352018622
535,accuracy_60pct,78.89704223416786,0.77,0.6326903609654991
535,correlation_70pct,52.82277180545337,0.47,0.46494754177194236
535,correlation_60pct,50.82310728331126,0.45,0.424250627241972
536,accuracy_80pct,84.22036580275481,0.83,0.7111256948902875
536,accuracy_70pct,76.84304736631253,0.74,0.7010791970877498
536,accuracy_60pct,75.30371899390352,0.73,0.5838493917230697
536,correlation_70pct,49.634112579617245,0.43,0.5452870567640907
536,correlation_60pct,52.63310619173353,0.46,0.5764919067889914
537,accuracy_80pct,89.67801829715464,0.89,0.7580511843317047
537,accuracy_70pct,80.03237748694451,0.78,0.7220636512577016
537,accuracy_60pct,69.1160661559511,0.66,0.5753795847638286
537,correlation_70pct,54.362435625260304,0.48,0.5816509161232917
537,correlation_60pct,47.76944787808384,0.41,0.4681927270329969
538,accuracy_80pct,86.8133536108512,0.86,0.6949679264383644
538,accuracy_70pct,80.35570113168136,0.79,0.6174662422537142
538,accuracy_60pct,74.43905427714013,0.72,0.6306195353572539
538,correlation_70pct,53.497435461099,0.47,0.5722485750826432
538,correlation_60pct,50.822771835913336,0.45,0.4543679817203389
539,accuracy_80pct,86.49002996611435,0.85,0.8340998718467668
539,accuracy_70pct,78.3023771586219,0.76,0.7039619522167367
539,accuracy_60pct,74.7083830235617,0.72,0.6242481524319904
539,correlation_70pct,55.36210016263241,0.49,0.6438934482751918
539,correlation_60pct,56.956429775550475,0.51,0.6615621610234209
540,accuracy_80pct,89.08368866900659,0.88,0.8092835835761168
540,accuracy_70pct,86.08469505689028,0.85,0.7530062037229377
540,accuracy_60pct,74.84371829156834,0.72,0.6095461267064983
540,correlation_70pct,65.73807676379306,0.61,0.6966233006848165
540,correlation_60pct,54.09210053664496,0.48,0.5254459261349852
541,accuracy_80pct,86.81368905824912,0.86,0.7044239517381702
541,accuracy_70pct,82.62570074243882,0.81,0.7000116896178211
541,accuracy_60pct,70.30438996484925,0.68,0.44057567700551153
541,correlation_70pct,51.633441654361434,0.45,0.533613028834446
541,correlation_60pct,53.497770908496925,0.47,0.5590558864723713
542,accuracy_80pct,86.08435960949237,0.85,0.7485534863305404
542,accuracy_70pct,79.43737696400062,0.77,0.7495678512951455
542,accuracy_60pct,75.38405302140109,0.72,0.7482641213148975
542,correlation_70pct,60.60475425632386,0.56,0.5898896559140325
542,correlation_60pct,49.63411257961724,0.43,0.47878760952508076
543,accuracy_80pct,89.0840241164045,0.88,0.8512452634855715
543,accuracy_70pct,82.49137181662596,0.81,0.7623616478366453
543,accuracy_60pct,72.70972484361334,0.7,0.6091873528438316
543,correlation_70pct,59.82042356705806,0.54,0.6441231784144431
543,correlation_60pct,55.41676595574353,0.5,0.5540413416801935
544,accuracy_80pct,86.35469469810772,0.85,0.7551543551897157
544,accuracy_70pct,78.30271260601981,0.76,0.6749600805587647
544,accuracy_60pct,84.62536526458094,0.83,0.7965811128042368
544,correlation_70pct,60.14508900138661,0.55,0.6058986442823862
544,correlation_60pct,57.145759941872385,0.52,0.5003334656473947
545,accuracy_80pct,89.2186884896153,0.88,0.8519543860726785
545,accuracy_70pct,79.7610360561354,0.78,0.6363941695919173
545,accuracy_60pct,72.35804938530666,0.71,0.4161941582366105
545,correlation_70pct,52.49810637112483,0.46,0.6133045972343372
545,correlation_60pct,51.68810744747256,0.46,0.5047692259668345
546,accuracy_80pct,88.9476825062041,0.88,0.783247116156132
546,accuracy_70pct,77.89737769679576,0.76,0.6411642710519492
546,accuracy_60pct,73.5737186655809,0.71,0.6048240676433023
546,correlation_70pct,54.49743544586902,0.48,0.6366840823015456
546,correlation_60pct,48.95877802917577,0.43,0.4791775443676603
547,accuracy_80pct,87.67902466980837,0.87,0.7727504973226567
547,accuracy_70pct,84.2200303553569,0.83,0.6988487233070731
547,accuracy_60pct,76.89771315942367,0.75,0.6192643221068925
547,correlation_70pct,60.145089001386594,0.55,0.6057563142844332
547,correlation_60pct,40.717130323368025,0.33,0.35814559500193727
548,accuracy_80pct,84.76036508518965,0.83,0.8051123374403933
548,accuracy_70pct,78.62737804034836,0.77,0.629331308298952
548,accuracy_60pct,74.89838408467945,0.73,0.5110739902002351
548,correlation_70pct,66.60274148055643,0.62,0.7082498160829015
548,correlation_60pct,62.46908351045934,0.58,0.6119760507164171
549,accuracy_80pct,88.8140244751871,0.88,0.7995303143962036
549,accuracy_70pct,79.76204239832917,0.78,0.6775464771299029
549,accuracy_60pct,73.11472430543948,0.7,0.641139337733065
549,correlation_70pct,55.092100521414984,0.49,0.5982852061894799
549,correlation_60pct,48.6337771474493,0.42,0.390034418362719
550,accuracy_80pct,88.81335358039125,0.88,0.7760203405324501
550,accuracy_70pct,80.76137148830334,0.79,0.6663594345935722
550,accuracy_60pct,74.43871882974221,0.72,0.6112568256418586
550,correlation_70pct,59.68542374644934,0.54,0.6214343963518961
550,correlation_60pct,54.362435625260304,0.48,0.6318903145691138
551,accuracy_80pct,89.81268267036542,0.89,0.7501431172279233
551,accuracy_70pct,80.76170693570126,0.79,0.6905530889043638
551,accuracy_60pct,71.11505978329737,0.68,0.4901929213102867
551,correlation_70pct,61.684752821193534,0.56,0.6600638640470089
551,correlation_60pct,46.90478316132045,0.4,0.442611376779515
552,accuracy_80pct,90.48868811560274,0.89,0.9163958159781412
552,accuracy_70pct,82.49103636922803,0.81,0.7074318047486098
552,accuracy_60pct,75.11371793278576,0.72,0.6972779539785826
552,correlation_70pct,60.01008918077789,0.55,0.5964809899894353
552,correlation_60pct,47.44511789115322,0.4,0.5542477289033928
553,accuracy_80pct,87.81335359562122,0.87,0.7847099271676631
553,accuracy_70pct,80.491036399688,0.79,0.6603548275879354
553,accuracy_60pct,74.30338356173559,0.72,0.6642003338009006
553,correlation_70pct,55.82176541756966,0.5,0.6390811323627199
553,correlation_60pct,32.990149113006595,0.25,0.31580498462580375
554,accuracy_80pct,87.81368904301914,0.87,0.7645612445714326
554,accuracy_70pct,79.16704187538528,0.77,0.7100946085333258
554,accuracy_60pct,74.89838408467946,0.73,0.5723880291266654
554,correlation_70pct,53.22743581988158,0.47,0.5517913063826946
554,correlation_60pct,48.17478278730789,0.41,0.5558960273162563
555,accuracy_80pct,87.48969450348645,0.86,0.8448341498282641
555,accuracy_70pct,80.43704150137272,0.78,0.724991783245158
555,accuracy_60pct,75.16838372589689,0.73,0.5192271805283797
555,correlation_70pct,60.685088283821436,0.55,0.6285210192192917
555,correlation_60pct,47.6341126100772,0.41,0.43041720681498297
556,accuracy_80pct,83.81503089353076,0.83,0.6513699176617563
556,accuracy_70pct,85.62435890715719,0.84,0.7655512626064842
556,accuracy_60pct,73.16939009855061,0.71,0.5954389912010333
556,correlation_70pct,47.36478386365563,0.41,0.44374191057653906
556,correlation_60pct,45.500119162122225,0.39,0.46410470234043655
557,accuracy_80pct,88.35435922024983,0.87,0.8728067266360462
557,accuracy_70pct,86.62502978672305,0.85,0.8565546135332467
557,accuracy_60pct,72.76405518932656,0.71,0.5088515565594336
557,correlation_70pct,59.22575849151208,0.53,0.6821672327325687
557,correlation_60pct,43.446459741664825,0.36,0.4365837883322463
558,accuracy_80pct,89.94835338576998,0.89,0.8181913449142799
558,accuracy_70pct,79.8973776663358,0.78,0.7386716136551766
558,accuracy_60pct,72.70871850141958,0.7,0.5647000667325005
558,correlation_70pct,54.95710070080628,0.49,0.5895219549338355
558,correlation_60pct,43.906124996602074,0.37,0.3025785340261337
559,accuracy_80pct,85.81435996827496,0.85,0.6688147874388378
559,accuracy_70pct,80.49170729448383,0.79,0.6012544006970992
559,accuracy_60pct,77.89771314419367,0.76,0.6130178591994734
559,correlation_70pct,62.14441807613079,0.57,0.6013159455924272
559,correlation_60pct,53.282101612992705,0.48,0.3956953837632957
560,accuracy_80pct,89.81301811776335,0.89,0.7865468605171252
560,accuracy_70pct,77.03271298003237,0.75,0.6059212205226467
560,accuracy_60pct,76.1683837106669,0.74,0.6279177893878699
560,correlation_70pct,63.2790824341116,0.58,0.6811928506824142
560,correlation_60pct,51.30877622003288,0.44,0.6873880279948206
561,accuracy_80pct,89.21902393701322,0.88,0.861348012029895
561,accuracy_70pct,81.76070057827751,0.8,0.6759831460674157
561,accuracy_60pct,80.03137114475074,0.78,0.6527359497429274
561,correlation_70pct,59.82042356705805,0.54,0.6663892051672049
561,correlation_60pct,53.82243634282547,0.48,0.4402176841114826
562,accuracy_80pct,88.08435957903241,0.87,0.8133410150908122
562,accuracy_70pct,79.89704221893786,0.78,0.7040142747871199
562,accuracy_60pct,81.76103602567544,0.8,0.6786784184150154
562,correlation_70pct,56.091765058787075,0.5,0.6215083655551381
562,correlation_60pct,53.68743652221676,0.48,0.45994761159627473
563,accuracy_80pct,87.0843595942624,0.86,0.8005148616416551
563,accuracy_70pct,77.62771350297625,0.76,0.6626583935011912
563,accuracy_60pct,80.76204238309917,0.79,0.7622333945477724
563,correlation_70pct,58.550759388468535,0.53,0.6525967417533263
563,correlation_60pct,49.4987773116106,0.43,0.5019136515678496
564,accuracy_80pct,88.08435957903242,0.87,0.8541016522201864
564,accuracy_70pct,79.49103641491797,0.78,0.6106012230206187
564,accuracy_60pct,75.16838372589689,0.73,0.6013772956594037
564,correlation_70pct,55.82142997017174,0.5,0.5944675565489179
564,correlation_60pct,47.90444769869255,0.41,0.4214587638499552
565,accuracy_80pct,83.62536527981092,0.82,0.7897457429928872
565,accuracy_70pct,80.35603657907929,0.79,0.6708551322522116
565,accuracy_60pct,74.57338320295298,0.72,0.6473789009844321
565,correlation_70pct,47.17511824993579,0.4,0.588230045263464
565,correlation_60pct,43.90578954920416,0.37,0.4752651644549052
566,accuracy_80pct,88.2190239522432,0.87,0.8435100321054196
566,accuracy_70pct,79.70737660521804,0.77,0.7858202092641615
566,accuracy_60pct,71.84472467945204,0.69,0.6319393797335205
566,correlation_70pct,51.63344165436144,0.45,0.5371720077811647
566,correlation_60pct,42.58145957750352,0.35,0.3821325304249581
567,accuracy_80pct,85.4896945339464,0.84,0.7896258787540907
567,accuracy_70pct,75.762377906647,0.74,0.5687487418167795
567,accuracy_60pct,75.62771353343622,0.74,0.5457559612622339
567,correlation_70pct,52.49810637112483,0.46,0.6426139458968481
567,correlation_60pct,56.416430493115634,0.51,0.5806689747984471
568,accuracy_80pct,89.08335322160866,0.88,0.8190400845683049
568,accuracy_70pct,81.76103602567544,0.8,0.7099445180554681
568,accuracy_60pct,77.43804788925642,0.75,0.6638696561825239
568,correlation_70pct,62.14441807613079,0.57,0.6767156089950735
568,correlation_60pct,42.90578956443414,0.36,0.4006343494391549
569,accuracy_80pct,88.21868850484528,0.87,0.8269006914319537
569,accuracy_70pct,81.16670639752739,0.79,0.7778979978605456
569,accuracy_60pct,72.97938903743285,0.7,0.6517239750531126
569,correlation_70pct,60.95508792503885,0.55,0.749360813107239
569,correlation_60pct,50.36377747577192,0.44,0.5236920073537396
570,accuracy_80pct,85.62536524935096,0.84,0.8462641117805565
570,accuracy_70pct,81.95070163939528,0.81,0.6402622359092399
570,accuracy_60pct,81.03137112952076,0.79,0.7127182019531887
570,correlation_70pct,56.55143031372434,0.51,0.5936675877625226
570,correlation_60pct,42.58145957750351,0.35,0.43928502422575627
571,accuracy_80pct,86.35469469810772,0.85,0.7669084998257705
571,accuracy_70pct,80.0320420395466,0.78,0.6710875835042107
571,accuracy_60pct,77.43771244185851,0.75,0.6575034058095119
571,correlation_70pct,55.821765417569665,0.5,0.521380677914867
571,correlation_60pct,51.90344129557886,0.45,0.589884771452645
572,accuracy_80pct,89.35402375762192,0.88,0.8946931460274371
572,accuracy_70pct,80.5717058745835,0.78,0.7658731064753821
572,accuracy_60pct,78.5723767998393,0.76,0.7150385748301585
572,correlation_70pct,55.55143032895432,0.5,0.5340849479863263
572,correlation_60pct,47.49978368426434,0.41,0.5124709304553635
573,accuracy_80pct,86.81368905824912,0.86,0.7599128084166863
573,accuracy_70pct,77.89771314419367,0.76,0.6799858638947529
573,accuracy_60pct,73.30371902436347,0.71,0.5766211739185593
573,correlation_70pct,58.550759388468535,0.53,0.6645333707327467
573,correlation_60pct,49.63411257961725,0.43,0.5916941274620352
574,accuracy_80pct,86.75969415993386,0.85,0.8404031716608797
574,accuracy_70pct,81.3017062181361,0.79,0.8001456252577166
574,accuracy_60pct,70.43972523285589,0.68,0.5311889036838539
574,correlation_70pct,56.09176505878709,0.5,0.5855333012247284
574,correlation_60pct,55.226764894625774,0.49,0.5228769523518282
575,accuracy_80pct,88.94868884839786,0.88,0.7878139187427666
575,accuracy_70pct,80.62670711509256,0.79,0.7007648516456448
575,accuracy_60pct,76.30338353127561,0.74,0.6597762160719515
575,correlation_70pct,55.09210052141499,0.49,0.5971727635216162
575,correlation_60pct,52.95743617866415,0.47,0.4895762689735575
576,accuracy_80pct,88.08435957903242,0.87,0.8345837628090065
576,accuracy_70pct,78.4917073249438,0.77,0.613222958725611
576,accuracy_60pct,76.89704226462781,0.75,0.6081936691271952
576,correlation_70pct,50.22877765516321,0.44,0.5388461294738517
576,correlation_60pct,49.039447504071276,0.42,0.6180749585225288
577,accuracy_80pct,86.62502978672306,0.85,0.8505975480794505
577,accuracy_70pct,83.76036510041963,0.82,0.7895381788134439
577,accuracy_60pct,69.43972524808586,0.67,0.46455688505708126
577,correlation_70pct,56.956429775550475,0.51,0.6139107870986635
577,correlation_60pct,51.36344201314402,0.45,0.5749019644944552
578,accuracy_80pct,89.67801829715464,0.89,0.7743904057015409
578,accuracy_70pct,82.89570038365623,0.81,0.7475281718681075
578,accuracy_60pct,77.57338315726305,0.75,0.7201698541303657
578,correlation_70pct,61.41475317997612,0.56,0.7121026632270807
578,correlation_60pct,49.499112759008526,0.43,0.5235643307681858
579,accuracy_80pct,86.76002960733177,0.85,0.8747192974862935
579,accuracy_70pct,84.76070053258758,0.83,0.7914403575814881
579,accuracy_60pct,79.30237714339191,0.77,0.6673562658035902
579,correlation_70pct,53.03810565355967,0.46,0.5703203991931393
579,correlation_60pct,50.95844255131789,0.45,0.4076916270612609
580,accuracy_80pct,88.35435922024983,0.87,0.8671120144486614
580,accuracy_70pct,80.35603657907929,0.79,0.6514721695989069
580,accuracy_60pct,75.70871845572965,0.73,0.7138262125670651
580,correlation_70pct,59.82042356705806,0.54,0.6861858960082908
580,correlation_60pct,49.76911240022595,0.43,0.49658657200133455
581,accuracy_80pct,85.21902399793314,0.84,0.7017336429055256
581,accuracy_70pct,80.57237676937935,0.78,0.8246102292468334
581,accuracy_60pct,70.25039506653398,0.67,0.6189459736511733
581,correlation_70pct,53.092771446670795,0.47,0.5489462836765235
581,correlation_60pct,50.22844220776529,0.44,0.46774768268764
582,accuracy_80pct,87.08402414686446,0.86,0.7827335808696702
582,accuracy_70pct,79.76237784572707,0.78,0.6960902745611454
582,accuracy_60pct,75.03338390528818,0.73,0.5818873106147996
582,correlation_70pct,63.14408261350289,0.58,0.6492054726836654
582,correlation_60pct,50.038776594045444,0.43,0.5725237657245893
583,accuracy_80pct,85.62469435455512,0.84,0.7923993755510749
583,accuracy_70pct,76.89771315942366,0.75,0.6113907735302367
583,accuracy_60pct,76.8970422646278,0.75,0.5755720523928767
583,correlation_70pct,48.309782607916596,0.41,0.5810006139282711
583,correlation_60pct,52.55277216423595,0.47,0.4722902195289486
584,accuracy_80pct,85.94902434148574,0.85,0.7197005677009233
584,accuracy_70pct,82.49137181662596,0.81,0.7287815737324954
584,accuracy_60pct,74.16871918852479,0.72,0.5980600470909674
584,correlation_70pct,56.09176505878709,0.5,0.6383411803841248
584,correlation_60pct,50.90344131080883,0.44,0.6075938389053483
585,accuracy_80pct,87.94868886362786,0.87,0.7839391814424026
585,accuracy_70pct,82.89603583105416,0.81,0.793429297402896
585,accuracy_60pct,77.03271298003237,0.75,0.6898261256291354
585,correlation_70pct,56.226764879395795,0.5,0.6400934463325678
585,correlation_60pct,46.959784401829495,0.41,0.4493793513157364
586,accuracy_80pct,90.08335320637867,0.89,0.8599277522415824
586,accuracy_70pct,81.30137077073817,0.79,0.7497099906350702
586,accuracy_60pct,68.38640125979643,0.65,0.5685974452819649
586,correlation_70pct,51.633441654361434,0.45,0.5539533459461938
586,correlation_60pct,53.092771446670795,0.47,0.5215696899610236
587,accuracy_80pct,87.48935905608852,0.86,0.850516863376385
587,accuracy_70pct,76.11371791755577,0.73,0.7597480147916639
587,accuracy_60pct,71.30539629181305,0.69,0.546307378290085
587,correlation_70pct,54.09243598404289,0.48,0.5115068979225464
587,correlation_60pct,54.36243562526031,0.48,0.5917101861266757
588,accuracy_80pct,89.21902393701322,0.88,0.8650814800310416
588,accuracy_70pct,80.62670711509256,0.79,0.7048219326508819
588,accuracy_60pct,76.57338317249304,0.74,0.6747304950666326
588,correlation_70pct,62.009418255522085,0.57,0.6717435034047782
588,correlation_60pct,54.36243562526032,0.48,0.6117493484436705
589,accuracy_80pct,87.21969486226902,0.86,0.8434839257900234
589,accuracy_70pct,77.89804859159159,0.76,0.6741868585748285
589,accuracy_60pct,67.84405384557611,0.65,0.4215803015911699
589,correlation_70pct,62.14441807613079,0.57,0.6700775501939791
589,correlation_60pct,46.770118788109656,0.4,0.4561087035579492
590,accuracy_80pct,87.814359937815,0.87,0.7708654325312715
590,accuracy_70pct,78.89637133937201,0.77,0.5977002419634921
590,accuracy_60pct,71.11505978329737,0.68,0.5847918270483208
590,correlation_70pct,49.634112579617245,0.43,0.48770446740778195
590,correlation_60pct,52.82277180545337,0.47,0.48662344636108085
591,accuracy_80pct,86.35469469810772,0.85,0.8148741121050641
591,accuracy_70pct,78.4373769792306,0.76,0.7059021691225589
591,accuracy_60pct,74.57338320295298,0.72,0.6156467521662117
591,correlation_70pct,58.68575920907725,0.53,0.6235319935899508
591,correlation_60pct,54.876431225910764,0.5,0.5068450887947116
592,accuracy_80pct,86.22003032489694,0.85,0.831913991391927
592,accuracy_70pct,81.22137219063852,0.8,0.7059638404940071
592,accuracy_60pct,73.70972482838337,0.71,0.6913845745386964
592,correlation_70pct,54.2274358046516,0.48,0.5845424558809024
592,correlation_60pct,51.22810674513738,0.45,0.446534879159941
593,accuracy_80pct,89.81335356516126,0.89,0.7988354248505858
593,accuracy_70pct,80.03204203954658,0.78,0.7338796574505063
593,accuracy_60pct,70.98039541008657,0.68,0.5800131806508134
593,correlation_70pct,52.903105832950956,0.46,0.6230003700280612
593,correlation_60pct,50.093777834554494,0.44,0.4871917447536336
594,accuracy_80pct,88.9490242957958,0.88,0.8592448764192295
594,accuracy_70pct,79.30237714339191,0.77,0.7454544520528873
594,accuracy_60pct,69.84506015730992,0.67,0.5708888952882294
594,correlation_70pct,51.363442013144024,0.45,0.5672219561809886
594,correlation_60pct,43.635119013190895,0.37,0.33510424222706403
595,accuracy_80pct,87.35402378808189,0.86,0.7801401090625125
595,accuracy_70pct,83.35570108599143,0.82,0.6842626560595749
595,accuracy_60pct,79.30237714339191,0.77,0.6549959078987693
595,correlation_70pct,59.55042392584063,0.54,0.6384859351383873
595,correlation_60pct,60.145089001386594,0.55,0.5638160434522499
596,accuracy_80pct,91.81301808730339,0.91,0.8961513064716246
596,accuracy_70pct,79.89704221893786,0.78,0.6876740991296775
596,accuracy_60pct,77.89771314419369,0.76,0.6719974004441133
596,correlation_70pct,57.28109520987903,0.52,0.5757898951533272
596,correlation_60pct,58.68575920907725,0.53,0.6696855665499096
597,accuracy_80pct,88.0840241316345,0.87,0.8264586592249274
597,accuracy_70pct,78.49237821973965,0.77,0.6521251460753292
597,accuracy_60pct,68.57573142611832,0.66,0.5234220538726434
597,correlation_70pct,53.36243564049029,0.47,0.5736428063247783
597,correlation_60pct,45.04045390718497,0.38,0.47597573305094854
598,accuracy_80pct,85.49002998134432,0.84,0.8166809166827649
598,accuracy_70pct,78.62637169815459,0.77,0.6231843559509581
598,accuracy_60pct,73.3040544717614,0.71,0.6136643495458913
598,correlation_70pct,48.094448759810305,0.42,0.4703026521132432
598,correlation_60pct,51.363106565746094,0.45,0.5575608285885939
599,accuracy_80pct,85.35536560813354,0.84,0.7959563458477418
599,accuracy_70pct,86.08435960949237,0.85,0.766719811100269
599,accuracy_60pct,73.7087184861896,0.71,0.5923041017704714
599,correlation_70pct,59.145424464014496,0.54,0.6378431114165822
599,correlation_60pct,45.63545443012885,0.39,0.41277782402407404
600,accuracy_80pct,86.48969451871642,0.85,0.8271133167907361
600,accuracy_70pct,81.30137077073817,0.79,0.7918391904362028
600,accuracy_60pct,70.71006032147123,0.68,0.6015815111309831
600,correlation_70pct,66.46707076515189,0.62,0.6961914918378744
600,correlation_60pct,47.824113671194965,0.42,0.3924724910758037
601,accuracy_80pct,89.48902357823064,0.88,0.9209341940846937
601,accuracy_70pct,82.35603654861933,0.81,0.7115196125753178
601,accuracy_60pct,72.84438921682415,0.7,0.632718473254692
601,correlation_70pct,50.49844184898271,0.44,0.5086349126533529
601,correlation_60pct,51.82277182068336,0.46,0.419983729159066
602,accuracy_80pct,88.94902429579581,0.88,0.8001155570891609
602,accuracy_70pct,82.95036617676736,0.82,0.5776063660482057
602,accuracy_60pct,77.4377124418585,0.75,0.6226761118505876
602,correlation_70pct,50.3091116826608,0.43,0.5158963728934661
602,correlation_60pct,54.821765432799644,0.49,0.47424350953472355
603,accuracy_80pct,85.4896945339464,0.84,0.7527840386758275
603,accuracy_70pct,81.30204166553402,0.79,0.8108059597189274
603,accuracy_60pct,74.89838408467946,0.73,0.5677824045078312
603,correlation_70pct,57.82109449231386,0.52,0.590437066853368
603,correlation_60pct,55.226764894625774,0.49,0.5408393075205313
604,accuracy_80pct,88.08335323683863,0.87,0.7316021583568968
604,accuracy_70pct,78.0327129648024,0.76,0.6484580963921036
604,accuracy_60pct,75.5730477403251,0.73,0.5998100988797707
604,correlation_70pct,50.49810640158479,0.44,0.5130618370053299
604,correlation_60pct,54.687101059588855,0.49,0.5428253174122958
605,accuracy_80pct,89.353688310224,0.88,0.8570626838476799
605,accuracy_70pct,77.6267071607825,0.76,0.584977166750117
605,accuracy_60pct,78.70771206784595,0.76,0.7522227402733167
605,correlation_70pct,50.63377711698934,0.44,0.49367989666103995
605,correlation_60pct,55.95676523817838,0.5,0.5525668871269259
606,accuracy_80pct,85.62469435455513,0.84,0.7496536382832057
606,accuracy_70pct,81.16670639752739,0.79,0.7137782844201809
606,accuracy_60pct,81.76103602567542,0.8,0.6624248201042164
606,correlation_70pct,54.03777019093177,0.47,0.6454475216306063
606,correlation_60pct,57.821094492313854,0.52,0.5631390173267562
607,accuracy_80pct,85.35503016073562,0.84,0.8074401603689423
607,accuracy_70pct,80.0323774869445,0.78,0.7181160169093896
607,accuracy_60pct,74.84271194937457,0.72,0.599155932328382
607,correlation_70pct,55.68676559696095,0.5,0.6075952710355944
607,correlation_60pct,52.2281067299074,0.46,0.5005754521455891
608,accuracy_80pct,86.3546946981077,0.85,0.7953739280684304
608,accuracy_70pct,79.03170660737864,0.77,0.6311392103909923
608,accuracy_60pct,70.11505979852734,0.67,0.5546191787563484
608,correlation_70pct,47.44511789115321,0.4,0.5769711945369828
608,correlation_60pct,55.14676631452611,0.5,0.47652788820513636
609,accuracy_80pct,84.62570071197885,0.83,0.7986356177185627
609,accuracy_70pct,83.49070090660013,0.82,0.7370802290658515
609,accuracy_60pct,72.70905394881751,0.7,0.5839244061177985
609,correlation_70pct,59.55042392584063,0.54,0.6705739092222098
609,correlation_60pct,57.68609467170515,0.52,0.6071527837517708
610,accuracy_80pct,86.08435960949237,0.85,0.7147331302292895
610,accuracy_70pct,83.89570036842626,0.82,0.7657671175132744
610,accuracy_60pct,71.11539523069528,0.68,0.6137744600336836
610,correlation_70pct,57.22642941676789,0.51,0.6389472291479191
610,correlation_60pct,48.36444840102773,0.42,0.4105526819685721
611,accuracy_80pct,89.94868883316789,0.89,0.8458280045471515
611,accuracy_70pct,86.21969487749901,0.85,0.7392264291273378
611,accuracy_60pct,72.03405484577395,0.7,0.5133230965408849
611,correlation_70pct,48.03978296669918,0.41,0.4766727297798915
611,correlation_60pct,50.68844291010047,0.45,0.4314105143093316
612,accuracy_80pct,88.21902395224319,0.87,0.8376467854551729
612,accuracy_70pct,82.49070092183011,0.81,0.7451426167982272
612,accuracy_60pct,66.84606654519364,0.64,0.5675125059705205
612,correlation_70pct,51.363106565746094,0.45,0.5873903286557774
612,correlation_60pct,49.823442745939154,0.44,0.46590782867067515
613,accuracy_80pct,84.81435998350493,0.84,0.7247344678474539
613,accuracy_70pct,82.76103601044547,0.81,0.7819932259294032
613,accuracy_60pct,73.16871920375478,0.71,0.5841238704941284
613,correlation_70pct,54.41710141837143,0.49,0.5814169246253275
613,correlation_60pct,58.55042394107062,0.53,0.6351287410653631
614,accuracy_80pct,82.3557011012214,0.81,0.7079101588524556
614,accuracy_70pct,80.6260362202967,0.79,0.6686124449057779
614,accuracy_60pct,71.71039575363918,0.69,0.6305747771720833
614,correlation_70pct,56.95642977555047,0.51,0.6585004472837924
614,correlation_60pct,47.634448057475126,0.41,0.409762175140782
615,accuracy_80pct,86.03002926377917,0.84,0.8589769486620936
615,accuracy_70pct,78.62670714555252,0.77,0.5570074072912365
615,accuracy_60pct,75.16838372589689,0.73,0.623410250237901
615,correlation_70pct,61.27975335936741,0.56,0.6592315516674507
615,correlation_60pct,52.55243671683803,0.47,0.4552440460861276
616,accuracy_80pct,89.08402411640452,0.88,0.8386456710923677
616,accuracy_70pct,86.0846950568903,0.85,0.8000453816974987
616,accuracy_60pct,79.30204169599399,0.77,0.7031579009691227
616,correlation_70pct,58.550759388468535,0.53,0.627369673129271
616,correlation_60pct,50.768776937598055,0.44,0.5005745910784084
617,accuracy_80pct,87.62435887669724,0.86,0.8164058542711031
617,accuracy_70pct,88.48935904085855,0.87,0.8690480801028092
617,accuracy_60pct,72.11505976806738,0.69,0.5661581525185956
617,correlation_70pct,59.090758670903384,0.53,0.6170325390139209
617,correlation_60pct,53.22777126727951,0.47,0.49749978825170005
618,accuracy_80pct,86.48969451871642,0.85,0.8158300738693868
618,accuracy_70pct,77.30237717385188,0.75,0.6383797955160009
618,accuracy_60pct,75.30304809910767,0.73,0.6064317193797454
618,correlation_70pct,51.363442013144024,0.45,0.5043551543372707
618,correlation_60pct,54.55210123898014,0.49,0.4972269187184621
619,accuracy_80pct,88.94868884839788,0.88,0.8015535521269913
619,accuracy_70pct,83.49070090660014,0.82,0.7210971976746009
619,accuracy_60pct,74.43905427714013,0.72,0.5722247783988408
619,correlation_70pct,57.09142959615919,0.51,0.6022879210461329
619,correlation_60pct,52.49810637112483,0.46,0.5459697718101059
620,accuracy_80pct,86.08435960949238,0.85,0.789445610077039
620,accuracy_70pct,77.43838333665434,0.75,0.7469124706025697
620,accuracy_60pct,77.89737769679576,0.76,0.6172706405509819
620,correlation_70pct,70.92606506437338,0.67,0.7383763153146082
620,correlation_60pct,40.85246559137467,0.33,0.44388858433389716
621,accuracy_80pct,86.54436031182755,0.86,0.688730289555437
621,accuracy_70pct,82.2207012806127,0.81,0.6634911582266998
621,accuracy_60pct,70.79106524376466,0.67,0.7205263713092238
621,correlation_70pct,59.82042356705806,0.54,0.6594988964114216
621,correlation_60pct,55.09210052141499,0.49,0.5368590687477108
622,accuracy_80pct,85.08469507212027,0.84,0.7315525816529528
622,accuracy_70pct,82.35637199601724,0.81,0.770882327830925
622,accuracy_60pct,70.9807308574845,0.68,0.6197654099688515
622,correlation_70pct,62.54941753795693,0.57,0.7299339440198902
622,correlation_60pct,57.14609538927031,0.52,0.6013030234194511
623,accuracy_80pct,87.3543592354798,0.86,0.7915127517060895
623,accuracy_70pct,77.3027126212498,0.75,0.6083175437680457
623,accuracy_60pct,74.30405445653142,0.72,0.5790716033957324
623,correlation_70pct,58.09109413353128,0.52,0.6431101690179917
623,correlation_60pct,47.63478350487304,0.41,0.422920319314589
624,accuracy_80pct,90.0836886537766,0.89,0.8897279830362093
624,accuracy_70pct,84.35469472856767,0.83,0.7431416115861745
624,accuracy_60pct,71.70838306925164,0.69,0.5348173461154072
624,correlation_70pct,56.09176505878709,0.5,0.6383075184750183
624,correlation_60pct,49.36411293839983,0.43,0.5039419698438536
625,accuracy_80pct,86.35469469810772,0.85,0.7515199020938286
625,accuracy_70pct,83.35570108599141,0.82,0.6909989220728654
625,accuracy_60pct,74.70871847095962,0.72,0.5897174074835164
625,correlation_70pct,56.2267648793958,0.5,0.5785553205083749
625,correlation_60pct,49.6334416848214,0.43,0.45200048988330077
626,accuracy_80pct,89.94835338576998,0.89,0.8241193213486775
626,accuracy_70pct,79.30204169599398,0.77,0.6551698947974581
626,accuracy_60pct,72.97938903743285,0.7,0.5966489328191888
626,correlation_70pct,55.22710034202369,0.49,0.5748312824710589
626,correlation_60pct,45.77045425073756,0.39,0.40471425466216665
627,accuracy_80pct,89.2186884896153,0.88,0.846369578137731
627,accuracy_70pct,79.76170695093123,0.78,0.6062884215341069
627,accuracy_60pct,74.43905427714013,0.72,0.6354265335571005
627,correlation_70pct,57.49642905798531,0.51,0.6379800008420371
627,correlation_60pct,53.092771446670795,0.47,0.6088982551808817
628,accuracy_80pct,87.48935905608853,0.86,0.8286278719917488
628,accuracy_70pct,79.76204239832916,0.78,0.6795552359904269
628,accuracy_60pct,74.43838338234428,0.72,0.5657920788684575
628,correlation_70pct,56.09142961138916,0.5,0.5707800936194128
628,correlation_60pct,51.038776578815465,0.44,0.5224474380538481
629,accuracy_80pct,87.94902431102578,0.87,0.8163940514113959
629,accuracy_70pct,77.03304842743029,0.75,0.65223936226814
629,accuracy_60pct,71.43938977022799,0.69,0.554347630436025
629,correlation_70pct,55.55176577635225,0.5,0.5440322484321876
629,correlation_60pct,48.90444768346257,0.42,0.5224816205153545
630,accuracy_80pct,87.94902431102578,0.87,0.8272239793656205
630,accuracy_70pct,79.76070060873748,0.78,0.6757923589365762
630,accuracy_60pct,70.1687192494447,0.68,0.49799968015220025
630,correlation_70pct,52.22810672990741,0.46,0.5723569831305131
630,correlation_60pct,49.823442745939154,0.44,0.49970955581567733
631,accuracy_80pct,87.08469504166031,0.86,0.8186585771328944
631,accuracy_70pct,77.89804859159159,0.76,0.6782212127811398
631,accuracy_60pct,72.84438921682414,0.7,0.6348776008241027
631,correlation_70pct,53.63277072910564,0.47,0.5833332393422762
631,correlation_60pct,54.14710177715401,0.49,0.47333028532839205
632,accuracy_80pct,86.49002996611435,0.85,0.8555066376213877
632,accuracy_70pct,81.16704184492531,0.79,0.805294801869276
632,accuracy_60pct,69.57539596349044,0.67,0.5408491721476101
632,correlation_70pct,54.55176579158221,0.49,0.5419419882399982
632,correlation_60pct,47.30978262314658,0.4,0.5087741326373475
633,accuracy_80pct,89.353688310224,0.88,0.8457672215185078
633,accuracy_70pct,82.35603654861933,0.81,0.6613616118737135
633,accuracy_60pct,71.4397252176259,0.69,0.4804751220355628
633,correlation_70pct,57.55109485109644,0.52,0.5629266268255889
633,correlation_60pct,58.955758850294664,0.53,0.6242105276913286
634,accuracy_80pct,87.21935941487111,0.86,0.813834455623491
634,accuracy_70pct,79.03271294957241,0.77,0.715466162770799
634,accuracy_60pct,72.57338323341295,0.7,0.5135863350656154
634,correlation_70pct,52.49810637112482,0.46,0.5729676278287891
634,correlation_60pct,58.740089554790444,0.54,0.5192916835715022
635,accuracy_80pct,85.22036578752483,0.84,0.8031921526672123
635,accuracy_70pct,79.49103641491797,0.78,0.6209160881750638
635,accuracy_60pct,73.16871920375476,0.71,0.5560547597391405
635,correlation_70pct,48.03978296669917,0.41,0.5538252109458444
635,correlation_60pct,48.22944858041902,0.42,0.4802627059107303
636,accuracy_80pct,89.0840241164045,0.88,0.8494528775533711
636,accuracy_70pct,82.76137145784337,0.81,0.778908356367022
636,accuracy_60pct,78.1677127854111,0.76,0.6856693032978641
636,correlation_70pct,51.173776399424185,0.44,0.5831382520676845
636,correlation_60pct,52.22810672990741,0.46,0.5129655342957259
637,accuracy_80pct,88.81368902778917,0.88,0.7920724523150957
637,accuracy_70pct,83.21935947579102,0.82,0.6169868962549846
637,accuracy_60pct,70.30472541224718,0.68,0.4630548693723448
637,correlation_70pct,53.36277108788821,0.47,0.5801883621775522
637,correlation_60pct,54.82210088019757,0.49,0.5326006762518822
638,accuracy_80pct,87.62469432409516,0.86,0.89810358368762
638,accuracy_70pct,79.89704221893787,0.78,0.7367466001020655
638,accuracy_60pct,73.43838339757426,0.71,0.6094500071781985
638,correlation_70pct,41.85213012874676,0.34,0.5512630918013649
638,correlation_60pct,47.82444911859288,0.42,0.5012120064465607
639,accuracy_80pct,87.21969486226902,0.86,0.7984782298012327
639,accuracy_70pct,81.89670674108,0.8,0.7725192119832768
639,accuracy_60pct,70.03506121842769,0.68,0.4898087403550587
639,correlation_70pct,59.22575849151208,0.53,0.7004828418224488
639,correlation_60pct,60.009753733379966,0.55,0.5908312874785687
640,accuracy_80pct,87.48935905608852,0.86,0.8246709764467637
640,accuracy_70pct,79.16771277018113,0.77,0.7370646905046447
640,accuracy_60pct,69.57573141088835,0.67,0.462321280198387
640,correlation_70pct,51.03877657881547,0.44,0.5771114792363314
640,correlation_60pct,53.22777126727949,0.47,0.5612648479124593
641,accuracy_80pct,86.0846950568903,0.85,0.7600474145157533
641,accuracy_70pct,79.8973776663358,0.78,0.750632438857288
641,accuracy_60pct,77.43804788925642,0.75,0.7135136887846044
641,correlation_70pct,52.497770923726904,0.46,0.5935770663693369
641,correlation_60pct,53.822436342825476,0.48,0.5209185762223235
642,accuracy_80pct,88.94902429579581,0.88,0.8213788226694942
642,accuracy_70pct,81.62637165246464,0.8,0.6615181209185635
642,accuracy_60pct,75.62771353343622,0.74,0.515732865282219
642,correlation_70pct,54.227435804651606,0.48,0.5503728220154218
642,correlation_60pct,56.14643085189821,0.51,0.4566642930309037
643,accuracy_80pct,85.75969417516383,0.84,0.8138390660595046
643,accuracy_70pct,83.21969492318894,0.82,0.643996451321618
643,accuracy_60pct,74.43905427714013,0.72,0.6488320328920156
643,correlation_70pct,64.14374715087499,0.59,0.7139199847032208
643,correlation_60pct,44.31078901103028,0.37,0.5021178728404146
644,accuracy_80pct,88.94902429579581,0.88,0.8166009289746197
644,accuracy_70pct,82.22036583321477,0.81,0.5893750355951469
644,accuracy_60pct,69.2510659765598,0.66,0.5574134774283269
644,correlation_70pct,52.90310583295095,0.46,0.5518610123550921
644,correlation_60pct,46.36478387888562,0.4,0.34908076120374415
645,accuracy_80pct,87.35402378808189,0.86,0.7799976480632616
645,accuracy_70pct,81.76137147307335,0.8,0.7455060900757889
645,accuracy_60pct,72.57438957560672,0.7,0.5449857393280153
645,correlation_70pct,58.22609395413999,0.52,0.6699383512845429
645,correlation_60pct,54.2274358046516,0.48,0.5958315786888897
646,accuracy_80pct,86.3546946981077,0.85,0.8358610912562897
646,accuracy_70pct,80.62603622029671,0.79,0.6973540098190425
646,accuracy_60pct,72.03371939837604,0.7,0.5637605968080844
646,correlation_70pct,56.68643013433305,0.51,0.6561865163845837
646,correlation_60pct,50.49877729638063,0.44,0.5933697868467604
647,accuracy_80pct,86.94935977365368,0.86,0.803113681814958
647,accuracy_70pct,81.30137077073817,0.79,0.7877874347663052
647,accuracy_60pct,79.03170660737864,0.77,0.6876838864945896
647,correlation_70pct,60.28008882199531,0.55,0.650876789373054
647,correlation_60pct,48.228777685623164,0.42,0.46139011827702286
648,accuracy_80pct,88.0840241316345,0.87,0.8075584054531673
648,accuracy_70pct,78.03204207000655,0.76,0.5810974868761615
648,accuracy_60pct,73.89871954730737,0.72,0.4948840778713816
648,correlation_70pct,55.2271003420237,0.49,0.5169741955933863
648,correlation_60pct,55.68643014956304,0.5,0.5670980336189326
649,accuracy_80pct,85.3546947133377,0.84,0.7876129921617339
649,accuracy_70pct,75.76304880144285,0.74,0.620666280447225
649,accuracy_60pct,72.97938903743285,0.7,0.6670577623678243
649,correlation_70pct,54.36243562526031,0.48,0.6486168419504604
649,correlation_60pct,49.55377855211966,0.44,0.4803367839153813
650,accuracy_80pct,87.08469504166031,0.86,0.8022932699291289
650,accuracy_70pct,81.62637165246466,0.8,0.6770139085252083
650,accuracy_60pct,73.97938902220287,0.71,0.6234458973809679
650,correlation_70pct,40.85246559137467,0.33,0.40384992932496466
650,correlation_60pct,47.17511824993579,0.4,0.47321736905730366
651,accuracy_80pct,88.48935904085853,0.87,0.882855356476928
651,accuracy_70pct,80.4370415013727,0.78,0.7424365313595894
651,accuracy_60pct,69.03439033886183,0.67,0.33029746741137206
651,correlation_70pct,59.685423746449345,0.54,0.5927031733217603
651,correlation_60pct,47.58011771176193,0.4,0.5264397230310814
652,accuracy_80pct,90.21868847438532,0.89,0.855893100411472
652,accuracy_70pct,82.43637057611691,0.8,0.7360242943758298
652,accuracy_60pct,70.84506014207994,0.68,0.46206753797755296
652,correlation_70pct,57.55109485109644,0.52,0.5251704162608509
652,correlation_60pct,54.49743544586902,0.48,0.5517832582256494
653,accuracy_80pct,88.21935939964112,0.87,0.8658264558808668
653,accuracy_70pct,82.62570074243881,0.81,0.7198315594819995
653,accuracy_60pct,77.30271262124978,0.75,0.684230397691474
653,correlation_70pct,58.68575920907725,0.53,0.5998171837342959
653,correlation_60pct,57.28109520987902,0.52,0.5246551962949808
654,accuracy_80pct,89.08368866900659,0.88,0.8288740088337927
654,accuracy_70pct,85.22036578752484,0.84,0.7827090490464396
654,accuracy_60pct,72.8437183220283,0.7,0.5783123046871309
654,correlation_70pct,63.009082792894176,0.58,0.6286562480690294
654,correlation_60pct,49.63411257961725,0.43,0.4788486874956365
655,accuracy_80pct,86.81335361085121,0.86,0.6720945015596816
655,accuracy_70pct,81.30103532334024,0.79,0.7460609667589789
655,accuracy_60pct,78.7613715187633,0.77,0.5374713882156507
655,correlation_70pct,53.49777090849692,0.47,0.6281938210989166
655,correlation_60pct,54.821765432799644,0.49,0.5617319096209156
656,accuracy_80pct,86.08435960949237,0.85,0.7156020571187102
656,accuracy_70pct,76.89637136983197,0.75,0.563777784992463
656,accuracy_60pct,72.97938903743285,0.7,0.5920769533840068
656,correlation_70pct,61.279753359367405,0.56,0.6592598864699744
656,correlation_60pct,49.63411257961724,0.43,0.5372993262052951
657,accuracy_80pct,90.21835302698739,0.89,0.8823971178022874
657,accuracy_70pct,77.76204242878913,0.76,0.5890226712333025
657,accuracy_60pct,78.16737733801318,0.76,0.6699488436738177
657,correlation_70pct,55.821765417569665,0.5,0.6138349481390104
657,correlation_60pct,49.49877731161061,0.43,0.5496470646128901
658,accuracy_80pct,91.81301808730339,0.91,0.8753303245047863
658,accuracy_70pct,78.49271366713756,0.77,0.5892798685920179
658,accuracy_60pct,69.71006033670122,0.67,0.49384047564457995
658,correlation_70pct,55.22710034202369,0.49,0.561263984136988
658,correlation_60pct,42.50146099740385,0.36,0.38804306967673574
659,accuracy_80pct,86.21935943010108,0.85,0.7667557638981297
659,accuracy_70pct,79.43737696400062,0.77,0.7254207875287922
659,accuracy_60pct,69.97972453052073,0.67,0.461667595069023
659,correlation_70pct,52.03844111618757,0.45,0.5467237510655986
659,correlation_60pct,51.03877657881547,0.44,0.6100480986178383
660,accuracy_80pct,84.81503087830077,0.84,0.7495437378060604
660,accuracy_70pct,77.89737769679576,0.76,0.6647546049437797
660,accuracy_60pct,73.57472500777466,0.71,0.6929645291457391
660,correlation_70pct,57.68609467170515,0.52,0.6394003608239631
660,correlation_60pct,47.094448775040284,0.41,0.36104140573603716
661,accuracy_80pct,87.62469432409515,0.86,0.8782134409298282
661,accuracy_70pct,79.03204205477657,0.77,0.6602199155055732
661,accuracy_60pct,70.57405415866876,0.68,0.44393563343833553
661,correlation_70pct,55.95676523817838,0.5,0.5638197502032224
661,correlation_60pct,59.55042392584063,0.54,0.5885768658838447
662,accuracy_80pct,84.0853659821461,0.83,0.7155508533006947
662,accuracy_70pct,78.30304805341773,0.76,0.729017080887559
662,accuracy_60pct,72.84472466422207,0.7,0.6811084102450424
662,correlation_70pct,58.28075974725111,0.53,0.6418745396594325
662,correlation_60pct,57.41609503048773,0.52,0.6192817782957202
663,accuracy_80pct,86.35503014550562,0.85,0.821003922412737
663,accuracy_70pct,78.43771242662852,0.76,0.7273753454203887
663,accuracy_60pct,72.43972520239593,0.7,0.5745193203698107
663,correlation_70pct,52.63310619173354,0.46,0.6199344301389574
663,correlation_60pct,52.36310655051612,0.46,0.5512597929624719
664,accuracy_80pct,86.94935977365368,0.86,0.7106804702170783
664,accuracy_70pct,81.16670639752739,0.79,0.6974506173434538
664,accuracy_60pct,77.57338315726305,0.75,0.6488686506334036
664,correlation_70pct,59.82042356705806,0.54,0.6110123771919108
664,correlation_60pct,56.68643013433305,0.51,0.49950561492786527
665,accuracy_80pct,86.94902432625577,0.86,0.7320521744844667
665,accuracy_70pct,80.35637202647723,0.79,0.6171721971761861
665,accuracy_60pct,72.84438921682414,0.7,0.6354812855492372
665,correlation_70pct,56.956429775550475,0.51,0.6402481280057125
665,correlation_60pct,49.30911169789077,0.42,0.6115728978434423
666,accuracy_80pct,88.35402377285192,0.87,0.8284731851080048
666,accuracy_70pct,80.30170623336609,0.78,0.6729240777690252
666,accuracy_60pct,80.43737694877063,0.78,0.7808266544741044
666,correlation_70pct,61.41475317997612,0.56,0.6386338350240967
666,correlation_60pct,49.30944714528869,0.42,0.5801425110749753
667,accuracy_80pct,86.48969451871642,0.85,0.8157914749229953
667,accuracy_70pct,79.49204275711175,0.78,0.6541205399745501
667,accuracy_60pct,77.7617069813912,0.76,0.5687967507815249
667,correlation_70pct,57.95609431292257,0.52,0.6552255541758214
667,correlation_60pct,56.22676487939579,0.5,0.5800218925554675
668,accuracy_80pct,88.0840241316345,0.87,0.8179937086664724
668,accuracy_70pct,81.0320420243166,0.79,0.7320159042151059
668,accuracy_60pct,78.30271260601981,0.76,0.6455905562924243
668,correlation_70pct,58.09109413353127,0.52,0.6228173302820086
668,correlation_60pct,60.60475425632385,0.56,0.5195721826887938
669,accuracy_80pct,85.48935908654849,0.84,0.7599396691690337
669,accuracy_70pct,77.2220431463543,0.76,0.5864366496111788
669,accuracy_60pct,72.30338359219554,0.7,0.4878860080343865
669,correlation_70pct,52.0931069092987,0.46,0.5242713479248755
669,correlation_60pct,41.25746505320079,0.33,0.43338606782518363
670,accuracy_80pct,88.94902429579581,0.88,0.840737058168603
670,accuracy_70pct,83.76103599521548,0.82,0.8031041323675544
670,accuracy_60pct,72.11505976806738,0.69,0.6647331995672843
670,correlation_70pct,55.497099983241114,0.49,0.6449236382958067
670,correlation_60pct,50.63377711698934,0.44,0.4908347843623624
671,accuracy_80pct,85.21969489272898,0.84,0.730496824620646
671,accuracy_70pct,82.8963712784521,0.81,0.8026112477600146
671,accuracy_60pct,76.16771281587107,0.74,0.6165029265805729
671,correlation_70pct,49.49911275900853,0.43,0.46248078356436667
671,correlation_60pct,52.497770923726904,0.46,0.5468217920846996
672,accuracy_80pct,90.08301775898076,0.89,0.8493861057384217
672,accuracy_70pct,78.62637169815459,0.77,0.6167887121957673
672,accuracy_60pct,74.70938936575547,0.72,0.7328750931001117
672,correlation_70pct,57.3614292373766,0.51,0.7088683877246724
672,correlation_60pct,43.906124996602074,0.37,0.46541945400175894
673,accuracy_80pct,88.21902395224319,0.87,0.8245686881677677
673,accuracy_70pct,77.57237681506929,0.75,0.7100032252639034
673,accuracy_60pct,73.57405411297881,0.71,0.6389348220152044
673,correlation_70pct,55.227100342023704,0.49,0.6101147090261462
673,correlation_60pct,47.58011771176193,0.4,0.6035783139232022
674,accuracy_80pct,89.0840241164045,0.88,0.8661402475299387
674,accuracy_70pct,76.35771387698883,0.75,0.6018255262948914
674,accuracy_60pct,73.43871884497219,0.71,0.5999436470611439
674,correlation_70pct,56.14609540450029,0.51,0.5073650486224598
674,correlation_60pct,46.500119146892246,0.4,0.43250148203085886
675,accuracy_80pct,87.21935941487111,0.86,0.8068641091738353
675,accuracy_70pct,81.0863723700298,0.8,0.6407564300185751
675,accuracy_60pct,75.70905390312757,0.73,0.7387891307838043
675,correlation_70pct,50.633777116989336,0.44,0.6270953819479081
675,correlation_60pct,48.76944786285386,0.42,0.5286325653617461
676,accuracy_80pct,86.9493597736537,0.86,0.7965451787281173
676,accuracy_70pct,80.89603586151412,0.79,0.6841259071552498
676,accuracy_60pct,81.35603656384932,0.8,0.57929744044592
676,correlation_70pct,61.81975264180224,0.56,0.6556716726841008
676,correlation_60pct,53.22777126727949,0.47,0.5846340764565152
677,accuracy_80pct,84.35570107076146,0.83,0.7560516715493957
677,accuracy_70pct,81.49070093706011,0.8,0.6325780200598162
677,accuracy_60pct,71.43938977022799,0.69,0.5234651914348372
677,correlation_70pct,60.280088821995314,0.55,0.6035522299730273
677,correlation_60pct,49.76911240022596,0.43,0.5034122836421473
678,accuracy_80pct,85.35503016073562,0.84,0.7696029107145363
678,accuracy_70pct,82.03137111429078,0.8,0.7689144865688791
678,accuracy_60pct,74.30371900913349,0.72,0.5596158876769167
678,correlation_70pct,58.82075902968595,0.53,0.7048993082996974
678,correlation_60pct,52.63310619173353,0.46,0.5727309230710089
679,accuracy_80pct,88.0840241316345,0.87,0.8226634797931116
679,accuracy_70pct,84.35469472856768,0.83,0.7208539800314001
679,accuracy_60pct,71.70905396404748,0.69,0.5709700667844256
679,correlation_70pct,60.28008882199531,0.55,0.6595209680925531
679,correlation_60pct,57.416095030487725,0.52,0.5732547121297998
680,accuracy_80pct,87.21902396747318,0.86,0.7829820751477313
680,accuracy_70pct,80.16737730755321,0.78,0.7640329961437045
680,accuracy_60pct,73.30438991915932,0.71,0.6189061026978157
680,correlation_70pct,51.2284421925353,0.45,0.5171290261496436
680,correlation_60pct,51.633441654361434,0.45,0.5473145220427212
681,accuracy_80pct,88.2190239522432,0.87,0.8061007843210984
681,accuracy_70pct,83.49103635399806,0.82,0.7305225674973725
681,accuracy_60pct,71.98005994745868,0.69,0.574862940816932
681,correlation_70pct,67.14274076299128,0.62,0.7728686474122726
681,correlation_60pct,52.63310619173353,0.46,0.5923362660397562
682,accuracy_80pct,86.21902398270316,0.85,0.7653575316443946
682,accuracy_70pct,83.35570108599141,0.82,0.715566363995326
682,accuracy_60pct,76.03371933745612,0.74,0.63668120251113
682,correlation_70pct,54.2274358046516,0.48,0.5602405773950546
682,correlation_60pct,57.551094851096444,0.52,0.6387532924833189
683,accuracy_80pct,84.35570107076146,0.83,0.7495670032517543
683,accuracy_70pct,84.35536562336353,0.83,0.7899685171855267
683,accuracy_60pct,72.84405376942621,0.7,0.5871149319044048
683,correlation_70pct,57.956094312922566,0.52,0.5847189756498826
683,correlation_60pct,51.49844183375273,0.45,0.5089304399235428
684,accuracy_80pct,85.62536524935096,0.84,0.8532475846717981
684,accuracy_70pct,78.5723767998393,0.76,0.6962653314796441
684,accuracy_60pct,71.5743895908367,0.69,0.49572031746721934
684,correlation_70pct,49.44444696589741,0.42,0.6007500345179342
684,correlation_60pct,54.876766673308694,0.5,0.3905145029604419
685,accuracy_80pct,88.35435922024983,0.87,0.8398711974819577
685,accuracy_70pct,81.62536531027088,0.8,0.6825682980602277
685,accuracy_60pct,70.25039506653397,0.67,0.5782368193050419
685,correlation_70pct,58.68575920907725,0.53,0.6296618212385066
685,correlation_60pct,49.63377713221932,0.43,0.47699158997419033
686,accuracy_80pct,89.08301777421075,0.88,0.7806368656834952
686,accuracy_70pct,77.70838297787176,0.75,0.7726223963569406
686,accuracy_60pct,73.30438991915932,0.71,0.6314533582828531
686,correlation_70pct,55.22710034202369,0.49,0.6276897508843536
686,correlation_60pct,51.36277111834818,0.45,0.4832319247062341
687,accuracy_80pct,88.94868884839786,0.88,0.842905073729338
687,accuracy_70pct,77.89771314419369,0.76,0.6778435445924289
687,accuracy_60pct,73.43871884497219,0.71,0.526738890336481
687,correlation_70pct,59.60475427155384,0.55,0.550044129563516
687,correlation_60pct,48.90411223606464,0.42,0.5064461807340408
688,accuracy_80pct,86.35469469810772,0.85,0.7826523391837055
688,accuracy_70pct,80.89670675630997,0.79,0.725702428129329
688,accuracy_60pct,78.16737733801318,0.76,0.6592033196227877
688,correlation_70pct,61.279753359367405,0.56,0.5689691210634064
688,correlation_60pct,55.227100342023704,0.49,0.5874082793426535
689,accuracy_80pct,86.81435995304497,0.86,0.7144474094806438
689,accuracy_70pct,82.62637163723467,0.81,0.7396511055249095
689,accuracy_60pct,78.57271224723723,0.76,0.7172856982163063
689,correlation_70pct,60.28008882199531,0.55,0.6467107642626212
689,correlation_60pct,44.90578953397418,0.38,0.4390757261950695
690,accuracy_80pct,86.62469433932515,0.85,0.800641182837329
690,accuracy_70pct,85.62469435455512,0.84,0.7637677054849257
690,accuracy_60pct,75.03204211569647,0.73,0.44900864982687727
690,correlation_70pct,59.82042356705806,0.54,0.5639011225995433
690,correlation_60pct,55.2271003420237,0.49,0.5555935619238266
691,accuracy_80pct,87.35469468287774,0.86,0.8045766066182092
691,accuracy_70pct,81.76103602567542,0.8,0.6184923314716618
691,accuracy_60pct,76.4380479044864,0.74,0.5454861795243057
691,correlation_70pct,54.63243526647773,0.48,0.5447633301553266
691,correlation_60pct,58.95575885029466,0.53,0.5776387049932297
692,accuracy_80pct,87.48969450348645,0.86,0.8281585511506375
692,accuracy_70pct,75.43871881451223,0.73,0.5767773657059678
692,accuracy_60pct,75.70871845572964,0.73,0.5950694768984529
692,correlation_70pct,60.09042320827547,0.54,0.6918476381047529
692,correlation_60pct,51.03877657881547,0.44,0.5246951923975469
693,accuracy_80pct,89.08368866900659,0.88,0.8285458076936812
693,accuracy_70pct,83.76070054781755,0.82,0.7594560666723011
693,accuracy_60pct,76.57271227769719,0.74,0.639852528017258
693,correlation_70pct,57.956094312922566,0.52,0.6271447547639313
693,correlation_60pct,51.228442192535304,0.45,0.5170696921767345
694,accuracy_80pct,88.81335358039125,0.88,0.7817393614045749
694,accuracy_70pct,83.62570072720882,0.82,0.7401543166161946
694,accuracy_60pct,73.43972518716596,0.71,0.5975646204146026
694,correlation_70pct,53.09243599927287,0.47,0.45762925619382866
694,correlation_60pct,49.49911275900853,0.43,0.5329495994999203
695,accuracy_80pct,89.08335322160866,0.88,0.8318365559030412
695,accuracy_70pct,80.76137148830333,0.79,0.6955805497652746
695,accuracy_60pct,71.57539593303046,0.69,0.6194689813545072
695,correlation_70pct,54.497435445869016,0.48,0.623386173690752
695,correlation_60pct,51.0934423719266,0.45,0.4972844157385585
696,accuracy_80pct,88.94868884839786,0.88,0.7923934373764906
696,accuracy_70pct,79.8973776663358,0.78,0.6628306855361354
696,accuracy_60pct,75.30371899390352,0.73,0.5772267802639769
696,correlation_70pct,57.82109449231386,0.52,0.6355640236101164
696,correlation_60pct,51.03877657881547,0.44,0.492739176872478
697,accuracy_80pct,87.21935941487111,0.86,0.8146151733221728
697,accuracy_70pct,78.16737733801317,0.76,0.6835368523056174
697,accuracy_60pct,69.98005997791863,0.67,0.5760573354700916
697,correlation_70pct,58.28075974725112,0.53,0.6263174561303567
697,correlation_60pct,46.04045389195499,0.39,0.546210079790229
698,accuracy_80pct,86.21969487749901,0.85,0.7224431424671067
698,accuracy_70pct,80.35670747387512,0.79,0.5953959944175479
698,accuracy_60pct,77.70771208307592,0.75,0.6675953480920871
698,correlation_70pct,56.09176505878708,0.5,0.5878194469279944
698,correlation_60pct,59.28042428462321,0.54,0.5612849654211636
699,accuracy_80pct,90.08335320637869,0.89,0.8510876922460942
699,accuracy_70pct,82.89570038365623,0.81,0.7347709672305032
699,accuracy_60pct,78.30304805341773,0.76,0.6944787794057482
699,correlation_70pct,50.76877693759805,0.44,0.47963393004450383
699,correlation_60pct,50.76877693759805,0.44,0.46906320344202235
700,accuracy_80pct,88.21902395224319,0.87,0.8334052400008136
700,accuracy_70pct,78.03204207000655,0.76,0.6487080319646126
700,accuracy_60pct,67.84573108256573,0.65,0.4892927425792755
700,correlation_70pct,49.30944714528869,0.42,0.5724649072336548
700,correlation_60pct,48.094113312412375,0.42,0.39084519831540676
701,accuracy_80pct,86.49002996611435,0.85,0.8187621729407804
701,accuracy_70pct,79.16737732278321,0.77,0.697348801254408
701,accuracy_60pct,75.03338390528818,0.73,0.564270348517404
701,correlation_70pct,58.68575920907725,0.53,0.6823167204875703
701,correlation_60pct,53.497770908496925,0.47,0.6473134306117896
702,accuracy_80pct,86.94902432625577,0.86,0.727406283000165
702,accuracy_70pct,80.62637166769463,0.79,0.6352179645336414
702,accuracy_60pct,75.97905354434499,0.73,0.7136472069534527
702,correlation_70pct,61.41475317997612,0.56,0.6580948335028827
702,correlation_60pct,49.768776952828034,0.43,0.4014852630042161
703,accuracy_80pct,85.62502980195303,0.84,0.8233352968676655
703,accuracy_70pct,78.70804751524386,0.76,0.7803905205052919
703,accuracy_60pct,78.03204207000654,0.76,0.6781909196484678
703,correlation_70pct,56.956429775550475,0.51,0.6067183912229812
703,correlation_60pct,52.36310655051612,0.46,0.5759636168172027
704,accuracy_80pct,88.67868920718047,0.88,0.778416530349772
704,accuracy_70pct,81.03137112952076,0.79,0.7463272306925728
704,accuracy_60pct,75.03338390528818,0.73,0.5845509517921134
704,correlation_70pct,47.904783146090466,0.41,0.5076279358689073
704,correlation_60pct,46.500119146892246,0.4,0.43888110253827034
705,accuracy_80pct,87.3543592354798,0.86,0.804408535423521
705,accuracy_70pct,78.84304733585257,0.76,0.7666064807443862
705,accuracy_60pct,76.84304736631253,0.74,0.6990694445335196
705,correlation_70pct,52.768106012342244,0.46,0.6484699439855559
705,correlation_60pct,50.76877693759805,0.44,0.5480301917297827
706,accuracy_80pct,87.9493597584237,0.87,0.8267749755010922
706,accuracy_70pct,79.30204169599398,0.77,0.6596778229515874
706,accuracy_60pct,74.89804863728155,0.73,0.5047566125393979
706,correlation_70pct,63.60374786844015,0.59,0.5877909195290131
706,correlation_60pct,54.687101059588855,0.49,0.42508406303099466
707,accuracy_80pct,87.62469432409515,0.86,0.8605061636091255
707,accuracy_70pct,83.03103565166288,0.81,0.7532975346926297
707,accuracy_60pct,71.5743895908367,0.69,0.5368163045529487
707,correlation_70pct,55.36210016263241,0.49,0.6709679311022327
707,correlation_60pct,58.1457599266424,0.53,0.44813021466431135
708,accuracy_80pct,88.0840241316345,0.87,0.8044206691992825
708,accuracy_70pct,80.89704220370788,0.79,0.7284877640315052
708,accuracy_60pct,77.30338351604564,0.75,0.714937129605008
708,correlation_70pct,58.55075938846854,0.53,0.6311630130261818
708,correlation_60pct,50.76844149020013,0.44,0.5356589992191759
709,accuracy_80pct,88.94868884839788,0.88,0.8431673877247466
709,accuracy_70pct,80.302041680764,0.78,0.7673391151960569
709,accuracy_60pct,70.57405415866876,0.68,0.5630659632446805
709,correlation_70pct,49.63411257961724,0.43,0.5014440811569641
709,correlation_60pct,54.14609543496025,0.49,0.44587707300734586
710,accuracy_80pct,89.2186884896153,0.88,0.8509434767275958
710,accuracy_70pct,80.76137148830334,0.79,0.686884109434917
710,accuracy_60pct,75.30271265170974,0.73,0.6001521760309616
710,correlation_70pct,56.55143031372434,0.51,0.5340846773317621
710,correlation_60pct,47.769783325481754,0.41,0.4373612051588681
711,accuracy_80pct,89.21868848961529,0.88,0.8531869898311217
711,accuracy_70pct,79.03237750217448,0.77,0.721660925398745
711,accuracy_60pct,73.16871920375476,0.71,0.565173813378517
711,correlation_70pct,61.54975300058483,0.56,0.6749580794679898
711,correlation_60pct,57.68575922430723,0.52,0.6094496909192763
712,accuracy_80pct,90.08335320637869,0.89,0.8429938588934406
712,accuracy_70pct,80.03237748694451,0.78,0.7341081749234337
712,accuracy_60pct,73.57472500777467,0.71,0.6183143381235224
712,correlation_70pct,55.3621001626324,0.49,0.5867117677374045
712,correlation_60pct,64.46807713780561,0.6,0.6314169445272885
713,accuracy_80pct,85.48969453394642,0.84,0.7702744659224391
713,accuracy_70pct,84.49070089137015,0.83,0.7598055689468203
713,accuracy_60pct,73.70871848618961,0.71,0.5877076330686872
713,correlation_70pct,59.55042392584064,0.54,0.6864838132989477
713,correlation_60pct,52.28243707562061,0.47,0.393688023924629
714,accuracy_80pct,86.76002960733177,0.85,0.8542702495262169
714,accuracy_70pct,77.16838369543692,0.75,0.6754083766270401
714,accuracy_60pct,77.168048248039,0.75,0.689570217534652
714,correlation_70pct,51.173776399424185,0.44,0.629082581603386
714,correlation_60pct,54.227435804651606,0.48,0.6013474610589941
715,accuracy_80pct,86.3546946981077,0.85,0.7593432985152245
715,accuracy_70pct,81.16704184492531,0.79,0.7722315945745327
715,accuracy_60pct,74.57405409774884,0.72,0.6083732882591955
715,correlation_70pct,54.2274358046516,0.48,0.46305316246219635
715,correlation_60pct,49.17444732467999,0.42,0.5580602007667019
716,accuracy_80pct,84.62570071197885,0.83,0.7710290828831866
716,accuracy_70pct,80.35637202647722,0.79,0.6614346054359012
716,accuracy_60pct,73.57405411297883,0.71,0.5768129142912942
716,correlation_70pct,54.09210053664497,0.48,0.5489689528958854
716,correlation_60pct,50.823442730709175,0.45,0.4048536739700644
717,accuracy_80pct,86.0846950568903,0.85,0.7725251673111405
717,accuracy_70pct,78.03204207000654,0.76,0.6114647522085384
717,accuracy_60pct,70.98005996268866,0.68,0.5826573613433436
717,correlation_70pct,66.19774201873031,0.62,0.6324528867572669
717,correlation_60pct,50.22844220776528,0.44,0.44872751607251676
718,accuracy_80pct,84.62469436978509,0.83,0.7451890292659183
718,accuracy_70pct,79.76170695093124,0.78,0.6283942072972133
718,accuracy_60pct,74.03439026271191,0.72,0.53581267844215
718,correlation_70pct,49.90411222083466,0.43,0.580866187960779
718,correlation_60pct,52.82277180545337,0.47,0.5171499759737258
719,accuracy_80pct,85.35536560813354,0.84,0.8205382527894689
719,accuracy_70pct,78.6267071455525,0.77,0.6363688062579693
719,accuracy_60pct,75.30304809910767,0.73,0.597064775716728
719,correlation_70pct,58.0107601060337,0.53,0.5891411911895968
719,correlation_60pct,50.22877765516321,0.44,0.4575667587128276
720,accuracy_80pct,87.35469468287774,0.86,0.8474547028806301
720,accuracy_70pct,79.16771277018111,0.77,0.7410843111365755
720,accuracy_60pct,71.98005994745867,0.69,0.6136370483339143
720,correlation_70pct,49.3094471452887,0.42,0.5331763561016135
720,correlation_60pct,54.282101597762725,0.49,0.5097236921326493
721,accuracy_80pct,86.35503014550564,0.85,0.8091116251600527
721,accuracy_70pct,82.2210367280106,0.81,0.6778037206156647
721,accuracy_60pct,74.16838374112687,0.72,0.5696653056113634
721,correlation_70pct,59.41542410523192,0.54,0.5663354240162293
721,correlation_60pct,49.039447504071276,0.42,0.45777456511176795
722,accuracy_80pct,85.21969489272898,0.84,0.7063079442982596
722,accuracy_70pct,84.49070089137015,0.83,0.7775539782386112
722,accuracy_60pct,69.11606615595109,0.66,0.514514623511436
722,correlation_70pct,53.49777090849692,0.47,0.5353768930119674
722,correlation_60pct,56.55143031372434,0.51,0.5596237427738232
723,accuracy_80pct,87.62469432409515,0.86,0.8856801224544845
723,accuracy_70pct,79.89704221893787,0.78,0.7255536951158037
723,accuracy_60pct,72.97905359003494,0.7,0.6147948490600502
723,correlation_70pct,55.95676523817837,0.5,0.5618352051086223
723,correlation_60pct,43.31145992105612,0.36,0.4289672951983916
724,accuracy_80pct,86.21969487749901,0.85,0.7142354283797028
724,accuracy_70pct,80.16637096535945,0.78,0.6105574401570818
724,accuracy_60pct,74.9793890069729,0.72,0.6783474194592921
724,correlation_70pct,53.632435281707714,0.47,0.48366529983076834
724,correlation_60pct,44.63578989275676,0.38,0.39789185753451006
725,accuracy_80pct,88.0840241316345,0.87,0.8068663772790587
725,accuracy_70pct,80.76137148830333,0.79,0.669369977849307
725,accuracy_60pct,77.03237753263444,0.75,0.5731883850361552
725,correlation_70pct,62.87408297228547,0.58,0.6568091355035447
725,correlation_60pct,55.09210052141499,0.49,0.5711255057359974
726,accuracy_80pct,89.21868848961529,0.88,0.8357358086796954
726,accuracy_70pct,82.1667063822974,0.8,0.7995900537643967
726,accuracy_60pct,81.49103638445801,0.8,0.6552867129953261
726,correlation_70pct,61.54975300058483,0.56,0.6333265069607754
726,correlation_60pct,49.36411293839983,0.43,0.395170001246942
727,accuracy_80pct,86.81435995304497,0.86,0.7643507667759999
727,accuracy_70pct,77.03204208523653,0.75,0.5904803154137352
727,accuracy_60pct,72.71006029101127,0.7,0.6738685700994893
727,correlation_70pct,53.22777126727949,0.47,0.5605449794700846
727,correlation_60pct,40.44746612954852,0.33,0.4026735212710405
728,accuracy_80pct,88.48935904085853,0.87,0.8951711245226495
728,accuracy_70pct,84.0310356364329,0.82,0.8519712118572748
728,accuracy_60pct,71.84506012684996,0.69,0.6566701601624634
728,correlation_70pct,53.95743616343418,0.48,0.5607331459581617
728,correlation_60pct,54.092435984042886,0.48,0.6196352032189816
729,accuracy_80pct,84.49070089137015,0.83,0.7934041325083045
729,accuracy_70pct,78.89771312896369,0.77,0.6930932189822657
729,accuracy_60pct,72.5740541282088,0.7,0.5062224260228013
729,correlation_70pct,56.36176470000451,0.5,0.660783799677662
729,correlation_60pct,49.90411222083466,0.43,0.5771702270803026
730,accuracy_80pct,87.75969414470387,0.86,0.862583941082092
730,accuracy_70pct,78.16737733801318,0.76,0.663485707078792
730,accuracy_60pct,71.11539523069528,0.68,0.5724220937199141
730,correlation_70pct,60.28008882199531,0.55,0.5939050860312083
730,correlation_60pct,53.092771446670795,0.47,0.5007821665381473
731,accuracy_80pct,85.219694892729,0.84,0.7509558420752707
731,accuracy_70pct,79.1673773227832,0.77,0.7595932013304492
731,accuracy_60pct,75.7637196962387,0.74,0.6688166538277805
731,correlation_70pct,47.58011771176193,0.4,0.6160916206030717
731,correlation_60pct,51.41810780625514,0.46,0.5026675850306457
732,accuracy_80pct,87.81268270082539,0.87,0.6942204454150788
732,accuracy_70pct,82.62637163723466,0.81,0.7280846044803554
732,accuracy_60pct,72.84438921682414,0.7,0.5893878779260652
732,correlation_70pct,59.82042356705806,0.54,0.6594708076117336
732,correlation_60pct,61.1447535387587,0.56,0.6734398835153851
733,accuracy_80pct,87.81402449041708,0.87,0.7779506937002508
733,accuracy_70pct,80.62637166769463,0.79,0.7041394161790454
733,accuracy_60pct,73.70972482838337,0.71,0.7168011069349768
733,correlation_70pct,44.31112445842821,0.37,0.4634713877783151
733,correlation_60pct,45.23045496830272,0.39,0.4861803603392499
734,accuracy_80pct,85.3546947133377,0.84,0.7541669530868595
734,accuracy_70pct,79.30271259078982,0.77,0.7328150673733985
734,accuracy_60pct,76.30338353127561,0.74,0.677003365227912
734,correlation_70pct,54.68710105958886,0.49,0.5204152550225647
734,correlation_60pct,51.28210164345266,0.46,0.3921298444096507
735,accuracy_80pct,87.08469504166031,0.86,0.7477562510733807
735,accuracy_70pct,79.8973776663358,0.78,0.6542443965375911
735,accuracy_60pct,72.11539521546531,0.69,0.5879212288062561
735,correlation_70pct,60.41508864260402,0.55,0.6476275515039162
735,correlation_60pct,45.31078899580031,0.38,0.4387535471729852
736,accuracy_80pct,88.94868884839786,0.88,0.8451533127111276
736,accuracy_70pct,82.62603618983675,0.81,0.7168335702143002
736,accuracy_60pct,72.52005922989352,0.69,0.7056739141231043
736,correlation_70pct,60.55008846321273,0.55,0.637905445169501
736,correlation_60pct,47.634448057475126,0.41,0.4490570852740343
737,accuracy_80pct,84.49036544397222,0.83,0.774497079244529
737,accuracy_70pct,82.35536565382348,0.81,0.5848374291026909
737,accuracy_60pct,74.70871847095962,0.72,0.5929958619054936
737,correlation_70pct,58.090758686133356,0.52,0.6120278617085148
737,correlation_60pct,54.09210053664496,0.48,0.5776731955579333
738,accuracy_80pct,85.22003034012691,0.84,0.7932922296374925
738,accuracy_70pct,80.89670675630997,0.79,0.7164467518046769
738,accuracy_60pct,71.98005994745867,0.69,0.618318966354533
738,correlation_70pct,49.17444732467999,0.42,0.613516703189109
738,correlation_60pct,44.44545338424108,0.37,0.35996532271553655
739,accuracy_80pct,86.35503014550562,0.85,0.8092874388575263
739,accuracy_70pct,79.76137150353331,0.78,0.6619395654773119
739,accuracy_60pct,76.03338389005819,0.74,0.608119546478597
739,correlation_70pct,58.955758850294664,0.53,0.6271730771071032
739,correlation_60pct,50.49877729638064,0.44,0.5448993058100975
740,accuracy_80pct,86.62469433932513,0.85,0.8170255630371839
740,accuracy_70pct,82.35536565382347,0.81,0.6479948723720402
740,accuracy_60pct,74.3037190091335,0.72,0.5868030774726636
740,correlation_70pct,60.41508864260402,0.55,0.6179274803030289
740,correlation_60pct,47.3101180705445,0.4,0.5161467303146339
741,accuracy_80pct,85.49002998134434,0.84,0.7890116647033023
741,accuracy_70pct,82.49137181662596,0.81,0.7761413207627551
741,accuracy_60pct,78.62603625075667,0.77,0.6120657823726794
741,correlation_70pct,49.49911275900853,0.43,0.49696288170286385
741,correlation_60pct,47.95944893920159,0.42,0.3978088452527315
742,accuracy_80pct,84.81435998350494,0.84,0.6655761431204716
742,accuracy_70pct,80.49170729448383,0.79,0.6888937453067919
742,accuracy_60pct,76.16804826326899,0.74,0.6244691009828589
742,correlation_70pct,55.22710034202369,0.49,0.5659857094237148
742,correlation_60pct,44.310789011030295,0.37,0.4131912222247551
743,accuracy_80pct,86.22003032489694,0.85,0.8123482267153951
743,accuracy_70pct,81.16637095012948,0.79,0.7334635247082851
743,accuracy_60pct,76.62771351820625,0.75,0.6077211574556622
743,correlation_70pct,58.68575920907725,0.53,0.6577852630966552
743,correlation_60pct,50.363777475771926,0.44,0.5566034096385711
744,accuracy_80pct,86.94902432625575,0.86,0.7671129210511355
744,accuracy_70pct,81.6257007576688,0.8,0.6699788955525673
744,accuracy_60pct,74.30405445653142,0.72,0.5953111616388046
744,correlation_70pct,53.362771087888206,0.47,0.6002505917403183
744,correlation_60pct,47.363777521461856,0.41,0.3590125386292656
745,accuracy_80pct,85.35503016073561,0.84,0.7742584734328567
745,accuracy_70pct,83.1663709196695,0.81,0.8423091115667078
745,accuracy_60pct,72.57438957560672,0.7,0.6124714904116239
745,correlation_70pct,51.22844219253531,0.45,0.48334947260231
745,correlation_60pct,50.76877693759805,0.44,0.5642036714401124
746,accuracy_80pct,89.94835338576998,0.89,0.8246181220226653
746,accuracy_70pct,81.62603620506673,0.8,0.6687972389126243
746,accuracy_60pct,74.3037190091335,0.72,0.48241296456960836
746,correlation_70pct,59.82042356705805,0.54,0.6770409000529752
746,correlation_60pct,53.552436701608045,0.48,0.47089953623118896
747,accuracy_80pct,88.94835340099995,0.88,0.7762886057293961
747,accuracy_70pct,85.49036542874225,0.84,0.8122919850391508
747,accuracy_60pct,71.57506048563255,0.69,0.5693931452353389
747,correlation_70pct,57.496093610587394,0.51,0.6485575221649788
747,correlation_60pct,56.49676452061322,0.5,0.6316106487148974
748,accuracy_80pct,85.94969523628158,0.85,0.7437605450260069
748,accuracy_70pct,80.1670418601553,0.78,0.728455130106391
748,accuracy_60pct,72.84472466422207,0.7,0.6451790191652763
748,correlation_70pct,53.49777090849692,0.47,0.5707673329683354
748,correlation_60pct,48.17478278730789,0.41,0.4876787570892873
749,accuracy_80pct,88.94902429579581,0.88,0.8344934176779119
749,accuracy_70pct,81.22137219063852,0.8,0.6762904950376548
749,accuracy_60pct,74.3037190091335,0.72,0.6199481581560584
749,correlation_70pct,59.28042428462321,0.54,0.6040602856128353
749,correlation_60pct,48.68911383535628,0.43,0.4319443738790352
750,accuracy_80pct,88.08435957903242,0.87,0.8216340335356995
750,accuracy_70pct,77.62737805557833,0.76,0.6360686600090126
750,accuracy_60pct,71.97938905266284,0.69,0.5766193447924186
750,correlation_70pct,59.3607583121208,0.53,0.7300409202203018
750,correlation_60pct,52.55277216423595,0.47,0.451863888457504
751,accuracy_80pct,85.08469507212028,0.84,0.7185652880047065
751,accuracy_70pct,82.4903654744322,0.81,0.6835875984018833
751,accuracy_60pct,71.16905468161264,0.69,0.45039243916620597
751,correlation_70pct,61.27941791196948,0.56,0.6631966916901901
751,correlation_60pct,59.55042392584063,0.54,0.6505580231905326
752,accuracy_80pct,86.35469469810772,0.85,0.7594762747800162
752,accuracy_70pct,78.62771348774629,0.77,0.6551535087719298
752,accuracy_60pct,70.43871889066213,0.68,0.4103653456833783
752,correlation_70pct,53.36277108788821,0.47,0.5439294680998678
752,correlation_60pct,52.22810672990741,0.46,0.4878789972154961
753,accuracy_80pct,87.48935905608853,0.86,0.8428390131203585
753,accuracy_70pct,81.4367060387448,0.79,0.8198215332205633
753,accuracy_60pct,74.30338356173557,0.72,0.5987509439546704
753,correlation_70pct,53.092771446670795,0.47,0.5728586092251575
753,correlation_60pct,50.552772194695905,0.45,0.39403101858683903
754,accuracy_80pct,85.08469507212027,0.84,0.6818290224982743
754,accuracy_70pct,80.03204203954658,0.78,0.6784439926091672
754,accuracy_60pct,70.98005996268866,0.68,0.5627064673360164
754,correlation_70pct,63.41408225472031,0.58,0.7462443138358292
754,correlation_60pct,46.04045389195498,0.39,0.4207190638991969
755,accuracy_80pct,86.49002996611435,0.85,0.8521092793726454
755,accuracy_70pct,79.16771277018111,0.77,0.7513964888103193
755,accuracy_60pct,69.65539454359009,0.66,0.6089330549085257
755,correlation_70pct,53.36277108788821,0.47,0.6300136872980644
755,correlation_60pct,47.229448595648996,0.41,0.39129476758610165
756,accuracy_80pct,88.08335323683865,0.87,0.7558594048764382
756,accuracy_70pct,81.62570075766881,0.8,0.6585740164042707
756,accuracy_60pct,71.11539523069528,0.68,0.6054310087987158
756,correlation_70pct,57.68609467170514,0.52,0.5787990426363666
756,correlation_60pct,52.95777162606208,0.47,0.5271537109070673
757,accuracy_80pct,88.08335323683865,0.87,0.7555439068030534
757,accuracy_70pct,77.30304806864771,0.75,0.6504028744550212
757,accuracy_60pct,78.1677127854111,0.76,0.6649732655696338
757,correlation_70pct,53.902770370323054,0.47,0.6632651797737267
757,correlation_60pct,56.28143067250692,0.51,0.5303992181088941
758,accuracy_80pct,91.94768246051417,0.91,0.8609912513694499
758,accuracy_70pct,83.35570108599143,0.82,0.70007582803096
758,accuracy_60pct,71.97972450006074,0.69,0.5731529713300235
758,correlation_70pct,54.687101059588855,0.49,0.5317699331982738
758,correlation_60pct,55.362100162632416,0.49,0.6055564256556244
759,accuracy_80pct,83.95003071413947,0.83,0.7071743234043116
759,accuracy_70pct,82.03137111429078,0.8,0.7913432628100905
759,accuracy_60pct,74.89737774248569,0.73,0.5071597458249387
759,correlation_70pct,55.362100162632416,0.49,0.6333790007217645
759,correlation_60pct,52.768106012342244,0.46,0.6138539261083683
760,accuracy_80pct,83.49036545920221,0.82,0.7100513518764808
760,accuracy_70pct,77.30271262124978,0.75,0.6313206728926183
760,accuracy_60pct,79.68137292343366,0.79,0.5384684901119171
760,correlation_70pct,56.226764879395795,0.5,0.6499865499294817
760,correlation_60pct,46.49978369949432,0.4,0.3775593488832916
761,accuracy_80pct,91.81301808730339,0.91,0.9004216378875364
761,accuracy_70pct,80.302041680764,0.78,0.7730526215496328
761,accuracy_60pct,71.1153952306953,0.68,0.6096411643482895
761,correlation_70pct,49.363777491001905,0.43,0.45549511849557767
761,correlation_60pct,48.30944716051869,0.41,0.5407086577755582
762,accuracy_80pct,87.21969486226902,0.86,0.8627239027646189
762,accuracy_70pct,80.1670418601553,0.78,0.7455137038105181
762,accuracy_60pct,69.57539596349042,0.67,0.5226690556159796
762,correlation_70pct,61.874418434913366,0.57,0.6533261123810623
762,correlation_60pct,52.552772164235954,0.47,0.5375600474454615
763,accuracy_80pct,86.81435995304497,0.86,0.7768976704494646
763,accuracy_70pct,80.03103569735282,0.78,0.6795242958699157
763,accuracy_60pct,72.16871921898476,0.7,0.5259824552609579
763,correlation_70pct,53.36277108788821,0.47,0.5796719408692624
763,correlation_60pct,49.09377784978447,0.43,0.4192470429955001
764,accuracy_80pct,86.48969451871642,0.85,0.8125120541525264
764,accuracy_70pct,86.35435925070979,0.85,0.7638054231358354
764,accuracy_60pct,69.44073159027964,0.67,0.4379957013163471
764,correlation_70pct,59.68542374644934,0.54,0.6786487133902366
764,correlation_60pct,50.63344166959142,0.44,0.4597322751074782
765,accuracy_80pct,88.21935939964112,0.87,0.8283449357762706
765,accuracy_70pct,85.35503016073562,0.84,0.7201215403387861
765,accuracy_60pct,70.71039576886916,0.68,0.4638400036535731
765,correlation_70pct,62.87408297228547,0.58,0.6099248868828825
765,correlation_60pct,47.769783325481754,0.41,0.43475595317322147
766,accuracy_80pct,86.21969487749901,0.85,0.7899090705406311
766,accuracy_70pct,77.3027126212498,0.75,0.6716281357974088
766,accuracy_60pct,72.84472466422207,0.7,0.6375349964309044
766,correlation_70pct,53.63277072910563,0.47,0.6152687082622563
766,correlation_60pct,48.17444733990997,0.41,0.5571122208519492
767,accuracy_80pct,86.22003032489694,0.85,0.8320371762632608
767,accuracy_70pct,77.03271298003236,0.75,0.6721315534378784
767,accuracy_60pct,76.43838335188433,0.74,0.7177686920012054
767,correlation_70pct,64.60307695841432,0.6,0.6896660161922963
767,correlation_60pct,44.44612427903692,0.37,0.5263598389207418
768,accuracy_80pct,86.35435925070979,0.85,0.749458749307423
768,accuracy_70pct,84.49002999657431,0.83,0.7523076072292152
768,accuracy_60pct,73.84438920159415,0.71,0.6597162917489091
768,correlation_70pct,52.768106012342244,0.46,0.6195741037692223
768,correlation_60pct,46.58045317438983,0.39,0.5420562761453157
769,accuracy_80pct,89.67835374455255,0.89,0.7882543127348105
769,accuracy_70pct,79.62704257772045,0.78,0.6605184070111022
769,accuracy_60pct,72.11505976806738,0.69,0.6307026307026307
769,correlation_70pct,48.904447683462564,0.42,0.49090301706941436
769,correlation_60pct,48.769112415455936,0.42,0.4958969124622513
770,accuracy_80pct,83.89570036842626,0.82,0.7634521736471518
770,accuracy_70pct,80.43737694877063,0.78,0.7649243144354522
770,accuracy_60pct,76.57237683029926,0.74,0.6343066904131763
770,correlation_70pct,56.3617647000045,0.5,0.6609318811453027
770,correlation_60pct,58.28042429985319,0.53,0.5718928651123116
771,accuracy_80pct,84.22003035535688,0.83,0.719239991560558
771,accuracy_70pct,81.49170727925387,0.8,0.718422619948692
771,accuracy_60pct,70.3047254122472,0.68,0.4647707862154562
771,correlation_70pct,60.5497530158148,0.55,0.6371273827574054
771,correlation_60pct,55.60576067466752,0.51,0.4163231528201839
772,accuracy_80pct,86.8146954004429,0.86,0.7769840628661354
772,accuracy_70pct,83.16603547227159,0.81,0.8045865716705926
772,accuracy_60pct,70.25106596132983,0.67,0.5966385756902198
772,correlation_70pct,61.14441809136078,0.56,0.5672847427107364
772,correlation_60pct,57.55109485109644,0.52,0.5722180619434752
773,accuracy_80pct,89.0840241164045,0.88,0.8844971824467026
773,accuracy_70pct,75.3577138922188,0.74,0.5644311662550138
773,accuracy_60pct,73.57338321818298,0.71,0.6181932066731719
773,correlation_70pct,56.09176505878708,0.5,0.6499112363103249
773,correlation_60pct,51.49844183375272,0.45,0.5749760954162952
774,accuracy_80pct,86.0846950568903,0.85,0.8121469413763946
774,accuracy_70pct,83.22070126538271,0.82,0.7541023732117927
774,accuracy_60pct,77.30237717385188,0.75,0.7147151746442454
774,correlation_70pct,49.17444732467999,0.42,0.6374510081800215
774,correlation_60pct,48.36444840102772,0.42,0.5298494237412666
775,accuracy_80pct,86.08402416209445,0.85,0.708781029259578
775,accuracy_70pct,79.30237714339191,0.77,0.6934718401471395
775,accuracy_60pct,74.43905427714013,0.72,0.5984236556974709
775,correlation_70pct,56.09176505878709,0.5,0.5927868048821587
775,correlation_60pct,58.82075902968596,0.53,0.5789622171965365
776,accuracy_80pct,87.81368904301917,0.87,0.7388122787552175
776,accuracy_70pct,82.76103601044547,0.81,0.759947058674313
776,accuracy_60pct,73.84438920159415,0.71,0.6705938119297394
776,correlation_70pct,54.68676561219093,0.49,0.530083064528028
776,correlation_60pct,46.04045389195499,0.39,0.4770517028235109
777,accuracy_80pct,84.76036508518966,0.83,0.8133924058812976
777,accuracy_70pct,77.57338315726305,0.75,0.7497203810659294
777,accuracy_60pct,72.30405448699139,0.7,0.550785241917762
777,correlation_70pct,58.82042358228803,0.53,0.62709527233939
777,correlation_60pct,53.03810565355967,0.46,0.638592406411791
778,accuracy_80pct,90.21835302698739,0.89,0.8853366520297794
778,accuracy_70pct,80.7607005935075,0.79,0.6684706265348116
778,accuracy_60pct,73.49304919068538,0.72,0.40422182390183725
778,correlation_70pct,50.633777116989336,0.44,0.5930740012156538
778,correlation_60pct,47.634783504873056,0.41,0.47092294358389175
779,accuracy_80pct,87.67902466980836,0.87,0.735380103137037
779,accuracy_70pct,80.57237676937935,0.78,0.7933798896068276
779,accuracy_60pct,77.30271262124978,0.75,0.658710334215612
779,correlation_70pct,57.416095030487725,0.52,0.5340722557984412
779,correlation_60pct,46.17478281776785,0.39,0.41013361622123895
780,accuracy_80pct,89.35402375762192,0.88,0.878754218149118
780,accuracy_70pct,82.16637093489949,0.8,0.7175098965406598
780,accuracy_60pct,69.52106561777723,0.66,0.5032571466269007
780,correlation_70pct,56.82142995494176,0.51,0.601130076547496
780,correlation_60pct,53.36277108788821,0.47,0.6263167367328675
781,accuracy_80pct,89.35402375762193,0.88,0.9049615410300796
781,accuracy_70pct,76.7620424440191,0.75,0.5846821234919839
781,accuracy_60pct,78.57304769463515,0.76,0.795753648223829
781,correlation_70pct,49.49911275900853,0.43,0.6005575948943387
781,correlation_60pct,43.77078972859545,0.37,0.43739119853195835
782,accuracy_80pct,87.48969450348645,0.86,0.8290784790042357
782,accuracy_70pct,83.1663709196695,0.81,0.8198072222826162
782,accuracy_60pct,75.03338390528816,0.73,0.5806265028411325
782,correlation_70pct,55.551430328954325,0.5,0.4998016651998069
782,correlation_60pct,56.226764879395795,0.5,0.6026219081879292
783,accuracy_80pct,87.0843595942624,0.86,0.7576758063416444
783,accuracy_70pct,84.49002999657431,0.83,0.7189160101670465
783,accuracy_60pct,69.9810663201124,0.67,0.5612675920907192
783,correlation_70pct,60.73975407693257,0.56,0.5712436752833137
783,correlation_60pct,55.280759792941055,0.5,0.35985857857840375
784,accuracy_80pct,85.22003034012691,0.84,0.7910442951435868
784,accuracy_70pct,83.0313710990608,0.81,0.8387022760042333
784,accuracy_60pct,70.16838380204678,0.68,0.44220837489546383
784,correlation_70pct,53.09277144667079,0.47,0.5991148386470666
784,correlation_60pct,52.41676600143347,0.47,0.4680954756362671
785,accuracy_80pct,87.48969450348645,0.86,0.8476577907787609
785,accuracy_70pct,82.49070092183013,0.81,0.676169559851026
785,accuracy_60pct,73.84438920159415,0.71,0.6234821887352114
785,correlation_70pct,56.95642977555047,0.51,0.5960868678483358
785,correlation_60pct,48.499448221636435,0.42,0.45710011103507797
786,accuracy_80pct,86.62502978672306,0.85,0.8712256473676387
786,accuracy_70pct,78.62603625075667,0.77,0.5724403148394335
786,accuracy_60pct,72.24938869388025,0.69,0.6324024062893956
786,correlation_70pct,54.55176579158223,0.49,0.5295570266796139
786,correlation_60pct,48.3641129536298,0.42,0.46757959494452167
787,accuracy_80pct,87.35469468287772,0.86,0.8471219331551477
787,accuracy_70pct,80.76103604090541,0.79,0.663364483420857
787,accuracy_60pct,75.16838372589689,0.73,0.6733298436668329
787,correlation_70pct,51.768441474970146,0.45,0.5681838513887174
787,correlation_60pct,50.36377747577192,0.44,0.5090503032345474
788,accuracy_80pct,86.76002960733177,0.85,0.852786967681824
788,accuracy_70pct,80.62704256249046,0.79,0.667481536635537
788,accuracy_60pct,74.97905355957498,0.72,0.6508097476509028
788,correlation_70pct,55.2271003420237,0.49,0.5991153446671376
788,correlation_60pct,55.956429790780454,0.5,0.5776508199134117
789,accuracy_80pct,84.76070053258758,0.83,0.817247638130363
789,accuracy_70pct,82.49103636922803,0.81,0.7151358850948404
789,accuracy_60pct,69.844724709912,0.67,0.4658047712992539
789,correlation_70pct,50.68810746270255,0.45,0.4118413497472829
789,correlation_60pct,46.175453712563694,0.39,0.47918595154593685
790,accuracy_80pct,88.48935904085855,0.87,0.8938540959053111
790,accuracy_70pct,74.03371936791608,0.72,0.61159656095406
790,accuracy_60pct,72.5740541282088,0.7,0.6086903442812767
790,correlation_70pct,52.903105832950956,0.46,0.6234548978167226
790,correlation_60pct,51.093106924528676,0.45,0.525108728065285
791,accuracy_80pct,88.94868884839788,0.88,0.821787008426522
791,accuracy_70pct,82.62637163723466,0.81,0.7720039589000831
791,accuracy_60pct,71.70938941144541,0.69,0.5537541026301248
791,correlation_70pct,46.31045353317241,0.39,0.5378071628461044
791,correlation_60pct,47.17511824993579,0.4,0.5462181830768387
792,accuracy_80pct,86.48969451871642,0.85,0.8099989313874986
792,accuracy_70pct,80.4370415013727,0.78,0.758897518903518
792,accuracy_60pct,73.38505939405484,0.7,0.7246967357815581
792,correlation_70pct,50.63344166959142,0.44,0.46177860628332834
792,correlation_60pct,45.175789175191596,0.38,0.4545582190910055
793,accuracy_80pct,88.08435957903242,0.87,0.845366257399402
793,accuracy_70pct,82.0317065616887,0.8,0.7826697155231302
793,accuracy_60pct,73.84371830679831,0.71,0.6007599102772866
793,correlation_70pct,59.09075867090338,0.53,0.7109613251691043
793,correlation_60pct,53.282101612992705,0.48,0.4741085982387926
794,accuracy_80pct,88.0840241316345,0.87,0.8157981779122015
794,accuracy_70pct,82.62570074243882,0.81,0.7396442888321864
794,accuracy_60pct,77.43838333665435,0.75,0.7338840132347135
794,correlation_70pct,53.092771446670795,0.47,0.5572001058261491
794,correlation_60pct,47.76944787808384,0.41,0.48259473701752215
795,accuracy_80pct,85.49036542874225,0.84,0.8428256226836757
795,accuracy_70pct,77.03304842743029,0.75,0.7188853925578838
795,accuracy_60pct,76.57371861989095,0.74,0.7765113196122639
795,correlation_70pct,55.41676595574353,0.5,0.6397210910273013
795,correlation_60pct,50.363442028373996,0.44,0.514204652064617
796,accuracy_80pct,88.94868884839788,0.88,0.8428759359979747
796,accuracy_70pct,77.89804859159159,0.76,0.7006780569865084
796,accuracy_60pct,69.98073087271447,0.67,0.5902516233210545
796,correlation_70pct,59.145424464014496,0.54,0.6250391371515847
796,correlation_60pct,47.3101180705445,0.4,0.5466839850969099
797,accuracy_80pct,85.21969489272898,0.84,0.7359751103408083
797,accuracy_70pct,81.76137147307335,0.8,0.7213384219945193
797,accuracy_60pct,76.62670717601249,0.75,0.5175713182200976
797,correlation_70pct,59.95542338766676,0.54,0.673194152755432
797,correlation_60pct,47.76978332548176,0.41,0.5465612672546607
798,accuracy_80pct,87.21969486226902,0.86,0.771731981112809
798,accuracy_70pct,82.89637127845208,0.81,0.7401867342789553
798,accuracy_60pct,76.97871808171709,0.74,0.7332553234139756
798,correlation_70pct,58.41575956785982,0.53,0.6157861098054118
798,correlation_60pct,50.90377675820676,0.44,0.5069399612268686
799,accuracy_80pct,86.08435960949237,0.85,0.7431057895952594
799,accuracy_70pct,81.35637201124723,0.8,0.6832658083768739
799,accuracy_60pct,68.116401618579,0.65,0.5621682739300081
799,correlation_70pct,66.73774130116514,0.62,0.7076549503971906
799,correlation_60pct,53.36277108788822,0.47,0.5210467377246063
800,accuracy_80pct,86.62469433932515,0.85,0.8452102202749658
800,accuracy_70pct,82.76103601044545,0.81,0.7538194435895561
800,accuracy_60pct,79.89704221893787,0.78,0.7258011340545205
800,correlation_70pct,54.092435984042886,0.48,0.6180200147144305
800,correlation_60pct,47.63478350487305,0.41,0.5297437144326305
801,accuracy_80pct,88.21868850484528,0.87,0.8014772959939377
801,accuracy_70pct,82.62603618983674,0.81,0.7338678768777752
801,accuracy_60pct,73.89871954730737,0.72,0.47330866123838883
801,correlation_70pct,65.60274149578642,0.61,0.6274545113140696
801,correlation_60pct,60.1450890013866,0.55,0.6069279941426776
802,accuracy_80pct,87.35469468287775,0.86,0.8679427624208036
802,accuracy_70pct,79.4913718623159,0.78,0.6552335299774956
802,accuracy_60pct,74.573383202953,0.72,0.6203009350872979
802,correlation_70pct,53.36277108788821,0.47,0.5880855176912344
802,correlation_60pct,48.36377750623188,0.42,0.45263228354261414
803,accuracy_80pct,85.22003034012691,0.84,0.7655736552745747
803,accuracy_70pct,78.43771242662852,0.76,0.7563980783741358
803,accuracy_60pct,75.16804827849896,0.73,0.6190965402714941
803,correlation_70pct,50.22877765516321,0.44,0.5222973689272613
803,correlation_60pct,50.68844291010047,0.45,0.4290217298753221
804,accuracy_80pct,88.48935904085855,0.87,0.88880509945268
804,accuracy_70pct,82.94969528197151,0.82,0.5617042806166049
804,accuracy_60pct,70.30539630704303,0.68,0.4705574423760315
804,correlation_70pct,56.3617647000045,0.5,0.5850616320418522
804,correlation_60pct,51.363442013144024,0.45,0.46968794573817785
805,accuracy_80pct,83.89603581582418,0.82,0.8042584881977702
805,accuracy_70pct,77.43838333665434,0.75,0.734395045557586
805,accuracy_60pct,76.7633842336108,0.75,0.6152248751748179
805,correlation_70pct,60.82008810443015,0.55,0.6989141911277945
805,correlation_60pct,43.36579026676931,0.37,0.28508037620385834
806,accuracy_80pct,89.94835338576996,0.89,0.8630277017962015
806,accuracy_70pct,78.30271260601981,0.76,0.7727769317266417
806,accuracy_60pct,74.16838374112686,0.72,0.6148967605542817
806,correlation_70pct,56.49676452061321,0.5,0.6826912132440967
806,correlation_60pct,47.17478280253787,0.4,0.5431649647535616
807,accuracy_80pct,84.89536490579836,0.83,0.824042133433633
807,accuracy_70pct,81.49137183185594,0.8,0.7230951745195904
807,accuracy_60pct,74.11438884281158,0.71,0.6657969278954519
807,correlation_70pct,50.3091116826608,0.43,0.5791286526643935
807,correlation_60pct,57.551094851096444,0.52,0.5783144331291253
808,accuracy_80pct,87.35469468287774,0.86,0.8442370520814152
808,accuracy_70pct,77.4377124418585,0.75,0.6529133766683027
808,accuracy_60pct,79.03170660737864,0.77,0.6455692779787124
808,correlation_70pct,56.49676452061321,0.5,0.5690069318018897
808,correlation_60pct,51.82310726808127,0.46,0.5218185523364626
809,accuracy_80pct,88.94801795360203,0.88,0.7627377858911235
809,accuracy_70pct,82.22137217540853,0.81,0.6725093509152525
809,accuracy_60pct,70.03439032363185,0.68,0.31921844392254645
809,correlation_70pct,56.09142961138916,0.5,0.5906180230479962
809,correlation_60pct,49.17444732467999,0.42,0.5198457279863891
810,accuracy_80pct,84.62570071197887,0.83,0.8016913401979664
810,accuracy_70pct,78.3027126060198,0.76,0.6663832335486616
810,accuracy_60pct,77.35737841436091,0.76,0.5384927854846037
810,correlation_70pct,57.95609431292257,0.52,0.6523766915030643
810,correlation_60pct,47.76978332548176,0.41,0.4907876558837294
811,accuracy_80pct,86.9496952210516,0.86,0.7603825721148192
811,accuracy_70pct,79.30271259078982,0.77,0.7248611460518172
811,accuracy_60pct,75.84338282894043,0.73,0.6242252285680475
811,correlation_70pct,68.0620712728658,0.64,0.6843879181138598
811,correlation_60pct,54.09210053664496,0.48,0.5173535552114639
812,accuracy_80pct,90.54301846131594,0.9,0.8075067872898698
812,accuracy_70pct,80.30170623336608,0.78,0.7359527814005472
812,accuracy_60pct,74.57371865035091,0.72,0.6417421043462421
812,correlation_70pct,53.63277072910563,0.47,0.6406350332409567
812,correlation_60pct,47.634783504873056,0.41,0.45758428302274784
813,accuracy_80pct,87.35435923547982,0.86,0.7954803117667487
813,accuracy_70pct,80.62670711509254,0.79,0.6983753852078827
813,accuracy_60pct,73.03371938314605,0.71,0.4632595845300947
813,correlation_70pct,48.17478278730789,0.41,0.544495574608224
813,correlation_60pct,60.41508864260402,0.55,0.5618676220984626
814,accuracy_80pct,91.54234755129012,0.91,0.7980185779203421
814,accuracy_70pct,80.03170659214867,0.78,0.7153980081793516
814,accuracy_60pct,74.03371936791608,0.72,0.5686557792491769
814,correlation_70pct,55.092100521414984,0.49,0.5930891605764841
814,correlation_60pct,50.363442028373996,0.44,0.47342189733490003
815,accuracy_80pct,87.08402414686446,0.86,0.7658079836584826
815,accuracy_70pct,79.43704151660269,0.77,0.699291079631552
815,accuracy_60pct,74.1690546359227,0.72,0.6303258339138111
815,correlation_70pct,55.36210016263241,0.49,0.5790015894683175
815,correlation_60pct,53.362771087888206,0.47,0.5221980594235565
816,accuracy_80pct,89.2186884896153,0.88,0.8409351776290883
816,accuracy_70pct,84.76070053258758,0.83,0.8329317235762231
816,accuracy_60pct,77.43838333665434,0.75,0.7247302335621689
816,correlation_70pct,53.092771446670795,0.47,0.5155295281295453
816,correlation_60pct,47.95944893920159,0.42,0.373490616499842
817,accuracy_80pct,85.81469541567287,0.85,0.7739046818219047
817,accuracy_70pct,81.89603584628415,0.8,0.7640473382828685
817,accuracy_60pct,70.8443892472841,0.68,0.5767977398004619
817,correlation_70pct,53.95710071603625,0.48,0.5563029333459297
817,correlation_60pct,46.50011914689223,0.4,0.4822287457725599
818,accuracy_80pct,87.35469468287774,0.86,0.8212181778505854
818,accuracy_70pct,78.89704223416784,0.77,0.6968338358541781
818,accuracy_60pct,71.57371869604087,0.69,0.47495689567046784
818,correlation_70pct,58.68575920907724,0.53,0.6000015609031041
818,correlation_60pct,54.95676525340835,0.49,0.541817412134843
819,accuracy_80pct,88.3540237728519,0.87,0.8373592227462541
819,accuracy_70pct,82.22137217540853,0.81,0.671582700037066
819,accuracy_60pct,79.43704151660269,0.77,0.689000915656574
819,correlation_70pct,61.819752641802246,0.56,0.7070078273392971
819,correlation_60pct,50.22877765516321,0.44,0.4936546624134629
820,accuracy_80pct,85.9500306836795,0.85,0.769999021223243
820,accuracy_70pct,82.62637163723467,0.81,0.7596844741410469
820,accuracy_60pct,72.97972448483078,0.7,0.630619846875983
820,correlation_70pct,64.2787469714837,0.59,0.6992888667496346
820,correlation_60pct,51.363442013144024,0.45,0.5887311745820537
821,accuracy_80pct,87.94868886362785,0.87,0.7501891011136959
821,accuracy_70pct,81.49137183185593,0.8,0.646126934917745
821,accuracy_60pct,75.30405444130143,0.73,0.6162945432982929
821,correlation_70pct,54.63243526647773,0.48,0.6791514661957496
821,correlation_60pct,51.363106565746094,0.45,0.5460608192477253
822,accuracy_80pct,86.67969557983419,0.86,0.7508850386740472
822,accuracy_70pct,78.03170662260862,0.76,0.6100396453604595
822,accuracy_60pct,74.84338284417042,0.72,0.6266913979036826
822,correlation_70pct,52.363106550516115,0.46,0.5530459357325047
822,correlation_60pct,48.22944858041902,0.42,0.45560429282762477
823,accuracy_80pct,88.08435957903242,0.87,0.8325129349224801
823,accuracy_70pct,81.03170657691868,0.79,0.7334616338025022
823,accuracy_60pct,79.62603623552668,0.78,0.6176128258026781
823,correlation_70pct,59.55042392584063,0.54,0.6870586212455325
823,correlation_60pct,54.497435445869016,0.48,0.5984972562292561
824,accuracy_80pct,85.62536524935096,0.84,0.8407781330133948
824,accuracy_70pct,79.0323775021745,0.77,0.7365740155706804
824,accuracy_60pct,76.6270426234104,0.75,0.5928513665395047
824,correlation_70pct,59.55042392584063,0.54,0.6585201460531648
824,correlation_60pct,53.22777126727951,0.47,0.5700575929333938
825,accuracy_80pct,89.94835338576998,0.89,0.8281673190061294
825,accuracy_70pct,78.3023771586219,0.76,0.6602870270557981
825,accuracy_60pct,70.84506014207994,0.68,0.48212042541347466
825,correlation_70pct,65.60307694318433,0.61,0.6290080926574032
825,correlation_60pct,55.09210052141499,0.49,0.5435196672007442
826,accuracy_80pct,86.21969487749901,0.85,0.7748354077645602
826,accuracy_70pct,79.76170695093124,0.78,0.619419656357053
826,accuracy_60pct,73.43938973976803,0.71,0.6136642195024696
826,correlation_70pct,60.41508864260402,0.55,0.6354935832610263
826,correlation_60pct,51.41810780625514,0.46,0.4553047219159183
827,accuracy_80pct,87.0843595942624,0.86,0.7831606866744365
827,accuracy_70pct,80.62603622029671,0.79,0.6277869753834717
827,accuracy_60pct,74.70871847095964,0.72,0.6271535873817475
827,correlation_70pct,60.55008846321273,0.55,0.6054270385849261
827,correlation_60pct,56.281095225109,0.51,0.49469068409748074
828,accuracy_80pct,90.94801792314207,0.9,0.8584022544881189
828,accuracy_70pct,78.16771278541108,0.76,0.6592753866069382
828,accuracy_60pct,77.30204172645394,0.75,0.6213465384403645
828,correlation_70pct,58.82075902968596,0.53,0.599906256055582
828,correlation_60pct,50.82310728331126,0.45,0.47958605259044723
829,accuracy_80pct,84.49002999657431,0.83,0.7286938657918506
829,accuracy_70pct,79.35670748910512,0.78,0.6423281277017311
829,accuracy_60pct,74.57371865035093,0.72,0.5604237300379451
829,correlation_70pct,54.49743544586902,0.48,0.5981348504698407
829,correlation_60pct,63.14408261350289,0.58,0.6581030812228603
830,accuracy_80pct,84.49002999657432,0.83,0.7730002397727231
830,accuracy_70pct,82.49070092183011,0.81,0.7206838608300563
830,accuracy_60pct,76.70871844049967,0.74,0.7607950593909355
830,correlation_70pct,46.44545335378112,0.39,0.6031283883454746
830,correlation_60pct,46.04045389195499,0.39,0.5117374462850313
831,accuracy_80pct,86.35503014550562,0.85,0.7835889108863684
831,accuracy_70pct,77.8980485915916,0.76,0.6605706757728897
831,accuracy_60pct,75.70905390312757,0.73,0.6904294243716564
831,correlation_70pct,55.2271003420237,0.49,0.607230701205651
831,correlation_60pct,55.821429970171735,0.5,0.5076480867274925
832,accuracy_80pct,88.08435957903242,0.87,0.8353811936084443
832,accuracy_70pct,78.43804787402644,0.76,0.754238452757915
832,accuracy_60pct,74.30405445653142,0.72,0.6434876353211861
832,correlation_70pct,49.039447504071276,0.42,0.5873717129886998
832,correlation_60pct,56.82142995494175,0.51,0.5918224993749992
833,accuracy_80pct,85.35503016073561,0.84,0.7699255632149548
833,accuracy_70pct,83.62570072720885,0.82,0.7599572267934899
833,accuracy_60pct,74.70905391835754,0.72,0.6915383383357309
833,correlation_70pct,55.2271003420237,0.49,0.5770040256266884
833,correlation_60pct,63.73874768904886,0.59,0.6842108156330649
834,accuracy_80pct,87.4890236086906,0.86,0.8183651232132924
834,accuracy_70pct,79.76170695093124,0.78,0.6199230653377698
834,accuracy_60pct,76.57271227769719,0.74,0.6278000823333698
834,correlation_70pct,59.41542410523192,0.54,0.5981673788357612
834,correlation_60pct,55.361764715234486,0.49,0.5738594135347703
835,accuracy_80pct,88.48902359346063,0.87,0.8253192363674168
835,accuracy_70pct,80.03170659214867,0.78,0.6240048346881305
835,accuracy_60pct,76.30338353127561,0.74,0.6482831452001933
835,correlation_70pct,59.09075867090338,0.53,0.6699895470473504
835,correlation_60pct,41.312130846311916,0.34,0.281460333275428
836,accuracy_80pct,89.21835304221737,0.88,0.8379699985956037
836,accuracy_70pct,83.62603617460677,0.82,0.7954223620637508
836,accuracy_60pct,74.57371865035091,0.72,0.655533386704939
836,correlation_70pct,56.956429775550475,0.51,0.6081644593964359
836,correlation_60pct,49.09377784978448,0.43,0.46728579945098725
837,accuracy_80pct,83.62570072720885,0.82,0.754267816198972
837,accuracy_70pct,79.76204239832916,0.78,0.6636507053735675
837,accuracy_60pct,74.43838338234428,0.72,0.5470659522323287
837,correlation_70pct,60.27975337459739,0.55,0.5989508410354342
837,correlation_60pct,57.416095030487725,0.52,0.6215500134341841
838,accuracy_80pct,89.94868883316789,0.89,0.8647041101505379
838,accuracy_70pct,80.89670675630997,0.79,0.6838467863047704
838,accuracy_60pct,75.03338390528818,0.73,0.504571591141569
838,correlation_70pct,55.632099803849826,0.49,0.632938365962466
838,correlation_60pct,51.958107088689985,0.46,0.48726234348979464
839,accuracy_80pct,85.35536560813354,0.84,0.8125488395191527
839,accuracy_70pct,77.30271262124978,0.75,0.7141124316034051
839,accuracy_60pct,78.16670644321734,0.76,0.6597438283895259
839,correlation_70pct,57.22642941676789,0.51,0.6638496876609217
839,correlation_60pct,44.986123561471764,0.37,0.5767325580784141
840,accuracy_80pct,87.08368869946655,0.86,0.7153275156415139
840,accuracy_70pct,79.89704221893787,0.78,0.6308545265624712
840,accuracy_60pct,74.57371865035093,0.72,0.6064332353449332
840,correlation_70pct,64.14374715087499,0.59,0.6438558197759571
840,correlation_60pct,54.36243562526032,0.48,0.5393882925311118
841,accuracy_80pct,86.3546946981077,0.85,0.8169671283827964
841,accuracy_70pct,79.62603623552667,0.78,0.6406122381332683
841,accuracy_60pct,73.11505975283741,0.7,0.6750215903521815
841,correlation_70pct,66.14307622561918,0.61,0.7572650330109358
841,correlation_60pct,54.09243598404289,0.48,0.5723259973470787
842,accuracy_80pct,89.8136890125592,0.89,0.8417391014253007
842,accuracy_70pct,79.49204275711175,0.78,0.6490281884651257
842,accuracy_60pct,77.84304735108255,0.75,0.7417103582741583
842,correlation_70pct,51.768441474970146,0.45,0.5029184883653012
842,correlation_60pct,54.09243598404289,0.48,0.541363102930617
843,accuracy_80pct,86.21902398270316,0.85,0.7284965720109853
843,accuracy_70pct,82.22103672801062,0.81,0.7050212494068409
843,accuracy_60pct,74.16838374112687,0.72,0.5542321380329549
843,correlation_70pct,62.1444180761308,0.57,0.637762425971809
843,correlation_60pct,44.71612392025435,0.37,0.5037807926781851
844,accuracy_80pct,86.35435925070979,0.85,0.8169494685174592
844,accuracy_70pct,83.35503019119558,0.82,0.6724021348426465
844,accuracy_60pct,72.70905394881751,0.7,0.5534904407350139
844,correlation_70pct,55.68676559696095,0.5,0.560767783881893
844,correlation_60pct,52.687436537446736,0.47,0.4446807498000414
845,accuracy_80pct,88.3540237728519,0.87,0.8374442710912654
845,accuracy_70pct,76.76304878621288,0.75,0.5941034864014143
845,accuracy_60pct,72.97938903743284,0.7,0.6264328174560216
845,correlation_70pct,55.36210016263241,0.49,0.6155694571910101
845,correlation_60pct,48.03978296669918,0.41,0.6339449714774394
846,accuracy_80pct,89.08368866900659,0.88,0.8629098343411414
846,accuracy_70pct,84.21969490795897,0.83,0.7117374336622452
846,accuracy_60pct,70.84506014207994,0.68,0.5351364636565495
846,correlation_70pct,50.17411186205208,0.43,0.6137071461969204
846,correlation_60pct,49.14844364289561,0.44,0.333179786450809
847,accuracy_80pct,88.0840241316345,0.87,0.8095581540235158
847,accuracy_70pct,81.76137147307337,0.8,0.7470156386588769
847,accuracy_60pct,77.3027126212498,0.75,0.6965549015963999
847,correlation_70pct,56.95642977555047,0.51,0.5816880325572541
847,correlation_60pct,46.63478352010303,0.4,0.4649824322102561
848,accuracy_80pct,90.81335354993129,0.9,0.8492839283843805
848,accuracy_70pct,79.16704187538528,0.77,0.6060179034044185
848,accuracy_60pct,74.97871811217705,0.72,0.61524585115725
848,correlation_70pct,55.362100162632416,0.49,0.5742417385829993
848,correlation_60pct,57.685759224307226,0.52,0.47255168764509553
849,accuracy_80pct,87.9493597584237,0.87,0.7835388384552877
849,accuracy_70pct,80.30170623336609,0.78,0.7114336004736276
849,accuracy_60pct,74.30405445653142,0.72,0.6100982743697819
849,correlation_70pct,60.415088642604026,0.55,0.5988506587394802
849,correlation_60pct,55.2271003420237,0.49,0.5677106856392266
850,accuracy_80pct,88.2190239522432,0.87,0.8069725157770494
850,accuracy_70pct,75.57371863512094,0.73,0.6455544706747463
850,accuracy_60pct,79.16771277018113,0.77,0.6812714433802014
850,correlation_70pct,56.95642977555047,0.51,0.6296357578142984
850,correlation_60pct,48.49911277423851,0.42,0.4089279390948434
851,accuracy_80pct,85.62502980195303,0.84,0.8284891339038379
851,accuracy_70pct,80.76137148830334,0.79,0.6732453400177438
851,accuracy_60pct,71.03405486100394,0.69,0.4528536862234388
851,correlation_70pct,57.95609431292256,0.52,0.6215634338494974
851,correlation_60pct,51.633441654361434,0.45,0.5493164491942795
852,accuracy_80pct,87.94868886362786,0.87,0.7389108651897083
852,accuracy_70pct,77.89704224939784,0.76,0.5966216858178529
852,accuracy_60pct,77.168048248039,0.75,0.6105538897968958
852,correlation_70pct,51.3087762200329,0.44,0.5815616113461047
852,correlation_60pct,63.60374786844015,0.59,0.6417467050816209
853,accuracy_80pct,86.0846950568903,0.85,0.7843465473387262
853,accuracy_70pct,83.35570108599143,0.82,0.7491645726528054
853,accuracy_60pct,69.71006033670122,0.67,0.5280929724104609
853,correlation_70pct,54.14710177715402,0.49,0.4801567457492416
853,correlation_60pct,53.092435999272865,0.47,0.5405268475386535
854,accuracy_80pct,90.81335354993129,0.9,0.8582988820811337
854,accuracy_70pct,79.89670677153995,0.78,0.6979833407103879
854,accuracy_60pct,73.89838409990944,0.72,0.5276183011710266
854,correlation_70pct,62.009418255522085,0.57,0.6546557811537251
854,correlation_60pct,48.30944716051867,0.41,0.5171541762733882
855,accuracy_80pct,86.48969451871642,0.85,0.7996451662793173
855,accuracy_70pct,86.76002960733177,0.85,0.8681345861694812
855,accuracy_60pct,76.16838371066692,0.74,0.6367227128834753
855,correlation_70pct,59.09075867090337,0.53,0.6975611025481508
855,correlation_60pct,44.310789011030295,0.37,0.44241264712506573
856,accuracy_80pct,86.35503014550564,0.85,0.8121086814103229
856,accuracy_70pct,80.76204238309919,0.79,0.6863493803058321
856,accuracy_60pct,73.4390542923701,0.71,0.47948030908092515
856,correlation_70pct,54.497435445869016,0.48,0.5573862279705075
856,correlation_60pct,55.95676523817836,0.5,0.5389548820052515
857,accuracy_80pct,86.22003032489692,0.85,0.8115825278886999
857,accuracy_70pct,80.57204132198143,0.78,0.7898835949473471
857,accuracy_60pct,77.03271298003237,0.75,0.6111285782423782
857,correlation_70pct,52.63310619173353,0.46,0.5773981798366632
857,correlation_60pct,51.0934423719266,0.45,0.5105273491926795
858,accuracy_80pct,87.67801832761458,0.87,0.7315761414524234
858,accuracy_70pct,78.03204207000654,0.76,0.6921889337663687
858,accuracy_60pct,72.70804760662372,0.7,0.560855425613909
858,correlation_70pct,58.68542376167932,0.53,0.6149940027303322
858,correlation_60pct,51.0934423719266,0.45,0.5253681721102827
859,accuracy_80pct,87.94835341622993,0.87,0.7012491468809302
859,accuracy_70pct,81.0320420243166,0.79,0.6988093597330371
859,accuracy_60pct,77.22204314635428,0.76,0.4218992776929576
859,correlation_70pct,55.227100342023704,0.49,0.542564481345008
859,correlation_60pct,54.821765432799644,0.49,0.4102903346028932
860,accuracy_80pct,86.08503050428821,0.85,0.7843791331271092
860,accuracy_70pct,81.89637129368207,0.8,0.6580668822519253
860,accuracy_60pct,73.97938902220287,0.71,0.6198004911053595
860,correlation_70pct,61.1447535387587,0.56,0.5952246408808075
860,correlation_60pct,54.227100357253676,0.48,0.5238793133685082
861,accuracy_80pct,89.21835304221737,0.88,0.8514087698087107
861,accuracy_70pct,80.03137114475072,0.78,0.6848556348544722
861,accuracy_60pct,74.30271266693973,0.72,0.5310626369566929
861,correlation_70pct,59.685423746449345,0.54,0.5862724640111211
861,correlation_60pct,52.2281067299074,0.46,0.5236577383600691
862,accuracy_80pct,88.0843595790324,0.87,0.8070616843888085
862,accuracy_70pct,82.03103566689285,0.8,0.7235715124472623
862,accuracy_60pct,75.1687191732948,0.73,0.5739622977644813
862,correlation_70pct,57.95609431292257,0.52,0.6641817309792523
862,correlation_60pct,56.011431031289504,0.51,0.47198168700438503
863,accuracy_80pct,85.219694892729,0.84,0.7327005784389579
863,accuracy_70pct,78.89737768156577,0.77,0.6477375110192637
863,accuracy_60pct,77.16704190584522,0.75,0.6233536859897459
863,correlation_70pct,62.009418255522085,0.57,0.5780741115884697
863,correlation_60pct,47.49877734207057,0.41,0.41383850295776464
864,accuracy_80pct,87.62469432409516,0.86,0.8784820871432156
864,accuracy_70pct,83.89502947363042,0.82,0.7489835715488493
864,accuracy_60pct,74.30338356173557,0.72,0.5598243322233187
864,correlation_70pct,52.03844111618757,0.45,0.5899679022851344
864,correlation_60pct,49.17444732467999,0.42,0.4925542606149121
865,accuracy_80pct,85.35536560813355,0.84,0.7513075196549825
865,accuracy_70pct,83.49070090660014,0.82,0.6781671513098583
865,accuracy_60pct,73.84405375419624,0.71,0.5432615998294764
865,correlation_70pct,57.686094671705156,0.52,0.5938226688799534
865,correlation_60pct,54.36243562526031,0.48,0.5190784603855862
866,accuracy_80pct,83.085701444774,0.82,0.6973763390086082
866,accuracy_70pct,80.49137184708592,0.79,0.6644767083656259
866,accuracy_60pct,72.5740541282088,0.7,0.571515001552122
866,correlation_70pct,50.36377747577192,0.44,0.5244605364555954
866,correlation_60pct,43.636125355384664,0.37,0.42843115943424964
867,accuracy_80pct,86.22003032489692,0.85,0.824752234931902
867,accuracy_70pct,80.03137114475074,0.78,0.6964957029986705
867,accuracy_60pct,78.03237751740447,0.76,0.6471750811391307
867,correlation_70pct,62.414417717348215,0.57,0.6928526849988064
867,correlation_60pct,49.30911169789077,0.42,0.5933207164874845
868,accuracy_80pct,83.49036545920221,0.82,0.7484565379393643
868,accuracy_70pct,78.3023771586219,0.76,0.7324175120465999
868,accuracy_60pct,73.16905465115269,0.71,0.5571743419847399
868,correlation_70pct,61.00975371814998,0.56,0.6369175340789147
868,correlation_60pct,43.90578954920416,0.37,0.44359120073199976
869,accuracy_80pct,89.94868883316789,0.89,0.8821911738113507
869,accuracy_70pct,84.22036580275481,0.83,0.7737536861604497
869,accuracy_60pct,72.5740541282088,0.7,0.5998598706149147
869,correlation_70pct,49.76911240022595,0.43,0.620031933517043
869,correlation_60pct,45.634783535333014,0.39,0.41806791272649013
870,accuracy_80pct,91.67801826669468,0.91,0.8715052840341282
870,accuracy_70pct,84.0836887451565,0.83,0.621042007874505
870,accuracy_60pct,75.89871951684741,0.74,0.6375854842949737
870,correlation_70pct,59.28042428462321,0.54,0.6100505566485489
870,correlation_60pct,56.011431031289504,0.51,0.5198569243475571
871,accuracy_80pct,89.8136890125592,0.89,0.7958038332436368
871,accuracy_70pct,82.4903654744322,0.81,0.6774284494886644
871,accuracy_60pct,70.97972451529074,0.68,0.5459578469628155
871,correlation_70pct,60.41508864260402,0.55,0.5751442944899352
871,correlation_60pct,43.50112553477595,0.37,0.380836655574178
872,accuracy_80pct,89.67801829715464,0.89,0.7877228352462742
872,accuracy_70pct,79.5720413372114,0.77,0.7731625181543771
872,accuracy_60pct,75.8987195168474,0.74,0.6390760060898685
872,correlation_70pct,61.279753359367405,0.56,0.6117462098890968
872,correlation_60pct,45.31078899580031,0.38,0.45520772710305485
873,accuracy_80pct,87.48935905608853,0.86,0.776440114388526
873,accuracy_70pct,81.35637201124723,0.8,0.6308132346597803
873,accuracy_60pct,80.89670675630997,0.79,0.6801395747407532
873,correlation_70pct,58.41575956785983,0.53,0.5783664701845304
873,correlation_60pct,50.228777655163206,0.44,0.502634457472581
874,accuracy_80pct,87.94868886362786,0.87,0.7942469733385253
874,accuracy_70pct,80.76137148830334,0.79,0.6735655736622266
874,accuracy_60pct,71.24972415650815,0.68,0.602607680366218
874,correlation_70pct,59.41542410523192,0.54,0.5733945775637118
874,correlation_60pct,51.22844219253531,0.45,0.4916838682709428
875,accuracy_80pct,87.2193594148711,0.86,0.789227857986077
875,accuracy_70pct,79.03204205477657,0.77,0.706184084552225
875,accuracy_60pct,72.76338429453072,0.71,0.4548357161113554
875,correlation_70pct,53.55210125421013,0.48,0.4485811110682751
875,correlation_60pct,47.44478244375529,0.4,0.5176548208980082
876,accuracy_80pct,91.81301808730338,0.91,0.8851824718500734
876,accuracy_70pct,79.16670642798735,0.77,0.611370853323984
876,accuracy_60pct,73.57405411297881,0.71,0.5333087262210059
876,correlation_70pct,59.09075867090337,0.53,0.6798367428851695
876,correlation_60pct,46.364112984089765,0.4,0.27991155416270863
877,accuracy_80pct,87.67936011720627,0.87,0.8192328543022401
877,accuracy_70pct,80.1670418601553,0.78,0.7414837863469965
877,accuracy_60pct,71.4937201159412,0.7,0.46066391377031474
877,correlation_70pct,48.03978296669918,0.41,0.5717965571048482
877,correlation_60pct,50.498106401584785,0.44,0.5484813258228531
878,accuracy_80pct,85.35469471333771,0.84,0.7566363902272294
878,accuracy_70pct,84.62536526458094,0.83,0.7931520166747513
878,accuracy_60pct,73.57438956037674,0.71,0.5853079133066167
878,correlation_70pct,61.1447535387587,0.56,0.6394097823449784
878,correlation_60pct,46.175453712563694,0.39,0.46023901432607583
879,accuracy_80pct,86.49002996611434,0.85,0.8467178861541015
879,accuracy_70pct,76.49271369759754,0.75,0.5501408205841744
879,accuracy_60pct,76.1683837106669,0.74,0.6330577912975377
879,correlation_70pct,58.820759029685966,0.53,0.6563505749410772
879,correlation_60pct,56.68643013433305,0.51,0.5425114827806718
880,accuracy_80pct,82.81603725095451,0.82,0.6411121421417756
880,accuracy_70pct,77.89704224939783,0.76,0.6270333269408868
880,accuracy_60pct,73.43938973976802,0.71,0.5766080215546745
880,correlation_70pct,61.00975371814999,0.56,0.5909880320646873
880,correlation_60pct,59.28042428462321,0.54,0.5605176558261015
881,accuracy_80pct,86.94969522105161,0.86,0.7231735120048722
881,accuracy_70pct,80.16670641275738,0.78,0.6622274808980337
881,accuracy_60pct,76.16804826326899,0.74,0.5356590949337209
881,correlation_70pct,59.955423387666755,0.54,0.6338543146315874
881,correlation_60pct,45.63545443012885,0.39,0.3390894156494627
882,accuracy_80pct,86.49002996611435,0.85,0.8417469554653634
882,accuracy_70pct,81.89670674108,0.8,0.7355541737923016
882,accuracy_60pct,79.89737766633579,0.78,0.7019510298765563
882,correlation_70pct,52.363106550516115,0.46,0.5888944871544043
882,correlation_60pct,49.228777670393185,0.43,0.41222360615720327
883,accuracy_80pct,84.03070018903497,0.82,0.8163003855452502
883,accuracy_70pct,84.94902435671573,0.84,0.6427407799837378
883,accuracy_60pct,73.11505975283741,0.7,0.6851624912798421
883,correlation_70pct,60.09042320827547,0.54,0.7014138012515266
883,correlation_60pct,54.95710070080628,0.49,0.5643170546249467
884,accuracy_80pct,88.0840241316345,0.87,0.8209909232302187
884,accuracy_70pct,80.03237748694451,0.78,0.7489167515723282
884,accuracy_60pct,70.24972417173814,0.67,0.5552333849408714
884,correlation_70pct,56.09176505878709,0.5,0.6244745289987232
884,correlation_60pct,44.90478319178041,0.38,0.3833086459728515
885,accuracy_80pct,87.35402378808189,0.86,0.7972493538114596
885,accuracy_70pct,81.62637165246466,0.8,0.688382195855644
885,accuracy_60pct,73.9797244696008,0.71,0.6661168665369114
885,correlation_70pct,60.82008810443015,0.55,0.6192281416508291
885,correlation_60pct,52.49777092372691,0.46,0.5371848073686835
886,accuracy_80pct,85.35503016073562,0.84,0.7698931074166416
886,accuracy_70pct,84.49036544397222,0.83,0.7550670825559236
886,accuracy_60pct,69.98073087271449,0.67,0.5823539849670357
886,correlation_70pct,63.144082613502896,0.58,0.7089243569326623
886,correlation_60pct,52.49810637112483,0.46,0.579187376487532
887,accuracy_80pct,90.35335284759611,0.89,0.90099360861233
887,accuracy_70pct,80.49103639968801,0.79,0.6322177119598863
887,accuracy_60pct,75.03371935268609,0.73,0.6167548062304802
887,correlation_70pct,48.769112415455936,0.42,0.5366751667084927
887,correlation_60pct,48.5794468017361,0.41,0.6199693358808662
888,accuracy_80pct,83.4900300118043,0.82,0.694227102576331
888,accuracy_70pct,81.0317065769187,0.79,0.7472873831533527
888,accuracy_60pct,72.30405448699138,0.7,0.46893350603599687
888,correlation_70pct,54.76743508708644,0.48,0.6300376520662979
888,correlation_60pct,54.687101059588855,0.49,0.5239593355599736
889,accuracy_80pct,88.21868850484528,0.87,0.7883485718771699
889,accuracy_70pct,78.35603660953926,0.77,0.5621183972493066
889,accuracy_60pct,72.24938869388025,0.69,0.5968664087515675
889,correlation_70pct,62.14441807613079,0.57,0.7245742155045647
889,correlation_60pct,47.229448595648996,0.41,0.3845390701569534
890,accuracy_80pct,89.08368866900659,0.88,0.8447789988451501
890,accuracy_70pct,82.08637235479983,0.81,0.7106357408961393
890,accuracy_60pct,68.11472438158938,0.65,0.5198335040305279
890,correlation_70pct,54.36210017786239,0.48,0.6267651234904014
890,correlation_60pct,49.95844256654787,0.44,0.48526548317555557
891,accuracy_80pct,86.48969451871643,0.85,0.8062340246226734
891,accuracy_70pct,84.94902435671573,0.84,0.6544735705351344
891,accuracy_60pct,75.89804862205155,0.74,0.5931159102783365
891,correlation_70pct,52.49810637112483,0.46,0.5796521391776597
891,correlation_60pct,47.71511753237063,0.4,0.5404115383834202
892,accuracy_80pct,86.48969451871643,0.85,0.7712723158946697
892,accuracy_70pct,77.62737805557833,0.76,0.5465425778211271
892,accuracy_60pct,76.43871879928224,0.74,0.6332511995012182
892,correlation_70pct,57.95609431292257,0.52,0.6095224456151235
892,correlation_60pct,60.469754435715146,0.56,0.5415264641347656
893,accuracy_80pct,84.81368908870908,0.84,0.6533692314407393
893,accuracy_70pct,82.03137111429078,0.8,0.7960254243852392
893,accuracy_60pct,70.89838414559938,0.69,0.43456429452697387
893,correlation_70pct,55.76709962445854,0.49,0.7104615444656839
893,correlation_60pct,51.49844183375273,0.45,0.5758273330515049
894,accuracy_80pct,86.94969522105161,0.86,0.7852923312819179
894,accuracy_70pct,81.76170692047128,0.8,0.7277096900672109
894,accuracy_60pct,74.70938936575547,0.72,0.7186812483592446
894,correlation_70pct,41.2574650532008,0.33,0.45933591916879435
894,correlation_60pct,55.87643121068079,0.51,0.4556950182276466
895,accuracy_80pct,88.67801831238461,0.88,0.7449109122863521
895,accuracy_70pct,79.62637168292461,0.78,0.6239521052992453
895,accuracy_60pct,77.3027126212498,0.75,0.6713763534714916
895,correlation_70pct,57.95609431292256,0.52,0.6222468436405764
895,correlation_60pct,44.44612427903692,0.37,0.4580518176926054
896,accuracy_80pct,89.81368901255918,0.89,0.8269957279209309
896,accuracy_70pct,78.76170696616121,0.77,0.5686967879046114
896,accuracy_60pct,73.97905357480495,0.71,0.6651147300888715
896,correlation_70pct,61.41475317997612,0.56,0.6673798504000104
896,correlation_60pct,47.09478422243821,0.41,0.42424248349216703
897,accuracy_80pct,86.35469469810772,0.85,0.8028353601276145
897,accuracy_70pct,79.35704293650303,0.78,0.6536137071177017
897,accuracy_60pct,72.43871886020216,0.7,0.45763376663959615
897,correlation_70pct,56.956429775550475,0.51,0.6363354954453602
897,correlation_60pct,48.904447683462564,0.42,0.5197126040592791
898,accuracy_80pct,85.08536596691613,0.84,0.7648331455140283
898,accuracy_70pct,79.03170660737865,0.77,0.6596465462874949
898,accuracy_60pct,78.35737839913094,0.77,0.6562472535062496
898,correlation_70pct,62.414417717348215,0.57,0.6883824336101636
898,correlation_60pct,48.36444840102772,0.42,0.43897293325754516
899,accuracy_80pct,86.21935943010108,0.85,0.7655010511944527
899,accuracy_70pct,81.62637165246464,0.8,0.7336588002096969
899,accuracy_60pct,72.89871956253734,0.71,0.47042087534924437
899,correlation_70pct,57.82075904491593,0.52,0.6307850270131051
899,correlation_60pct,53.68710107481883,0.48,0.44918721096757597
900,accuracy_80pct,87.94835341622993,0.87,0.7566512996494124
900,accuracy_70pct,80.49170729448383,0.79,0.6959961830348851
900,accuracy_60pct,74.43905427714013,0.72,0.6589699593750742
900,correlation_70pct,47.03978298192916,0.4,0.4745341679006986
900,correlation_60pct,48.36411295362981,0.42,0.4184564420275488
901,accuracy_80pct,87.48935905608852,0.86,0.8446293301714416
901,accuracy_70pct,75.62838442823205,0.74,0.6319406505145363
901,accuracy_60pct,73.7083830387917,0.71,0.6097100265935999
901,correlation_70pct,57.09142959615919,0.51,0.6768962629702389
901,correlation_60pct,55.821765417569665,0.5,0.579003621463633
902,accuracy_80pct,87.0843595942624,0.86,0.8074296020266689
902,accuracy_70pct,79.62704257772046,0.78,0.7047038875178794
902,accuracy_60pct,75.30371899390352,0.73,0.657739847944774
902,correlation_70pct,57.55109485109644,0.52,0.5791247897082373
902,correlation_60pct,44.770454265967544,0.38,0.45804494773596344
903,accuracy_80pct,85.94969523628158,0.85,0.7509026843300332
903,accuracy_70pct,81.89670674107998,0.8,0.7880372898896222
903,accuracy_60pct,74.4387188297422,0.72,0.6146971176059228
903,correlation_70pct,57.2264294167679,0.51,0.6352942423549677
903,correlation_60pct,52.41777234362724,0.47,0.4753037134332745
904,accuracy_80pct,86.21935943010108,0.85,0.7363580498311624
904,accuracy_70pct,82.22137217540855,0.81,0.693965781681826
904,accuracy_60pct,72.3043899343893,0.7,0.5540640798465108
904,correlation_70pct,59.875089360169184,0.55,0.5735491293065677
904,correlation_60pct,53.95743616343418,0.48,0.5426394242492272
905,accuracy_80pct,85.62502980195303,0.84,0.7895897575727163
905,accuracy_70pct,80.16737730755321,0.78,0.7470087152497521
905,accuracy_60pct,80.1670418601553,0.78,0.6961525677738406
905,correlation_70pct,62.009418255522085,0.57,0.6162366528832575
905,correlation_60pct,50.49877729638064,0.44,0.5353435498626349
906,accuracy_80pct,90.81335354993129,0.9,0.869150523401688
906,accuracy_70pct,82.0317065616887,0.8,0.7408947138366719
906,accuracy_60pct,78.30237715862188,0.76,0.6689330751452365
906,correlation_70pct,60.415088642604026,0.55,0.6176443078369659
906,correlation_60pct,54.82210088019757,0.49,0.5319471859157232
907,accuracy_80pct,85.76036506995966,0.84,0.8401354160176844
907,accuracy_70pct,77.03304842743029,0.75,0.6202990563145546
907,accuracy_60pct,75.43838336711431,0.73,0.6681150593425433
907,correlation_70pct,54.95710070080628,0.49,0.600619645451761
907,correlation_60pct,53.63277072910563,0.47,0.6681233465743128
908,accuracy_80pct,88.21868850484528,0.87,0.7870715483784282
908,accuracy_70pct,83.62603617460675,0.82,0.7269573192499261
908,accuracy_60pct,73.57438956037674,0.71,0.5681197621557175
908,correlation_70pct,53.63277072910563,0.47,0.5467155879582698
908,correlation_60pct,58.68575920907725,0.53,0.5895032708451188
909,accuracy_80pct,83.4903654592022,0.82,0.7153425807046684
909,accuracy_70pct,80.89704220370788,0.79,0.7312084342011386
909,accuracy_60pct,79.35603659430927,0.78,0.5192443101779508
909,correlation_70pct,54.95710070080628,0.49,0.5569380498962846
909,correlation_60pct,50.49877729638063,0.44,0.5173505786528613
910,accuracy_80pct,85.35503016073562,0.84,0.764092080466469
910,accuracy_70pct,81.49103638445801,0.8,0.6839273926432926
910,accuracy_60pct,75.16804827849896,0.73,0.56432543807102
910,correlation_70pct,63.14408261350289,0.58,0.6700220652199372
910,correlation_60pct,55.632099803849826,0.49,0.636787224583127
911,accuracy_80pct,86.08503050428823,0.85,0.8137913837839466
911,accuracy_70pct,75.16771283110104,0.73,0.6218761663063237
911,accuracy_60pct,74.03371936791608,0.72,0.6326809152267273
911,correlation_70pct,53.2277712672795,0.47,0.5672838377740573
911,correlation_60pct,47.3644484162577,0.41,0.4633288523496478
912,accuracy_80pct,87.21935941487111,0.86,0.7804409147298811
912,accuracy_70pct,84.35570107076143,0.83,0.7381842522118144
912,accuracy_60pct,77.16771280064107,0.75,0.6198856528061208
912,correlation_70pct,59.685423746449345,0.54,0.6732638606116209
912,correlation_60pct,52.227435835111564,0.46,0.4690060479041292
913,accuracy_80pct,86.35503014550564,0.85,0.7720573572018481
913,accuracy_70pct,83.76103599521547,0.82,0.7844294461074274
913,accuracy_60pct,75.16838372589689,0.73,0.5012400009518463
913,correlation_70pct,55.632099803849826,0.49,0.5802818926950215
913,correlation_60pct,59.415088657834005,0.54,0.5410778162515303
914,accuracy_80pct,86.35435925070979,0.85,0.7946810419781034
914,accuracy_70pct,79.89670677153995,0.78,0.6975248722683253
914,accuracy_60pct,71.38573031931062,0.68,0.6971387839763797
914,correlation_70pct,60.01008918077789,0.55,0.6227960836154123
914,correlation_60pct,52.82277180545337,0.47,0.5243167146618545
915,accuracy_80pct,87.21969486226904,0.86,0.8051503101640166
915,accuracy_70pct,79.89704221893787,0.78,0.66365603501179
915,accuracy_60pct,77.76204242878913,0.76,0.5388237056565259
915,correlation_70pct,55.092100521414984,0.49,0.6038160803011193
915,correlation_60pct,62.00908280812416,0.57,0.6224201276403295
916,accuracy_80pct,86.219694877499,0.85,0.7757026403941735
916,accuracy_70pct,81.89637129368208,0.8,0.7344213401527376
916,accuracy_60pct,74.03405481531401,0.72,0.5715231243606458
916,correlation_70pct,54.95710070080628,0.49,0.6232468815343875
916,correlation_60pct,49.90411222083467,0.43,0.5622978826607574
917,accuracy_80pct,90.08368865377662,0.89,0.8751848862516068
917,accuracy_70pct,81.89603584628415,0.8,0.6998811369623297
917,accuracy_60pct,75.76304880144285,0.74,0.4863951270606576
917,correlation_70pct,54.09243598404289,0.48,0.4932387920259188
917,correlation_60pct,58.41575956785982,0.53,0.4405225108040794
918,accuracy_80pct,88.21868850484528,0.87,0.8202946624773798
918,accuracy_70pct,84.03070018903497,0.82,0.801632959201087
918,accuracy_60pct,73.76304883190281,0.72,0.4520326607954653
918,correlation_70pct,63.41408225472031,0.58,0.7139545818325793
918,correlation_60pct,61.279753359367405,0.56,0.6300332627042355
919,accuracy_80pct,89.21902393701322,0.88,0.8597334688599058
919,accuracy_70pct,79.76237784572709,0.78,0.7254614590331182
919,accuracy_60pct,72.8980486677415,0.71,0.505618117528018
919,correlation_70pct,51.03877657881547,0.44,0.5627870076374233
919,correlation_60pct,44.49978372995428,0.38,0.36052450407544406
920,accuracy_80pct,88.94868884839788,0.88,0.8089674153584787
920,accuracy_70pct,77.89771314419367,0.76,0.6815081495545456
920,accuracy_60pct,76.16804826326899,0.74,0.6274422427678391
920,correlation_70pct,63.009082792894176,0.58,0.6094651129305602
920,correlation_60pct,47.04011842932707,0.4,0.4529997830128498
921,accuracy_80pct,85.08469507212027,0.84,0.7322686664996978
921,accuracy_70pct,80.49170729448385,0.79,0.642289773331105
921,accuracy_60pct,71.43938977022799,0.69,0.4935916487979926
921,correlation_70pct,53.76777054971434,0.47,0.6111825752686183
921,correlation_60pct,49.634112579617245,0.43,0.4995247688479313
922,accuracy_80pct,85.62536524935095,0.84,0.823442919802968
922,accuracy_70pct,79.16771277018111,0.77,0.6917206814399675
922,accuracy_60pct,75.16905462069273,0.73,0.6325539879758699
922,correlation_70pct,56.821429954941756,0.51,0.6349105528021277
922,correlation_60pct,44.31112445842821,0.37,0.435897613975197
923,accuracy_80pct,84.21969490795895,0.83,0.6746170403419913
923,accuracy_70pct,85.35536560813354,0.84,0.7790166174037798
923,accuracy_60pct,75.57405408251887,0.73,0.6585434077565947
923,correlation_70pct,58.68575920907725,0.53,0.5872235475473128
923,correlation_60pct,51.093106924528676,0.45,0.4999715796190451
924,accuracy_80pct,85.62469435455512,0.84,0.7712124564323264
924,accuracy_70pct,78.8977131289637,0.77,0.6841581591804189
924,accuracy_60pct,78.357042951733,0.77,0.5503238565547368
924,correlation_70pct,63.87374750965757,0.59,0.6366407762007154
924,correlation_60pct,52.82277180545337,0.47,0.49029078539702053
925,accuracy_80pct,84.3550301759656,0.83,0.733928202184896
925,accuracy_70pct,81.95003074459942,0.81,0.558337401182101
925,accuracy_60pct,74.84338284417042,0.72,0.6421483314040985
925,correlation_70pct,59.55042392584063,0.54,0.6645363187924926
925,correlation_60pct,48.634112594847224,0.42,0.4577576972521899
926,accuracy_80pct,85.22036578752483,0.84,0.8023407466714161
926,accuracy_70pct,79.0327129495724,0.77,0.7462190927659949
926,accuracy_60pct,73.30371902436349,0.71,0.6199908940622498
926,correlation_70pct,52.632770744335616,0.46,0.6482548383261316
926,correlation_60pct,56.14643085189821,0.51,0.5639142894448639
927,accuracy_80pct,87.35435923547982,0.86,0.8014635515512928
927,accuracy_70pct,83.03103565166288,0.81,0.7863774871293617
927,accuracy_60pct,75.03304845789026,0.73,0.551688570645711
927,correlation_70pct,58.28042429985319,0.53,0.5670857911514845
927,correlation_60pct,55.36210016263241,0.49,0.5912467732487775
928,accuracy_80pct,86.49002996611434,0.85,0.8431992299193404
928,accuracy_70pct,78.22204313112431,0.77,0.5496845834788862
928,accuracy_60pct,73.57405411297881,0.71,0.6130768462953983
928,correlation_70pct,58.95575885029467,0.53,0.6453669021005415
928,correlation_60pct,45.77045425073756,0.39,0.4352960512012271
929,accuracy_80pct,87.35402378808189,0.86,0.7718196967289868
929,accuracy_70pct,79.22204311589431,0.78,0.5543319784015194
929,accuracy_60pct,72.57472502300465,0.7,0.5765711300574066
929,correlation_70pct,60.95508792503885,0.55,0.6359218587594607
929,correlation_60pct,51.36344201314402,0.45,0.5218537260723533
930,accuracy_80pct,88.94868884839788,0.88,0.7926794323944295
930,accuracy_70pct,81.62637165246464,0.8,0.674490960342962
930,accuracy_60pct,71.76472609935239,0.7,0.454609286150232
930,correlation_70pct,61.279753359367405,0.56,0.6242341067766859
930,correlation_60pct,47.49978368426434,0.41,0.4546323124850552
931,accuracy_80pct,85.62502980195305,0.84,0.8444232570119313
931,accuracy_70pct,80.3563720264772,0.79,0.6014384898542502
931,accuracy_60pct,74.38438848402899,0.71,0.6918515260014139
931,correlation_70pct,64.87341204702966,0.6,0.7450073358237088
931,correlation_60pct,54.82210088019756,0.49,0.5164751259953502
932,accuracy_80pct,85.08536596691613,0.84,0.738204029288758
932,accuracy_70pct,79.16771277018113,0.77,0.7177339248830891
932,accuracy_60pct,74.16905463592272,0.72,0.5691003335564757
932,correlation_70pct,48.03978296669918,0.41,0.5630282004835366
932,correlation_60pct,53.49777090849692,0.47,0.5321283630066344
933,accuracy_80pct,88.48935904085855,0.87,0.8778063498318265
933,accuracy_70pct,80.76170693570126,0.79,0.7049323124111219
933,accuracy_60pct,75.97871809694708,0.73,0.7215003536105857
933,correlation_70pct,60.68508828382144,0.55,0.6246010063441927
933,correlation_60pct,51.498441833752736,0.45,0.5100898220504356
934,accuracy_80pct,88.08435957903241,0.87,0.873264893312298
934,accuracy_70pct,81.16637095012948,0.79,0.7676896212972452
934,accuracy_60pct,73.24938867865028,0.7,0.6532564516279235
934,correlation_70pct,64.00874733026627,0.59,0.6974514932205256
934,correlation_60pct,48.634112594847224,0.42,0.4501784732026595
935,accuracy_80pct,87.35435923547982,0.86,0.7905628049166932
935,accuracy_70pct,81.16637095012946,0.79,0.7021548831756282
935,accuracy_60pct,71.25073049870193,0.68,0.5868786133301223
935,correlation_70pct,66.00807640501047,0.61,0.7313920929136929
935,correlation_60pct,57.956094312922566,0.52,0.5772270204464953
936,accuracy_80pct,89.21902393701322,0.88,0.8724125775963197
936,accuracy_70pct,81.30204166553402,0.79,0.7739620207539687
936,accuracy_60pct,74.4383833823443,0.72,0.5787130584572737
936,correlation_70pct,56.82142995494176,0.51,0.5626074686645001
936,correlation_60pct,51.228442192535304,0.45,0.44749976893542937
937,accuracy_80pct,89.8136890125592,0.89,0.8141383053658309
937,accuracy_70pct,80.16704186015528,0.78,0.722449641758509
937,accuracy_60pct,72.30506082918515,0.7,0.49623782131441263
937,correlation_70pct,54.497435445869016,0.48,0.509182889094929
937,correlation_60pct,50.76844149020013,0.44,0.48057847942825593
938,accuracy_80pct,87.21902396747319,0.86,0.78217240484045
938,accuracy_70pct,79.49137186231589,0.78,0.6651335614953059
938,accuracy_60pct,71.8997259199611,0.7,0.4920021197555309
938,correlation_70pct,56.956429775550475,0.51,0.6481309831513394
938,correlation_60pct,58.82075902968596,0.53,0.6056585391345081
939,accuracy_80pct,87.81335359562122,0.87,0.729884347330738
939,accuracy_70pct,79.30271259078982,0.77,0.7506557290488904
939,accuracy_60pct,75.70871845572965,0.73,0.7066930254657973
939,correlation_70pct,64.2787469714837,0.59,0.7104529619889512
939,correlation_60pct,45.50045460952014,0.39,0.35626837764152625
940,accuracy_80pct,88.0840241316345,0.87,0.7675443117733352
940,accuracy_70pct,77.30338351604563,0.75,0.6229344774284774
940,accuracy_60pct,76.89804860682159,0.75,0.5645437782200624
940,correlation_70pct,60.145089001386594,0.55,0.5707100078195768
940,correlation_60pct,53.63277072910563,0.47,0.5297878208684802
941,accuracy_80pct,87.94902431102577,0.87,0.8111236871256464
941,accuracy_70pct,79.76137150353333,0.78,0.6993502891292904
941,accuracy_60pct,78.16737733801317,0.76,0.7200485774353884
941,correlation_70pct,63.73874768904886,0.59,0.6880818431876372
941,correlation_60pct,52.41743689622932,0.47,0.4976638027523259
942,accuracy_80pct,87.9493597584237,0.87,0.8115257527477796
942,accuracy_70pct,79.0323775021745,0.77,0.6629813444594858
942,accuracy_60pct,70.38573033454063,0.67,0.624586005675377
942,correlation_70pct,58.550759388468535,0.53,0.5888021780096607
942,correlation_60pct,56.416095045717704,0.51,0.4992451169382404
943,accuracy_80pct,88.81368902778917,0.88,0.8277230249482074
943,accuracy_70pct,77.5727122624672,0.75,0.7000073850193668
943,accuracy_60pct,77.62771350297625,0.76,0.6098536448761479
943,correlation_70pct,61.549417553186906,0.56,0.6608286341417646
943,correlation_60pct,49.68877837272837,0.44,0.383369367583288
944,accuracy_80pct,87.0843595942624,0.86,0.8007068724479688
944,accuracy_70pct,81.35536566905347,0.8,0.6414432611695532
944,accuracy_60pct,74.43871882974221,0.72,0.6115123451570592
944,correlation_70pct,56.82142995494176,0.51,0.6774756560280805
944,correlation_60pct,48.36411295362981,0.42,0.41621386064268223
945,accuracy_80pct,86.62502978672305,0.85,0.8243174013899074
945,accuracy_70pct,83.76070054781755,0.82,0.7331245742478634
945,accuracy_60pct,71.57472503823463,0.69,0.47495716690255596
945,correlation_70pct,51.363442013144024,0.45,0.5584963274809186
945,correlation_60pct,49.63411257961724,0.43,0.4435094438118574
946,accuracy_80pct,84.48969454917639,0.83,0.683338322563827
946,accuracy_70pct,87.62469432409515,0.86,0.8582202146028164
946,accuracy_60pct,74.84338284417042,0.72,0.6006570708768265
946,correlation_70pct,60.55008846321273,0.55,0.64756690329437
946,correlation_60pct,53.092771446670795,0.47,0.48799765901188874
947,accuracy_80pct,88.35402377285192,0.87,0.8490110072210453
947,accuracy_70pct,77.76204242878913,0.76,0.5987218156538355
947,accuracy_60pct,74.30405445653142,0.72,0.5840240858803493
947,correlation_70pct,52.95777162606208,0.47,0.5014206286884406
947,correlation_60pct,62.73908315167675,0.58,0.6030494185587923
948,accuracy_80pct,88.2190239522432,0.87,0.828890569121663
948,accuracy_70pct,81.89603584628415,0.8,0.6695866798390183
948,accuracy_60pct,70.43972523285589,0.68,0.5242852664830493
948,correlation_70pct,57.68609467170515,0.52,0.5818122319021798
948,correlation_60pct,46.959784401829495,0.41,0.41833989907676467
949,accuracy_80pct,87.35435923547982,0.86,0.7791028976795095
949,accuracy_70pct,79.6263716829246,0.78,0.5740347637269256
949,accuracy_60pct,75.43905426191016,0.73,0.6439456753884394
949,correlation_70pct,47.904783146090466,0.41,0.4586504055411847
949,correlation_60pct,58.68575920907725,0.53,0.5454917548068863
950,accuracy_80pct,88.48902359346063,0.87,0.8713075750670242
950,accuracy_70pct,79.35704293650303,0.78,0.6784839751241596
950,accuracy_60pct,72.44006064979385,0.7,0.6285116420847394
950,correlation_70pct,53.63277072910563,0.47,0.6355187573177923
950,correlation_60pct,50.63377711698934,0.44,0.5614899788029747
951,accuracy_80pct,88.3540237728519,0.87,0.8602412828794112
951,accuracy_70pct,78.03237751740447,0.76,0.6771458824595412
951,accuracy_60pct,75.16804827849896,0.73,0.5880244571314575
951,correlation_70pct,59.74008953956047,0.55,0.5822135380876204
951,correlation_60pct,50.63377711698934,0.44,0.5849195821723988
952,accuracy_80pct,89.94868883316789,0.89,0.8682307377976967
952,accuracy_70pct,85.35536560813354,0.84,0.7980297504386457
952,accuracy_60pct,74.8987195320774,0.73,0.5506143700528907
952,correlation_70pct,56.631764341221924,0.5,0.6601375449778633
952,correlation_60pct,48.363777506231884,0.42,0.4540900577723698
953,accuracy_80pct,83.49036545920222,0.82,0.7148947023500972
953,accuracy_70pct,79.76137150353331,0.78,0.6426412682207756
953,accuracy_60pct,78.89737768156579,0.77,0.7177893325621806
953,correlation_70pct,52.49810637112482,0.46,0.6067901027886219
953,correlation_60pct,43.50079008737803,0.37,0.36259185412593986
954,accuracy_80pct,89.21902393701322,0.88,0.8597400541220462
954,accuracy_70pct,79.8973776663358,0.78,0.7446384665788268
954,accuracy_60pct,71.17006102380643,0.69,0.4925420194673604
954,correlation_70pct,59.55042392584063,0.54,0.6149516765234395
954,correlation_60pct,46.175453712563694,0.39,0.5291830829028776
955,accuracy_80pct,89.21902393701322,0.88,0.8428557637989254
955,accuracy_70pct,81.3017062181361,0.79,0.7582705504184322
955,accuracy_60pct,78.30304805341774,0.76,0.6810411103548087
955,correlation_70pct,59.22575849151208,0.53,0.602049374030701
955,correlation_60pct,51.49844183375272,0.45,0.4653026948094627
956,accuracy_80pct,87.21969486226904,0.86,0.8444529062963838
956,accuracy_70pct,83.49070090660014,0.82,0.7435254742421915
956,accuracy_60pct,71.70938941144541,0.69,0.5664847339390273
956,correlation_70pct,49.90411222083467,0.43,0.5538399756328405
956,correlation_60pct,51.82277182068336,0.46,0.4916847677271429
957,accuracy_80pct,84.48969454917639,0.83,0.7476186657924202
957,accuracy_70pct,78.76204241355913,0.77,0.6458234566604586
957,accuracy_60pct,73.30472536655725,0.71,0.6327574180186608
957,correlation_70pct,61.14475353875869,0.56,0.6528638935368242
957,correlation_60pct,58.550759388468535,0.53,0.6281396028129863
958,accuracy_80pct,84.22036580275481,0.83,0.7431002842304801
958,accuracy_70pct,82.22103672801062,0.81,0.707410943957061
958,accuracy_60pct,73.76371972669865,0.72,0.5622661091143373
958,correlation_70pct,56.95642977555047,0.51,0.5961449527477328
958,correlation_60pct,50.22877765516321,0.44,0.51092244537229
959,accuracy_80pct,88.48935904085853,0.87,0.8552894778303617
959,accuracy_70pct,78.16704189061527,0.76,0.5735688119001995
959,accuracy_60pct,80.03237748694451,0.78,0.6882187234319013
959,correlation_70pct,56.091765058787075,0.5,0.567396678671727
959,correlation_60pct,56.09176505878708,0.5,0.5194288033867176
960,accuracy_80pct,89.35402375762193,0.88,0.8886373486737102
960,accuracy_70pct,83.76103599521548,0.82,0.7862100762051057
960,accuracy_60pct,75.43838336711431,0.73,0.6166299102428612
960,correlation_70pct,56.22676487939579,0.5,0.5422616831986017
960,correlation_60pct,51.82277182068336,0.46,0.3940638585131693
961,accuracy_80pct,88.35435922024983,0.87,0.8522054164803918
961,accuracy_70pct,79.8973776663358,0.78,0.7215474213489118
961,accuracy_60pct,75.16905462069272,0.73,0.6177447797547023
961,correlation_70pct,56.68643013433306,0.51,0.5746473711315059
961,correlation_60pct,46.77011878810967,0.4,0.4396202870496614
962,accuracy_80pct,85.76002962256175,0.84,0.8395733109720054
962,accuracy_70pct,82.03137111429078,0.8,0.7756478179410176
962,accuracy_60pct,70.52106560254724,0.67,0.7176029871014594
962,correlation_70pct,51.63310620696352,0.45,0.536443743260014
962,correlation_60pct,49.63411257961724,0.43,0.503364662449536
963,accuracy_80pct,87.94902431102577,0.87,0.8217459344857664
963,accuracy_70pct,83.62570072720885,0.82,0.7825351067452456
963,accuracy_60pct,70.57539594826045,0.68,0.598424132027842
963,correlation_70pct,54.687101059588855,0.49,0.5620070981345975
963,correlation_60pct,54.146430882358175,0.49,0.4630205001226405
964,accuracy_80pct,87.21902396747319,0.86,0.7874007998967798
964,accuracy_70pct,77.03271298003236,0.75,0.6613238066903833
964,accuracy_60pct,70.16939014424055,0.68,0.4668512618469987
964,correlation_70pct,43.98645902409967,0.36,0.5320727396316132
964,correlation_60pct,51.687772000074645,0.46,0.4772239422557934
965,accuracy_80pct,82.6253652950409,0.81,0.6965260692879927
965,accuracy_70pct,79.89670677153994,0.78,0.6922674316127854
965,accuracy_60pct,78.03237751740447,0.76,0.6819762626173028
965,correlation_70pct,53.36277108788822,0.47,0.5852629406939558
965,correlation_60pct,54.956765253408356,0.49,0.5543811004917079
966,accuracy_80pct,91.67768281929675,0.91,0.8673304888625382
966,accuracy_70pct,82.76137145784338,0.81,0.7585912046108542
966,accuracy_60pct,74.62838444346204,0.73,0.5385392538222077
966,correlation_70pct,52.03844111618756,0.45,0.6485677335972287
966,correlation_60pct,48.95877802917577,0.43,0.37794594988114943
967,accuracy_80pct,86.62502978672306,0.85,0.8295355137009641
967,accuracy_70pct,81.49170727925386,0.8,0.6539277319085293
967,accuracy_60pct,70.57438960606669,0.68,0.405692493089537
967,correlation_70pct,55.3621001626324,0.49,0.5977088078425503
967,correlation_60pct,57.55109485109644,0.52,0.52365538743057
968,accuracy_80pct,89.48868813083273,0.88,0.8676838897634186
968,accuracy_70pct,81.6257007576688,0.8,0.610507476385281
968,accuracy_60pct,74.30338356173557,0.72,0.5112148132038449
968,correlation_70pct,53.17310547416837,0.46,0.6409467961564869
968,correlation_60pct,53.63277072910564,0.47,0.5340314466231503
969,accuracy_80pct,84.62502981718302,0.83,0.7930732901456049
969,accuracy_70pct,81.76070057827752,0.8,0.7037369324725877
969,accuracy_60pct,77.43804788925642,0.75,0.7286586081525229
969,correlation_70pct,61.414417732578194,0.56,0.687562681638578
969,correlation_60pct,45.17545372779367,0.38,0.47890373150838367
970,accuracy_80pct,88.94835340099996,0.88,0.7952653022636371
970,accuracy_70pct,80.491036399688,0.79,0.6365076209972751
970,accuracy_60pct,71.43871887543214,0.69,0.5115731248316032
970,correlation_70pct,47.310118070544505,0.4,0.6252653766881672
970,correlation_60pct,42.77112519122335,0.36,0.3678003709730901
971,accuracy_80pct,86.35469469810772,0.85,0.7992407403985012
971,accuracy_70pct,79.30271259078982,0.77,0.7861268759189947
971,accuracy_60pct,73.30438991915932,0.71,0.6214517125389761
971,correlation_70pct,51.82310726808127,0.46,0.4779859465050106
971,correlation_60pct,50.22877765516321,0.44,0.5300566147476162
972,accuracy_80pct,84.62536526458094,0.83,0.7980252793802418
972,accuracy_70pct,83.95070160893532,0.83,0.733878735503931
972,accuracy_60pct,73.57405411297881,0.71,0.6027268911460806
972,correlation_70pct,48.22944858041902,0.42,0.4392175576679626
972,correlation_60pct,43.44578884686898,0.36,0.36647931268581685
973,accuracy_80pct,87.94902431102578,0.87,0.7802419593552153
973,accuracy_70pct,79.70771205261596,0.77,0.7318409527380679
973,accuracy_60pct,78.4917073249438,0.77,0.48002800200012957
973,correlation_70pct,59.09075867090338,0.53,0.6602019412745844
973,correlation_60pct,59.685423746449345,0.54,0.5783971174416674
974,accuracy_80pct,86.219694877499,0.85,0.7958932323638997
974,accuracy_70pct,86.62502978672305,0.85,0.8582252164848204
974,accuracy_60pct,74.57405409774884,0.72,0.6276444297298449
974,correlation_70pct,58.82075902968596,0.53,0.6521935295579845
974,correlation_60pct,53.68743652221676,0.48,0.5674423804919649
975,accuracy_80pct,88.48935904085856,0.87,0.8908859783310928
975,accuracy_70pct,83.22070126538271,0.82,0.7139654973694272
975,accuracy_60pct,71.84438923205414,0.69,0.6320277845466217
975,correlation_70pct,57.95575886552464,0.52,0.6233909390875769
975,correlation_60pct,40.71746577076595,0.33,0.3956084650250961
976,accuracy_80pct,85.62502980195305,0.84,0.7930441804348815
976,accuracy_70pct,81.76103602567544,0.8,0.7209274603559552
976,accuracy_60pct,70.70905397927747,0.68,0.5568296555065276
976,correlation_70pct,47.904783146090466,0.41,0.5035648957543317
976,correlation_60pct,53.68743652221676,0.48,0.5208165869521811
977,accuracy_80pct,87.94935975842371,0.87,0.7366443332347832
977,accuracy_70pct,79.43737696400062,0.77,0.616137116349858
977,accuracy_60pct,78.16737733801318,0.76,0.5647493197981008
977,correlation_70pct,64.00874733026627,0.59,0.600232768968586
977,correlation_60pct,58.09109413353128,0.52,0.5184381681551955
978,accuracy_80pct,85.94935978888367,0.85,0.7119337980196929
978,accuracy_70pct,82.3557011012214,0.81,0.661339602393022
978,accuracy_60pct,76.70871844049967,0.74,0.7322392257175392
978,correlation_70pct,49.90411222083466,0.43,0.518832584614066
978,correlation_60pct,46.04045389195498,0.39,0.4269527446982837
979,accuracy_80pct,86.4893590713185,0.85,0.8127726475991763
979,accuracy_70pct,80.62637166769463,0.79,0.6724481995551204
979,accuracy_60pct,72.84438921682414,0.7,0.6299183820943938
979,correlation_70pct,58.280424299853195,0.53,0.5859698804813933
979,correlation_60pct,52.82277180545337,0.47,0.5244055435775379
980,accuracy_80pct,86.94969522105161,0.86,0.776945722657193
980,accuracy_70pct,80.76137148830334,0.79,0.6804604053136178
980,accuracy_60pct,72.97938903743287,0.7,0.610859698914242
980,correlation_70pct,53.03810565355967,0.46,0.6801911815924703
980,correlation_60pct,51.68810744747256,0.46,0.3617098319995418
981,accuracy_80pct,87.21902396747318,0.86,0.7766079024898671
981,accuracy_70pct,78.30271260601981,0.76,0.7360472871654619
981,accuracy_60pct,74.03338392051815,0.72,0.5810283492522722
981,correlation_70pct,59.1454244640145,0.54,0.5771427141973118
981,correlation_60pct,49.55377855211967,0.44,0.4075242539393621
982,accuracy_80pct,88.08435957903241,0.87,0.8624386550712159
982,accuracy_70pct,81.16670639752739,0.79,0.7905696433382787
982,accuracy_60pct,79.16704187538528,0.77,0.7391309598258193
982,correlation_70pct,49.3094471452887,0.42,0.6494431979419903
982,correlation_60pct,57.470425376200936,0.53,0.5172773932104949
983,accuracy_80pct,87.94801796883202,0.87,0.7407857813302319
983,accuracy_70pct,80.16670641275738,0.78,0.7191533724308312
983,accuracy_60pct,71.38539487191271,0.68,0.6787430600290537
983,correlation_70pct,58.82075902968596,0.53,0.6382316294848893
983,correlation_60pct,45.175789175191596,0.38,0.51759975811031
984,accuracy_80pct,84.35570107076144,0.83,0.7592689138121577
984,accuracy_70pct,81.62637165246466,0.8,0.6953204874252485
984,accuracy_60pct,76.57338317249304,0.74,0.6524234175527688
984,correlation_70pct,58.361093774748696,0.52,0.662669717255052
984,correlation_60pct,49.95877801394579,0.44,0.4447291999130627
985,accuracy_80pct,89.48902357823064,0.88,0.855039006599799
985,accuracy_70pct,83.1663709196695,0.81,0.792592651283014
985,accuracy_60pct,72.97972448483077,0.7,0.5514289569109845
985,correlation_70pct,60.685088283821436,0.55,0.6518811312908939
985,correlation_60pct,55.09176507401706,0.49,0.39597347458533816
986,accuracy_80pct,87.35469468287774,0.86,0.8533411194122451
986,accuracy_70pct,78.89637133937201,0.77,0.611220454634541
986,accuracy_60pct,68.84573106733575,0.66,0.5102208337281348
986,correlation_70pct,46.90511860871837,0.4,0.5573426066402203
986,correlation_60pct,51.49844183375273,0.45,0.5667118062298782
987,accuracy_80pct,85.08435962472234,0.84,0.6795012512895393
987,accuracy_70pct,81.2210367432406,0.8,0.6010884469347823
987,accuracy_60pct,70.30506085964512,0.68,0.4857542325056734
987,correlation_70pct,52.90310583295095,0.46,0.6046844825346432
987,correlation_60pct,53.497770908496925,0.47,0.5931144284774805
988,accuracy_80pct,85.94935978888367,0.85,0.73256772314636
988,accuracy_70pct,80.03170659214865,0.78,0.6698394271086076
988,accuracy_60pct,75.84405372373628,0.73,0.7226333715728466
988,correlation_70pct,58.955758850294664,0.53,0.638804529179803
988,correlation_60pct,59.415088657834005,0.54,0.5423724665284108
989,accuracy_80pct,89.94801793837205,0.89,0.8332997160020557
989,accuracy_70pct,80.89637130891205,0.79,0.7260743758474418
989,accuracy_60pct,75.76304880144286,0.74,0.6123201061002829
989,correlation_70pct,55.95676523817838,0.5,0.6311823670548569
989,correlation_60pct,50.0937778345545,0.44,0.4728742355136674
990,accuracy_80pct,86.4893590713185,0.85,0.7779747173486461
990,accuracy_70pct,85.49036542874225,0.84,0.7983787378113125
990,accuracy_60pct,73.3040544717614,0.71,0.5444016685787924
990,correlation_70pct,56.68643013433305,0.51,0.6105667006439027
990,correlation_60pct,47.44511789115322,0.4,0.5788554888075552
991,accuracy_80pct,88.21902395224319,0.87,0.8287797038041751
991,accuracy_70pct,83.62570072720884,0.82,0.7340321673851137
991,accuracy_60pct,77.89804859159159,0.76,0.6393267206329767
991,correlation_70pct,58.955087955498826,0.53,0.5997163280155715
991,correlation_60pct,51.22810674513738,0.45,0.4627947573423407
992,accuracy_80pct,83.76070054781755,0.82,0.7888665953921842
992,accuracy_70pct,79.30237714339191,0.77,0.748935220597277
992,accuracy_60pct,71.97972450006075,0.69,0.6066887775941048
992,correlation_70pct,55.09142962661914,0.49,0.5614089420650351
992,correlation_60pct,50.68810746270255,0.45,0.4901828116200089
993,accuracy_80pct,92.81234717727757,0.92,0.883843406118957
993,accuracy_70pct,81.76137147307335,0.8,0.6840484809012624
993,accuracy_60pct,69.84539560470785,0.67,0.5303503744079184
993,correlation_70pct,59.955423387666755,0.54,0.647631749630326
993,correlation_60pct,52.68777198484466,0.47,0.4610299154653171
994,accuracy_80pct,88.2190239522432,0.87,0.8457358501957382
994,accuracy_70pct,81.03170657691868,0.79,0.7487741286772155
994,accuracy_60pct,75.43804791971638,0.73,0.6308150506131325
994,correlation_70pct,54.49743544586902,0.48,0.5980147917349561
994,correlation_60pct,57.28109520987902,0.52,0.566443300737172
995,accuracy_80pct,87.48902360869059,0.86,0.8104751500259756
995,accuracy_70pct,80.76170693570126,0.79,0.7319378599517337
995,accuracy_60pct,74.43905427714013,0.72,0.6716636078597243
995,correlation_70pct,48.63444804224515,0.42,0.5216656067767366
995,correlation_60pct,53.687101074818834,0.48,0.5196178231191196
996,accuracy_80pct,85.49002998134434,0.84,0.7602403436885015
996,accuracy_70pct,84.4900299965743,0.83,0.7249425942873008
996,accuracy_60pct,72.43972520239593,0.7,0.48460633127445313
996,correlation_70pct,57.68609467170515,0.52,0.6185776362294984
996,correlation_60pct,46.63511896750096,0.4,0.422051760137968
997,accuracy_80pct,87.35469468287774,0.86,0.8023777765648622
997,accuracy_70pct,83.76070054781755,0.82,0.74422848287439
997,accuracy_60pct,78.30271260601981,0.76,0.6394462967298247
997,correlation_70pct,58.82075902968595,0.53,0.6034291293416331
997,correlation_60pct,54.497435445869016,0.48,0.5311207826218723
998,accuracy_80pct,86.2193594301011,0.85,0.7401563340755571
998,accuracy_70pct,80.89670675630997,0.79,0.7314347178321741
998,accuracy_60pct,73.03371938314605,0.71,0.5393314712597961
998,correlation_70pct,49.17411187728206,0.42,0.5556083883877172
998,correlation_60pct,51.363442013144024,0.45,0.5834616551464635
999,accuracy_80pct,87.08402414686448,0.86,0.774057740710567
999,accuracy_70pct,79.16737732278318,0.77,0.6946774412675685
999,accuracy_60pct,70.97972451529074,0.68,0.5163136402377283
999,correlation_70pct,47.44511789115321,0.4,0.5120073189358216
999,correlation_60pct,55.74109594267416,0.51,0.4438521301984978
